t,gt_x,gt_y,gt_yaw,ekf_x,ekf_y,cmd_v,cmd_w
36.57,-61.989,16.001,0.1365,nan,nan,0.000,0.000
36.77,-61.989,16.001,0.1365,nan,nan,0.000,0.000
36.97,-61.989,16.001,0.1365,-62.000,16.000,0.000,0.000
37.17,-61.989,16.001,0.1365,-62.000,16.000,0.000,0.000
37.37,-61.989,16.001,0.1365,-62.000,15.999,0.000,0.000
37.57,-61.989,16.001,0.1365,-62.000,15.999,0.000,0.000
37.77,-61.989,16.001,0.1365,-61.999,15.999,0.000,0.000
37.97,-61.989,16.001,0.1365,-61.999,15.999,0.000,0.000
38.17,-61.989,16.001,0.1365,-61.999,15.999,0.000,0.000
38.37,-61.989,16.001,0.1365,-61.999,15.999,0.000,0.000
38.57,-61.989,16.001,0.1365,-61.999,15.999,0.000,0.000
38.77,-61.989,16.001,0.1365,-61.999,15.999,0.000,0.000
38.97,-61.989,16.001,0.1365,-61.999,15.999,0.000,0.000
39.17,-61.989,16.001,0.1365,-61.999,15.998,0.000,0.000
39.37,-61.989,16.001,0.1365,-61.998,15.998,0.000,0.000
39.57,-61.989,16.001,0.1365,-61.998,15.998,0.000,0.000
39.77,-61.989,16.001,0.1365,-61.998,15.998,0.000,0.000
39.97,-61.989,16.001,0.1365,-61.998,15.998,0.000,0.000
40.17,-61.989,16.001,0.1365,-61.998,15.998,0.000,0.000
40.37,-61.989,16.001,0.1365,-61.998,15.998,0.000,0.000
40.57,-61.989,16.001,0.1365,-61.998,15.997,0.000,0.000
40.77,-61.989,16.001,0.1365,-61.997,15.997,0.000,0.000
40.97,-61.989,16.001,0.1365,-61.997,15.997,0.000,0.000
41.17,-61.989,16.001,0.1365,-61.997,15.997,0.000,0.000
41.37,-61.989,16.001,0.1365,-61.997,15.997,0.000,0.000
41.57,-61.989,16.001,0.1365,-61.997,15.997,0.000,0.000
41.77,-61.989,16.001,0.1365,-61.997,15.996,0.000,0.000
41.97,-61.989,16.001,0.1365,-61.997,15.996,0.000,0.000
42.17,-61.989,16.001,0.1365,-61.997,15.996,0.000,0.000
42.37,-61.989,16.001,0.1365,-61.997,15.996,0.000,0.000
42.57,-61.989,16.001,0.1365,-61.996,15.996,0.000,0.000
42.77,-61.989,16.001,0.1365,-61.996,15.996,0.000,0.000
42.97,-61.989,16.001,0.1365,-61.996,15.995,0.000,0.000
43.17,-61.989,16.001,0.1365,-61.996,15.995,0.000,0.000
43.37,-61.989,16.001,0.1365,-61.996,15.995,0.000,0.000
43.57,-61.989,16.001,0.1365,-61.996,15.995,0.000,0.000
43.77,-61.989,16.001,0.1365,-61.996,15.995,0.000,0.000
43.97,-61.989,16.001,0.1365,-61.995,15.995,0.000,0.000
44.17,-61.989,16.001,0.1365,-61.995,15.994,0.000,0.000
44.37,-61.989,16.001,0.1365,-61.995,15.994,0.000,0.000
44.57,-61.989,16.001,0.1365,-61.995,15.994,0.000,0.000
44.77,-61.989,16.001,0.1365,-61.995,15.994,0.000,0.000
44.97,-61.989,16.001,0.1365,-61.995,15.994,0.000,0.000
45.17,-61.989,16.001,0.1365,-61.995,15.993,0.000,0.000
45.37,-61.989,16.001,0.1365,-61.995,15.993,0.000,0.000
45.57,-61.990,16.001,0.1365,-61.994,15.993,0.000,0.000
45.77,-61.989,16.001,0.1365,-61.994,15.993,0.000,0.000
45.97,-61.989,16.001,0.1365,-61.994,15.993,0.000,0.000
46.17,-61.989,16.001,0.1365,-61.994,15.993,0.000,0.000
46.37,-61.989,16.001,0.1365,-61.994,15.992,0.000,0.000
46.57,-61.989,16.001,0.1365,-61.994,15.992,0.000,0.000
46.77,-61.989,16.001,0.1365,-61.994,15.992,0.000,0.000
46.97,-61.989,16.001,0.1365,-61.993,15.992,0.000,0.000
47.17,-61.989,16.001,0.1365,-61.993,15.992,0.000,0.000
47.37,-61.989,16.001,0.1365,-61.993,15.991,0.000,0.000
47.57,-61.989,16.001,0.1365,-61.993,15.991,0.000,0.000
47.77,-61.989,16.001,0.1365,-61.993,15.991,0.000,0.000
47.97,-61.989,16.001,0.1365,-61.993,15.991,0.000,0.000
48.17,-61.989,16.001,0.1365,-61.993,15.991,0.000,0.000
48.37,-61.989,16.001,0.1365,-61.993,15.991,0.000,0.000
48.57,-61.989,16.001,0.1365,-61.992,15.991,0.000,0.000
48.77,-61.989,16.001,0.1365,-61.992,15.991,0.000,0.000
48.97,-61.989,16.001,0.1365,-61.992,15.991,0.000,0.000
49.17,-61.989,16.001,0.1365,-61.992,15.991,0.000,0.000
49.37,-61.986,16.002,0.1365,-61.990,15.991,0.118,-0.071
49.57,-61.972,16.005,0.1336,-61.979,15.994,0.138,-0.072
49.77,-61.960,16.008,0.1306,-61.969,15.998,0.142,-0.100
49.97,-61.942,16.010,0.1297,-61.954,16.001,0.150,-0.087
50.17,-61.921,16.015,0.1238,-61.935,16.006,0.162,-0.081
50.37,-61.902,16.022,0.1111,-61.917,16.014,0.167,-0.125
50.57,-61.874,16.031,0.0979,-61.892,16.024,0.178,-0.143
50.77,-61.837,16.041,0.0807,-61.856,16.036,0.201,-0.148
50.97,-61.796,16.054,0.0498,-61.816,16.050,0.224,-0.182
51.17,-61.759,16.068,0.0149,-61.779,16.066,0.227,-0.206
51.37,-61.719,16.082,-0.0213,-61.740,16.081,0.227,-0.211
51.57,-61.677,16.096,-0.0609,-61.698,16.096,0.229,-0.217
51.77,-61.635,16.105,-0.0976,-61.656,16.107,0.231,-0.215
51.97,-61.596,16.115,-0.1357,-61.618,16.118,0.225,-0.213
52.17,-61.558,16.123,-0.1735,-61.579,16.127,0.214,-0.134
52.37,-61.515,16.130,-0.2140,-61.538,16.135,0.209,-0.091
52.57,-61.468,16.135,-0.2581,-61.492,16.142,0.279,-0.131
52.77,-61.418,16.134,-0.2930,-61.442,16.144,0.288,-0.118
52.97,-61.369,16.130,-0.3194,-61.392,16.142,0.279,-0.080
53.17,-61.314,16.121,-0.3448,-61.339,16.137,0.279,-0.070
53.37,-61.255,16.104,-0.3564,-61.280,16.123,0.289,-0.034
53.57,-61.194,16.082,-0.3609,-61.218,16.103,0.333,-0.091
53.77,-61.133,16.060,-0.3633,-61.155,16.081,0.339,-0.038
53.97,-61.079,16.040,-0.3650,-61.100,16.061,0.323,-0.017
54.17,-61.023,16.018,-0.3661,-61.045,16.041,0.300,-0.021
54.37,-60.963,15.995,-0.3661,-60.985,16.018,0.304,-0.012
54.57,-60.907,15.974,-0.3661,-60.929,15.996,0.302,-0.008
54.77,-60.854,15.953,-0.3661,-60.874,15.975,0.353,0.027
54.97,-60.798,15.932,-0.3661,-60.819,15.954,0.331,0.024
55.17,-60.738,15.908,-0.3660,-60.760,15.931,0.323,0.025
55.37,-60.674,15.884,-0.3660,-60.696,15.906,0.333,0.028
55.57,-60.614,15.861,-0.3659,-60.635,15.883,0.335,0.027
55.77,-60.553,15.837,-0.3658,-60.574,15.859,0.326,0.028
55.97,-60.493,15.814,-0.3658,-60.513,15.836,0.319,0.030
56.17,-60.433,15.791,-0.3657,-60.453,15.813,0.313,0.033
56.37,-60.374,15.769,-0.3657,-60.393,15.791,0.305,0.032
56.57,-60.319,15.748,-0.3657,-60.337,15.769,0.321,0.041
56.77,-60.265,15.728,-0.3656,-60.282,15.749,0.328,0.052
56.97,-60.207,15.706,-0.3654,-60.225,15.727,0.316,0.057
57.17,-60.148,15.684,-0.3651,-60.166,15.705,0.317,0.061
57.37,-60.093,15.663,-0.3647,-60.111,15.684,0.309,0.064
57.57,-60.043,15.643,-0.3643,-60.061,15.664,0.291,0.063
57.77,-59.994,15.624,-0.3637,-60.014,15.645,0.274,0.066
57.97,-59.945,15.605,-0.3626,-59.965,15.626,0.270,0.071
58.17,-59.897,15.586,-0.3604,-59.917,15.606,0.267,0.080
58.37,-59.850,15.568,-0.3586,-59.871,15.587,0.259,0.081
58.57,-59.807,15.551,-0.3566,-59.828,15.571,0.246,0.084
58.77,-59.767,15.536,-0.3549,-59.788,15.555,0.229,0.084
58.97,-59.733,15.524,-0.3541,-59.755,15.543,0.244,0.068
59.17,-59.707,15.515,-0.3540,-59.729,15.535,0.231,0.075
59.37,-59.686,15.506,-0.3537,-59.709,15.527,0.182,0.073
59.57,-59.657,15.497,-0.3535,-59.682,15.519,0.194,0.073
59.77,-59.639,15.490,-0.3534,-59.665,15.513,0.181,0.006
59.97,-59.609,15.479,-0.3533,-59.638,15.502,0.198,0.008
60.17,-59.575,15.466,-0.3533,-59.604,15.490,0.228,0.005
60.37,-59.539,15.453,-0.3533,-59.569,15.477,0.237,0.004
60.57,-59.497,15.438,-0.3533,-59.528,15.462,0.251,0.004
60.77,-59.454,15.422,-0.3533,-59.485,15.446,0.264,0.004
60.97,-59.408,15.405,-0.3533,-59.439,15.429,0.270,0.004
61.17,-59.360,15.387,-0.3533,-59.391,15.411,0.275,0.004
61.37,-59.309,15.368,-0.3534,-59.341,15.392,0.280,0.004
61.57,-59.258,15.350,-0.3534,-59.289,15.374,0.285,0.004
61.77,-59.205,15.330,-0.3534,-59.237,15.355,0.286,0.004
61.97,-59.152,15.311,-0.3533,-59.184,15.335,0.285,0.004
62.17,-59.099,15.291,-0.3533,-59.130,15.315,0.336,0.031
62.37,-59.043,15.270,-0.3532,-59.075,15.295,0.318,0.031
62.57,-58.979,15.247,-0.3531,-59.013,15.272,0.325,0.032
62.77,-58.918,15.224,-0.3530,-58.951,15.250,0.330,0.035
62.97,-58.857,15.202,-0.3530,-58.891,15.227,0.330,0.034
63.17,-58.795,15.179,-0.3528,-58.829,15.203,0.326,0.037
63.37,-58.730,15.158,-0.3528,-58.765,15.181,0.325,0.045
63.57,-58.669,15.137,-0.3529,-58.702,15.161,0.318,0.042
63.77,-58.613,15.116,-0.3526,-58.645,15.141,0.301,0.045
63.97,-58.558,15.096,-0.3524,-58.590,15.121,0.308,0.049
64.17,-58.505,15.077,-0.3521,-58.537,15.102,0.334,0.060
64.37,-58.456,15.059,-0.3519,-58.489,15.085,0.302,0.062
64.57,-58.405,15.040,-0.3515,-58.439,15.067,0.284,0.063
64.77,-58.360,15.024,-0.3511,-58.394,15.050,0.273,0.064
64.97,-58.317,15.008,-0.3507,-58.353,15.036,0.252,0.064
65.17,-58.277,14.994,-0.3505,-58.313,15.022,0.239,0.065
65.37,-58.241,14.981,-0.3502,-58.278,15.010,0.226,0.063
65.57,-58.207,14.968,-0.3501,-58.245,14.998,0.215,0.065
65.77,-58.174,14.956,-0.3497,-58.214,14.987,0.207,0.066
65.97,-58.144,14.945,-0.3490,-58.184,14.976,0.200,0.070
66.17,-58.114,14.934,-0.3483,-58.156,14.966,0.194,0.074
66.37,-58.087,14.924,-0.3475,-58.128,14.956,0.189,0.076
66.57,-58.063,14.915,-0.3468,-58.106,14.947,0.177,0.073
66.77,-58.043,14.907,-0.3461,-58.087,14.939,0.164,0.074
66.97,-58.024,14.900,-0.3454,-58.069,14.931,0.157,0.083
67.17,-58.006,14.894,-0.3448,-58.053,14.925,0.173,-0.037
67.37,-57.992,14.888,-0.3441,-58.040,14.920,0.162,-0.032
67.57,-57.980,14.883,-0.3420,-58.031,14.915,0.143,-0.007
67.77,-57.948,14.872,-0.3425,-58.002,14.905,0.206,0.017
67.97,-57.920,14.862,-0.3425,-57.974,14.895,0.240,0.004
68.17,-57.888,14.851,-0.3425,-57.943,14.884,0.234,0.008
68.37,-57.848,14.836,-0.3425,-57.904,14.870,0.244,0.009
68.57,-57.805,14.821,-0.3425,-57.861,14.854,0.261,0.009
68.77,-57.762,14.806,-0.3425,-57.818,14.839,0.267,0.009
68.97,-57.716,14.789,-0.3424,-57.772,14.823,0.271,0.008
69.17,-57.668,14.772,-0.3424,-57.724,14.805,0.283,0.008
69.37,-57.617,14.754,-0.3424,-57.674,14.788,0.294,0.008
69.57,-57.564,14.735,-0.3424,-57.621,14.769,0.298,0.009
69.77,-57.510,14.716,-0.3424,-57.567,14.749,0.296,0.010
69.97,-57.455,14.696,-0.3423,-57.512,14.730,0.296,0.010
70.17,-57.401,14.677,-0.3423,-57.457,14.710,0.290,0.010
70.37,-57.348,14.657,-0.3423,-57.403,14.691,0.343,0.034
70.57,-57.293,14.637,-0.3423,-57.349,14.671,0.318,0.034
70.77,-57.230,14.615,-0.3423,-57.287,14.649,0.331,0.037
70.97,-57.170,14.594,-0.3422,-57.227,14.628,0.331,0.036
71.17,-57.108,14.572,-0.3421,-57.165,14.605,0.329,0.039
71.37,-57.047,14.550,-0.3421,-57.103,14.583,0.330,0.040
71.57,-56.985,14.527,-0.3420,-57.041,14.561,0.329,0.041
71.77,-56.924,14.505,-0.3418,-56.980,14.539,0.320,0.045
71.97,-56.863,14.483,-0.3418,-56.918,14.517,0.313,0.047
72.17,-56.803,14.461,-0.3416,-56.858,14.495,0.306,0.055
72.37,-56.743,14.440,-0.3414,-56.798,14.474,0.360,0.064
72.57,-56.693,14.422,-0.3411,-56.747,14.456,0.309,0.066
72.77,-56.639,14.404,-0.3406,-56.694,14.438,0.293,0.066
72.97,-56.596,14.389,-0.3402,-56.651,14.424,0.272,0.068
73.17,-56.555,14.375,-0.3397,-56.611,14.411,0.243,0.066
73.37,-56.516,14.362,-0.3394,-56.573,14.398,0.233,0.067
73.57,-56.486,14.352,-0.3392,-56.543,14.388,0.208,0.070
73.77,-56.457,14.342,-0.3390,-56.516,14.379,0.194,0.069
73.97,-56.435,14.334,-0.3389,-56.494,14.372,0.173,0.068
74.17,-56.418,14.328,-0.3390,-56.478,14.367,0.156,0.067
74.37,-56.402,14.323,-0.3391,-56.464,14.362,0.146,0.066
74.57,-56.389,14.318,-0.3394,-56.452,14.358,0.139,0.067
74.77,-56.378,14.314,-0.3397,-56.442,14.354,0.158,-0.052
74.97,-56.367,14.310,-0.3400,-56.433,14.352,0.144,-0.010
75.17,-56.344,14.302,-0.3400,-56.413,14.345,0.170,-0.010
75.37,-56.315,14.292,-0.3400,-56.385,14.335,0.197,-0.012
75.57,-56.284,14.281,-0.3400,-56.355,14.324,0.207,-0.014
75.77,-56.247,14.268,-0.3400,-56.319,14.312,0.224,-0.017
75.97,-56.208,14.254,-0.3400,-56.280,14.299,0.232,-0.017
76.17,-56.166,14.239,-0.3401,-56.239,14.284,0.286,0.021
76.37,-56.121,14.224,-0.3401,-56.195,14.269,0.286,0.014
76.57,-56.069,14.204,-0.3400,-56.144,14.250,0.295,0.015
76.77,-56.014,14.185,-0.3400,-56.090,14.231,0.305,0.015
76.97,-55.960,14.165,-0.3400,-56.036,14.211,0.306,0.017
77.17,-55.903,14.146,-0.3400,-55.980,14.191,0.307,0.026
77.37,-55.844,14.126,-0.3401,-55.921,14.172,0.320,0.014
77.57,-55.784,14.104,-0.3401,-55.860,14.150,0.320,0.016
77.77,-55.725,14.083,-0.3401,-55.801,14.129,0.315,0.017
77.97,-55.666,14.062,-0.3401,-55.742,14.108,0.308,0.027
78.17,-55.606,14.041,-0.3401,-55.682,14.087,0.302,0.025
78.37,-55.549,14.021,-0.3400,-55.624,14.066,0.349,0.049
78.57,-55.489,14.000,-0.3399,-55.566,14.046,0.329,0.051
78.77,-55.425,13.977,-0.3395,-55.501,14.024,0.332,0.095
78.97,-55.360,13.956,-0.3357,-55.436,14.003,0.333,0.107
79.17,-55.292,13.935,-0.3288,-55.368,13.983,0.332,0.127
79.37,-55.223,13.916,-0.3193,-55.299,13.965,0.333,0.142
79.57,-55.155,13.904,-0.2912,-55.229,13.951,0.317,0.213
79.77,-55.094,13.909,-0.2380,-55.167,13.955,0.280,0.335
79.97,-55.046,13.916,-0.1908,-55.116,13.962,0.230,0.317
80.17,-55.002,13.920,-0.1191,-55.073,13.967,0.211,0.373
80.37,-54.965,13.913,-0.0653,-55.035,13.962,0.236,0.382
80.57,-54.938,13.900,-0.0298,-55.007,13.950,0.218,0.265
80.77,-54.911,13.889,0.0068,-54.979,13.939,0.199,0.219
80.97,-54.888,13.884,0.0420,-54.955,13.932,0.186,0.192
81.17,-54.877,13.883,0.0765,-54.943,13.929,0.148,0.250
81.37,-54.864,13.899,0.1556,-54.931,13.943,0.151,0.348
81.57,-54.852,13.915,0.2555,-54.919,13.958,0.170,0.458
81.77,-54.844,13.931,0.4077,-54.910,13.974,0.174,0.595
81.97,-54.839,13.950,0.6198,-54.905,13.994,0.171,0.806
82.17,-54.829,13.971,0.8886,-54.897,14.012,0.192,0.966
82.37,-54.817,13.997,1.2601,-54.885,14.034,0.192,1.026
82.57,-54.807,14.034,1.5616,-54.876,14.068,0.132,1.018
82.77,-54.780,14.093,1.6467,-54.848,14.121,0.159,0.593
82.97,-54.761,14.148,1.7242,-54.827,14.175,0.154,0.302
83.17,-54.747,14.200,1.7920,-54.813,14.228,0.142,0.256
83.37,-54.737,14.255,1.8553,-54.802,14.283,0.132,0.217
83.57,-54.738,14.310,1.9251,-54.799,14.340,0.195,0.260
83.77,-54.756,14.338,1.9638,-54.815,14.373,0.162,0.172
83.97,-54.776,14.359,1.9929,-54.834,14.395,0.117,0.054
84.17,-54.797,14.380,2.0198,-54.856,14.416,0.109,0.003
84.37,-54.812,14.399,2.0332,-54.874,14.434,0.093,-0.019
84.57,-54.822,14.419,2.0332,-54.884,14.453,0.085,-0.101
84.77,-54.829,14.434,2.0327,-54.892,14.469,0.082,-0.140
84.97,-54.831,14.446,2.0159,-54.895,14.480,0.065,-0.194
85.17,-54.832,14.466,1.9863,-54.896,14.499,0.073,-0.277
85.37,-54.839,14.484,1.9604,-54.903,14.514,0.090,-0.310
85.57,-54.844,14.498,1.9334,-54.909,14.528,0.046,-0.318
85.77,-54.845,14.517,1.8873,-54.910,14.545,0.031,-0.348
85.97,-54.843,14.540,1.8581,-54.908,14.568,0.041,-0.286
86.17,-54.840,14.570,1.8169,-54.905,14.596,0.055,-0.286
86.37,-54.841,14.594,1.7673,-54.905,14.622,0.094,-0.243
86.57,-54.849,14.613,1.7358,-54.913,14.640,0.115,-0.294
86.77,-54.858,14.618,1.6179,-54.922,14.648,0.107,-0.487
86.97,-54.871,14.588,1.5803,-54.936,14.621,0.017,-0.383
87.17,-54.882,14.565,1.5449,-54.947,14.597,0.000,-0.249
87.37,-54.891,14.548,1.5026,-54.956,14.578,0.013,-0.263
87.57,-54.899,14.548,1.3799,-54.966,14.575,0.066,-0.508
87.77,-54.896,14.556,1.2675,-54.965,14.581,0.117,-0.569
87.97,-54.882,14.574,1.1442,-54.953,14.597,0.166,-0.565
88.17,-54.848,14.605,1.0755,-54.924,14.626,0.174,-0.543
88.37,-54.801,14.639,1.0102,-54.879,14.659,0.216,-0.373
88.57,-54.744,14.676,0.9368,-54.824,14.695,0.252,-0.375
88.77,-54.675,14.713,0.8567,-54.758,14.732,0.278,-0.436
88.97,-54.598,14.750,0.7737,-54.682,14.770,0.311,-0.458
89.17,-54.512,14.783,0.6868,-54.598,14.804,0.333,-0.464
89.37,-54.433,14.804,0.6058,-54.518,14.827,0.388,-0.427
89.57,-54.361,14.817,0.5324,-54.445,14.841,0.369,-0.407
89.77,-54.290,14.825,0.4601,-54.374,14.850,0.333,-0.367
89.97,-54.220,14.828,0.3915,-54.303,14.854,0.344,-0.323
90.17,-54.152,14.826,0.3244,-54.236,14.852,0.350,-0.208
90.37,-54.090,14.820,0.2627,-54.172,14.847,0.324,-0.198
90.57,-54.027,14.815,0.2122,-54.110,14.841,0.299,-0.256
90.77,-53.989,14.818,0.1705,-54.067,14.841,0.292,-0.136
90.97,-53.967,14.813,0.1388,-54.045,14.839,0.174,-0.233
91.17,-53.935,14.804,0.1014,-54.015,14.828,0.153,-0.227
91.37,-53.910,14.803,0.0883,-53.990,14.825,0.167,-0.134
91.57,-53.903,14.808,0.0519,-53.982,14.831,0.144,-0.136
91.77,-53.892,14.797,-0.0162,-53.972,14.821,0.159,-0.251
91.97,-53.875,14.784,-0.0565,-53.957,14.808,0.185,-0.215
92.17,-53.857,14.772,-0.1170,-53.939,14.794,0.184,-0.192
92.37,-53.836,14.759,-0.2029,-53.919,14.782,0.189,-0.309
92.57,-53.808,14.741,-0.2546,-53.892,14.763,0.204,-0.236
92.77,-53.783,14.743,-0.2841,-53.867,14.760,0.205,-0.078
92.97,-53.754,14.745,-0.3165,-53.838,14.762,0.202,-0.041
93.17,-53.721,14.743,-0.3418,-53.806,14.763,0.206,-0.035
93.37,-53.684,14.731,-0.3440,-53.770,14.753,0.228,-0.040
93.57,-53.646,14.717,-0.3441,-53.732,14.740,0.240,0.021
93.77,-53.607,14.703,-0.3441,-53.693,14.726,0.244,0.035
93.97,-53.564,14.688,-0.3441,-53.651,14.711,0.244,0.085
94.17,-53.519,14.671,-0.3441,-53.606,14.695,0.252,0.084
94.37,-53.473,14.655,-0.3439,-53.560,14.679,0.256,0.074
94.57,-53.427,14.641,-0.3376,-53.513,14.665,0.258,0.056
94.77,-53.371,14.623,-0.3310,-53.457,14.649,0.272,0.096
94.97,-53.312,14.607,-0.3230,-53.396,14.635,0.289,0.115
95.17,-53.261,14.590,-0.3210,-53.343,14.618,0.306,0.108
95.37,-53.215,14.575,-0.3182,-53.297,14.603,0.323,0.114
95.57,-53.167,14.562,-0.3101,-53.249,14.592,0.284,0.128
95.77,-53.122,14.548,-0.3065,-53.204,14.579,0.265,0.117
95.97,-53.085,14.536,-0.3044,-53.166,14.567,0.242,0.103
96.17,-53.053,14.526,-0.3020,-53.134,14.556,0.220,0.100
96.37,-53.020,14.516,-0.2996,-53.103,14.546,0.206,0.110
96.57,-52.988,14.506,-0.2966,-53.071,14.537,0.201,0.110
96.77,-52.961,14.500,-0.2914,-53.045,14.532,0.192,0.113
96.97,-52.937,14.497,-0.2819,-53.022,14.531,0.175,0.134
97.17,-52.916,14.495,-0.2728,-53.001,14.530,0.163,0.133
97.37,-52.900,14.492,-0.2636,-52.985,14.529,0.152,0.127
97.57,-52.885,14.491,-0.2549,-52.971,14.529,0.145,0.106
97.77,-52.867,14.488,-0.2433,-52.955,14.527,0.149,0.128
97.97,-52.846,14.489,-0.2270,-52.934,14.530,0.159,0.150
98.17,-52.821,14.489,-0.2104,-52.910,14.531,0.170,0.166
98.37,-52.795,14.493,-0.1899,-52.884,14.535,0.178,0.169
98.57,-52.773,14.494,-0.1726,-52.862,14.539,0.173,0.175
98.77,-52.760,14.493,-0.1638,-52.847,14.538,0.149,0.127
98.97,-52.752,14.488,-0.1292,-52.839,14.536,0.135,0.127
99.17,-52.749,14.468,-0.0828,-52.837,14.514,0.122,0.235
99.37,-52.738,14.454,-0.0468,-52.829,14.496,0.124,0.231
99.57,-52.722,14.449,-0.0088,-52.814,14.490,0.139,0.200
99.77,-52.698,14.458,0.0190,-52.792,14.499,0.161,0.209
99.97,-52.676,14.466,0.0440,-52.771,14.509,0.167,0.201
100.17,-52.653,14.474,0.0665,-52.749,14.519,0.188,0.199
100.37,-52.632,14.482,0.0880,-52.729,14.529,0.202,0.174
100.57,-52.612,14.489,0.1071,-52.710,14.538,0.193,0.170
100.77,-52.594,14.493,0.1226,-52.693,14.545,0.182,0.144
100.97,-52.576,14.486,0.1727,-52.676,14.538,0.176,0.196
101.17,-52.555,14.475,0.2319,-52.657,14.527,0.176,0.268
101.37,-52.536,14.467,0.2871,-52.637,14.517,0.172,0.265
101.57,-52.515,14.459,0.3753,-52.617,14.510,0.169,0.305
101.77,-52.497,14.450,0.4960,-52.599,14.500,0.149,0.420
101.97,-52.480,14.442,0.6163,-52.582,14.492,0.124,0.465
102.17,-52.465,14.436,0.7758,-52.566,14.486,0.112,0.556
102.37,-52.452,14.423,0.9817,-52.553,14.474,0.086,0.761
102.57,-52.438,14.409,1.2199,-52.540,14.460,0.043,0.942
102.77,-52.445,14.415,1.4830,-52.543,14.467,0.039,0.963
102.97,-52.410,14.441,1.7172,-52.510,14.485,0.059,0.974
103.17,-52.381,14.495,1.8273,-52.477,14.534,0.101,0.677
103.37,-52.371,14.555,1.9041,-52.465,14.595,0.162,0.369
103.57,-52.368,14.607,1.9688,-52.460,14.648,0.153,0.290
103.77,-52.368,14.646,2.0148,-52.459,14.691,0.110,0.202
103.97,-52.369,14.670,2.0430,-52.459,14.718,0.071,0.087
104.17,-52.372,14.692,2.0713,-52.462,14.740,0.047,0.058
104.37,-52.376,14.716,2.0940,-52.464,14.765,0.039,0.062
104.57,-52.381,14.732,2.1040,-52.467,14.784,0.017,0.034
104.77,-52.385,14.743,2.1099,-52.470,14.797,-0.006,-0.023
104.97,-52.388,14.749,2.1113,-52.472,14.806,-0.017,-0.045
105.17,-52.388,14.749,2.1112,-52.473,14.807,-0.036,-0.067
105.37,-52.388,14.748,2.1111,-52.472,14.806,-0.047,-0.069
105.57,-52.385,14.747,2.1064,-52.470,14.805,-0.053,-0.099
105.77,-52.381,14.748,2.0970,-52.464,14.808,-0.053,-0.154
105.97,-52.376,14.745,2.0801,-52.458,14.808,-0.058,-0.185
106.17,-52.373,14.740,2.0385,-52.454,14.803,-0.068,-0.275
106.37,-52.374,14.732,1.9942,-52.454,14.796,-0.078,-0.323
106.57,-52.388,14.720,1.9260,-52.466,14.784,-0.079,-0.358
106.77,-52.413,14.711,1.8509,-52.490,14.775,-0.065,-0.443
106.97,-52.437,14.702,1.7790,-52.513,14.767,-0.051,-0.472
107.17,-52.447,14.700,1.6352,-52.527,14.765,-0.034,-0.595
107.37,-52.437,14.675,1.4434,-52.518,14.747,-0.036,-0.853
107.57,-52.440,14.639,1.2088,-52.517,14.713,-0.045,-0.995
107.77,-52.465,14.599,0.8937,-52.538,14.672,-0.039,-1.011
107.97,-52.483,14.563,0.4580,-52.554,14.637,-0.009,-1.002
108.17,-52.508,14.528,0.0051,-52.575,14.604,0.007,-1.000
108.37,-52.570,14.575,-0.3301,-52.646,14.629,-0.117,-1.013
108.57,-52.652,14.676,-0.5925,-52.731,14.719,-0.239,-1.002
108.77,-52.735,14.724,-0.7389,-52.808,14.770,-0.224,-0.741
108.97,-52.815,14.752,-0.8434,-52.886,14.799,-0.190,-0.468
109.17,-52.863,14.854,-0.9673,-52.945,14.892,-0.220,-0.424
109.37,-52.883,14.969,-1.0813,-52.971,15.006,-0.227,-0.426
109.57,-52.889,15.075,-1.1817,-52.981,15.114,-0.210,-0.371
109.77,-52.886,15.177,-1.2841,-52.980,15.217,-0.199,-0.362
109.97,-52.878,15.259,-1.3627,-52.973,15.301,-0.196,-0.272
110.17,-52.863,15.333,-1.4366,-52.958,15.377,-0.151,-0.244
110.37,-52.846,15.397,-1.4979,-52.941,15.444,-0.117,-0.194
110.57,-52.830,15.446,-1.5467,-52.924,15.494,-0.070,-0.129
110.77,-52.812,15.493,-1.5913,-52.905,15.542,-0.053,-0.104
110.97,-52.797,15.534,-1.6253,-52.886,15.585,-0.106,-0.067
111.17,-52.785,15.564,-1.6494,-52.871,15.618,-0.074,-0.038
111.37,-52.775,15.589,-1.6684,-52.857,15.645,-0.049,-0.007
111.57,-52.770,15.612,-1.6733,-52.848,15.669,-0.030,0.032
111.77,-52.769,15.626,-1.6732,-52.847,15.685,-0.001,0.108
111.97,-52.768,15.635,-1.6732,-52.846,15.694,0.024,0.145
112.17,-52.768,15.640,-1.6631,-52.846,15.700,0.037,0.193
112.37,-52.768,15.639,-1.6113,-52.846,15.700,0.028,0.339
112.57,-52.767,15.631,-1.5503,-52.845,15.694,0.038,0.417
112.77,-52.768,15.620,-1.4368,-52.846,15.684,0.058,0.521
112.97,-52.770,15.606,-1.2554,-52.848,15.671,0.088,0.710
113.17,-52.771,15.593,-1.0281,-52.849,15.658,0.149,0.959
113.37,-52.771,15.584,-0.7411,-52.849,15.648,0.164,1.016
113.57,-52.773,15.570,-0.3657,-52.851,15.636,0.178,1.017
113.77,-52.765,15.576,-0.1004,-52.838,15.638,0.178,0.986
113.97,-52.730,15.606,-0.0144,-52.803,15.669,0.196,0.613
114.17,-52.721,15.621,0.2098,-52.790,15.683,0.167,0.682
114.37,-52.719,15.648,0.6043,-52.785,15.709,0.132,1.028
114.57,-52.720,15.674,0.8539,-52.785,15.734,0.112,0.999
114.77,-52.728,15.695,1.2485,-52.792,15.755,0.072,1.011
114.97,-52.742,15.729,1.7783,-52.801,15.786,0.059,1.000
115.17,-52.769,15.759,2.2632,-52.824,15.817,0.053,1.000
115.37,-52.724,15.770,2.3690,-52.781,15.818,-0.096,0.674
115.57,-52.693,15.751,2.5216,-52.752,15.808,-0.197,0.561
115.77,-52.709,15.725,2.8554,-52.765,15.786,-0.211,1.008
115.97,-52.735,15.711,-3.1389,-52.787,15.775,-0.063,1.028
116.17,-52.748,15.722,-2.8980,-52.794,15.784,0.028,0.987
116.37,-52.719,15.761,-2.6651,-52.768,15.821,-0.047,0.901
116.57,-52.703,15.767,-2.2367,-52.755,15.831,-0.034,1.004
116.77,-52.694,15.771,-1.7504,-52.748,15.834,0.025,1.000
116.97,-52.701,15.792,-1.2902,-52.749,15.855,0.087,1.000
117.17,-52.721,15.796,-0.8166,-52.767,15.866,0.114,1.000
117.37,-52.715,15.801,-0.5813,-52.764,15.865,0.132,0.995
117.57,-52.712,15.815,-0.1455,-52.759,15.878,0.142,1.007
117.77,-52.721,15.833,0.3165,-52.766,15.894,0.090,1.000
117.97,-52.739,15.835,0.7560,-52.786,15.895,0.037,1.000
118.17,-52.767,15.837,1.2447,-52.809,15.899,-0.006,1.000
118.37,-52.789,15.855,1.7512,-52.826,15.913,-0.022,1.000
118.57,-52.803,15.861,2.2213,-52.839,15.917,-0.033,1.000
118.77,-52.803,15.855,2.4656,-52.828,15.912,-0.074,0.957
118.97,-52.864,15.858,2.5609,-52.882,15.914,0.003,0.582
119.17,-52.950,15.868,2.6576,-52.961,15.925,0.149,0.360
119.37,-53.059,15.871,2.7733,-53.065,15.930,0.267,0.375
119.57,-53.174,15.863,2.8833,-53.180,15.926,0.341,0.423
119.77,-53.269,15.849,2.9718,-53.278,15.913,0.316,0.370
119.97,-53.356,15.827,3.0580,-53.367,15.892,0.267,0.326
120.17,-53.438,15.799,3.1397,-53.449,15.866,0.238,0.303
120.37,-53.511,15.766,-3.0676,-53.524,15.833,0.214,0.273
120.57,-53.583,15.730,-2.9901,-53.597,15.796,0.209,0.257
120.77,-53.632,15.733,-2.9300,-53.648,15.794,0.159,0.240
120.97,-53.684,15.741,-2.8768,-53.699,15.801,0.112,0.153
121.17,-53.743,15.746,-2.8184,-53.757,15.808,0.123,0.161
121.37,-53.803,15.747,-2.7631,-53.818,15.812,0.152,0.172
121.57,-53.858,15.746,-2.7119,-53.876,15.812,0.152,0.158
121.77,-53.913,15.741,-2.6606,-53.933,15.809,0.152,0.152
121.97,-53.963,15.733,-2.6094,-53.987,15.803,0.149,0.149
122.17,-53.988,15.723,-2.5740,-54.015,15.793,0.123,0.134
122.37,-54.005,15.714,-2.5545,-54.032,15.783,0.084,0.101
122.57,-54.015,15.703,-2.5358,-54.042,15.774,0.058,0.040
122.77,-54.026,15.696,-2.5246,-54.053,15.768,0.049,0.032
122.97,-54.034,15.691,-2.5226,-54.061,15.763,0.043,-0.031
123.17,-54.041,15.686,-2.5225,-54.068,15.757,0.039,-0.085
123.37,-54.047,15.681,-2.5226,-54.074,15.753,0.037,-0.104
123.57,-54.052,15.677,-2.5229,-54.079,15.749,0.033,-0.116
123.77,-54.051,15.674,-2.5505,-54.079,15.746,0.021,-0.234
123.97,-54.046,15.670,-2.5827,-54.075,15.742,0.010,-0.317
124.17,-54.039,15.665,-2.6294,-54.068,15.737,0.004,-0.347
124.37,-54.038,15.667,-2.7611,-54.066,15.737,-0.010,-0.613
124.57,-54.035,15.673,-2.9217,-54.064,15.742,-0.040,-0.794
124.77,-54.030,15.680,-3.1309,-54.059,15.750,-0.070,-0.919
124.97,-54.058,15.717,2.9202,-54.082,15.777,-0.048,-1.003
125.17,-54.132,15.778,2.7949,-54.152,15.832,0.172,-0.749
125.37,-54.196,15.819,2.6528,-54.215,15.874,0.209,-0.718
125.57,-54.246,15.859,2.5306,-54.267,15.914,0.173,-0.679
125.77,-54.270,15.884,2.4138,-54.296,15.945,0.090,-0.552
125.97,-54.273,15.901,2.1190,-54.303,15.963,0.024,-0.978
126.17,-54.267,15.912,1.8626,-54.299,15.976,-0.004,-1.003
126.37,-54.284,15.901,1.5761,-54.312,15.962,-0.012,-1.000
126.57,-54.331,15.863,1.2075,-54.353,15.923,-0.061,-1.000
126.77,-54.392,15.833,1.0282,-54.413,15.891,-0.089,-1.003
126.97,-54.431,15.808,0.9670,-54.453,15.867,-0.099,-0.594
127.17,-54.461,15.788,0.9172,-54.486,15.847,-0.057,-0.338
127.37,-54.497,15.770,0.8658,-54.521,15.828,-0.046,-0.259
127.57,-54.526,15.755,0.8279,-54.552,15.813,-0.046,-0.240
127.77,-54.553,15.744,0.7946,-54.580,15.801,-0.023,-0.177
127.97,-54.575,15.735,0.7647,-54.604,15.791,-0.005,-0.156
128.17,-54.591,15.721,0.7299,-54.624,15.779,-0.002,-0.208
128.37,-54.600,15.704,0.7091,-54.634,15.762,0.008,-0.158
128.57,-54.610,15.685,0.6857,-54.645,15.742,0.010,-0.129
128.77,-54.622,15.664,0.6612,-54.657,15.721,0.006,-0.131
128.97,-54.633,15.646,0.6411,-54.670,15.700,0.008,-0.134
129.17,-54.644,15.629,0.6232,-54.682,15.682,0.021,-0.092
129.37,-54.656,15.612,0.6043,-54.695,15.663,0.026,-0.098
129.57,-54.668,15.595,0.5852,-54.709,15.644,0.028,-0.106
129.77,-54.677,15.583,0.5739,-54.720,15.630,0.040,-0.094
129.97,-54.688,15.571,0.5605,-54.733,15.615,0.042,-0.089
130.17,-54.698,15.558,0.5465,-54.746,15.599,0.042,-0.090
130.37,-54.706,15.548,0.5357,-54.757,15.587,0.049,-0.080
130.57,-54.714,15.538,0.5251,-54.769,15.576,0.055,-0.074
130.77,-54.723,15.529,0.5149,-54.780,15.565,0.056,-0.073
130.97,-54.728,15.523,0.5078,-54.787,15.557,0.066,-0.067
131.17,-54.732,15.518,0.5021,-54.793,15.550,0.122,0.020
131.37,-54.734,15.515,0.4969,-54.795,15.544,0.114,0.016
131.57,-54.719,15.522,0.4947,-54.783,15.547,0.142,0.030
131.77,-54.696,15.534,0.4947,-54.762,15.559,0.168,0.016
131.97,-54.672,15.547,0.4946,-54.739,15.571,0.202,0.031
132.17,-54.640,15.565,0.4947,-54.708,15.588,0.219,0.030
132.37,-54.605,15.583,0.4947,-54.674,15.606,0.233,0.030
132.57,-54.567,15.603,0.4948,-54.637,15.626,0.212,-0.040
132.77,-54.527,15.625,0.4948,-54.597,15.647,0.219,-0.068
132.97,-54.485,15.647,0.4948,-54.555,15.669,0.231,-0.054
133.17,-54.443,15.670,0.4926,-54.513,15.693,0.233,-0.066
133.37,-54.401,15.695,0.4901,-54.471,15.719,0.288,-0.090
133.57,-54.355,15.720,0.4889,-54.425,15.744,0.291,-0.076
133.77,-54.311,15.744,0.4873,-54.380,15.770,0.288,-0.074
133.97,-54.273,15.765,0.4866,-54.344,15.791,0.252,-0.119
134.17,-54.233,15.786,0.4862,-54.307,15.812,0.226,-0.101
134.37,-54.193,15.807,0.4835,-54.268,15.832,0.218,-0.105
134.57,-54.152,15.827,0.4772,-54.228,15.851,0.214,-0.133
134.77,-54.109,15.845,0.4670,-54.184,15.868,0.216,-0.156
134.97,-54.063,15.858,0.4451,-54.139,15.880,0.217,-0.193
135.17,-54.016,15.865,0.4126,-54.091,15.887,0.216,-0.232
135.37,-53.964,15.869,0.3719,-54.040,15.890,0.220,-0.257
135.57,-53.913,15.869,0.3276,-53.989,15.890,0.226,-0.270
135.77,-53.866,15.867,0.2835,-53.941,15.887,0.218,-0.268
135.97,-53.821,15.862,0.2407,-53.896,15.882,0.240,-0.237
136.17,-53.784,15.856,0.2039,-53.857,15.876,0.247,-0.245
136.37,-53.752,15.851,0.1720,-53.825,15.870,0.221,-0.236
136.57,-53.714,15.843,0.1354,-53.788,15.862,0.211,-0.224
136.77,-53.662,15.830,0.0865,-53.738,15.849,0.237,-0.228
136.97,-53.621,15.824,0.0314,-53.694,15.840,0.250,-0.244
137.17,-53.603,15.830,0.0103,-53.673,15.844,0.200,-0.146
137.37,-53.580,15.827,-0.0248,-53.650,15.843,0.179,-0.105
137.57,-53.554,15.819,-0.0668,-53.623,15.834,0.183,-0.143
137.77,-53.533,15.811,-0.0921,-53.601,15.825,0.181,-0.148
137.97,-53.514,15.797,-0.1277,-53.583,15.813,0.173,-0.144
138.17,-53.496,15.778,-0.1787,-53.565,15.793,0.174,-0.185
138.37,-53.485,15.760,-0.2366,-53.553,15.774,0.163,-0.246
138.57,-53.481,15.737,-0.3049,-53.548,15.753,0.138,-0.280
138.77,-53.485,15.708,-0.3777,-53.551,15.723,0.130,-0.273
138.97,-53.496,15.682,-0.4491,-53.561,15.695,0.114,-0.272
139.17,-53.516,15.670,-0.5013,-53.579,15.680,0.080,-0.222
139.37,-53.550,15.673,-0.5407,-53.612,15.681,0.017,-0.145
139.57,-53.596,15.679,-0.5904,-53.657,15.685,-0.023,-0.129
139.77,-53.639,15.689,-0.6360,-53.704,15.693,-0.052,-0.133
139.97,-53.672,15.698,-0.6682,-53.740,15.702,-0.025,-0.087
140.17,-53.708,15.710,-0.7027,-53.779,15.713,-0.015,-0.069
140.37,-53.741,15.724,-0.7320,-53.816,15.725,-0.015,-0.061
140.57,-53.758,15.732,-0.7452,-53.837,15.732,0.025,-0.010
140.77,-53.766,15.737,-0.7510,-53.850,15.737,0.061,0.031
140.97,-53.762,15.733,-0.7510,-53.848,15.734,0.101,0.078
141.17,-53.756,15.727,-0.7510,-53.842,15.728,0.127,0.091
141.37,-53.744,15.718,-0.7477,-53.830,15.720,0.142,0.105
141.57,-53.724,15.707,-0.7335,-53.810,15.712,0.160,0.147
141.77,-53.695,15.692,-0.7116,-53.780,15.699,0.180,0.186
141.97,-53.656,15.676,-0.6806,-53.741,15.685,0.207,0.221
142.17,-53.620,15.662,-0.6493,-53.702,15.672,0.221,0.235
142.37,-53.594,15.653,-0.6249,-53.675,15.663,0.202,0.194
142.57,-53.571,15.645,-0.6025,-53.651,15.654,0.182,0.155
142.77,-53.549,15.637,-0.5810,-53.627,15.646,0.173,0.140
142.97,-53.531,15.631,-0.5645,-53.609,15.641,0.163,0.173
143.17,-53.522,15.618,-0.5358,-53.599,15.631,0.148,0.187
143.37,-53.518,15.596,-0.4816,-53.595,15.610,0.147,0.301
143.57,-53.521,15.573,-0.4250,-53.598,15.586,0.139,0.324
143.77,-53.521,15.546,-0.3547,-53.599,15.559,0.137,0.340
143.97,-53.519,15.515,-0.2503,-53.598,15.527,0.149,0.432
144.17,-53.515,15.491,-0.1313,-53.593,15.502,0.173,0.414
144.37,-53.510,15.456,-0.0416,-53.589,15.467,0.135,0.360
144.57,-53.486,15.417,0.0690,-53.568,15.427,0.147,0.384
144.77,-53.465,15.386,0.2362,-53.545,15.394,0.158,0.557
144.97,-53.454,15.363,0.3988,-53.531,15.371,0.127,0.658
145.17,-53.438,15.359,0.6121,-53.515,15.363,0.107,0.802
145.37,-53.420,15.377,0.9336,-53.494,15.376,0.111,1.015
145.57,-53.465,15.448,1.1514,-53.525,15.449,0.118,0.956
145.77,-53.500,15.505,1.5419,-53.560,15.507,0.129,1.015
145.97,-53.416,15.486,1.8157,-53.499,15.472,0.022,1.016
146.17,-53.341,15.441,2.1474,-53.420,15.431,-0.165,1.013
146.37,-53.317,15.408,2.5163,-53.399,15.405,-0.207,1.017
146.57,-53.265,15.424,2.8425,-53.344,15.412,-0.156,1.016
146.77,-53.226,15.441,3.1173,-53.294,15.439,-0.126,1.017
146.97,-53.283,15.381,-3.0263,-53.352,15.386,0.040,0.810
147.17,-53.345,15.339,-2.9365,-53.409,15.348,0.189,0.448
147.37,-53.403,15.293,-2.8524,-53.467,15.304,0.227,0.310
147.57,-53.459,15.241,-2.7681,-53.524,15.252,0.240,0.297
147.77,-53.515,15.186,-2.6932,-53.580,15.198,0.240,0.274
147.97,-53.553,15.142,-2.6388,-53.621,15.152,0.201,0.218
148.17,-53.581,15.107,-2.5959,-53.652,15.114,0.138,0.155
148.37,-53.602,15.079,-2.5626,-53.673,15.084,0.093,0.110
148.57,-53.619,15.056,-2.5365,-53.691,15.059,0.069,0.085
148.77,-53.633,15.038,-2.5203,-53.704,15.039,0.055,0.047
148.97,-53.642,15.034,-2.5072,-53.713,15.032,0.033,0.012
149.17,-53.651,15.032,-2.4968,-53.723,15.033,0.019,0.015
149.37,-53.658,15.027,-2.4965,-53.730,15.028,0.017,-0.059
149.57,-53.661,15.024,-2.4965,-53.735,15.025,0.014,-0.106
149.77,-53.664,15.022,-2.4966,-53.738,15.023,0.010,-0.116
149.97,-53.665,15.020,-2.5083,-53.739,15.021,0.007,-0.166
150.17,-53.667,15.019,-2.5439,-53.741,15.020,0.004,-0.288
150.37,-53.667,15.022,-2.5859,-53.741,15.022,-0.001,-0.365
150.57,-53.664,15.031,-2.6651,-53.739,15.030,-0.017,-0.458
150.77,-53.657,15.042,-2.8021,-53.734,15.041,-0.046,-0.617
150.97,-53.653,15.051,-2.9747,-53.729,15.050,-0.079,-0.802
151.17,-53.646,15.055,3.0702,-53.723,15.055,-0.090,-0.991
151.37,-53.630,15.073,2.8126,-53.711,15.071,-0.098,-1.001
151.57,-53.610,15.145,2.6225,-53.698,15.139,-0.080,-0.959
151.77,-53.604,15.226,2.4485,-53.692,15.210,-0.003,-0.862
151.97,-53.629,15.274,2.1340,-53.707,15.259,0.086,-0.990
152.17,-53.673,15.266,1.8931,-53.745,15.246,0.056,-1.002
152.37,-53.696,15.251,1.5995,-53.762,15.238,0.025,-1.000
152.57,-53.737,15.179,1.4931,-53.800,15.174,-0.124,-0.854
152.77,-53.779,15.113,1.4039,-53.839,15.109,-0.210,-0.548
152.97,-53.823,15.056,1.3189,-53.882,15.050,-0.199,-0.481
153.17,-53.865,15.006,1.2442,-53.924,14.998,-0.165,-0.454
153.37,-53.910,14.963,1.1753,-53.968,14.953,-0.142,-0.406
153.57,-53.955,14.925,1.1104,-54.013,14.915,-0.141,-0.383
153.77,-53.987,14.899,1.0614,-54.048,14.887,-0.125,-0.299
153.97,-54.015,14.879,1.0200,-54.077,14.866,-0.083,-0.243
154.17,-54.036,14.864,0.9876,-54.100,14.850,-0.057,-0.215
154.37,-54.051,14.853,0.9592,-54.115,14.838,-0.031,-0.227
154.57,-54.073,14.838,0.9306,-54.137,14.826,-0.023,-0.273
154.77,-54.099,14.824,0.8983,-54.163,14.812,0.009,-0.227
154.97,-54.125,14.810,0.8648,-54.191,14.799,0.013,-0.253
155.17,-54.152,14.798,0.8320,-54.218,14.786,0.017,-0.260
155.37,-54.178,14.787,0.8000,-54.245,14.776,0.040,-0.199
155.57,-54.205,14.776,0.7661,-54.273,14.766,0.039,-0.218
155.77,-54.232,14.767,0.7344,-54.302,14.757,0.034,-0.214
155.97,-54.257,14.759,0.7062,-54.328,14.750,0.038,-0.180
156.17,-54.282,14.753,0.6762,-54.355,14.744,0.043,-0.187
156.37,-54.308,14.746,0.6469,-54.382,14.738,0.043,-0.189
156.57,-54.332,14.741,0.6216,-54.408,14.734,0.046,-0.150
156.77,-54.357,14.736,0.5943,-54.434,14.731,0.049,-0.155
156.97,-54.386,14.730,0.5635,-54.464,14.726,0.039,-0.157
157.17,-54.414,14.725,0.5366,-54.496,14.721,0.027,-0.136
157.37,-54.444,14.721,0.5061,-54.529,14.718,0.026,-0.122
157.57,-54.475,14.718,0.4759,-54.563,14.716,0.023,-0.123
157.77,-54.500,14.717,0.4520,-54.593,14.715,0.002,-0.182
157.97,-54.523,14.715,0.4309,-54.619,14.714,-0.003,-0.194
158.17,-54.542,14.714,0.4127,-54.642,14.715,0.024,-0.169
158.37,-54.557,14.714,0.3900,-54.658,14.715,0.043,-0.140
158.57,-54.563,14.723,0.3614,-54.666,14.722,0.067,-0.172
158.77,-54.562,14.730,0.3028,-54.666,14.731,0.098,-0.253
158.97,-54.557,14.735,0.2425,-54.662,14.736,0.120,-0.310
159.17,-54.551,14.744,0.1530,-54.656,14.744,0.133,-0.369
159.37,-54.544,14.754,0.0217,-54.650,14.754,0.141,-0.494
159.57,-54.536,14.768,-0.1335,-54.643,14.767,0.148,-0.602
159.77,-54.516,14.773,-0.3240,-54.625,14.775,0.169,-0.688
159.97,-54.482,14.761,-0.5354,-54.593,14.766,0.199,-0.801
160.17,-54.449,14.707,-0.6851,-54.557,14.719,0.248,-0.655
160.37,-54.389,14.637,-0.6633,-54.501,14.652,0.354,-0.071
160.57,-54.326,14.564,-0.6220,-54.438,14.579,0.443,0.256
160.77,-54.268,14.509,-0.5974,-54.378,14.518,0.419,0.276
160.97,-54.214,14.475,-0.5892,-54.324,14.480,0.352,0.184
161.17,-54.156,14.460,-0.5402,-54.267,14.463,0.301,0.268
161.37,-54.094,14.447,-0.4921,-54.206,14.450,0.292,0.263
161.57,-54.026,14.434,-0.4419,-54.140,14.437,0.297,0.275
161.77,-53.945,14.428,-0.3715,-54.061,14.431,0.315,0.307
161.97,-53.856,14.428,-0.2969,-53.973,14.430,0.344,0.384
162.17,-53.769,14.436,-0.2194,-53.885,14.437,0.379,0.389
162.37,-53.691,14.450,-0.1456,-53.806,14.450,0.396,0.365
162.57,-53.615,14.471,-0.0688,-53.730,14.470,0.362,0.362
162.77,-53.544,14.497,0.0045,-53.657,14.495,0.351,0.335
162.97,-53.471,14.531,0.0832,-53.585,14.527,0.348,0.329
163.17,-53.403,14.568,0.1577,-53.516,14.563,0.346,0.321
163.37,-53.342,14.606,0.2265,-53.454,14.601,0.323,0.281
163.57,-53.284,14.647,0.2934,-53.396,14.642,0.304,0.227
163.77,-53.228,14.692,0.3592,-53.340,14.687,0.328,0.237
163.97,-53.176,14.737,0.4159,-53.288,14.732,0.331,0.187
164.17,-53.136,14.779,0.4676,-53.246,14.775,0.292,0.158
164.37,-53.100,14.818,0.5141,-53.211,14.816,0.255,0.133
164.57,-53.068,14.852,0.5484,-53.180,14.851,0.226,0.092
164.77,-53.043,14.878,0.5726,-53.155,14.880,0.187,0.025
164.97,-53.021,14.897,0.5834,-53.135,14.901,0.151,-0.009
165.17,-52.995,14.914,0.5835,-53.110,14.917,0.135,-0.070
165.37,-52.968,14.932,0.5836,-53.083,14.935,0.144,-0.105
165.57,-52.944,14.947,0.5828,-53.059,14.952,0.141,-0.112
165.77,-52.927,14.962,0.5740,-53.042,14.967,0.132,-0.145
165.97,-52.915,14.972,0.5647,-53.030,14.979,0.136,-0.083
166.17,-52.906,14.981,0.5559,-53.021,14.988,0.129,-0.104
166.37,-52.888,14.982,0.5357,-53.005,14.989,0.129,-0.151
166.57,-52.870,14.985,0.5136,-52.987,14.990,0.137,-0.176
166.77,-52.852,14.984,0.4824,-52.969,14.990,0.140,-0.193
166.97,-52.836,14.980,0.4200,-52.952,14.985,0.138,-0.320
167.17,-52.822,14.971,0.3167,-52.938,14.977,0.138,-0.390
167.37,-52.812,14.959,0.1734,-52.928,14.966,0.137,-0.541
167.57,-52.808,14.942,0.0121,-52.922,14.950,0.133,-0.622
167.77,-52.807,14.939,-0.1340,-52.922,14.945,0.125,-0.536
167.97,-52.814,14.929,-0.4237,-52.927,14.936,0.097,-0.918
168.17,-52.830,14.895,-0.7090,-52.937,14.903,0.125,-1.007
168.37,-52.841,14.889,-0.9890,-52.951,14.895,0.098,-0.994
168.57,-52.840,14.925,-1.3167,-52.959,14.928,0.008,-1.017
168.77,-52.816,14.974,-1.6939,-52.942,14.978,-0.086,-1.016
168.97,-52.780,15.005,-2.1154,-52.910,15.014,-0.134,-1.000
169.17,-52.728,15.021,-2.5463,-52.860,15.034,-0.158,-1.000
169.37,-52.696,15.022,-3.0417,-52.830,15.039,-0.200,-1.000
169.57,-52.679,15.030,2.8731,-52.815,15.034,-0.135,-1.005
169.77,-52.677,15.128,2.6430,-52.823,15.120,-0.013,-0.999
169.97,-52.692,15.185,2.2966,-52.829,15.178,0.079,-1.012
170.17,-52.734,15.145,2.0440,-52.851,15.146,0.032,-1.000
170.37,-52.820,15.128,1.8104,-52.924,15.123,0.026,-1.000
170.57,-52.920,15.126,1.5506,-53.020,15.118,0.065,-1.000
170.77,-52.892,15.199,1.4558,-53.020,15.189,0.165,-0.829
170.97,-52.847,15.263,1.3662,-52.981,15.256,0.256,-0.582
171.17,-52.807,15.314,1.2902,-52.940,15.309,0.248,-0.484
171.37,-52.770,15.353,1.2293,-52.903,15.350,0.179,-0.413
171.57,-52.737,15.386,1.1773,-52.870,15.384,0.144,-0.362
171.77,-52.709,15.412,1.1338,-52.840,15.412,0.121,-0.317
171.97,-52.685,15.434,1.0934,-52.814,15.435,0.091,-0.269
172.17,-52.670,15.445,1.0665,-52.797,15.447,0.057,-0.292
172.37,-52.650,15.462,1.0365,-52.778,15.462,0.056,-0.332
172.57,-52.625,15.480,1.0019,-52.753,15.479,0.075,-0.371
172.77,-52.597,15.499,0.9646,-52.725,15.497,0.111,-0.350
172.97,-52.567,15.516,0.9243,-52.695,15.514,0.128,-0.372
173.17,-52.534,15.534,0.8819,-52.663,15.531,0.145,-0.368
173.37,-52.500,15.550,0.8401,-52.629,15.549,0.182,-0.309
173.57,-52.465,15.566,0.7975,-52.594,15.564,0.184,-0.327
173.77,-52.438,15.577,0.7638,-52.565,15.575,0.174,-0.304
173.97,-52.417,15.586,0.7338,-52.543,15.584,0.155,-0.284
174.17,-52.393,15.595,0.7043,-52.519,15.591,0.150,-0.275
174.37,-52.373,15.605,0.6683,-52.498,15.600,0.149,-0.245
174.57,-52.352,15.614,0.6386,-52.478,15.608,0.150,-0.260
174.77,-52.334,15.619,0.6150,-52.459,15.612,0.143,-0.229
174.97,-52.330,15.630,0.5207,-52.453,15.622,0.131,-0.366
175.17,-52.332,15.644,0.4137,-52.454,15.636,0.127,-0.487
175.37,-52.339,15.661,0.3129,-52.460,15.652,0.117,-0.473
175.57,-52.352,15.690,0.1682,-52.473,15.679,0.106,-0.544
175.77,-52.364,15.732,0.0482,-52.485,15.720,0.104,-0.548
175.97,-52.376,15.770,-0.0488,-52.495,15.760,0.095,-0.437
176.17,-52.393,15.804,-0.1306,-52.509,15.796,0.071,-0.357
176.37,-52.420,15.821,-0.1705,-52.534,15.815,0.028,-0.226
176.57,-52.447,15.840,-0.2069,-52.561,15.835,0.016,-0.196
176.77,-52.477,15.862,-0.2441,-52.590,15.858,0.008,-0.162
176.97,-52.511,15.890,-0.2869,-52.624,15.886,-0.015,-0.162
177.17,-52.543,15.917,-0.3267,-52.658,15.915,-0.021,-0.161
177.37,-52.569,15.940,-0.3598,-52.686,15.941,-0.003,-0.135
177.57,-52.592,15.944,-0.3846,-52.708,15.948,0.036,-0.134
177.77,-52.621,15.945,-0.4130,-52.737,15.947,0.037,-0.124
177.97,-52.647,15.946,-0.4392,-52.766,15.947,0.034,-0.103
178.17,-52.672,15.947,-0.4639,-52.793,15.947,0.040,-0.080
178.37,-52.693,15.948,-0.4850,-52.817,15.947,0.002,-0.112
178.57,-52.705,15.949,-0.4969,-52.833,15.946,0.042,-0.065
178.77,-52.711,15.949,-0.5038,-52.842,15.945,0.073,-0.035
178.97,-52.724,15.951,-0.5134,-52.855,15.945,0.079,-0.027
179.17,-52.726,15.951,-0.5198,-52.861,15.943,0.088,-0.030
179.37,-52.713,15.944,-0.5198,-52.850,15.937,0.127,0.010
179.57,-52.700,15.936,-0.5198,-52.837,15.930,0.148,0.032
179.77,-52.685,15.927,-0.5198,-52.822,15.921,0.159,0.040
179.97,-52.664,15.916,-0.5198,-52.801,15.909,0.173,0.039
180.17,-52.640,15.902,-0.5197,-52.777,15.896,0.183,0.039
180.37,-52.614,15.887,-0.5196,-52.751,15.881,0.192,0.039
180.57,-52.586,15.871,-0.5196,-52.723,15.865,0.230,0.057
180.77,-52.556,15.854,-0.5194,-52.692,15.848,0.253,0.064
180.97,-52.524,15.835,-0.5193,-52.660,15.830,0.241,0.065
181.17,-52.492,15.817,-0.5192,-52.629,15.812,0.233,0.066
181.37,-52.461,15.799,-0.5191,-52.599,15.794,0.225,0.067
181.57,-52.431,15.782,-0.5189,-52.571,15.778,0.219,0.068
181.77,-52.403,15.766,-0.5189,-52.544,15.762,0.211,0.069
181.97,-52.377,15.751,-0.5189,-52.518,15.747,0.203,0.069
182.17,-52.351,15.736,-0.5189,-52.493,15.732,0.198,0.071
182.37,-52.322,15.718,-0.5188,-52.466,15.716,0.198,0.069
182.57,-52.293,15.702,-0.5181,-52.438,15.701,0.202,0.083
182.77,-52.264,15.686,-0.5172,-52.409,15.686,0.202,0.089
182.97,-52.228,15.666,-0.5158,-52.374,15.667,0.216,0.086
183.17,-52.197,15.649,-0.5143,-52.343,15.650,0.216,0.087
183.37,-52.171,15.634,-0.5135,-52.316,15.636,0.202,0.088
183.57,-52.149,15.622,-0.5139,-52.296,15.624,0.180,0.078
183.77,-52.129,15.611,-0.5141,-52.279,15.614,0.161,0.071
183.97,-52.112,15.601,-0.5146,-52.264,15.605,0.151,0.073
184.17,-52.094,15.591,-0.5149,-52.249,15.596,0.147,0.070
184.37,-52.079,15.583,-0.5153,-52.235,15.588,0.142,0.070
184.57,-52.065,15.575,-0.5154,-52.223,15.581,0.137,0.075
184.77,-52.050,15.567,-0.5157,-52.211,15.573,0.138,0.082
184.97,-52.040,15.561,-0.5157,-52.201,15.568,0.131,0.080
185.17,-52.029,15.549,-0.5012,-52.193,15.556,0.129,0.142
185.37,-52.014,15.536,-0.4857,-52.181,15.541,0.140,0.181
185.57,-52.001,15.521,-0.4622,-52.169,15.526,0.144,0.190
185.77,-51.987,15.497,-0.4211,-52.156,15.502,0.173,0.157
185.97,-51.962,15.473,-0.3876,-52.133,15.477,0.234,0.156
186.17,-51.941,15.454,-0.3590,-52.112,15.456,0.232,0.148
186.37,-51.921,15.441,-0.3410,-52.092,15.441,0.211,0.141
186.57,-51.906,15.434,-0.3318,-52.077,15.433,0.187,0.111
186.77,-51.882,15.441,-0.2928,-52.056,15.438,0.181,0.131
186.97,-51.854,15.449,-0.2554,-52.028,15.450,0.192,0.158
187.17,-51.832,15.454,-0.2271,-52.006,15.458,0.189,0.129
187.37,-51.804,15.463,-0.1965,-51.979,15.468,0.191,0.106
187.57,-51.776,15.471,-0.1699,-51.950,15.479,0.197,0.100
187.77,-51.759,15.470,-0.1670,-51.932,15.480,0.184,0.030
187.97,-51.739,15.462,-0.1546,-51.915,15.472,0.169,0.044
188.17,-51.704,15.457,-0.1545,-51.883,15.467,0.196,-0.003
188.37,-51.672,15.452,-0.1545,-51.851,15.462,0.213,-0.026
188.57,-51.636,15.446,-0.1545,-51.816,15.456,0.220,-0.033
188.77,-51.596,15.440,-0.1545,-51.776,15.450,0.230,-0.033
188.97,-51.554,15.433,-0.1546,-51.734,15.443,0.237,-0.033
189.17,-51.510,15.426,-0.1546,-51.691,15.437,0.241,-0.034
189.37,-51.465,15.419,-0.1547,-51.646,15.429,0.244,-0.035
189.57,-51.418,15.412,-0.1547,-51.599,15.422,0.245,-0.036
189.77,-51.370,15.404,-0.1548,-51.551,15.415,0.293,-0.008
189.97,-51.322,15.397,-0.1548,-51.503,15.407,0.297,-0.017
190.17,-51.272,15.389,-0.1548,-51.454,15.399,0.288,-0.014
190.37,-51.215,15.380,-0.1549,-51.398,15.390,0.298,-0.015
190.57,-51.159,15.371,-0.1549,-51.341,15.382,0.302,-0.007
190.77,-51.104,15.363,-0.1549,-51.286,15.373,0.299,-0.010
190.97,-51.046,15.354,-0.1549,-51.228,15.364,0.299,-0.012
191.17,-50.988,15.345,-0.1549,-51.170,15.355,0.302,-0.025
191.37,-50.930,15.336,-0.1549,-51.111,15.346,0.298,-0.023
191.57,-50.871,15.327,-0.1549,-51.053,15.337,0.293,-0.019
191.77,-50.813,15.318,-0.1549,-50.994,15.328,0.287,-0.020
191.97,-50.756,15.309,-0.1550,-50.937,15.318,0.343,0.001
192.17,-50.700,15.300,-0.1550,-50.880,15.309,0.329,0.001
192.37,-50.639,15.290,-0.1550,-50.820,15.300,0.315,0.002
192.57,-50.573,15.280,-0.1550,-50.755,15.289,0.324,0.003
192.77,-50.509,15.272,-0.1549,-50.691,15.280,0.325,0.002
192.97,-50.448,15.262,-0.1550,-50.629,15.271,0.319,-0.008
193.17,-50.385,15.253,-0.1550,-50.566,15.261,0.315,-0.005
193.37,-50.323,15.243,-0.1550,-50.503,15.251,0.309,-0.005
193.57,-50.261,15.234,-0.1550,-50.442,15.242,0.301,0.046
193.77,-50.201,15.224,-0.1551,-50.381,15.232,0.356,0.065
193.97,-50.142,15.215,-0.1550,-50.322,15.223,0.336,0.058
194.17,-50.082,15.206,-0.1545,-50.262,15.214,0.326,-0.005
194.37,-50.020,15.196,-0.1538,-50.202,15.204,0.319,0.012
194.57,-49.961,15.187,-0.1533,-50.144,15.195,0.309,0.017
194.77,-49.898,15.177,-0.1533,-50.082,15.185,0.311,0.003
194.97,-49.836,15.168,-0.1533,-50.019,15.176,0.317,0.004
195.17,-49.772,15.161,-0.1532,-49.956,15.168,0.314,0.003
195.37,-49.708,15.154,-0.1532,-49.891,15.161,0.310,0.002
195.57,-49.645,15.145,-0.1533,-49.828,15.153,0.306,0.002
195.77,-49.584,15.136,-0.1533,-49.766,15.144,0.349,0.014
195.97,-49.523,15.126,-0.1532,-49.705,15.134,0.341,0.017
196.17,-49.462,15.116,-0.1532,-49.644,15.124,0.323,0.020
196.37,-49.394,15.105,-0.1531,-49.578,15.113,0.329,0.015
196.57,-49.330,15.095,-0.1531,-49.513,15.102,0.328,0.017
196.77,-49.266,15.084,-0.1531,-49.449,15.092,0.321,0.019
196.97,-49.201,15.073,-0.1531,-49.384,15.081,0.312,0.136
197.17,-49.137,15.062,-0.1530,-49.319,15.070,0.320,0.167
197.37,-49.076,15.053,-0.1518,-49.257,15.060,0.293,0.155
197.57,-49.037,15.051,-0.1399,-49.215,15.057,0.211,0.204
197.77,-49.010,15.053,-0.1273,-49.187,15.060,0.148,0.213
197.97,-48.990,15.053,-0.1138,-49.167,15.062,0.104,0.209
198.17,-48.970,15.053,-0.0902,-49.148,15.060,0.096,0.237
198.37,-48.948,15.058,-0.0659,-49.126,15.065,0.101,0.196
198.57,-48.919,15.067,-0.0361,-49.097,15.074,0.133,0.208
198.77,-48.891,15.077,-0.0063,-49.068,15.084,0.151,0.208
198.97,-48.863,15.087,0.0222,-49.040,15.094,0.192,0.194
199.17,-48.828,15.103,0.0591,-49.007,15.110,0.213,0.226
199.37,-48.785,15.124,0.1025,-48.965,15.131,0.243,0.296
199.57,-48.736,15.150,0.1523,-48.917,15.157,0.267,0.331
199.77,-48.682,15.185,0.2138,-48.864,15.192,0.294,0.356
199.97,-48.626,15.226,0.2834,-48.809,15.232,0.265,0.255
200.17,-48.570,15.273,0.3564,-48.752,15.278,0.258,0.193
200.37,-48.514,15.326,0.4298,-48.696,15.330,0.280,0.230
200.57,-48.463,15.374,0.4824,-48.645,15.380,0.265,0.180
200.77,-48.415,15.425,0.5397,-48.597,15.432,0.285,0.157
200.97,-48.364,15.488,0.6023,-48.547,15.494,0.302,0.162
201.17,-48.311,15.554,0.6592,-48.495,15.562,0.339,0.283
201.37,-48.258,15.623,0.7094,-48.443,15.633,0.371,0.298
201.57,-48.209,15.701,0.7682,-48.393,15.711,0.444,0.246
201.77,-48.169,15.780,0.8433,-48.352,15.793,0.473,0.292
201.97,-48.143,15.818,0.9017,-48.323,15.837,0.360,0.274
202.17,-48.133,15.830,0.9256,-48.311,15.853,0.045,0.016
202.37,-48.128,15.839,0.9318,-48.306,15.864,0.032,-0.045
202.57,-48.123,15.845,0.9318,-48.301,15.870,0.033,-0.121
202.77,-48.119,15.851,0.9318,-48.296,15.876,0.046,-0.127
202.97,-48.109,15.859,0.9233,-48.288,15.883,0.052,-0.166
203.17,-48.088,15.873,0.9022,-48.266,15.895,0.084,-0.254
203.37,-48.059,15.890,0.8735,-48.237,15.911,0.115,-0.286
203.57,-48.020,15.910,0.8320,-48.199,15.930,0.194,-0.262
203.77,-47.979,15.928,0.7869,-48.158,15.948,0.267,-0.178
203.97,-47.936,15.944,0.7389,-48.114,15.964,0.309,-0.205
204.17,-47.893,15.961,0.6991,-48.071,15.979,0.309,-0.178
204.37,-47.850,15.978,0.6617,-48.028,15.995,0.294,-0.148
204.57,-47.801,15.996,0.6219,-47.980,16.012,0.295,-0.141
204.77,-47.743,16.016,0.5809,-47.923,16.030,0.314,-0.142
204.97,-47.679,16.036,0.5397,-47.859,16.048,0.338,-0.140
205.17,-47.618,16.056,0.5051,-47.797,16.067,0.344,-0.123
205.37,-47.557,16.077,0.4782,-47.736,16.086,0.339,-0.082
205.57,-47.497,16.101,0.4619,-47.676,16.108,0.377,-0.088
205.77,-47.434,16.132,0.4582,-47.613,16.137,0.384,-0.003
205.97,-47.369,16.164,0.4564,-47.548,16.167,0.353,0.065
206.17,-47.300,16.197,0.4574,-47.479,16.201,0.362,0.078
206.37,-47.227,16.233,0.4590,-47.406,16.237,0.373,0.100
206.57,-47.153,16.270,0.4605,-47.332,16.275,0.383,0.104
206.77,-47.075,16.309,0.4631,-47.253,16.314,0.455,0.096
206.97,-47.000,16.347,0.4662,-47.178,16.353,0.428,0.167
207.17,-46.927,16.384,0.4682,-47.105,16.390,0.393,0.150
207.37,-46.851,16.423,0.4721,-47.029,16.428,0.383,0.149
207.57,-46.779,16.462,0.4808,-46.957,16.468,0.404,0.112
207.77,-46.709,16.501,0.4881,-46.888,16.507,0.403,0.129
207.97,-46.638,16.541,0.4963,-46.818,16.548,0.389,0.144
208.17,-46.565,16.582,0.4998,-46.745,16.588,0.390,0.127
208.37,-46.499,16.617,0.5034,-46.678,16.624,0.379,0.121
208.57,-46.441,16.649,0.5067,-46.619,16.656,0.351,0.120
208.77,-46.382,16.681,0.5089,-46.561,16.688,0.353,0.054
208.97,-46.324,16.713,0.5110,-46.504,16.720,0.359,0.071
209.17,-46.269,16.744,0.5130,-46.449,16.750,0.339,0.078
209.37,-46.209,16.777,0.5133,-46.390,16.782,0.329,0.085
209.57,-46.147,16.813,0.5144,-46.329,16.817,0.336,0.084
209.77,-46.083,16.850,0.5163,-46.265,16.854,0.361,0.090
209.97,-46.014,16.890,0.5184,-46.195,16.895,0.372,0.094
210.17,-45.949,16.927,0.5200,-46.130,16.933,0.431,0.081
210.37,-45.888,16.962,0.5215,-46.069,16.968,0.409,0.094
210.57,-45.825,16.998,0.5222,-46.008,17.002,0.381,0.091
210.77,-45.760,17.034,0.5233,-45.944,17.037,0.374,0.094
210.97,-45.700,17.069,0.5244,-45.885,17.071,0.326,0.020
211.17,-45.633,17.108,0.5260,-45.819,17.109,0.365,0.049
211.37,-45.572,17.143,0.5263,-45.757,17.145,0.419,0.047
211.57,-45.513,17.177,0.5263,-45.698,17.178,0.394,0.054
211.77,-45.446,17.217,0.5264,-45.632,17.217,0.385,0.057
211.97,-45.372,17.260,0.5267,-45.560,17.259,0.400,0.059
212.17,-45.301,17.302,0.5273,-45.488,17.303,0.411,0.064
212.37,-45.229,17.344,0.5286,-45.415,17.345,0.409,0.073
212.57,-45.152,17.388,0.5306,-45.337,17.388,0.395,0.098
212.77,-45.072,17.433,0.5336,-45.256,17.433,0.405,0.109
212.97,-44.992,17.478,0.5375,-45.175,17.478,0.412,0.120
213.17,-44.909,17.525,0.5448,-45.091,17.524,0.415,0.133
213.37,-44.821,17.574,0.5565,-45.002,17.572,0.489,0.153
213.57,-44.726,17.628,0.5723,-44.907,17.624,0.496,0.183
213.77,-44.625,17.686,0.5957,-44.806,17.679,0.503,0.202
213.97,-44.516,17.750,0.6231,-44.699,17.742,0.527,0.224
214.17,-44.406,17.815,0.6657,-44.588,17.804,0.575,0.173
214.37,-44.292,17.881,0.7305,-44.473,17.868,0.591,0.248
214.57,-44.180,17.941,0.8168,-44.360,17.927,0.573,0.333
214.77,-44.070,18.034,0.8726,-44.247,18.012,0.580,0.317
214.97,-43.959,18.142,0.9398,-44.134,18.117,0.674,0.330
215.17,-43.855,18.226,1.0516,-44.028,18.202,0.638,0.420
215.37,-43.758,18.318,1.1689,-43.928,18.290,0.608,0.413
215.57,-43.674,18.428,1.2871,-43.840,18.398,0.608,0.397
215.77,-43.600,18.536,1.4175,-43.763,18.505,0.554,0.446
215.97,-43.556,18.644,1.5163,-43.712,18.614,0.501,0.372
216.17,-43.520,18.734,1.6157,-43.673,18.708,0.485,0.321
216.37,-43.495,18.812,1.7022,-43.645,18.788,0.414,0.280
216.57,-43.484,18.877,1.7792,-43.630,18.857,0.338,0.239
216.77,-43.476,18.927,1.8645,-43.623,18.907,0.245,0.314
216.97,-43.470,18.976,1.9467,-43.617,18.955,0.202,0.340
217.17,-43.474,19.021,2.0174,-43.619,18.999,0.176,0.299
217.37,-43.497,19.052,2.0638,-43.638,19.033,0.154,0.185
217.57,-43.529,19.080,2.1048,-43.670,19.060,0.150,0.119
217.77,-43.556,19.109,2.1255,-43.701,19.088,0.167,0.070
217.97,-43.574,19.132,2.1339,-43.723,19.111,0.155,0.003
218.17,-43.598,19.155,2.1516,-43.747,19.132,0.147,-0.005
218.37,-43.619,19.181,2.1552,-43.771,19.157,0.154,-0.062
218.57,-43.635,19.206,2.1552,-43.788,19.182,0.156,-0.129
218.77,-43.651,19.232,2.1548,-43.804,19.208,0.156,-0.145
218.97,-43.671,19.254,2.1387,-43.824,19.230,0.160,-0.184
219.17,-43.690,19.268,2.1165,-43.844,19.244,0.152,-0.223
219.37,-43.708,19.282,2.0957,-43.862,19.258,0.149,-0.212
219.57,-43.729,19.299,2.0684,-43.883,19.273,0.154,-0.205
219.77,-43.753,19.318,2.0359,-43.906,19.291,0.165,-0.223
219.97,-43.778,19.339,2.0002,-43.932,19.311,0.179,-0.247
220.17,-43.804,19.363,1.9636,-43.958,19.334,0.181,-0.284
220.37,-43.829,19.387,1.9258,-43.984,19.358,0.180,-0.293
220.57,-43.846,19.415,1.8829,-44.003,19.385,0.179,-0.322
220.77,-43.844,19.446,1.8476,-44.002,19.416,0.173,-0.336
220.97,-43.840,19.478,1.8103,-43.998,19.448,0.173,-0.347
221.17,-43.835,19.510,1.7709,-43.993,19.480,0.174,-0.355
221.37,-43.828,19.543,1.7304,-43.986,19.512,0.181,-0.355
221.57,-43.820,19.576,1.6896,-43.978,19.545,0.185,-0.349
221.77,-43.812,19.607,1.6517,-43.970,19.576,0.183,-0.334
221.97,-43.801,19.639,1.6106,-43.958,19.607,0.184,-0.318
222.17,-43.789,19.672,1.5690,-43.946,19.640,0.190,-0.320
222.37,-43.775,19.705,1.5280,-43.932,19.673,0.193,-0.296
222.57,-43.774,19.729,1.5103,-43.930,19.698,0.186,-0.234
222.77,-43.793,19.747,1.4174,-43.947,19.716,0.168,-0.274
222.97,-43.827,19.758,1.3262,-43.979,19.728,0.148,-0.445
223.17,-43.848,19.740,1.2828,-44.005,19.714,0.068,-0.325
223.37,-43.870,19.716,1.2449,-44.027,19.691,0.018,-0.195
223.57,-43.894,19.691,1.2050,-44.051,19.666,0.004,-0.156
223.77,-43.919,19.666,1.1671,-44.077,19.639,0.000,-0.153
223.97,-43.940,19.645,1.1385,-44.101,19.617,0.013,-0.151
224.17,-43.958,19.628,1.1166,-44.120,19.599,0.032,-0.148
224.37,-43.977,19.610,1.0923,-44.140,19.580,0.037,-0.116
224.57,-43.994,19.595,1.0721,-44.159,19.563,0.044,-0.107
224.77,-44.011,19.581,1.0531,-44.179,19.547,0.045,-0.096
224.97,-44.026,19.571,1.0384,-44.197,19.534,0.053,-0.086
225.17,-44.037,19.563,1.0264,-44.211,19.523,0.070,-0.070
225.37,-44.040,19.561,1.0164,-44.218,19.517,0.090,-0.074
225.57,-44.034,19.572,1.0112,-44.213,19.526,0.135,-0.081
225.77,-44.024,19.584,1.0061,-44.203,19.536,0.166,-0.066
225.97,-44.012,19.597,0.9985,-44.190,19.546,0.178,-0.062
226.17,-43.998,19.612,0.9939,-44.175,19.559,0.185,-0.066
226.37,-43.980,19.637,0.9902,-44.156,19.581,0.204,-0.067
226.57,-43.958,19.668,0.9871,-44.134,19.610,0.230,-0.059
226.77,-43.936,19.700,0.9836,-44.111,19.641,0.242,-0.040
226.97,-43.914,19.734,0.9824,-44.088,19.674,0.249,-0.036
227.17,-43.891,19.768,0.9822,-44.067,19.708,0.251,-0.022
227.37,-43.866,19.807,0.9822,-44.041,19.746,0.264,-0.015
227.57,-43.840,19.847,0.9822,-44.015,19.786,0.272,-0.015
227.77,-43.813,19.888,0.9822,-43.988,19.827,0.275,-0.016
227.97,-43.785,19.930,0.9821,-43.960,19.869,0.279,-0.021
228.17,-43.757,19.972,0.9821,-43.932,19.912,0.280,-0.021
228.37,-43.728,20.016,0.9821,-43.903,19.956,0.322,-0.045
228.57,-43.699,20.060,0.9822,-43.873,20.000,0.317,-0.071
228.77,-43.667,20.109,0.9822,-43.842,20.048,0.314,-0.059
228.97,-43.635,20.158,0.9820,-43.810,20.097,0.320,-0.060
229.17,-43.606,20.202,0.9817,-43.782,20.141,0.297,-0.080
229.37,-43.574,20.254,0.9815,-43.750,20.191,0.295,-0.081
229.57,-43.547,20.306,0.9816,-43.723,20.243,0.298,-0.078
229.77,-43.522,20.344,0.9810,-43.699,20.282,0.289,-0.036
229.97,-43.493,20.384,0.9810,-43.673,20.321,0.274,-0.039
230.17,-43.460,20.427,0.9812,-43.639,20.364,0.308,-0.013
230.37,-43.429,20.469,0.9813,-43.608,20.406,0.307,-0.017
230.57,-43.398,20.515,0.9813,-43.576,20.452,0.309,-0.019
230.77,-43.364,20.564,0.9814,-43.542,20.500,0.273,-0.078
230.97,-43.332,20.615,0.9814,-43.510,20.551,0.281,-0.074
231.17,-43.302,20.664,0.9815,-43.479,20.601,0.280,-0.077
231.37,-43.283,20.707,0.9822,-43.459,20.644,0.295,-0.085
231.57,-43.260,20.748,0.9816,-43.438,20.684,0.279,-0.095
231.77,-43.236,20.786,0.9815,-43.416,20.720,0.259,-0.091
231.97,-43.216,20.817,0.9816,-43.397,20.751,0.262,-0.045
232.17,-43.199,20.842,0.9819,-43.382,20.776,0.237,-0.065
232.37,-43.183,20.868,0.9822,-43.368,20.799,0.217,-0.060
232.57,-43.157,20.904,0.9826,-43.343,20.833,0.192,-0.141
232.77,-43.138,20.937,0.9822,-43.325,20.866,0.156,-0.140
232.97,-43.118,20.969,0.9821,-43.305,20.896,0.138,-0.143
233.17,-43.099,21.002,0.9861,-43.287,20.930,0.149,-0.109
233.37,-43.086,21.026,0.9906,-43.274,20.957,0.133,-0.129
233.57,-43.079,21.042,0.9889,-43.267,20.976,0.089,-0.144
233.77,-43.084,21.056,0.9545,-43.270,20.990,0.083,-0.226
233.97,-43.094,21.066,0.9143,-43.281,21.002,0.076,-0.270
234.17,-43.107,21.068,0.8835,-43.294,21.005,0.067,-0.255
234.37,-43.128,21.057,0.8549,-43.313,20.996,0.030,-0.245
234.57,-43.169,21.040,0.8061,-43.352,20.980,-0.019,-0.306
234.77,-43.219,21.021,0.7487,-43.404,20.961,-0.099,-0.318
234.97,-43.281,21.002,0.6788,-43.464,20.943,-0.113,-0.321
235.17,-43.359,20.982,0.5919,-43.541,20.923,-0.155,-0.386
235.37,-43.420,20.955,0.5183,-43.609,20.897,-0.152,-0.396
235.57,-43.451,20.942,0.4669,-43.644,20.882,-0.047,-0.337
235.77,-43.489,20.940,0.4230,-43.680,20.880,-0.005,-0.294
235.97,-43.537,20.940,0.3708,-43.726,20.880,-0.003,-0.219
236.17,-43.599,20.945,0.3065,-43.787,20.884,-0.048,-0.247
236.37,-43.673,20.954,0.2386,-43.861,20.893,-0.113,-0.269
236.57,-43.737,20.964,0.1711,-43.929,20.905,-0.137,-0.188
236.77,-43.769,20.958,0.1197,-43.967,20.901,-0.053,-0.176
236.97,-43.780,20.959,0.0761,-43.979,20.900,0.028,-0.094
237.17,-43.788,20.969,-0.0013,-43.989,20.909,0.072,-0.210
237.37,-43.778,20.976,-0.0401,-43.982,20.916,0.126,-0.092
237.57,-43.747,20.985,-0.0709,-43.954,20.927,0.162,0.010
237.77,-43.715,20.989,-0.0863,-43.921,20.935,0.183,0.015
237.97,-43.687,20.987,-0.0862,-43.892,20.933,0.178,0.094
238.17,-43.656,20.984,-0.0862,-43.861,20.931,0.167,0.116
238.37,-43.627,20.982,-0.0856,-43.831,20.928,0.155,0.134
238.57,-43.618,20.980,-0.0775,-43.820,20.927,0.104,0.166
238.77,-43.604,20.970,-0.0469,-43.807,20.917,0.088,0.263
238.97,-43.594,20.961,0.0009,-43.797,20.906,0.108,0.340
239.17,-43.596,20.949,0.0781,-43.796,20.895,0.096,0.410
239.37,-43.607,20.950,0.1675,-43.804,20.895,0.073,0.433
239.57,-43.610,20.958,0.3426,-43.808,20.902,0.086,0.621
239.77,-43.616,20.973,0.5459,-43.812,20.915,0.118,0.831
239.97,-43.636,20.986,0.7603,-43.828,20.930,0.114,0.893
240.17,-43.670,20.995,1.0463,-43.859,20.941,0.096,0.975
240.37,-43.689,20.982,1.3689,-43.885,20.930,0.064,1.015
240.57,-43.713,21.006,1.6069,-43.910,20.952,0.104,0.870
240.77,-43.748,21.042,1.8210,-43.942,20.985,0.159,0.827
240.97,-43.788,21.087,1.8963,-43.981,21.029,0.207,0.452
241.17,-43.817,21.115,1.9550,-44.013,21.059,0.167,0.132
241.37,-43.836,21.127,2.0619,-44.033,21.074,0.077,0.212
241.57,-43.853,21.143,2.1246,-44.051,21.088,0.034,0.295
241.77,-43.866,21.160,2.1330,-44.066,21.105,0.110,0.121
241.97,-43.886,21.166,2.2070,-44.085,21.111,0.082,0.226
242.17,-43.911,21.182,2.2355,-44.110,21.125,0.079,0.097
242.37,-43.923,21.205,2.2680,-44.125,21.147,0.081,0.088
242.57,-43.933,21.232,2.2939,-44.134,21.174,0.076,0.037
242.77,-43.947,21.263,2.3204,-44.147,21.207,0.081,0.053
242.97,-43.959,21.279,2.3260,-44.158,21.228,0.064,0.002
243.17,-43.970,21.292,2.3269,-44.169,21.241,0.039,-0.065
243.37,-43.981,21.306,2.3301,-44.179,21.256,0.033,-0.051
243.57,-43.988,21.313,2.3289,-44.186,21.265,0.015,-0.087
243.77,-43.993,21.319,2.3278,-44.190,21.271,-0.002,-0.113
243.97,-43.998,21.325,2.3245,-44.194,21.279,-0.007,-0.129
244.17,-44.005,21.340,2.3122,-44.199,21.294,0.004,-0.207
244.37,-44.013,21.362,2.2914,-44.206,21.317,0.025,-0.246
244.57,-44.020,21.382,2.2677,-44.213,21.340,0.033,-0.252
244.77,-44.031,21.396,2.2516,-44.223,21.355,0.032,-0.239
244.97,-44.042,21.410,2.2285,-44.233,21.372,0.030,-0.235
245.17,-44.060,21.420,2.2014,-44.250,21.382,0.027,-0.211
245.37,-44.085,21.435,2.1694,-44.275,21.396,0.041,-0.274
245.57,-44.115,21.455,2.1326,-44.305,21.414,0.069,-0.334
245.77,-44.149,21.479,2.0894,-44.338,21.437,0.154,-0.333
245.97,-44.186,21.510,2.0382,-44.375,21.466,0.174,-0.344
246.17,-44.226,21.544,1.9806,-44.415,21.499,0.198,-0.368
246.37,-44.267,21.585,1.9176,-44.457,21.538,0.222,-0.386
246.57,-44.310,21.633,1.8479,-44.501,21.584,0.243,-0.410
246.77,-44.350,21.688,1.7769,-44.542,21.637,0.260,-0.412
246.97,-44.387,21.744,1.7054,-44.579,21.692,0.267,-0.410
247.17,-44.423,21.812,1.6242,-44.617,21.757,0.273,-0.444
247.37,-44.456,21.890,1.5340,-44.652,21.833,0.287,-0.478
247.57,-44.485,21.980,1.4337,-44.683,21.920,0.308,-0.534
247.77,-44.507,22.084,1.3210,-44.708,22.021,0.355,-0.580
247.97,-44.518,22.200,1.1952,-44.723,22.135,0.421,-0.632
248.17,-44.515,22.328,1.0560,-44.724,22.261,0.483,-0.663
248.37,-44.494,22.454,0.9116,-44.708,22.389,0.498,-0.672
248.57,-44.458,22.569,0.7711,-44.675,22.507,0.472,-0.701
248.77,-44.415,22.664,0.6475,-44.633,22.607,0.430,-0.656
248.97,-44.368,22.740,0.5418,-44.585,22.688,0.430,-0.480
249.17,-44.341,22.777,0.4851,-44.554,22.730,0.319,-0.360
249.37,-44.318,22.805,0.4396,-44.529,22.760,0.296,-0.278
249.57,-44.295,22.830,0.3966,-44.506,22.785,0.260,-0.134
249.77,-44.266,22.858,0.3554,-44.479,22.813,0.253,-0.141
249.97,-44.230,22.887,0.3130,-44.444,22.842,0.252,-0.145
250.17,-44.184,22.912,0.2823,-44.402,22.869,0.234,-0.197
250.37,-44.135,22.939,0.2449,-44.355,22.898,0.259,-0.187
250.57,-44.084,22.966,0.2048,-44.305,22.927,0.282,-0.182
250.77,-44.039,22.992,0.1569,-44.260,22.955,0.284,-0.198
250.97,-43.997,23.012,0.1173,-44.218,22.977,0.263,-0.181
251.17,-43.961,23.029,0.0833,-44.182,22.995,0.240,-0.155
251.37,-43.930,23.042,0.0538,-44.150,23.009,0.216,-0.080
251.57,-43.905,23.050,0.0335,-44.125,23.019,0.195,-0.046
251.77,-43.885,23.055,0.0215,-44.106,23.026,0.216,-0.035
251.97,-43.852,23.055,0.0214,-44.075,23.026,0.192,-0.056
252.17,-43.812,23.056,0.0213,-44.037,23.026,0.178,-0.065
252.37,-43.769,23.057,0.0212,-43.994,23.027,0.264,0.008
252.57,-43.736,23.062,0.0112,-43.960,23.033,0.264,-0.031
252.77,-43.699,23.062,0.0104,-43.925,23.034,0.239,-0.026
252.97,-43.648,23.063,0.0104,-43.875,23.035,0.261,-0.005
253.17,-43.598,23.064,0.0103,-43.824,23.036,0.276,0.001
253.37,-43.551,23.064,0.0103,-43.777,23.036,0.274,0.002
253.57,-43.501,23.064,0.0104,-43.726,23.037,0.274,0.001
253.77,-43.448,23.065,0.0104,-43.673,23.037,0.279,-0.000
253.97,-43.396,23.065,0.0104,-43.620,23.037,0.281,-0.067
254.17,-43.344,23.066,0.0104,-43.568,23.037,0.275,-0.053
254.37,-43.293,23.066,0.0102,-43.516,23.038,0.269,-0.055
254.57,-43.251,23.067,0.0097,-43.474,23.038,0.243,-0.071
254.77,-43.206,23.067,0.0094,-43.430,23.039,0.227,-0.069
254.97,-43.168,23.068,0.0089,-43.391,23.040,0.212,-0.068
255.17,-43.140,23.068,0.0084,-43.362,23.041,0.187,-0.071
255.37,-43.114,23.069,0.0079,-43.336,23.041,0.211,-0.064
255.57,-43.090,23.069,0.0076,-43.314,23.042,0.195,-0.056
255.77,-43.058,23.069,0.0073,-43.282,23.042,0.204,-0.052
255.97,-43.032,23.069,0.0069,-43.256,23.043,0.200,-0.051
256.17,-43.005,23.070,0.0065,-43.230,23.043,0.197,-0.051
256.37,-42.975,23.070,0.0063,-43.201,23.043,0.201,-0.051
256.57,-42.945,23.071,0.0061,-43.171,23.044,0.203,-0.052
256.77,-42.912,23.074,0.0061,-43.138,23.046,0.208,-0.054
256.97,-42.878,23.074,0.0061,-43.104,23.047,0.212,-0.057
257.17,-42.846,23.074,0.0059,-43.071,23.047,0.210,-0.059
257.37,-42.813,23.074,0.0059,-43.038,23.048,0.206,-0.063
257.57,-42.782,23.074,0.0056,-43.008,23.049,0.200,-0.064
257.77,-42.754,23.075,0.0054,-42.980,23.050,0.191,-0.069
257.97,-42.726,23.075,0.0052,-42.952,23.052,0.185,-0.071
258.17,-42.700,23.075,0.0051,-42.926,23.053,0.179,-0.071
258.37,-42.678,23.075,0.0048,-42.904,23.055,0.169,-0.074
258.57,-42.658,23.075,0.0045,-42.883,23.057,0.158,-0.075
258.77,-42.639,23.075,0.0045,-42.866,23.058,0.151,-0.072
258.97,-42.624,23.076,0.0037,-42.852,23.059,0.140,-0.067
259.17,-42.610,23.077,0.0013,-42.839,23.060,0.132,-0.072
259.37,-42.593,23.080,-0.0075,-42.823,23.066,0.133,-0.101
259.57,-42.579,23.085,-0.0190,-42.810,23.073,0.134,-0.120
259.77,-42.567,23.091,-0.0383,-42.796,23.082,0.133,-0.145
259.97,-42.555,23.088,-0.0549,-42.784,23.082,0.131,-0.156
260.17,-42.561,23.079,-0.0796,-42.787,23.071,0.099,-0.161
260.37,-42.582,23.071,-0.1062,-42.808,23.063,0.048,-0.135
260.57,-42.609,23.061,-0.1374,-42.835,23.052,0.019,-0.144
260.77,-42.637,23.054,-0.1672,-42.864,23.043,0.008,-0.152
260.97,-42.668,23.047,-0.1986,-42.897,23.035,0.004,-0.146
261.17,-42.707,23.040,-0.2368,-42.935,23.026,-0.007,-0.152
261.37,-42.745,23.035,-0.2756,-42.976,23.019,-0.016,-0.162
261.57,-42.784,23.030,-0.3144,-43.016,23.013,-0.014,-0.158
261.77,-42.829,23.027,-0.3582,-43.062,23.008,-0.022,-0.156
261.97,-42.877,23.027,-0.4041,-43.111,23.007,-0.038,-0.167
262.17,-42.921,23.030,-0.4486,-43.158,23.007,-0.035,-0.162
262.37,-42.967,23.033,-0.4956,-43.206,23.010,-0.035,-0.160
262.57,-43.016,23.040,-0.5442,-43.257,23.015,-0.042,-0.162
262.77,-43.062,23.048,-0.5907,-43.305,23.022,-0.038,-0.150
262.97,-43.109,23.059,-0.6394,-43.355,23.031,-0.036,-0.147
263.17,-43.155,23.071,-0.6871,-43.404,23.043,-0.035,-0.141
263.37,-43.197,23.085,-0.7307,-43.449,23.056,-0.064,-0.174
263.57,-43.236,23.100,-0.7732,-43.491,23.070,-0.041,-0.141
263.77,-43.273,23.115,-0.8126,-43.530,23.084,-0.023,-0.122
263.97,-43.316,23.135,-0.8608,-43.574,23.103,-0.034,-0.132
264.17,-43.349,23.153,-0.8982,-43.612,23.122,-0.023,-0.112
264.37,-43.376,23.169,-0.9285,-43.643,23.138,-0.001,-0.079
264.57,-43.396,23.182,-0.9507,-43.666,23.151,0.019,-0.051
264.77,-43.409,23.191,-0.9651,-43.683,23.161,0.047,-0.009
264.97,-43.415,23.195,-0.9708,-43.692,23.168,0.036,0.078
265.17,-43.412,23.190,-0.9707,-43.690,23.164,0.071,0.109
265.37,-43.411,23.186,-0.9683,-43.689,23.159,0.089,0.129
265.57,-43.419,23.187,-0.9593,-43.698,23.160,0.045,0.165
265.77,-43.431,23.189,-0.9466,-43.713,23.163,0.021,0.163
265.97,-43.449,23.200,-0.9247,-43.731,23.174,0.028,0.186
266.17,-43.477,23.216,-0.8921,-43.761,23.190,-0.000,0.237
266.37,-43.512,23.234,-0.8534,-43.798,23.208,-0.023,0.277
266.57,-43.554,23.252,-0.8071,-43.840,23.227,-0.042,0.298
266.77,-43.604,23.272,-0.7513,-43.890,23.247,-0.061,0.314
266.97,-43.660,23.290,-0.6900,-43.945,23.265,-0.075,0.333
267.17,-43.716,23.304,-0.6274,-44.003,23.280,-0.077,0.333
267.37,-43.767,23.316,-0.5708,-44.057,23.292,-0.103,0.300
267.57,-43.806,23.325,-0.5263,-44.096,23.301,-0.042,0.297
267.77,-43.856,23.327,-0.4728,-44.144,23.304,-0.028,0.281
267.97,-43.920,23.331,-0.4067,-44.207,23.308,-0.072,0.336
268.17,-43.980,23.327,-0.3460,-44.268,23.305,-0.081,0.315
268.37,-44.034,23.322,-0.2874,-44.325,23.300,-0.068,0.299
268.57,-44.079,23.314,-0.2368,-44.372,23.292,-0.034,0.301
268.77,-44.102,23.310,-0.2095,-44.399,23.286,0.009,0.249
268.97,-44.103,23.311,-0.0920,-44.404,23.286,0.093,0.393
269.17,-44.091,23.321,0.0243,-44.393,23.293,0.138,0.538
269.37,-44.063,23.334,0.0627,-44.368,23.306,0.200,0.277
269.57,-44.030,23.351,0.1057,-44.337,23.323,0.222,0.228
269.77,-43.995,23.372,0.1487,-44.301,23.343,0.236,0.209
269.97,-43.963,23.392,0.1864,-44.268,23.364,0.234,0.179
270.17,-43.935,23.407,0.2355,-44.241,23.379,0.212,0.220
270.37,-43.912,23.412,0.2654,-44.218,23.383,0.191,0.169
270.57,-43.891,23.428,0.3110,-44.197,23.398,0.170,0.133
270.77,-43.865,23.445,0.3590,-44.170,23.417,0.175,0.139
270.97,-43.851,23.450,0.3734,-44.154,23.423,0.160,0.069
271.17,-43.846,23.468,0.4166,-44.148,23.440,0.133,0.102
271.37,-43.839,23.485,0.4480,-44.144,23.459,0.113,0.128
271.57,-43.822,23.495,0.4499,-44.130,23.470,0.123,0.016
271.77,-43.816,23.511,0.4829,-44.122,23.487,0.125,0.020
271.97,-43.807,23.524,0.4997,-44.116,23.503,0.113,0.065
272.17,-43.787,23.535,0.4998,-44.097,23.513,0.126,-0.036
272.37,-43.774,23.545,0.5021,-44.083,23.524,0.128,-0.070
272.57,-43.757,23.555,0.5037,-44.068,23.535,0.127,-0.060
272.77,-43.739,23.565,0.5035,-44.050,23.545,0.134,-0.078
272.97,-43.726,23.573,0.5032,-44.038,23.552,0.122,-0.075
273.17,-43.714,23.580,0.5007,-44.028,23.560,0.110,-0.090
273.37,-43.703,23.591,0.4878,-44.020,23.572,0.109,-0.136
273.57,-43.696,23.602,0.4692,-44.013,23.584,0.110,-0.187
273.77,-43.697,23.613,0.4390,-44.014,23.597,0.136,-0.200
273.97,-43.714,23.620,0.4132,-44.030,23.605,0.101,-0.217
274.17,-43.742,23.621,0.3825,-44.059,23.609,0.042,-0.188
274.37,-43.776,23.624,0.3460,-44.093,23.611,-0.014,-0.224
274.57,-43.815,23.627,0.3048,-44.134,23.615,-0.027,-0.236
274.77,-43.863,23.632,0.2559,-44.181,23.621,-0.039,-0.252
274.97,-43.925,23.642,0.1975,-44.242,23.630,-0.085,-0.259
275.17,-43.973,23.636,0.1383,-44.295,23.629,-0.080,-0.290
275.37,-44.011,23.614,0.0932,-44.333,23.608,-0.034,-0.196
275.57,-44.055,23.592,0.0421,-44.376,23.585,-0.032,-0.189
275.77,-44.100,23.572,-0.0083,-44.421,23.564,-0.038,-0.194
275.97,-44.146,23.556,-0.0576,-44.468,23.545,-0.041,-0.188
276.17,-44.183,23.543,-0.0984,-44.508,23.531,-0.018,-0.159
276.37,-44.217,23.531,-0.1349,-44.543,23.518,0.003,-0.129
276.57,-44.264,23.521,-0.1797,-44.589,23.505,-0.048,-0.177
276.77,-44.303,23.515,-0.2150,-44.631,23.497,-0.055,-0.159
276.97,-44.335,23.510,-0.2449,-44.666,23.490,-0.011,-0.111
277.17,-44.380,23.506,-0.2864,-44.710,23.484,-0.015,-0.118
277.37,-44.420,23.505,-0.3211,-44.754,23.481,-0.029,-0.128
277.57,-44.447,23.504,-0.3457,-44.785,23.478,0.003,-0.086
277.77,-44.482,23.504,-0.3774,-44.820,23.477,0.006,-0.086
277.97,-44.501,23.511,-0.3972,-44.844,23.483,0.016,-0.086
278.17,-44.511,23.519,-0.4069,-44.853,23.495,0.055,-0.042
278.37,-44.521,23.528,-0.4175,-44.862,23.507,0.068,-0.028
278.57,-44.524,23.532,-0.4225,-44.866,23.516,0.075,0.003
278.77,-44.514,23.527,-0.4225,-44.858,23.512,0.113,0.048
278.97,-44.502,23.522,-0.4225,-44.846,23.507,0.139,0.072
279.17,-44.486,23.515,-0.4225,-44.831,23.500,0.151,0.076
279.37,-44.466,23.506,-0.4219,-44.811,23.492,0.164,0.080
279.57,-44.448,23.498,-0.4193,-44.793,23.487,0.164,0.100
279.77,-44.428,23.491,-0.4160,-44.774,23.482,0.167,0.077
279.97,-44.406,23.483,-0.4110,-44.753,23.478,0.168,0.094
280.17,-44.380,23.476,-0.4002,-44.728,23.474,0.174,0.116
280.37,-44.348,23.467,-0.3888,-44.696,23.468,0.192,0.125
280.57,-44.309,23.462,-0.3646,-44.658,23.464,0.206,0.152
280.77,-44.264,23.458,-0.3343,-44.613,23.462,0.222,0.179
280.97,-44.213,23.456,-0.2981,-44.562,23.462,0.263,0.215
281.17,-44.157,23.457,-0.2544,-44.505,23.464,0.308,0.238
281.37,-44.106,23.462,-0.2123,-44.454,23.470,0.296,0.232
281.57,-44.055,23.470,-0.1673,-44.403,23.478,0.280,0.230
281.77,-44.004,23.481,-0.1209,-44.352,23.489,0.272,0.227
281.97,-43.952,23.495,-0.0738,-44.301,23.502,0.271,0.220
282.17,-43.899,23.511,-0.0249,-44.248,23.519,0.274,0.214
282.37,-43.849,23.525,0.0322,-44.197,23.536,0.273,0.218
282.57,-43.814,23.518,0.0677,-44.161,23.531,0.241,0.195
282.77,-43.774,23.508,0.1039,-44.122,23.521,0.219,0.136
282.97,-43.744,23.501,0.1325,-44.089,23.513,0.196,0.134
283.17,-43.725,23.500,0.1460,-44.069,23.510,0.164,0.086
283.37,-43.710,23.513,0.1793,-44.055,23.520,0.141,0.084
283.57,-43.698,23.531,0.2175,-44.044,23.539,0.129,0.154
283.77,-43.681,23.538,0.2287,-44.029,23.549,0.128,0.079
283.97,-43.673,23.552,0.2763,-44.020,23.561,0.119,0.133
284.17,-43.671,23.567,0.3142,-44.019,23.578,0.099,0.165
284.37,-43.658,23.576,0.3290,-44.008,23.589,0.134,0.090
284.57,-43.654,23.590,0.3916,-44.003,23.602,0.099,0.145
284.77,-43.658,23.601,0.4259,-44.007,23.615,0.067,0.143
284.97,-43.652,23.607,0.4375,-44.003,23.623,0.067,0.017
285.17,-43.651,23.618,0.5007,-44.002,23.633,0.069,0.115
285.37,-43.657,23.625,0.5216,-44.009,23.642,0.046,0.095
285.57,-43.650,23.629,0.5281,-44.003,23.646,0.056,-0.041
285.77,-43.655,23.634,0.5861,-44.006,23.651,0.037,0.150
285.97,-43.658,23.635,0.5912,-44.012,23.653,0.016,-0.045
286.17,-43.658,23.636,0.5978,-44.012,23.654,0.084,-0.012
286.37,-43.658,23.636,0.5971,-44.012,23.655,0.092,-0.073
286.57,-43.651,23.641,0.5964,-44.007,23.660,0.108,-0.099
286.77,-43.641,23.649,0.5961,-43.996,23.667,0.131,-0.089
286.97,-43.640,23.659,0.5763,-43.996,23.678,0.125,-0.160
287.17,-43.637,23.671,0.5525,-43.997,23.692,0.120,-0.215
287.37,-43.634,23.687,0.5189,-43.994,23.708,0.085,-0.281
287.57,-43.639,23.707,0.4643,-43.998,23.729,0.091,-0.317
287.77,-43.655,23.725,0.4138,-44.012,23.748,0.075,-0.363
287.97,-43.686,23.726,0.3784,-44.041,23.751,0.034,-0.171
288.17,-43.729,23.730,0.3283,-44.083,23.755,-0.014,-0.182
288.37,-43.781,23.735,0.2730,-44.135,23.761,-0.050,-0.230
288.57,-43.823,23.739,0.2335,-44.180,23.766,-0.044,-0.179
288.77,-43.874,23.748,0.1847,-44.231,23.776,-0.047,-0.187
288.97,-43.934,23.762,0.1284,-44.292,23.790,-0.085,-0.221
289.17,-43.987,23.775,0.0805,-44.348,23.805,-0.073,-0.172
289.37,-44.026,23.776,0.0439,-44.391,23.809,-0.037,-0.130
289.57,-44.057,23.762,0.0100,-44.422,23.797,0.004,-0.097
289.77,-44.090,23.750,-0.0226,-44.456,23.782,0.009,-0.099
289.97,-44.112,23.742,-0.0427,-44.481,23.772,0.030,-0.063
290.17,-44.130,23.736,-0.0599,-44.501,23.764,0.049,-0.037
290.37,-44.147,23.732,-0.0738,-44.520,23.756,0.058,-0.027
290.57,-44.150,23.731,-0.0768,-44.525,23.752,0.083,-0.002
290.77,-44.142,23.730,-0.0769,-44.519,23.751,0.122,0.044
290.97,-44.131,23.730,-0.0768,-44.508,23.750,0.146,0.065
291.17,-44.111,23.728,-0.0768,-44.490,23.749,0.166,0.067
291.37,-44.082,23.727,-0.0745,-44.462,23.748,0.190,0.078
291.57,-44.046,23.729,-0.0653,-44.426,23.753,0.216,0.124
291.77,-44.008,23.728,-0.0591,-44.387,23.756,0.233,0.135
291.97,-43.976,23.722,-0.0451,-44.355,23.749,0.226,0.126
292.17,-43.940,23.710,-0.0182,-44.321,23.737,0.223,0.163
292.37,-43.897,23.699,0.0109,-44.280,23.724,0.234,0.185
292.57,-43.848,23.687,0.0475,-44.233,23.710,0.246,0.093
292.77,-43.794,23.673,0.0937,-44.180,23.694,0.260,0.141
292.97,-43.742,23.665,0.1298,-44.127,23.682,0.263,0.157
293.17,-43.700,23.666,0.1424,-44.083,23.680,0.245,0.043
293.37,-43.674,23.664,0.1588,-44.055,23.676,0.199,0.025
293.57,-43.654,23.669,0.1696,-44.037,23.681,0.155,0.017
293.77,-43.612,23.676,0.1697,-43.998,23.688,0.227,-0.016
293.97,-43.578,23.682,0.1698,-43.962,23.694,0.237,-0.040
294.17,-43.542,23.688,0.1698,-43.927,23.700,0.234,-0.040
294.37,-43.499,23.695,0.1697,-43.884,23.707,0.247,-0.089
294.57,-43.457,23.703,0.1697,-43.841,23.715,0.248,-0.084
294.77,-43.409,23.716,0.1700,-43.793,23.727,0.254,-0.084
294.97,-43.361,23.724,0.1683,-43.745,23.735,0.267,0.005
295.17,-43.323,23.731,0.1673,-43.706,23.742,0.248,-0.024
295.37,-43.285,23.735,0.1673,-43.671,23.747,0.227,-0.023
295.57,-43.239,23.741,0.1674,-43.625,23.753,0.238,-0.012
295.77,-43.197,23.748,0.1674,-43.581,23.761,0.246,-0.013
295.97,-43.156,23.756,0.1674,-43.539,23.768,0.241,-0.013
296.17,-43.113,23.763,0.1675,-43.495,23.775,0.239,-0.020
296.37,-43.069,23.771,0.1676,-43.451,23.783,0.241,-0.019
296.57,-43.027,23.778,0.1677,-43.408,23.790,0.236,-0.020
296.77,-42.984,23.787,0.1677,-43.364,23.798,0.229,-0.026
296.97,-42.941,23.795,0.1677,-43.320,23.806,0.274,-0.047
297.17,-42.900,23.802,0.1678,-43.277,23.814,0.266,-0.034
297.37,-42.857,23.810,0.1678,-43.233,23.821,0.259,-0.030
297.57,-42.811,23.818,0.1678,-43.187,23.829,0.261,-0.034
297.77,-42.764,23.826,0.1678,-43.139,23.837,0.266,-0.033
297.97,-42.717,23.833,0.1679,-43.091,23.845,0.265,-0.033
298.17,-42.670,23.841,0.1679,-43.042,23.853,0.264,-0.034
298.37,-42.623,23.849,0.1680,-42.994,23.861,0.260,-0.036
298.57,-42.577,23.857,0.1681,-42.946,23.869,0.256,-0.037
298.77,-42.531,23.865,0.1682,-42.898,23.877,0.250,-0.039
298.97,-42.487,23.873,0.1683,-42.852,23.885,0.242,-0.040
299.17,-42.441,23.883,0.1683,-42.806,23.894,0.235,-0.043
299.37,-42.395,23.893,0.1682,-42.758,23.905,0.264,-0.040
299.57,-42.353,23.900,0.1685,-42.714,23.912,0.278,-0.055
299.77,-42.312,23.908,0.1685,-42.672,23.921,0.259,-0.047
299.97,-42.268,23.915,0.1686,-42.628,23.928,0.255,-0.046
300.17,-42.228,23.922,0.1687,-42.587,23.935,0.242,-0.046
300.37,-42.190,23.929,0.1687,-42.548,23.942,0.236,-0.048
300.57,-42.153,23.936,0.1687,-42.510,23.948,0.227,-0.049
300.77,-42.117,23.942,0.1688,-42.474,23.955,0.220,-0.049
300.97,-42.084,23.948,0.1689,-42.440,23.961,0.212,-0.049
301.17,-42.053,23.954,0.1690,-42.408,23.966,0.201,-0.050
301.37,-42.025,23.959,0.1692,-42.378,23.971,0.191,-0.050
301.57,-41.998,23.964,0.1694,-42.351,23.976,0.184,-0.051
301.77,-41.973,23.968,0.1695,-42.325,23.980,0.176,-0.051
301.97,-41.949,23.972,0.1697,-42.300,23.984,0.169,-0.052
302.17,-41.928,23.975,0.1699,-42.278,23.988,0.161,-0.056
302.37,-41.908,23.978,0.1701,-42.257,23.993,0.156,-0.061
302.57,-41.890,23.981,0.1702,-42.238,23.996,0.149,-0.064
302.77,-41.876,23.984,0.1704,-42.222,24.000,0.139,-0.064
302.97,-41.864,23.987,0.1693,-42.209,24.004,0.129,-0.068
303.17,-41.853,23.990,0.1651,-42.199,24.008,0.122,-0.078
303.37,-41.841,23.997,0.1541,-42.186,24.017,0.124,-0.108
303.57,-41.830,24.003,0.1411,-42.175,24.027,0.164,-0.139
303.77,-41.823,24.012,0.1213,-42.167,24.038,0.154,-0.156
303.97,-41.821,24.023,0.0945,-42.165,24.051,0.134,-0.167
304.17,-41.834,24.032,0.0678,-42.175,24.063,0.085,-0.148
304.37,-41.863,24.044,0.0358,-42.204,24.075,0.037,-0.153
304.57,-41.892,24.056,0.0036,-42.235,24.089,0.014,-0.163
304.77,-41.925,24.063,0.0033,-42.267,24.098,-0.028,-0.102
304.97,-41.981,24.066,0.0087,-42.322,24.102,-0.065,-0.010
305.17,-42.042,24.067,0.0136,-42.386,24.105,-0.118,-0.002
305.37,-42.064,24.068,0.0152,-42.414,24.106,-0.029,-0.009
305.57,-42.087,24.067,0.0152,-42.436,24.105,0.029,-0.025
305.77,-42.109,24.067,0.0151,-42.458,24.105,0.040,-0.031
305.97,-42.112,24.067,0.0151,-42.463,24.106,0.079,-0.033
306.17,-42.110,24.067,0.0151,-42.460,24.106,0.111,-0.034
306.37,-42.105,24.067,0.0150,-42.454,24.106,0.126,-0.033
306.57,-42.091,24.067,0.0150,-42.441,24.107,0.146,-0.035
306.77,-42.073,24.067,0.0150,-42.421,24.107,0.162,-0.035
306.97,-42.051,24.068,0.0150,-42.399,24.108,0.173,-0.037
307.17,-42.025,24.068,0.0149,-42.372,24.109,0.181,-0.039
307.37,-41.999,24.068,0.0149,-42.344,24.109,0.187,-0.040
307.57,-41.972,24.069,0.0150,-42.315,24.109,0.188,-0.047
307.77,-41.944,24.069,0.0151,-42.286,24.109,0.187,-0.049
307.97,-41.917,24.069,0.0151,-42.258,24.110,0.182,-0.051
308.17,-41.892,24.070,0.0150,-42.232,24.110,0.175,-0.052
308.37,-41.868,24.070,0.0150,-42.207,24.111,0.167,-0.052
308.57,-41.847,24.070,0.0150,-42.185,24.112,0.184,-0.028
308.77,-41.827,24.070,0.0150,-42.163,24.113,0.200,-0.061
308.97,-41.808,24.071,0.0149,-42.143,24.115,0.187,-0.055
309.17,-41.781,24.071,0.0150,-42.116,24.115,0.198,-0.037
309.37,-41.760,24.072,0.0148,-42.094,24.114,0.190,-0.029
309.57,-41.733,24.072,0.0148,-42.067,24.114,0.193,-0.025
309.77,-41.702,24.072,0.0148,-42.034,24.114,0.207,-0.032
309.97,-41.673,24.073,0.0149,-42.002,24.115,0.214,-0.039
310.17,-41.641,24.073,0.0149,-41.969,24.115,0.216,-0.041
310.37,-41.608,24.074,0.0150,-41.934,24.116,0.218,-0.043
310.57,-41.577,24.074,0.0150,-41.900,24.116,0.215,-0.043
310.77,-41.546,24.075,0.0150,-41.867,24.117,0.210,-0.047
310.97,-41.515,24.075,0.0151,-41.835,24.117,0.205,-0.047
311.17,-41.486,24.076,0.0151,-41.804,24.118,0.201,-0.048
311.37,-41.459,24.076,0.0151,-41.776,24.118,0.193,-0.048
311.57,-41.434,24.077,0.0151,-41.749,24.118,0.183,-0.046
311.77,-41.409,24.077,0.0152,-41.723,24.118,0.176,-0.044
311.97,-41.386,24.078,0.0154,-41.699,24.118,0.170,-0.041
312.17,-41.364,24.078,0.0154,-41.677,24.117,0.163,-0.038
312.37,-41.342,24.078,0.0155,-41.654,24.116,0.160,-0.038
312.57,-41.321,24.079,0.0154,-41.631,24.115,0.159,-0.038
312.77,-41.299,24.079,0.0154,-41.607,24.116,0.159,-0.046
312.97,-41.277,24.080,0.0155,-41.585,24.116,0.202,-0.045
313.17,-41.255,24.080,0.0155,-41.561,24.115,0.189,-0.029
313.37,-41.227,24.080,0.0155,-41.533,24.116,0.200,-0.033
313.57,-41.199,24.081,0.0155,-41.502,24.116,0.210,-0.037
313.77,-41.170,24.081,0.0155,-41.470,24.117,0.214,-0.039
313.97,-41.140,24.082,0.0155,-41.438,24.117,0.216,-0.039
314.17,-41.110,24.082,0.0155,-41.405,24.118,0.215,-0.041
314.37,-41.079,24.083,0.0155,-41.373,24.118,0.214,-0.044
314.57,-41.048,24.083,0.0155,-41.339,24.119,0.213,-0.045
314.77,-41.017,24.084,0.0154,-41.307,24.119,0.210,-0.043
314.97,-40.985,24.086,0.0155,-41.273,24.120,0.209,-0.038
315.17,-40.955,24.086,0.0157,-41.242,24.119,0.202,-0.036
315.37,-40.924,24.087,0.0158,-41.210,24.119,0.199,-0.036
315.57,-40.892,24.087,0.0158,-41.176,24.119,0.202,-0.043
315.77,-40.862,24.088,0.0159,-41.142,24.119,0.200,-0.049
315.97,-40.833,24.089,0.0161,-41.112,24.119,0.194,-0.050
316.17,-40.808,24.089,0.0165,-41.084,24.120,0.181,-0.047
316.37,-40.784,24.090,0.0170,-41.060,24.119,0.169,-0.042
316.57,-40.762,24.090,0.0174,-41.037,24.119,0.161,-0.040
316.77,-40.741,24.091,0.0177,-41.015,24.118,0.184,-0.019
316.97,-40.720,24.092,0.0179,-40.993,24.117,0.192,-0.036
317.17,-40.692,24.093,0.0180,-40.963,24.118,0.201,-0.034
317.37,-40.667,24.093,0.0182,-40.937,24.119,0.202,-0.035
317.57,-40.639,24.094,0.0183,-40.906,24.119,0.208,-0.039
317.77,-40.609,24.094,0.0184,-40.874,24.120,0.213,-0.037
317.97,-40.579,24.095,0.0183,-40.841,24.119,0.215,-0.037
318.17,-40.546,24.097,0.0181,-40.807,24.120,0.217,-0.038
318.37,-40.509,24.100,0.0175,-40.768,24.123,0.227,-0.047
318.57,-40.474,24.100,0.0176,-40.730,24.122,0.227,-0.047
318.77,-40.439,24.101,0.0175,-40.693,24.122,0.225,-0.048
318.97,-40.406,24.101,0.0176,-40.657,24.122,0.218,-0.045
319.17,-40.373,24.102,0.0177,-40.623,24.121,0.209,-0.046
319.37,-40.341,24.102,0.0178,-40.590,24.121,0.203,-0.047
319.57,-40.310,24.103,0.0179,-40.557,24.120,0.198,-0.046
319.77,-40.281,24.103,0.0181,-40.526,24.120,0.191,-0.043
319.97,-40.253,24.103,0.0183,-40.497,24.119,0.183,-0.040
320.17,-40.225,24.104,0.0181,-40.469,24.118,0.177,-0.036
320.37,-40.198,24.105,0.0180,-40.439,24.118,0.175,-0.053
320.57,-40.170,24.105,0.0180,-40.409,24.118,0.222,-0.053
320.77,-40.144,24.105,0.0182,-40.381,24.118,0.212,-0.041
320.97,-40.115,24.106,0.0184,-40.351,24.118,0.207,-0.037
321.17,-40.082,24.107,0.0184,-40.318,24.117,0.214,-0.036
321.37,-40.048,24.107,0.0184,-40.282,24.117,0.223,-0.038
321.57,-40.013,24.108,0.0184,-40.245,24.117,0.228,-0.043
321.77,-39.976,24.108,0.0184,-40.206,24.118,0.231,-0.044
321.97,-39.940,24.109,0.0184,-40.167,24.118,0.232,-0.046
322.17,-39.904,24.110,0.0184,-40.130,24.118,0.226,-0.047
322.37,-39.868,24.112,0.0182,-40.093,24.119,0.221,-0.047
322.57,-39.834,24.112,0.0184,-40.057,24.119,0.216,-0.048
322.77,-39.802,24.112,0.0187,-40.024,24.119,0.207,-0.049
322.97,-39.771,24.113,0.0190,-39.992,24.120,0.199,-0.048
323.17,-39.743,24.113,0.0193,-39.962,24.120,0.190,-0.048
323.37,-39.717,24.114,0.0197,-39.936,24.120,0.179,-0.049
323.57,-39.692,24.114,0.0201,-39.910,24.120,0.172,-0.048
323.77,-39.671,24.114,0.0207,-39.887,24.120,0.165,-0.046
323.97,-39.651,24.115,0.0212,-39.866,24.120,0.155,-0.042
324.17,-39.632,24.115,0.0216,-39.847,24.119,0.149,-0.039
324.37,-39.613,24.115,0.0220,-39.827,24.118,0.187,-0.040
324.57,-39.595,24.116,0.0222,-39.808,24.118,0.183,-0.043
324.77,-39.571,24.116,0.0224,-39.784,24.118,0.193,-0.032
324.97,-39.545,24.117,0.0225,-39.757,24.118,0.198,-0.036
325.17,-39.516,24.118,0.0226,-39.726,24.118,0.208,-0.040
325.37,-39.486,24.118,0.0227,-39.693,24.119,0.214,-0.043
325.57,-39.456,24.119,0.0228,-39.662,24.119,0.214,-0.044
325.77,-39.425,24.120,0.0229,-39.629,24.120,0.213,-0.044
325.97,-39.395,24.121,0.0232,-39.598,24.121,0.210,-0.045
326.17,-39.365,24.121,0.0235,-39.566,24.120,0.207,-0.046
326.37,-39.336,24.122,0.0238,-39.536,24.121,0.202,-0.046
326.57,-39.308,24.123,0.0242,-39.506,24.121,0.198,-0.046
326.77,-39.280,24.123,0.0246,-39.478,24.121,0.192,-0.045
326.97,-39.255,24.124,0.0249,-39.451,24.121,0.185,-0.044
327.17,-39.230,24.124,0.0253,-39.425,24.121,0.180,-0.046
327.37,-39.205,24.125,0.0257,-39.399,24.121,0.177,-0.049
327.57,-39.181,24.125,0.0261,-39.374,24.121,0.172,-0.049
327.77,-39.160,24.126,0.0266,-39.351,24.121,0.166,-0.051
327.97,-39.141,24.126,0.0272,-39.331,24.121,0.158,-0.053
328.17,-39.122,24.126,0.0278,-39.311,24.122,0.154,-0.055
328.37,-39.106,24.127,0.0284,-39.293,24.123,0.149,-0.057
328.57,-39.092,24.127,0.0289,-39.278,24.123,0.139,-0.054
328.77,-39.079,24.129,0.0240,-39.265,24.126,0.131,-0.069
328.97,-39.064,24.133,0.0155,-39.249,24.132,0.169,-0.086
329.17,-39.051,24.136,0.0078,-39.234,24.137,0.175,-0.111
329.37,-39.040,24.144,-0.0109,-39.222,24.147,0.156,-0.124
329.57,-39.035,24.155,-0.0410,-39.215,24.161,0.142,-0.161
329.77,-39.046,24.162,-0.0559,-39.225,24.168,0.098,-0.110
329.97,-39.063,24.171,-0.0768,-39.241,24.178,0.072,-0.094
330.17,-39.084,24.183,-0.1025,-39.263,24.192,0.046,-0.118
330.37,-39.098,24.191,-0.1185,-39.278,24.202,0.052,-0.112
330.57,-39.115,24.201,-0.1368,-39.295,24.213,0.061,-0.095
330.77,-39.138,24.214,-0.1614,-39.318,24.228,0.009,-0.138
330.97,-39.156,24.225,-0.1805,-39.338,24.241,0.026,-0.132
331.17,-39.173,24.238,-0.2008,-39.353,24.255,0.044,-0.118
331.37,-39.204,24.259,-0.2361,-39.384,24.277,0.013,-0.155
331.57,-39.228,24.277,-0.2640,-39.409,24.297,0.009,-0.156
331.77,-39.253,24.296,-0.2941,-39.434,24.318,0.015,-0.141
331.97,-39.287,24.325,-0.3358,-39.468,24.347,-0.025,-0.077
332.17,-39.318,24.352,-0.3742,-39.500,24.376,-0.030,-0.125
332.37,-39.339,24.368,-0.3924,-39.522,24.396,-0.004,-0.093
332.57,-39.363,24.390,-0.4186,-39.544,24.418,0.018,-0.064
332.77,-39.390,24.415,-0.4479,-39.572,24.446,-0.006,-0.090
332.97,-39.408,24.428,-0.4507,-39.590,24.462,0.015,-0.031
333.17,-39.431,24.442,-0.4438,-39.612,24.478,0.030,0.064
333.37,-39.458,24.458,-0.4362,-39.641,24.495,0.011,0.090
333.57,-39.462,24.459,-0.4351,-39.646,24.499,0.059,0.082
333.77,-39.476,24.461,-0.4233,-39.659,24.498,0.078,0.101
333.97,-39.497,24.462,-0.4052,-39.681,24.498,0.063,0.133
334.17,-39.511,24.462,-0.3919,-39.697,24.496,0.065,0.130
334.37,-39.532,24.462,-0.3717,-39.718,24.494,0.059,0.129
334.57,-39.554,24.482,-0.3422,-39.740,24.511,0.039,0.146
334.77,-39.576,24.501,-0.3136,-39.762,24.532,0.025,0.155
334.97,-39.601,24.522,-0.2805,-39.786,24.554,0.019,0.154
335.17,-39.633,24.548,-0.2375,-39.817,24.581,0.003,0.170
335.37,-39.668,24.574,-0.1935,-39.852,24.608,-0.011,0.183
335.57,-39.706,24.599,-0.1468,-39.889,24.635,-0.048,0.160
335.77,-39.753,24.626,-0.0937,-39.935,24.664,-0.068,0.183
335.97,-39.812,24.644,-0.0968,-39.992,24.686,-0.095,0.062
336.17,-39.896,24.661,-0.1151,-40.074,24.703,-0.179,-0.069
336.37,-39.963,24.674,-0.1257,-40.148,24.720,-0.166,-0.077
336.57,-39.995,24.678,-0.1257,-40.181,24.724,-0.041,-0.032
336.77,-40.038,24.685,-0.1244,-40.223,24.731,-0.013,-0.015
336.97,-40.074,24.689,-0.1229,-40.262,24.737,-0.020,-0.007
337.17,-40.086,24.690,-0.1227,-40.275,24.739,0.055,-0.010
337.37,-40.096,24.692,-0.1227,-40.284,24.740,0.088,-0.015
337.57,-40.101,24.692,-0.1228,-40.288,24.740,0.101,-0.017
337.77,-40.094,24.691,-0.1228,-40.281,24.739,0.129,-0.018
337.97,-40.083,24.690,-0.1228,-40.268,24.738,0.155,-0.017
338.17,-40.067,24.688,-0.1228,-40.251,24.736,0.170,-0.015
338.37,-40.046,24.686,-0.1229,-40.229,24.734,0.185,-0.016
338.57,-40.021,24.683,-0.1229,-40.202,24.731,0.197,-0.016
338.77,-39.992,24.680,-0.1230,-40.171,24.727,0.210,-0.019
338.97,-39.959,24.675,-0.1231,-40.137,24.723,0.220,-0.021
339.17,-39.924,24.671,-0.1232,-40.100,24.718,0.227,-0.023
339.37,-39.887,24.666,-0.1233,-40.061,24.713,0.231,-0.024
339.57,-39.848,24.661,-0.1234,-40.020,24.708,0.235,-0.025
339.77,-39.809,24.656,-0.1235,-39.979,24.703,0.238,-0.026
339.97,-39.768,24.651,-0.1237,-39.936,24.698,0.239,-0.027
340.17,-39.728,24.645,-0.1237,-39.893,24.693,0.235,-0.029
340.37,-39.689,24.640,-0.1237,-39.852,24.687,0.227,-0.031
340.57,-39.651,24.635,-0.1237,-39.812,24.682,0.272,-0.015
340.77,-39.616,24.631,-0.1237,-39.774,24.677,0.259,-0.016
340.97,-39.575,24.626,-0.1236,-39.732,24.671,0.252,-0.012
341.17,-39.531,24.620,-0.1236,-39.685,24.665,0.263,-0.012
341.37,-39.488,24.615,-0.1236,-39.640,24.659,0.264,-0.012
341.57,-39.444,24.609,-0.1235,-39.595,24.653,0.262,-0.014
341.77,-39.399,24.604,-0.1235,-39.547,24.647,0.263,-0.015
341.97,-39.355,24.598,-0.1234,-39.500,24.641,0.262,-0.016
342.17,-39.310,24.593,-0.1233,-39.453,24.635,0.259,-0.016
342.37,-39.266,24.587,-0.1233,-39.406,24.629,0.256,-0.016
342.57,-39.221,24.582,-0.1232,-39.360,24.623,0.252,-0.017
342.77,-39.176,24.578,-0.1234,-39.313,24.618,0.249,-0.017
342.97,-39.131,24.573,-0.1234,-39.265,24.613,0.247,-0.019
343.17,-39.087,24.567,-0.1233,-39.219,24.607,0.293,-0.008
343.37,-39.045,24.561,-0.1231,-39.175,24.601,0.282,-0.006
343.57,-39.001,24.556,-0.1229,-39.129,24.595,0.268,-0.003
343.77,-38.952,24.550,-0.1228,-39.078,24.589,0.283,-0.003
343.97,-38.905,24.545,-0.1226,-39.029,24.583,0.278,-0.003
344.17,-38.857,24.539,-0.1225,-38.978,24.578,0.276,-0.004
344.37,-38.809,24.533,-0.1223,-38.927,24.572,0.274,-0.004
344.57,-38.762,24.528,-0.1222,-38.877,24.566,0.271,-0.005
344.77,-38.715,24.522,-0.1220,-38.827,24.560,0.266,-0.005
344.97,-38.668,24.517,-0.1218,-38.778,24.554,0.261,-0.006
345.17,-38.622,24.511,-0.1217,-38.730,24.548,0.256,-0.006
345.37,-38.578,24.505,-0.1216,-38.682,24.542,0.250,-0.006
345.57,-38.534,24.500,-0.1215,-38.635,24.537,0.296,-0.001
345.77,-38.492,24.495,-0.1213,-38.589,24.531,0.285,0.004
345.97,-38.446,24.489,-0.1212,-38.542,24.525,0.272,0.007
346.17,-38.395,24.483,-0.1210,-38.489,24.518,0.280,0.007
346.37,-38.348,24.476,-0.1209,-38.438,24.512,0.280,0.007
346.57,-38.302,24.470,-0.1208,-38.389,24.505,0.274,0.007
346.77,-38.253,24.464,-0.1207,-38.338,24.498,0.272,0.007
346.97,-38.206,24.459,-0.1207,-38.287,24.492,0.270,0.007
347.17,-38.159,24.453,-0.1208,-38.238,24.486,0.265,0.008
347.37,-38.113,24.448,-0.1208,-38.189,24.481,0.259,0.008
347.57,-38.068,24.442,-0.1209,-38.140,24.475,0.254,0.008
347.77,-38.023,24.437,-0.1210,-38.093,24.469,0.248,0.008
347.97,-37.980,24.432,-0.1210,-38.046,24.464,0.296,0.006
348.17,-37.937,24.427,-0.1211,-38.001,24.458,0.282,0.014
348.37,-37.889,24.421,-0.1212,-37.951,24.452,0.273,0.017
348.57,-37.838,24.415,-0.1213,-37.898,24.446,0.284,0.018
348.77,-37.790,24.410,-0.1215,-37.847,24.440,0.282,0.018
348.97,-37.741,24.404,-0.1216,-37.796,24.434,0.277,0.019
349.17,-37.692,24.398,-0.1218,-37.744,24.427,0.276,0.018
349.37,-37.644,24.392,-0.1219,-37.693,24.421,0.271,0.017
349.57,-37.596,24.386,-0.1220,-37.643,24.415,0.266,0.018
349.77,-37.550,24.381,-0.1221,-37.593,24.409,0.260,0.019
349.97,-37.505,24.375,-0.1222,-37.545,24.403,0.254,0.020
350.17,-37.460,24.369,-0.1223,-37.498,24.397,0.268,0.018
350.37,-37.417,24.364,-0.1223,-37.452,24.392,0.294,0.012
350.57,-37.375,24.359,-0.1223,-37.407,24.386,0.278,0.023
350.77,-37.328,24.353,-0.1224,-37.358,24.380,0.269,0.025
350.97,-37.277,24.347,-0.1225,-37.305,24.374,0.279,0.026
351.17,-37.231,24.341,-0.1225,-37.255,24.368,0.277,0.027
351.37,-37.185,24.335,-0.1225,-37.206,24.362,0.269,0.027
351.57,-37.138,24.330,-0.1225,-37.157,24.356,0.266,0.028
351.77,-37.092,24.325,-0.1224,-37.108,24.351,0.263,0.028
351.97,-37.046,24.319,-0.1224,-37.059,24.345,0.258,0.029
352.17,-37.001,24.313,-0.1223,-37.011,24.339,0.254,0.031
352.37,-36.956,24.308,-0.1222,-36.964,24.334,0.248,0.031
352.57,-36.913,24.302,-0.1221,-36.918,24.329,0.242,0.032
352.77,-36.871,24.297,-0.1221,-36.873,24.323,0.288,0.017
352.97,-36.830,24.292,-0.1220,-36.829,24.318,0.273,0.030
353.17,-36.784,24.286,-0.1220,-36.782,24.312,0.264,0.033
353.37,-36.735,24.280,-0.1220,-36.731,24.306,0.290,-0.050
353.57,-36.693,24.274,-0.1230,-36.687,24.299,0.271,-0.052
353.77,-36.647,24.268,-0.1235,-36.641,24.292,0.261,-0.051
353.97,-36.602,24.262,-0.1242,-36.595,24.286,0.258,-0.051
354.17,-36.561,24.256,-0.1249,-36.553,24.279,0.246,-0.051
354.37,-36.522,24.251,-0.1256,-36.513,24.274,0.235,-0.051
354.57,-36.484,24.246,-0.1263,-36.474,24.268,0.225,-0.051
354.77,-36.447,24.241,-0.1269,-36.437,24.263,0.219,-0.050
354.97,-36.413,24.236,-0.1276,-36.402,24.258,0.208,-0.051
355.17,-36.381,24.231,-0.1283,-36.369,24.252,0.201,-0.051
355.37,-36.351,24.227,-0.1290,-36.338,24.248,0.192,-0.053
355.57,-36.323,24.223,-0.1298,-36.309,24.244,0.224,-0.026
355.77,-36.297,24.219,-0.1305,-36.283,24.240,0.219,-0.037
355.97,-36.269,24.215,-0.1309,-36.255,24.236,0.207,-0.024
356.17,-36.232,24.210,-0.1311,-36.217,24.231,0.228,-0.025
356.37,-36.195,24.205,-0.1312,-36.179,24.227,0.237,-0.026
356.57,-36.157,24.200,-0.1314,-36.139,24.222,0.242,-0.026
356.77,-36.115,24.194,-0.1317,-36.096,24.217,0.250,-0.028
356.97,-36.072,24.187,-0.1322,-36.051,24.210,0.257,-0.029
357.17,-36.028,24.181,-0.1324,-36.005,24.205,0.259,-0.031
357.37,-35.983,24.175,-0.1326,-35.958,24.199,0.258,-0.032
357.57,-35.937,24.168,-0.1328,-35.911,24.193,0.258,-0.034
357.77,-35.892,24.164,-0.1327,-35.864,24.189,0.254,-0.036
357.97,-35.845,24.157,-0.1329,-35.815,24.183,0.253,-0.039
358.17,-35.798,24.150,-0.1332,-35.767,24.175,0.251,-0.041
358.37,-35.752,24.143,-0.1334,-35.719,24.168,0.276,-0.009
358.57,-35.706,24.135,-0.1339,-35.672,24.160,0.297,-0.026
358.77,-35.662,24.126,-0.1344,-35.626,24.151,0.279,-0.022
358.97,-35.613,24.120,-0.1344,-35.577,24.145,0.275,-0.025
359.17,-35.560,24.114,-0.1344,-35.523,24.140,0.284,-0.023
359.37,-35.508,24.107,-0.1347,-35.469,24.132,0.288,-0.020
359.57,-35.456,24.100,-0.1349,-35.416,24.125,0.285,-0.021
359.77,-35.402,24.091,-0.1352,-35.362,24.118,0.285,-0.022
359.97,-35.349,24.084,-0.1354,-35.306,24.110,0.286,-0.023
360.17,-35.296,24.078,-0.1353,-35.252,24.103,0.279,-0.024
360.37,-35.245,24.073,-0.1352,-35.200,24.099,0.268,-0.026
360.57,-35.190,24.064,-0.1354,-35.144,24.090,0.299,-0.002
360.77,-35.139,24.057,-0.1355,-35.091,24.084,0.321,-0.014
360.97,-35.088,24.049,-0.1355,-35.039,24.076,0.306,-0.010
361.17,-35.029,24.039,-0.1358,-34.982,24.067,0.301,-0.009
361.37,-34.967,24.029,-0.1361,-34.919,24.056,0.314,-0.009
361.57,-34.909,24.022,-0.1362,-34.860,24.048,0.313,-0.010
361.77,-34.850,24.014,-0.1363,-34.800,24.040,0.308,-0.011
361.97,-34.790,24.005,-0.1363,-34.739,24.032,0.306,-0.012
362.17,-34.730,23.996,-0.1365,-34.678,24.024,0.303,-0.013
362.37,-34.670,23.986,-0.1366,-34.618,24.013,0.298,-0.013
362.57,-34.614,23.981,-0.1364,-34.560,24.007,0.316,0.006
362.77,-34.555,23.972,-0.1365,-34.501,23.999,0.339,-0.001
362.97,-34.496,23.963,-0.1366,-34.443,23.990,0.323,0.001
363.17,-34.433,23.953,-0.1366,-34.380,23.981,0.320,0.002
363.37,-34.367,23.943,-0.1367,-34.314,23.970,0.329,0.002
363.57,-34.303,23.931,-0.1368,-34.249,23.959,0.328,0.002
363.77,-34.238,23.921,-0.1367,-34.184,23.949,0.324,0.003
363.97,-34.175,23.913,-0.1367,-34.120,23.941,0.316,0.002
364.17,-34.111,23.904,-0.1367,-34.056,23.932,0.310,0.002
364.37,-34.048,23.895,-0.1366,-33.993,23.923,0.303,0.002
364.57,-33.987,23.887,-0.1366,-33.931,23.915,0.356,0.007
364.77,-33.928,23.879,-0.1366,-33.870,23.906,0.336,0.013
364.97,-33.863,23.870,-0.1367,-33.807,23.898,0.325,0.015
365.17,-33.795,23.860,-0.1367,-33.738,23.888,0.331,0.017
365.37,-33.730,23.851,-0.1367,-33.672,23.879,0.331,0.017
365.57,-33.666,23.842,-0.1367,-33.608,23.870,0.323,0.018
365.77,-33.602,23.833,-0.1367,-33.543,23.861,0.317,0.018
365.97,-33.539,23.823,-0.1367,-33.480,23.852,0.308,0.019
366.17,-33.477,23.815,-0.1367,-33.417,23.843,0.301,0.020
366.37,-33.417,23.807,-0.1367,-33.356,23.835,0.349,0.015
366.57,-33.359,23.799,-0.1367,-33.297,23.827,0.334,0.024
366.77,-33.298,23.790,-0.1367,-33.236,23.818,0.318,0.027
366.97,-33.232,23.783,-0.1366,-33.170,23.811,0.323,0.029
367.17,-33.168,23.774,-0.1365,-33.106,23.802,0.322,0.030
367.37,-33.107,23.766,-0.1364,-33.043,23.794,0.317,0.029
367.57,-33.045,23.757,-0.1364,-32.981,23.785,0.312,0.031
367.77,-32.983,23.748,-0.1363,-32.919,23.777,0.305,0.034
367.97,-32.923,23.740,-0.1362,-32.857,23.768,0.298,0.035
368.17,-32.862,23.731,-0.1362,-32.797,23.759,0.322,0.020
368.37,-32.804,23.723,-0.1361,-32.737,23.751,0.341,0.030
368.57,-32.746,23.714,-0.1360,-32.679,23.743,0.319,0.036
368.77,-32.681,23.705,-0.1360,-32.615,23.734,0.318,0.040
368.97,-32.616,23.696,-0.1358,-32.549,23.725,0.335,-0.055
369.17,-32.554,23.688,-0.1357,-32.487,23.716,0.333,-0.069
369.37,-32.494,23.680,-0.1355,-32.426,23.709,0.318,-0.053
369.57,-32.429,23.671,-0.1366,-32.362,23.700,0.308,-0.057
369.77,-32.359,23.661,-0.1377,-32.292,23.690,0.317,-0.069
369.97,-32.292,23.651,-0.1383,-32.224,23.679,0.316,-0.071
370.17,-32.223,23.641,-0.1398,-32.154,23.668,0.378,-0.047
370.37,-32.149,23.630,-0.1422,-32.079,23.656,0.377,-0.054
370.57,-32.075,23.619,-0.1426,-32.005,23.644,0.373,-0.048
370.77,-31.997,23.608,-0.1431,-31.927,23.632,0.372,-0.044
370.97,-31.919,23.597,-0.1435,-31.848,23.621,0.371,-0.046
371.17,-31.844,23.587,-0.1436,-31.772,23.610,0.361,-0.045
371.37,-31.770,23.577,-0.1436,-31.698,23.600,0.345,-0.045
371.57,-31.699,23.567,-0.1436,-31.626,23.590,0.376,-0.013
371.77,-31.628,23.558,-0.1435,-31.556,23.581,0.383,-0.024
371.97,-31.559,23.548,-0.1434,-31.487,23.571,0.361,-0.022
372.17,-31.485,23.536,-0.1433,-31.414,23.560,0.358,-0.021
372.37,-31.412,23.525,-0.1432,-31.340,23.548,0.358,-0.022
372.57,-31.343,23.514,-0.1432,-31.270,23.538,0.349,-0.024
372.77,-31.274,23.504,-0.1432,-31.201,23.527,0.337,-0.025
372.97,-31.206,23.494,-0.1432,-31.133,23.516,0.329,-0.026
373.17,-31.138,23.485,-0.1432,-31.064,23.508,0.319,-0.029
373.37,-31.072,23.477,-0.1431,-30.997,23.499,0.374,-0.010
373.57,-31.007,23.469,-0.1431,-30.932,23.491,0.358,-0.012
373.77,-30.939,23.458,-0.1430,-30.865,23.481,0.342,-0.010
373.97,-30.869,23.448,-0.1430,-30.795,23.470,0.343,-0.010
374.17,-30.801,23.439,-0.1430,-30.726,23.460,0.341,-0.010
374.37,-30.733,23.430,-0.1429,-30.658,23.451,0.334,-0.011
374.57,-30.666,23.420,-0.1429,-30.591,23.441,0.327,-0.011
374.77,-30.600,23.410,-0.1429,-30.524,23.431,0.320,-0.012
374.97,-30.535,23.400,-0.1428,-30.459,23.421,0.340,0.007
375.17,-30.469,23.393,-0.1429,-30.393,23.413,0.367,-0.001
375.37,-30.401,23.389,-0.1432,-30.326,23.408,0.351,0.000
375.57,-30.332,23.378,-0.1432,-30.257,23.400,0.343,0.001
375.77,-30.260,23.368,-0.1433,-30.185,23.389,0.345,0.002
375.97,-30.191,23.358,-0.1433,-30.116,23.379,0.342,0.002
376.17,-30.123,23.348,-0.1433,-30.048,23.369,0.333,0.002
376.37,-30.055,23.338,-0.1434,-29.980,23.359,0.326,0.002
376.57,-29.988,23.328,-0.1434,-29.913,23.349,0.319,0.001
376.77,-29.923,23.319,-0.1433,-29.847,23.339,0.369,0.009
376.97,-29.859,23.309,-0.1433,-29.783,23.330,0.354,0.013
377.17,-29.793,23.299,-0.1433,-29.718,23.320,0.337,0.015
377.37,-29.720,23.288,-0.1433,-29.646,23.309,0.341,0.017
377.57,-29.649,23.277,-0.1433,-29.575,23.299,0.345,0.017
377.77,-29.581,23.268,-0.1433,-29.506,23.289,0.338,0.017
377.97,-29.512,23.257,-0.1433,-29.437,23.278,0.332,0.019
378.17,-29.443,23.248,-0.1434,-29.369,23.269,0.325,0.019
378.37,-29.376,23.238,-0.1434,-29.302,23.259,0.316,0.019
378.57,-29.311,23.229,-0.1435,-29.236,23.250,0.369,0.018
378.77,-29.247,23.220,-0.1434,-29.172,23.240,0.350,0.025
378.97,-29.180,23.211,-0.1434,-29.106,23.232,0.333,0.028
379.17,-29.110,23.201,-0.1434,-29.036,23.222,0.338,0.031
379.37,-29.042,23.191,-0.1435,-28.968,23.211,0.335,0.033
379.57,-28.977,23.180,-0.1435,-28.902,23.201,0.326,0.034
379.77,-28.910,23.170,-0.1436,-28.835,23.191,0.320,0.035
379.97,-28.844,23.160,-0.1436,-28.769,23.181,0.314,0.036
380.17,-28.780,23.151,-0.1436,-28.705,23.172,0.327,0.027
380.37,-28.717,23.142,-0.1436,-28.642,23.163,0.357,0.029
380.57,-28.656,23.133,-0.1436,-28.580,23.154,0.338,0.037
380.77,-28.590,23.124,-0.1436,-28.515,23.145,0.328,0.041
380.97,-28.522,23.114,-0.1435,-28.447,23.135,0.350,-0.081
381.17,-28.457,23.104,-0.1435,-28.381,23.126,0.340,-0.053
381.37,-28.391,23.094,-0.1443,-28.316,23.116,0.327,-0.053
381.57,-28.319,23.084,-0.1459,-28.244,23.106,0.337,-0.065
381.77,-28.247,23.072,-0.1472,-28.171,23.095,0.338,-0.070
381.97,-28.178,23.062,-0.1489,-28.101,23.085,0.372,-0.034
382.17,-28.107,23.053,-0.1514,-28.030,23.076,0.383,-0.052
382.37,-28.032,23.043,-0.1549,-27.954,23.068,0.375,-0.057
382.57,-27.955,23.031,-0.1553,-27.877,23.056,0.375,-0.044
382.77,-27.878,23.019,-0.1563,-27.799,23.045,0.375,-0.046
382.97,-27.799,23.007,-0.1574,-27.719,23.034,0.374,-0.050
383.17,-27.723,22.994,-0.1576,-27.642,23.021,0.366,-0.048
383.37,-27.647,22.982,-0.1582,-27.566,23.010,0.352,-0.049
383.57,-27.571,22.971,-0.1590,-27.489,22.999,0.408,-0.026
383.77,-27.498,22.959,-0.1596,-27.414,22.988,0.398,-0.032
383.97,-27.424,22.947,-0.1601,-27.340,22.977,0.376,-0.028
384.17,-27.344,22.934,-0.1602,-27.260,22.964,0.376,-0.021
384.37,-27.266,22.922,-0.1603,-27.183,22.952,0.372,-0.020
384.57,-27.192,22.910,-0.1604,-27.108,22.940,0.363,-0.021
384.77,-27.116,22.897,-0.1605,-27.033,22.927,0.352,-0.023
384.97,-27.041,22.885,-0.1606,-26.958,22.915,0.343,-0.025
385.17,-26.970,22.873,-0.1606,-26.886,22.903,0.399,-0.004
385.37,-26.900,22.862,-0.1607,-26.816,22.892,0.377,-0.006
385.57,-26.828,22.850,-0.1607,-26.745,22.880,0.358,-0.005
385.77,-26.751,22.836,-0.1608,-26.668,22.867,0.362,-0.005
385.97,-26.677,22.826,-0.1608,-26.594,22.856,0.360,-0.004
386.17,-26.607,22.814,-0.1609,-26.523,22.844,0.347,-0.006
386.37,-26.539,22.802,-0.1609,-26.454,22.831,0.334,-0.006
386.57,-26.471,22.792,-0.1609,-26.386,22.821,0.323,-0.007
386.77,-26.404,22.782,-0.1609,-26.319,22.811,0.376,0.006
386.97,-26.339,22.772,-0.1609,-26.254,22.800,0.358,0.008
387.17,-26.272,22.760,-0.1609,-26.187,22.789,0.341,0.010
387.37,-26.199,22.748,-0.1609,-26.115,22.777,0.344,0.010
387.57,-26.128,22.740,-0.1610,-26.043,22.768,0.347,0.011
387.77,-26.062,22.729,-0.1610,-25.977,22.757,0.333,0.011
387.97,-25.996,22.718,-0.1609,-25.911,22.746,0.323,0.012
388.17,-25.930,22.707,-0.1609,-25.845,22.736,0.316,0.012
388.37,-25.867,22.697,-0.1608,-25.781,22.725,0.307,0.012
388.57,-25.806,22.687,-0.1608,-25.720,22.715,0.356,0.015
388.77,-25.746,22.677,-0.1608,-25.659,22.705,0.335,0.022
388.97,-25.681,22.666,-0.1607,-25.596,22.695,0.322,0.024
389.17,-25.612,22.655,-0.1607,-25.527,22.684,0.330,0.026
389.37,-25.546,22.645,-0.1606,-25.461,22.673,0.332,0.027
389.57,-25.480,22.634,-0.1606,-25.395,22.662,0.325,0.028
389.77,-25.414,22.623,-0.1605,-25.329,22.651,0.320,0.029
389.97,-25.349,22.612,-0.1605,-25.264,22.641,0.316,0.030
390.17,-25.285,22.602,-0.1605,-25.200,22.631,0.306,0.030
390.37,-25.224,22.593,-0.1604,-25.139,22.621,0.356,0.023
390.57,-25.163,22.583,-0.1603,-25.077,22.611,0.337,0.034
390.77,-25.099,22.572,-0.1603,-25.014,22.601,0.325,0.037
390.97,-25.030,22.561,-0.1603,-24.945,22.590,0.330,0.040
391.17,-24.964,22.550,-0.1602,-24.879,22.579,0.329,0.044
391.37,-24.899,22.540,-0.1602,-24.814,22.568,0.322,0.043
391.57,-24.832,22.529,-0.1600,-24.747,22.557,0.318,0.046
391.77,-24.766,22.518,-0.1599,-24.681,22.546,0.331,-0.091
391.97,-24.701,22.509,-0.1599,-24.616,22.536,0.319,-0.068
392.17,-24.634,22.501,-0.1602,-24.550,22.528,0.367,-0.026
392.37,-24.568,22.490,-0.1615,-24.483,22.518,0.359,-0.041
392.57,-24.502,22.479,-0.1618,-24.418,22.507,0.344,-0.041
392.77,-24.429,22.468,-0.1619,-24.346,22.495,0.349,-0.036
392.97,-24.359,22.456,-0.1620,-24.276,22.484,0.349,-0.036
393.17,-24.290,22.445,-0.1621,-24.207,22.472,0.341,-0.039
393.37,-24.214,22.437,-0.1627,-24.132,22.464,0.342,-0.044
393.57,-24.145,22.424,-0.1627,-24.063,22.451,0.331,-0.044
393.77,-24.075,22.413,-0.1628,-23.993,22.440,0.366,-0.011
393.97,-24.002,22.402,-0.1631,-23.922,22.430,0.371,-0.023
394.17,-23.925,22.389,-0.1632,-23.846,22.417,0.373,-0.022
394.37,-23.847,22.376,-0.1634,-23.768,22.405,0.376,-0.021
394.57,-23.769,22.363,-0.1636,-23.691,22.393,0.373,-0.024
394.77,-23.690,22.351,-0.1638,-23.613,22.380,0.370,-0.026
394.97,-23.611,22.338,-0.1640,-23.535,22.367,0.365,-0.027
395.17,-23.532,22.325,-0.1642,-23.457,22.354,0.356,-0.029
395.37,-23.454,22.313,-0.1644,-23.379,22.342,0.416,-0.009
395.57,-23.377,22.300,-0.1646,-23.303,22.330,0.395,-0.009
395.77,-23.296,22.287,-0.1648,-23.224,22.317,0.383,-0.008
395.97,-23.211,22.273,-0.1650,-23.140,22.304,0.389,-0.009
396.17,-23.129,22.261,-0.1654,-23.058,22.291,0.385,-0.009
396.37,-23.046,22.248,-0.1659,-22.977,22.278,0.378,-0.011
396.57,-22.965,22.234,-0.1661,-22.896,22.265,0.368,-0.012
396.77,-22.884,22.221,-0.1665,-22.816,22.252,0.407,0.007
396.97,-22.805,22.208,-0.1667,-22.737,22.240,0.417,0.005
397.17,-22.727,22.195,-0.1668,-22.660,22.227,0.389,0.006
397.37,-22.640,22.180,-0.1668,-22.576,22.213,0.386,0.007
397.57,-22.554,22.168,-0.1674,-22.490,22.201,0.392,0.001
397.77,-22.472,22.154,-0.1677,-22.409,22.188,0.382,0.003
397.97,-22.391,22.141,-0.1679,-22.328,22.175,0.375,-0.045
398.17,-22.311,22.128,-0.1682,-22.248,22.162,0.362,-0.039
398.37,-22.227,22.114,-0.1684,-22.166,22.149,0.404,-0.042
398.57,-22.143,22.101,-0.1686,-22.082,22.136,0.360,-0.154
398.77,-22.061,22.087,-0.1687,-22.001,22.123,0.361,-0.088
398.97,-21.971,22.073,-0.1719,-21.912,22.109,0.398,-0.134
399.17,-21.872,22.054,-0.1756,-21.815,22.091,0.409,-0.121
399.37,-21.763,22.034,-0.1781,-21.706,22.070,0.447,-0.127
399.57,-21.640,22.009,-0.1822,-21.583,22.045,0.494,-0.134
399.77,-21.513,21.984,-0.1851,-21.455,22.019,0.525,-0.162
399.97,-21.379,21.958,-0.1898,-21.320,21.992,0.574,-0.144
400.17,-21.234,21.936,-0.2114,-21.175,21.971,0.618,-0.240
400.37,-21.078,21.909,-0.2328,-21.019,21.946,0.653,-0.270
400.57,-20.904,21.875,-0.2621,-20.846,21.914,0.702,-0.284
400.77,-20.704,21.847,-0.3357,-20.647,21.886,0.793,-0.385
400.97,-20.506,21.801,-0.4277,-20.447,21.848,0.847,-0.509
401.17,-20.288,21.740,-0.5555,-20.231,21.790,0.868,-0.582
401.37,-20.031,21.663,-0.8031,-19.976,21.725,0.894,-0.858
401.57,-19.839,21.481,-0.8725,-19.767,21.553,0.914,-0.701
401.77,-19.616,21.312,-1.1107,-19.543,21.397,0.911,-0.996
401.97,-19.448,21.034,-1.2609,-19.359,21.126,0.921,-0.862
402.17,-19.308,20.765,-1.4418,-19.216,20.855,0.920,-0.707
402.37,-19.143,20.520,-1.6937,-19.053,20.614,0.907,-0.980
402.57,-19.139,20.251,-1.6980,-19.020,20.338,0.907,-0.561
402.77,-19.125,20.026,-1.6433,-19.005,20.105,0.870,-0.006
402.97,-19.086,19.837,-1.5728,-18.969,19.908,0.777,0.182
403.17,-19.078,19.661,-1.5752,-18.954,19.730,0.680,-0.035
403.37,-19.076,19.518,-1.5730,-18.951,19.580,0.567,-0.114
403.57,-19.075,19.402,-1.5715,-18.949,19.465,0.416,-0.109
403.77,-19.073,19.279,-1.5746,-18.946,19.340,0.401,-0.121
403.97,-19.072,19.192,-1.5762,-18.943,19.249,0.320,-0.135
404.17,-19.069,19.133,-1.5817,-18.938,19.187,0.205,-0.135
404.37,-19.053,19.081,-1.6230,-18.923,19.137,0.111,-0.254
404.57,-19.028,19.039,-1.6951,-18.895,19.094,0.072,-0.383
404.77,-19.002,19.018,-1.7681,-18.866,19.069,0.014,-0.427
404.97,-18.970,19.014,-1.8589,-18.832,19.061,-0.047,-0.438
405.17,-18.930,19.032,-1.9469,-18.791,19.072,-0.109,-0.451
405.37,-18.853,19.093,-2.0631,-18.723,19.128,-0.238,-0.497
405.57,-18.731,19.171,-2.2204,-18.607,19.207,-0.256,-0.735
405.77,-18.582,19.242,-2.3823,-18.463,19.283,-0.253,-0.789
405.97,-18.394,19.293,-2.5743,-18.280,19.343,-0.255,-0.861
406.17,-18.176,19.314,-2.7763,-18.066,19.374,-0.254,-0.938
406.37,-17.930,19.291,-2.9954,-17.824,19.367,-0.252,-0.979
406.57,-17.692,19.247,3.0253,-17.584,19.331,-0.250,-1.007
406.77,-17.468,19.253,2.7552,-17.374,19.333,-0.260,-1.012
406.97,-17.259,19.214,2.5635,-17.163,19.302,-0.261,-0.949
407.17,-17.032,19.100,2.3986,-16.939,19.189,-0.250,-0.681
407.37,-16.810,18.990,2.1929,-16.711,19.093,-0.252,-0.864
407.57,-16.622,18.834,1.9178,-16.516,18.943,-0.251,-0.951
407.77,-16.480,18.653,1.6610,-16.363,18.766,-0.256,-0.994
407.97,-16.387,18.446,1.3909,-16.258,18.562,-0.259,-0.980
408.17,-16.328,18.249,1.1801,-16.194,18.362,-0.260,-0.989
408.37,-16.339,18.049,1.0943,-16.198,18.156,-0.268,-0.579
408.57,-16.400,17.851,1.1171,-16.254,17.956,-0.265,-0.225
408.77,-16.461,17.648,1.1773,-16.314,17.753,-0.259,0.099
408.97,-16.512,17.462,1.2158,-16.368,17.562,-0.263,0.132
409.17,-16.543,17.368,1.2223,-16.402,17.448,-0.238,0.025
409.37,-16.558,17.339,1.2314,-16.421,17.409,-0.134,-0.041
409.57,-16.569,17.309,1.2314,-16.432,17.380,-0.048,-0.054
409.77,-16.576,17.288,1.2313,-16.439,17.357,-0.037,-0.096
409.97,-16.580,17.278,1.2310,-16.443,17.346,-0.011,-0.099
410.17,-16.582,17.268,1.2258,-16.445,17.336,0.004,-0.125
410.37,-16.582,17.252,1.2132,-16.446,17.319,-0.006,-0.138
410.57,-16.583,17.236,1.2015,-16.446,17.301,-0.012,-0.160
410.77,-16.584,17.232,1.1629,-16.446,17.295,0.030,-0.259
410.97,-16.583,17.229,1.1086,-16.446,17.292,0.046,-0.320
411.17,-16.582,17.226,1.0319,-16.445,17.288,0.059,-0.390
411.37,-16.582,17.225,0.9017,-16.445,17.288,0.069,-0.575
411.57,-16.572,17.229,0.7480,-16.437,17.291,0.102,-0.677
411.77,-16.554,17.232,0.5520,-16.421,17.294,0.136,-0.761
411.97,-16.524,17.238,0.3087,-16.395,17.300,0.220,-0.959
412.17,-16.478,17.228,0.0793,-16.351,17.295,0.279,-0.965
412.37,-16.390,17.190,-0.0315,-16.266,17.262,0.372,-0.568
412.57,-16.305,17.142,-0.1394,-16.181,17.218,0.425,-0.400
412.77,-16.221,17.109,-0.3050,-16.099,17.182,0.436,-0.600
412.97,-16.143,17.105,-0.3974,-16.022,17.173,0.418,-0.474
413.17,-16.061,17.102,-0.4855,-15.941,17.172,0.383,-0.338
413.37,-15.972,17.090,-0.5845,-15.854,17.163,0.384,-0.347
413.57,-15.898,17.069,-0.6592,-15.777,17.144,0.414,-0.249
413.77,-15.824,17.046,-0.7380,-15.702,17.122,0.407,-0.214
413.97,-15.762,16.993,-0.7568,-15.638,17.067,0.395,-0.078
414.17,-15.714,16.967,-0.7996,-15.587,17.040,0.332,-0.064
414.37,-15.674,16.942,-0.8282,-15.545,17.017,0.278,-0.071
414.57,-15.632,16.894,-0.8289,-15.505,16.973,0.263,0.029
414.77,-15.595,16.851,-0.8297,-15.467,16.930,0.273,0.087
414.97,-15.562,16.816,-0.8298,-15.434,16.894,0.253,0.098
415.17,-15.528,16.781,-0.8281,-15.399,16.859,0.242,0.111
415.37,-15.496,16.745,-0.8264,-15.366,16.823,0.234,0.121
415.57,-15.468,16.714,-0.8250,-15.338,16.791,0.220,0.119
415.77,-15.445,16.690,-0.8207,-15.315,16.767,0.196,0.124
415.97,-15.428,16.676,-0.8130,-15.296,16.754,0.164,0.157
416.17,-15.417,16.665,-0.8050,-15.285,16.744,0.132,0.151
416.37,-15.409,16.649,-0.7788,-15.277,16.730,0.123,0.209
416.57,-15.396,16.634,-0.7595,-15.266,16.715,0.129,0.239
416.77,-15.384,16.627,-0.7457,-15.253,16.708,0.122,0.181
416.97,-15.373,16.623,-0.7092,-15.242,16.704,0.116,0.225
417.17,-15.366,16.613,-0.6284,-15.235,16.695,0.118,0.390
417.37,-15.353,16.604,-0.5688,-15.223,16.686,0.187,0.304
417.57,-15.330,16.599,-0.5220,-15.202,16.682,0.191,0.237
417.77,-15.303,16.594,-0.4885,-15.175,16.676,0.202,0.160
417.97,-15.278,16.591,-0.4618,-15.149,16.671,0.205,0.101
418.17,-15.252,16.588,-0.4370,-15.123,16.669,0.204,0.086
418.37,-15.232,16.581,-0.4273,-15.103,16.665,0.193,0.070
418.57,-15.217,16.574,-0.4240,-15.089,16.659,0.174,0.047
418.77,-15.198,16.564,-0.4230,-15.073,16.649,0.175,0.037
418.97,-15.173,16.553,-0.4228,-15.050,16.639,0.186,0.019
419.17,-15.143,16.540,-0.4227,-15.021,16.627,0.206,0.017
419.37,-15.112,16.526,-0.4227,-14.990,16.613,0.219,0.018
419.57,-15.078,16.510,-0.4227,-14.956,16.597,0.228,0.018
419.77,-15.040,16.493,-0.4227,-14.919,16.581,0.236,0.019
419.97,-15.001,16.476,-0.4227,-14.880,16.563,0.243,0.020
420.17,-14.960,16.457,-0.4226,-14.839,16.545,0.249,0.020
420.37,-14.918,16.438,-0.4226,-14.797,16.525,0.252,0.021
420.57,-14.875,16.418,-0.4226,-14.754,16.505,0.255,0.023
420.77,-14.831,16.398,-0.4226,-14.709,16.485,0.256,0.023
420.97,-14.786,16.378,-0.4226,-14.665,16.465,0.256,0.025
421.17,-14.741,16.357,-0.4225,-14.619,16.444,0.314,0.049
421.37,-14.695,16.336,-0.4225,-14.573,16.423,0.296,0.050
421.57,-14.643,16.312,-0.4221,-14.523,16.399,0.293,0.055
421.77,-14.592,16.289,-0.4218,-14.472,16.377,0.295,0.058
421.97,-14.544,16.267,-0.4214,-14.424,16.355,0.288,0.060
422.17,-14.496,16.246,-0.4210,-14.377,16.335,0.280,0.060
422.37,-14.450,16.226,-0.4207,-14.331,16.316,0.269,0.061
422.57,-14.408,16.208,-0.4203,-14.289,16.298,0.258,0.061
422.77,-14.369,16.191,-0.4199,-14.251,16.282,0.242,0.062
422.97,-14.332,16.175,-0.4195,-14.216,16.266,0.226,0.063
423.17,-14.298,16.160,-0.4191,-14.183,16.252,0.216,0.063
423.37,-14.268,16.147,-0.4186,-14.153,16.239,0.204,0.065
423.57,-14.240,16.134,-0.4184,-14.126,16.227,0.191,0.065
423.77,-14.215,16.123,-0.4182,-14.102,16.217,0.180,0.065
423.97,-14.192,16.113,-0.4180,-14.080,16.208,0.169,0.065
424.17,-14.172,16.104,-0.4179,-14.060,16.200,0.174,0.057
424.37,-14.153,16.095,-0.4179,-14.043,16.193,0.197,0.068
424.57,-14.136,16.088,-0.4179,-14.027,16.186,0.176,0.072
424.77,-14.115,16.078,-0.4178,-14.008,16.178,0.171,0.075
424.97,-14.095,16.070,-0.4178,-13.990,16.171,0.173,0.076
425.17,-14.082,16.063,-0.4181,-13.977,16.166,0.158,0.075
425.37,-14.066,16.056,-0.4168,-13.963,16.159,0.156,0.081
425.57,-14.050,16.049,-0.4166,-13.950,16.153,0.155,0.075
425.77,-14.036,16.042,-0.4166,-13.937,16.147,0.153,0.079
425.97,-14.022,16.036,-0.4163,-13.926,16.141,0.148,0.082
426.17,-14.008,16.030,-0.4165,-13.914,16.135,0.148,0.084
426.37,-13.997,16.024,-0.4135,-13.905,16.129,0.142,0.078
426.57,-13.983,16.016,-0.4068,-13.894,16.120,0.147,0.121
426.77,-13.974,16.011,-0.4054,-13.886,16.115,0.138,0.105
426.97,-13.965,16.002,-0.3901,-13.879,16.106,0.136,0.123
427.17,-13.954,15.986,-0.3575,-13.871,16.089,0.149,0.209
427.37,-13.943,15.972,-0.3328,-13.862,16.072,0.155,0.205
427.57,-13.939,15.955,-0.2821,-13.857,16.056,0.171,0.146
427.77,-13.942,15.933,-0.2249,-13.861,16.033,0.144,0.239
427.97,-13.950,15.922,-0.1922,-13.870,16.017,0.107,0.217
428.17,-13.965,15.914,-0.1653,-13.884,16.006,0.080,0.123
428.37,-13.995,15.906,-0.1335,-13.912,15.997,0.046,0.129
428.57,-14.021,15.898,-0.1068,-13.942,15.988,0.019,0.120
428.77,-14.039,15.893,-0.0896,-13.963,15.981,0.039,0.083
428.97,-14.065,15.886,-0.0657,-13.990,15.971,0.035,0.085
429.17,-14.086,15.880,-0.0478,-14.015,15.963,0.037,0.080
429.37,-14.096,15.877,-0.0399,-14.028,15.957,0.064,0.047
429.57,-14.107,15.875,-0.0314,-14.040,15.949,0.078,0.043
429.77,-14.113,15.873,-0.0257,-14.048,15.943,0.090,0.036
429.97,-14.102,15.872,-0.0246,-14.041,15.940,0.127,0.010
430.17,-14.088,15.871,-0.0244,-14.028,15.940,0.156,-0.025
430.37,-14.066,15.871,-0.0244,-14.008,15.939,0.180,-0.032
430.57,-14.036,15.870,-0.0245,-13.979,15.938,0.199,-0.032
430.77,-14.002,15.869,-0.0246,-13.946,15.937,0.215,-0.032
430.97,-13.965,15.868,-0.0246,-13.909,15.937,0.229,-0.033
431.17,-13.923,15.867,-0.0247,-13.869,15.935,0.240,-0.034
431.37,-13.878,15.866,-0.0247,-13.824,15.934,0.249,-0.036
431.57,-13.830,15.865,-0.0248,-13.778,15.933,0.257,-0.038
431.77,-13.781,15.863,-0.0249,-13.729,15.932,0.262,-0.040
431.97,-13.729,15.862,-0.0249,-13.678,15.931,0.265,-0.043
432.17,-13.676,15.861,-0.0250,-13.625,15.930,0.267,-0.045
432.37,-13.621,15.859,-0.0252,-13.571,15.929,0.267,-0.052
432.57,-13.564,15.857,-0.0257,-13.513,15.927,0.275,-0.059
432.77,-13.503,15.856,-0.0269,-13.452,15.926,0.322,-0.037
432.97,-13.445,15.854,-0.0280,-13.392,15.925,0.338,-0.053
433.17,-13.393,15.852,-0.0288,-13.340,15.922,0.312,-0.050
433.37,-13.328,15.850,-0.0290,-13.277,15.920,0.309,-0.044
433.57,-13.266,15.849,-0.0292,-13.216,15.919,0.313,-0.042
433.77,-13.206,15.847,-0.0294,-13.156,15.918,0.307,-0.042
433.97,-13.144,15.845,-0.0295,-13.094,15.916,0.305,-0.041
434.17,-13.082,15.844,-0.0295,-13.032,15.914,0.302,-0.043
434.37,-13.022,15.842,-0.0296,-12.971,15.912,0.295,-0.047
434.57,-12.962,15.840,-0.0296,-12.911,15.910,0.284,-0.049
434.77,-12.902,15.838,-0.0296,-12.851,15.908,0.340,-0.033
434.97,-12.845,15.836,-0.0297,-12.793,15.906,0.323,-0.030
435.17,-12.784,15.835,-0.0298,-12.733,15.905,0.314,-0.030
435.37,-12.717,15.832,-0.0297,-12.667,15.903,0.324,-0.030
435.57,-12.653,15.831,-0.0298,-12.603,15.902,0.323,-0.031
435.77,-12.590,15.829,-0.0298,-12.539,15.900,0.318,-0.032
435.97,-12.526,15.827,-0.0299,-12.475,15.898,0.314,-0.036
436.17,-12.462,15.826,-0.0300,-12.411,15.897,0.307,-0.037
436.37,-12.398,15.825,-0.0301,-12.347,15.895,0.298,-0.040
436.57,-12.334,15.823,-0.0302,-12.284,15.894,0.336,-0.014
436.77,-12.272,15.821,-0.0302,-12.221,15.892,0.349,-0.025
436.97,-12.209,15.819,-0.0303,-12.159,15.890,0.332,-0.023
437.17,-12.138,15.817,-0.0303,-12.089,15.888,0.335,-0.023
437.37,-12.068,15.814,-0.0304,-12.019,15.885,0.341,-0.024
437.57,-12.000,15.812,-0.0304,-11.952,15.883,0.335,-0.025
437.77,-11.931,15.810,-0.0305,-11.883,15.881,0.329,0.009
437.97,-11.862,15.808,-0.0305,-11.814,15.879,0.323,0.002
438.17,-11.795,15.806,-0.0306,-11.747,15.877,0.363,0.029
438.37,-11.730,15.804,-0.0306,-11.682,15.875,0.372,0.026
438.57,-11.665,15.802,-0.0306,-11.617,15.874,0.345,0.026
438.77,-11.590,15.801,-0.0306,-11.544,15.872,0.345,0.028
438.97,-11.518,15.798,-0.0305,-11.471,15.870,0.351,0.028
439.17,-11.450,15.796,-0.0305,-11.403,15.868,0.342,0.030
439.37,-11.380,15.794,-0.0305,-11.333,15.865,0.333,0.031
439.57,-11.310,15.791,-0.0305,-11.264,15.863,0.330,-0.008
439.77,-11.242,15.789,-0.0304,-11.196,15.861,0.323,-0.012
439.97,-11.176,15.787,-0.0304,-11.129,15.859,0.379,0.028
440.17,-11.108,15.785,-0.0304,-11.062,15.856,0.345,0.028
440.37,-11.034,15.783,-0.0304,-10.989,15.854,0.350,0.030
440.57,-10.964,15.782,-0.0304,-10.918,15.853,0.349,0.031
440.77,-10.897,15.779,-0.0304,-10.851,15.850,0.338,0.033
440.97,-10.826,15.777,-0.0304,-10.781,15.848,0.335,0.034
441.17,-10.758,15.776,-0.0304,-10.712,15.846,0.332,-0.005
441.37,-10.691,15.774,-0.0303,-10.645,15.844,0.322,-0.005
441.57,-10.625,15.771,-0.0302,-10.578,15.842,0.343,0.024
441.77,-10.562,15.768,-0.0302,-10.514,15.839,0.373,0.033
441.97,-10.499,15.766,-0.0302,-10.451,15.837,0.344,0.032
442.17,-10.426,15.763,-0.0302,-10.380,15.834,0.338,0.034
442.37,-10.354,15.761,-0.0302,-10.307,15.832,0.345,0.036
442.57,-10.286,15.758,-0.0302,-10.239,15.829,0.339,0.037
442.77,-10.220,15.757,-0.0303,-10.172,15.828,0.328,0.038
442.97,-10.154,15.756,-0.0303,-10.106,15.827,0.317,0.089
443.17,-10.088,15.753,-0.0303,-10.039,15.824,0.317,0.115
443.37,-10.023,15.750,-0.0298,-9.974,15.821,0.362,0.103
443.57,-9.970,15.750,-0.0260,-9.919,15.820,0.336,0.132
443.77,-9.922,15.749,-0.0250,-9.872,15.819,0.285,0.124
443.97,-9.880,15.748,-0.0239,-9.831,15.818,0.249,0.114
444.17,-9.845,15.746,-0.0224,-9.797,15.817,0.221,0.105
444.37,-9.815,15.746,-0.0203,-9.768,15.816,0.199,0.112
444.57,-9.796,15.745,-0.0180,-9.749,15.814,0.162,0.124
444.77,-9.781,15.741,-0.0028,-9.736,15.810,0.145,0.171
444.97,-9.763,15.740,0.0120,-9.719,15.808,0.148,0.206
445.17,-9.752,15.736,0.0403,-9.708,15.805,0.140,0.211
445.37,-9.740,15.722,0.1159,-9.697,15.792,0.144,0.356
445.57,-9.730,15.705,0.1939,-9.687,15.775,0.144,0.419
445.77,-9.712,15.706,0.2291,-9.669,15.772,0.157,0.330
445.97,-9.699,15.719,0.2776,-9.654,15.784,0.171,0.249
446.17,-9.711,15.743,0.3511,-9.662,15.808,0.133,0.318
446.37,-9.727,15.751,0.4290,-9.680,15.820,0.090,0.342
446.57,-9.724,15.733,0.5257,-9.680,15.805,0.095,0.410
446.77,-9.733,15.706,0.5711,-9.687,15.778,0.068,0.291
446.97,-9.748,15.681,0.6043,-9.701,15.753,0.036,0.176
447.17,-9.752,15.682,0.7623,-9.707,15.749,0.072,0.464
447.37,-9.749,15.691,0.8733,-9.705,15.756,0.117,0.541
447.57,-9.741,15.699,0.9632,-9.698,15.764,0.136,0.374
447.77,-9.735,15.713,1.2124,-9.690,15.775,0.156,0.780
447.97,-9.739,15.738,1.4536,-9.692,15.799,0.165,0.975
448.17,-9.739,15.770,1.6472,-9.691,15.829,0.161,0.811
448.37,-9.765,15.806,2.0056,-9.715,15.867,0.167,1.020
448.57,-9.841,15.838,2.2513,-9.780,15.905,0.190,1.005
448.77,-9.932,15.883,2.3586,-9.864,15.951,0.301,0.539
448.97,-10.028,15.913,2.4720,-9.958,15.985,0.322,0.423
449.17,-10.061,15.956,2.5817,-9.992,16.025,0.225,0.360
449.37,-10.103,16.006,2.7033,-10.033,16.074,0.175,0.437
449.57,-10.148,16.056,2.8293,-10.076,16.124,0.158,0.503
449.77,-10.198,16.094,2.9470,-10.125,16.163,0.153,0.488
449.97,-10.252,16.088,3.0115,-10.181,16.165,0.140,0.355
450.17,-10.297,16.071,3.0672,-10.226,16.148,0.100,0.179
450.37,-10.347,16.052,3.1257,-10.276,16.131,0.099,0.144
450.57,-10.401,16.029,-3.1003,-10.330,16.107,0.111,0.156
450.77,-10.451,16.006,-3.0525,-10.383,16.082,0.127,0.152
450.97,-10.497,15.983,-3.0091,-10.430,16.057,0.128,0.108
451.17,-10.537,15.960,-2.9689,-10.472,16.033,0.118,0.090
451.37,-10.564,15.945,-2.9417,-10.502,16.014,0.085,0.049
451.57,-10.574,15.944,-2.9331,-10.513,16.010,0.030,-0.030
451.77,-10.589,15.947,-2.9180,-10.527,16.017,0.012,-0.019
451.97,-10.601,15.944,-2.9176,-10.539,16.015,0.010,-0.080
452.17,-10.607,15.943,-2.9177,-10.546,16.014,-0.003,-0.126
452.37,-10.618,15.937,-2.9276,-10.554,16.009,-0.006,-0.180
452.57,-10.643,15.921,-2.9545,-10.577,15.992,0.023,-0.246
452.77,-10.671,15.904,-2.9859,-10.605,15.973,0.044,-0.263
452.97,-10.714,15.880,-3.0353,-10.645,15.948,0.072,-0.305
453.17,-10.764,15.857,-3.1016,-10.695,15.922,0.120,-0.397
453.37,-10.793,15.859,3.1398,-10.730,15.920,0.086,-0.390
453.57,-10.811,15.867,3.0463,-10.750,15.927,0.021,-0.410
453.77,-10.827,15.873,2.8607,-10.766,15.933,-0.021,-0.784
453.97,-10.843,15.879,2.7038,-10.782,15.938,-0.028,-0.857
454.17,-10.863,15.873,2.4848,-10.799,15.934,-0.029,-0.932
454.37,-10.884,15.865,2.1257,-10.820,15.925,-0.011,-1.002
454.57,-10.928,15.825,1.9693,-10.853,15.891,-0.026,-0.942
454.77,-10.988,15.738,1.7060,-10.908,15.806,-0.108,-0.994
454.97,-11.017,15.669,1.3790,-10.936,15.743,-0.135,-1.001
455.17,-11.088,15.582,1.2522,-11.002,15.657,-0.218,-0.849
455.37,-11.167,15.504,1.1317,-11.078,15.577,-0.230,-0.640
455.57,-11.231,15.452,1.0394,-11.142,15.521,-0.184,-0.506
455.77,-11.286,15.416,0.9649,-11.198,15.483,-0.119,-0.414
455.97,-11.336,15.390,0.9000,-11.249,15.456,-0.074,-0.393
456.17,-11.388,15.362,0.8391,-11.300,15.429,-0.085,-0.309
456.37,-11.445,15.336,0.7750,-11.357,15.403,-0.109,-0.338
456.57,-11.508,15.313,0.7094,-11.419,15.379,-0.110,-0.362
456.77,-11.571,15.294,0.6430,-11.483,15.360,-0.109,-0.354
456.97,-11.635,15.282,0.5759,-11.547,15.346,-0.095,-0.323
457.17,-11.701,15.272,0.5068,-11.614,15.336,-0.095,-0.327
457.37,-11.762,15.268,0.4440,-11.676,15.331,-0.083,-0.313
457.57,-11.809,15.268,0.3958,-11.725,15.331,-0.051,-0.276
457.77,-11.848,15.270,0.3542,-11.766,15.334,-0.004,-0.216
457.97,-11.884,15.271,0.3155,-11.802,15.335,0.014,-0.164
458.17,-11.915,15.275,0.2822,-11.835,15.339,-0.018,-0.171
458.37,-11.946,15.279,0.2518,-11.867,15.343,0.005,-0.141
458.57,-11.971,15.282,0.2274,-11.894,15.347,0.021,-0.138
458.77,-11.997,15.286,0.2032,-11.921,15.352,0.027,-0.123
458.97,-12.022,15.290,0.1793,-11.948,15.357,0.027,-0.127
459.17,-12.047,15.295,0.1569,-11.976,15.363,0.025,-0.135
459.37,-12.069,15.300,0.1374,-12.000,15.369,0.033,-0.131
459.57,-12.091,15.306,0.1168,-12.024,15.376,0.038,-0.115
459.77,-12.114,15.312,0.0950,-12.049,15.384,0.037,-0.122
459.97,-12.136,15.319,0.0747,-12.074,15.393,0.036,-0.090
460.17,-12.155,15.325,0.0571,-12.095,15.401,0.044,-0.096
460.37,-12.170,15.329,0.0449,-12.113,15.409,0.054,-0.093
460.57,-12.183,15.332,0.0356,-12.127,15.417,0.069,-0.091
460.77,-12.197,15.336,0.0254,-12.142,15.425,0.070,-0.094
460.97,-12.206,15.339,0.0175,-12.153,15.431,0.080,-0.083
461.17,-12.213,15.342,0.0098,-12.161,15.437,0.085,-0.066
461.37,-12.219,15.345,0.0039,-12.169,15.442,0.091,-0.055
461.57,-12.214,15.349,-0.0098,-12.167,15.449,0.111,-0.073
461.77,-12.202,15.349,-0.0117,-12.158,15.450,0.140,-0.041
461.97,-12.189,15.350,-0.0135,-12.146,15.451,0.153,-0.015
462.17,-12.175,15.350,-0.0143,-12.135,15.451,0.155,-0.014
462.37,-12.148,15.349,-0.0144,-12.109,15.451,0.186,0.003
462.57,-12.118,15.349,-0.0144,-12.080,15.450,0.205,0.003
462.77,-12.083,15.348,-0.0144,-12.046,15.450,0.214,0.001
462.97,-12.045,15.348,-0.0145,-12.008,15.449,0.225,-0.000
463.17,-12.004,15.347,-0.0145,-11.967,15.449,0.234,-0.001
463.37,-11.961,15.346,-0.0145,-11.925,15.448,0.240,-0.034
463.57,-11.916,15.345,-0.0146,-11.880,15.447,0.245,-0.035
463.77,-11.869,15.346,-0.0145,-11.834,15.447,0.247,-0.031
463.97,-11.821,15.345,-0.0145,-11.785,15.447,0.291,0.011
464.17,-11.770,15.348,-0.0144,-11.735,15.449,0.311,-0.001
464.37,-11.716,15.348,-0.0144,-11.682,15.449,0.303,-0.002
464.57,-11.658,15.348,-0.0144,-11.625,15.448,0.301,0.000
464.77,-11.596,15.347,-0.0145,-11.563,15.448,0.313,0.001
464.97,-11.536,15.346,-0.0145,-11.503,15.447,0.313,0.000
465.17,-11.475,15.345,-0.0145,-11.443,15.446,0.310,-0.000
465.37,-11.413,15.344,-0.0145,-11.381,15.445,0.309,-0.000
465.57,-11.351,15.343,-0.0145,-11.319,15.444,0.307,-0.001
465.77,-11.290,15.342,-0.0145,-11.257,15.443,0.303,-0.001
465.97,-11.229,15.341,-0.0145,-11.196,15.442,0.327,-0.007
466.17,-11.168,15.341,-0.0145,-11.135,15.442,0.349,-0.001
466.37,-11.102,15.340,-0.0145,-11.070,15.441,0.334,0.001
466.57,-11.035,15.339,-0.0145,-11.003,15.440,0.339,0.002
466.77,-10.968,15.338,-0.0145,-10.936,15.439,0.336,0.002
466.97,-10.902,15.337,-0.0145,-10.870,15.437,0.333,0.002
467.17,-10.834,15.336,-0.0145,-10.802,15.436,0.330,0.001
467.37,-10.768,15.335,-0.0145,-10.735,15.435,0.338,0.062
467.57,-10.702,15.334,-0.0145,-10.670,15.434,0.389,0.103
467.77,-10.637,15.333,-0.0136,-10.605,15.433,0.361,0.096
467.97,-10.573,15.331,-0.0102,-10.542,15.431,0.338,0.108
468.17,-10.513,15.331,-0.0085,-10.481,15.431,0.321,0.105
468.37,-10.459,15.331,-0.0067,-10.427,15.431,0.299,0.104
468.57,-10.414,15.330,-0.0052,-10.382,15.430,0.267,0.103
468.77,-10.378,15.330,-0.0049,-10.347,15.429,0.229,0.095
468.97,-10.348,15.330,-0.0047,-10.319,15.428,0.205,0.092
469.17,-10.324,15.330,-0.0048,-10.296,15.426,0.180,0.086
469.37,-10.304,15.330,-0.0044,-10.278,15.426,0.163,0.083
469.57,-10.288,15.329,-0.0032,-10.264,15.424,0.147,0.092
469.77,-10.273,15.328,-0.0014,-10.252,15.422,0.141,0.095
469.97,-10.262,15.328,0.0009,-10.242,15.421,0.133,0.070
470.17,-10.246,15.326,0.0049,-10.228,15.418,0.144,0.096
470.37,-10.234,15.325,0.0061,-10.217,15.416,0.141,0.078
470.57,-10.223,15.320,0.0258,-10.208,15.411,0.138,0.132
470.77,-10.206,15.314,0.0419,-10.192,15.403,0.151,0.167
470.97,-10.190,15.309,0.0592,-10.176,15.396,0.155,0.162
471.17,-10.169,15.306,0.0861,-10.158,15.393,0.163,0.202
471.37,-10.150,15.313,0.1020,-10.139,15.400,0.179,0.206
471.57,-10.130,15.321,0.1203,-10.121,15.409,0.202,0.198
471.77,-10.109,15.330,0.1414,-10.102,15.419,0.201,0.204
471.97,-10.085,15.341,0.1651,-10.079,15.432,0.204,0.212
472.17,-10.063,15.352,0.1882,-10.057,15.444,0.206,0.209
472.37,-10.050,15.360,0.2059,-10.043,15.452,0.188,0.167
472.57,-10.036,15.358,0.2506,-10.031,15.451,0.168,0.219
472.77,-10.015,15.359,0.2696,-10.012,15.450,0.176,0.198
472.97,-9.997,15.361,0.2902,-9.995,15.449,0.179,0.173
473.17,-9.978,15.363,0.3126,-9.975,15.452,0.186,0.141
473.37,-9.960,15.365,0.3314,-9.958,15.454,0.183,0.150
473.57,-9.943,15.370,0.3467,-9.941,15.456,0.179,0.149
473.77,-9.927,15.373,0.3568,-9.926,15.459,0.173,0.099
473.97,-9.913,15.379,0.3698,-9.912,15.465,0.175,0.110
474.17,-9.899,15.386,0.3773,-9.900,15.470,0.168,0.095
474.37,-9.887,15.392,0.3860,-9.888,15.477,0.165,0.085
474.57,-9.874,15.409,0.4139,-9.878,15.493,0.172,0.128
474.77,-9.856,15.422,0.4286,-9.862,15.507,0.183,0.141
474.97,-9.838,15.428,0.4337,-9.845,15.514,0.185,0.080
475.17,-9.822,15.434,0.4444,-9.830,15.519,0.178,0.100
475.37,-9.807,15.440,0.4501,-9.816,15.523,0.170,0.072
475.57,-9.788,15.449,0.4516,-9.799,15.531,0.173,0.038
475.77,-9.765,15.457,0.4592,-9.778,15.536,0.182,0.047
475.97,-9.744,15.468,0.4601,-9.758,15.544,0.211,0.103
476.17,-9.715,15.482,0.4602,-9.730,15.558,0.223,0.071
476.37,-9.694,15.492,0.4605,-9.708,15.569,0.215,0.066
476.57,-9.677,15.499,0.4654,-9.693,15.574,0.185,0.084
476.77,-9.651,15.512,0.4659,-9.670,15.586,0.192,0.070
476.97,-9.632,15.521,0.4665,-9.651,15.595,0.194,0.067
477.17,-9.617,15.528,0.4672,-9.636,15.601,0.163,0.030
477.37,-9.595,15.539,0.4675,-9.615,15.609,0.171,0.048
477.57,-9.572,15.551,0.4677,-9.592,15.621,0.189,0.049
477.77,-9.545,15.565,0.4678,-9.566,15.634,0.208,0.041
477.97,-9.514,15.581,0.4679,-9.535,15.650,0.216,0.041
478.17,-9.479,15.599,0.4680,-9.501,15.668,0.228,0.041
478.37,-9.444,15.617,0.4680,-9.466,15.686,0.235,0.041
478.57,-9.407,15.636,0.4681,-9.428,15.705,0.239,0.042
478.77,-9.368,15.655,0.4681,-9.389,15.725,0.243,0.044
478.97,-9.328,15.676,0.4682,-9.349,15.746,0.283,0.023
479.17,-9.287,15.697,0.4682,-9.307,15.767,0.305,0.034
479.37,-9.244,15.718,0.4683,-9.265,15.789,0.294,0.045
479.57,-9.194,15.744,0.4683,-9.215,15.814,0.300,0.046
479.77,-9.142,15.770,0.4684,-9.163,15.841,0.311,0.046
479.97,-9.091,15.795,0.4685,-9.111,15.866,0.313,0.049
480.17,-9.039,15.820,0.4686,-9.060,15.891,0.311,0.053
480.37,-8.987,15.845,0.4687,-9.008,15.916,0.308,0.055
480.57,-8.931,15.873,0.4691,-8.952,15.944,0.300,0.013
480.77,-8.873,15.902,0.4697,-8.893,15.974,0.376,0.027
480.97,-8.819,15.929,0.4698,-8.839,16.001,0.371,0.035
481.17,-8.759,15.960,0.4698,-8.780,16.031,0.354,0.033
481.37,-8.693,15.994,0.4701,-8.714,16.066,0.367,0.035
481.57,-8.629,16.026,0.4703,-8.650,16.099,0.371,0.034
481.77,-8.566,16.059,0.4704,-8.586,16.132,0.366,0.035
481.97,-8.501,16.092,0.4706,-8.522,16.165,0.363,0.036
482.17,-8.437,16.125,0.4707,-8.457,16.199,0.366,0.053
482.37,-8.373,16.157,0.4708,-8.392,16.231,0.362,0.050
482.57,-8.305,16.190,0.4711,-8.325,16.264,0.359,0.053
482.77,-8.237,16.225,0.4717,-8.257,16.300,0.362,0.064
482.97,-8.172,16.259,0.4722,-8.191,16.335,0.357,0.071
483.17,-8.108,16.292,0.4732,-8.127,16.368,0.409,0.053
483.37,-8.043,16.324,0.4745,-8.062,16.400,0.396,0.074
483.57,-7.975,16.360,0.4748,-7.996,16.435,0.383,0.071
483.77,-7.907,16.394,0.4755,-7.928,16.469,0.379,0.071
483.97,-7.839,16.429,0.4765,-7.860,16.504,0.360,0.034
484.17,-7.771,16.464,0.4776,-7.793,16.538,0.362,0.050
484.37,-7.704,16.499,0.4779,-7.726,16.574,0.411,0.050
484.57,-7.637,16.533,0.4782,-7.659,16.608,0.429,0.051
484.77,-7.567,16.570,0.4787,-7.589,16.645,0.416,0.065
484.97,-7.489,16.611,0.4793,-7.512,16.686,0.432,0.066
485.17,-7.407,16.655,0.4807,-7.430,16.731,0.443,0.072
485.37,-7.328,16.697,0.4820,-7.349,16.774,0.446,0.076
485.57,-7.261,16.733,0.4827,-7.282,16.811,0.435,0.103
485.77,-7.195,16.768,0.4834,-7.217,16.846,0.391,0.093
485.97,-7.128,16.804,0.4853,-7.152,16.881,0.372,0.093
486.17,-7.064,16.838,0.4879,-7.088,16.915,0.342,0.074
486.37,-7.000,16.871,0.4907,-7.024,16.947,0.341,0.090
486.57,-6.933,16.906,0.4932,-6.957,16.981,0.390,0.071
486.77,-6.859,16.943,0.4990,-6.882,17.018,0.435,0.098
486.97,-6.781,16.981,0.5058,-6.803,17.055,0.440,0.119
487.17,-6.701,17.025,0.5088,-6.722,17.098,0.414,0.006
487.37,-6.617,17.071,0.5134,-6.639,17.144,0.409,0.036
487.57,-6.529,17.122,0.5181,-6.549,17.193,0.503,0.068
487.77,-6.458,17.163,0.5182,-6.476,17.237,0.494,0.060
487.97,-6.382,17.205,0.5190,-6.402,17.277,0.445,0.055
488.17,-6.295,17.255,0.5201,-6.317,17.325,0.446,0.063
488.37,-6.205,17.307,0.5210,-6.226,17.378,0.468,0.066
488.57,-6.123,17.353,0.5223,-6.141,17.424,0.512,0.121
488.77,-6.037,17.401,0.5240,-6.054,17.472,0.494,0.115
488.97,-5.946,17.454,0.5282,-5.963,17.524,0.487,0.121
489.17,-5.872,17.498,0.5313,-5.886,17.569,0.406,0.060
489.37,-5.813,17.532,0.5330,-5.827,17.604,0.421,0.070
489.57,-5.745,17.573,0.5339,-5.761,17.644,0.414,0.080
489.77,-5.673,17.615,0.5350,-5.689,17.686,0.412,0.084
489.97,-5.613,17.649,0.5360,-5.629,17.721,0.389,0.084
490.17,-5.559,17.681,0.5369,-5.575,17.752,0.350,0.081
490.37,-5.508,17.711,0.5377,-5.524,17.781,0.324,0.080
490.57,-5.461,17.739,0.5386,-5.478,17.808,0.306,0.080
490.77,-5.418,17.764,0.5394,-5.435,17.833,0.287,0.081
490.97,-5.378,17.787,0.5400,-5.397,17.855,0.290,0.028
491.17,-5.342,17.809,0.5404,-5.361,17.875,0.280,0.042
491.37,-5.304,17.832,0.5406,-5.326,17.897,0.263,0.046
491.57,-5.257,17.860,0.5407,-5.279,17.925,0.267,0.085
491.77,-5.212,17.887,0.5412,-5.234,17.951,0.275,0.074
491.97,-5.173,17.911,0.5441,-5.194,17.977,0.269,0.089
492.17,-5.137,17.933,0.5449,-5.159,17.997,0.247,0.091
492.37,-5.103,17.954,0.5453,-5.125,18.017,0.241,0.062
492.57,-5.072,17.973,0.5461,-5.096,18.034,0.264,0.073
492.77,-5.043,17.991,0.5470,-5.068,18.052,0.254,0.092
492.97,-5.008,18.013,0.5475,-5.035,18.073,0.251,0.091
493.17,-4.975,18.032,0.5480,-5.003,18.091,0.251,0.089
493.37,-4.948,18.049,0.5486,-4.977,18.107,0.234,0.093
493.57,-4.923,18.064,0.5488,-4.954,18.121,0.216,0.087
493.77,-4.900,18.078,0.5492,-4.932,18.133,0.205,0.085
493.97,-4.880,18.090,0.5495,-4.914,18.145,0.158,0.009
494.17,-4.862,18.101,0.5500,-4.898,18.156,0.163,0.042
494.37,-4.840,18.114,0.5503,-4.879,18.167,0.168,0.046
494.57,-4.813,18.130,0.5503,-4.853,18.183,0.190,0.048
494.77,-4.785,18.147,0.5503,-4.825,18.200,0.205,0.048
494.97,-4.754,18.166,0.5504,-4.795,18.218,0.213,0.050
495.17,-4.719,18.188,0.5506,-4.761,18.239,0.269,0.044
495.37,-4.682,18.210,0.5508,-4.723,18.261,0.290,0.061
495.57,-4.641,18.236,0.5510,-4.683,18.286,0.289,0.069
495.77,-4.593,18.267,0.5513,-4.636,18.316,0.300,0.073
495.97,-4.548,18.295,0.5523,-4.591,18.344,0.306,0.079
496.17,-4.507,18.320,0.5529,-4.550,18.370,0.290,0.080
496.37,-4.468,18.344,0.5535,-4.514,18.394,0.273,0.075
496.57,-4.433,18.366,0.5541,-4.480,18.416,0.256,0.075
496.77,-4.399,18.388,0.5547,-4.447,18.437,0.243,0.074
496.97,-4.367,18.408,0.5552,-4.417,18.457,0.233,0.074
497.17,-4.337,18.426,0.5556,-4.389,18.476,0.223,0.073
497.37,-4.309,18.443,0.5558,-4.362,18.492,0.214,0.075
497.57,-4.281,18.461,0.5561,-4.336,18.507,0.210,0.072
497.77,-4.254,18.477,0.5563,-4.311,18.522,0.204,0.073
497.97,-4.228,18.493,0.5570,-4.286,18.537,0.199,0.075
498.17,-4.199,18.512,0.5584,-4.259,18.555,0.206,0.088
498.37,-4.168,18.532,0.5608,-4.229,18.576,0.215,0.092
498.57,-4.135,18.554,0.5647,-4.198,18.598,0.222,0.098
498.77,-4.103,18.577,0.5721,-4.167,18.623,0.226,0.113
498.97,-4.069,18.605,0.5829,-4.135,18.651,0.234,0.134
499.17,-4.036,18.635,0.6007,-4.104,18.682,0.240,0.151
499.37,-4.006,18.669,0.6278,-4.074,18.717,0.277,0.170
499.57,-3.972,18.710,0.6605,-4.043,18.757,0.298,0.197
499.77,-3.939,18.756,0.6980,-4.011,18.803,0.308,0.212
499.97,-3.912,18.796,0.7316,-3.983,18.845,0.300,0.207
500.17,-3.892,18.831,0.7630,-3.963,18.881,0.271,0.186
500.37,-3.874,18.865,0.7932,-3.946,18.915,0.249,0.173
500.57,-3.857,18.897,0.8212,-3.931,18.947,0.237,0.160
500.77,-3.842,18.929,0.8471,-3.917,18.979,0.229,0.148
500.97,-3.828,18.958,0.8710,-3.905,19.009,0.223,0.138
501.17,-3.814,18.989,0.8940,-3.893,19.039,0.219,0.125
501.37,-3.799,19.022,0.9169,-3.880,19.072,0.224,0.121
501.57,-3.785,19.053,0.9359,-3.868,19.103,0.223,0.111
501.77,-3.772,19.081,0.9511,-3.856,19.132,0.241,0.118
501.97,-3.761,19.101,0.9567,-3.847,19.152,0.228,0.087
502.17,-3.752,19.113,0.9637,-3.839,19.164,0.186,0.059
502.37,-3.734,19.130,0.9748,-3.823,19.177,0.188,0.084
502.57,-3.717,19.154,0.9748,-3.807,19.198,0.205,0.041
502.77,-3.701,19.178,0.9751,-3.791,19.221,0.218,0.025
502.97,-3.684,19.205,0.9752,-3.774,19.245,0.194,-0.002
503.17,-3.664,19.234,0.9752,-3.754,19.275,0.215,-0.004
503.37,-3.642,19.264,0.9753,-3.733,19.304,0.221,-0.004
503.57,-3.620,19.297,0.9752,-3.711,19.337,0.226,-0.005
503.77,-3.596,19.332,0.9752,-3.687,19.372,0.234,-0.006
503.97,-3.571,19.369,0.9752,-3.662,19.408,0.275,-0.012
504.17,-3.547,19.406,0.9751,-3.638,19.445,0.292,-0.016
504.37,-3.520,19.446,0.9751,-3.612,19.484,0.285,-0.004
504.57,-3.488,19.492,0.9750,-3.581,19.530,0.299,-0.002
504.77,-3.456,19.539,0.9750,-3.549,19.577,0.309,-0.002
504.97,-3.424,19.587,0.9750,-3.517,19.624,0.312,-0.003
505.17,-3.389,19.637,0.9750,-3.482,19.674,0.296,0.030
505.37,-3.351,19.688,0.9751,-3.445,19.725,0.309,0.028
505.57,-3.317,19.738,0.9751,-3.410,19.775,0.311,0.028
505.77,-3.283,19.788,0.9750,-3.376,19.825,0.347,-0.015
505.97,-3.249,19.839,0.9748,-3.343,19.876,0.357,0.001
506.17,-3.213,19.892,0.9749,-3.307,19.928,0.345,0.010
506.37,-3.174,19.949,0.9748,-3.268,19.985,0.350,0.012
506.57,-3.134,20.007,0.9748,-3.229,20.043,0.356,0.012
506.77,-3.096,20.064,0.9748,-3.190,20.100,0.368,-0.021
506.97,-3.056,20.122,0.9748,-3.150,20.158,0.366,-0.012
507.17,-3.016,20.181,0.9747,-3.110,20.217,0.362,-0.011
507.37,-2.976,20.241,0.9747,-3.069,20.277,0.347,0.012
507.57,-2.936,20.299,0.9746,-3.029,20.336,0.346,0.009
507.77,-2.897,20.357,0.9747,-2.990,20.394,0.343,0.008
507.97,-2.858,20.414,0.9747,-2.951,20.452,0.334,0.008
508.17,-2.819,20.472,0.9747,-2.912,20.509,0.375,-0.028
508.37,-2.781,20.528,0.9747,-2.874,20.566,0.379,-0.013
508.57,-2.743,20.584,0.9747,-2.836,20.622,0.362,-0.006
508.77,-2.701,20.647,0.9747,-2.794,20.683,0.365,-0.005
508.97,-2.659,20.708,0.9746,-2.752,20.745,0.368,-0.006
509.17,-2.619,20.768,0.9746,-2.712,20.805,0.362,-0.007
509.37,-2.577,20.828,0.9747,-2.670,20.865,0.359,-0.008
509.57,-2.536,20.889,0.9748,-2.629,20.926,0.354,-0.009
509.77,-2.495,20.949,0.9749,-2.588,20.987,0.356,-0.022
509.97,-2.455,21.008,0.9750,-2.548,21.046,0.346,-0.019
510.17,-2.416,21.068,0.9750,-2.509,21.105,0.337,-0.019
510.37,-2.375,21.127,0.9751,-2.468,21.165,0.379,-0.046
510.57,-2.333,21.185,0.9754,-2.426,21.223,0.383,-0.038
510.77,-2.295,21.242,0.9754,-2.388,21.280,0.364,-0.030
510.97,-2.252,21.305,0.9755,-2.345,21.341,0.365,-0.033
511.17,-2.209,21.367,0.9755,-2.303,21.403,0.368,-0.035
511.37,-2.169,21.427,0.9756,-2.262,21.464,0.361,-0.036
511.57,-2.128,21.486,0.9756,-2.222,21.523,0.374,-0.041
511.77,-2.088,21.546,0.9756,-2.181,21.583,0.393,-0.058
511.97,-2.047,21.604,0.9756,-2.141,21.641,0.383,-0.046
512.17,-2.007,21.664,0.9752,-2.101,21.701,0.371,-0.045
512.37,-1.966,21.726,0.9751,-2.059,21.760,0.367,-0.047
512.57,-1.923,21.787,0.9751,-2.017,21.821,0.369,-0.047
512.77,-1.883,21.846,0.9749,-1.976,21.880,0.360,-0.052
512.97,-1.844,21.905,0.9746,-1.936,21.938,0.350,-0.054
513.17,-1.801,21.968,0.9740,-1.895,22.001,0.350,-0.059
513.37,-1.759,22.031,0.9734,-1.852,22.065,0.352,-0.064
513.57,-1.717,22.093,0.9727,-1.810,22.128,0.388,-0.012
513.77,-1.676,22.152,0.9720,-1.770,22.188,0.368,-0.025
513.97,-1.632,22.215,0.9718,-1.727,22.251,0.364,-0.023
514.17,-1.591,22.277,0.9716,-1.685,22.313,0.385,-0.104
514.37,-1.550,22.337,0.9715,-1.643,22.373,0.369,-0.088
514.57,-1.505,22.401,0.9682,-1.599,22.437,0.363,-0.099
514.77,-1.455,22.468,0.9599,-1.547,22.503,0.375,-0.128
514.97,-1.400,22.537,0.9497,-1.490,22.573,0.389,-0.146
515.17,-1.339,22.610,0.9323,-1.428,22.645,0.425,-0.124
515.37,-1.267,22.682,0.8991,-1.355,22.718,0.442,-0.184
515.57,-1.194,22.755,0.8753,-1.279,22.790,0.451,-0.194
515.77,-1.139,22.821,0.8608,-1.221,22.858,0.432,-0.203
515.97,-1.087,22.868,0.8376,-1.168,22.907,0.393,-0.203
516.17,-1.029,22.907,0.7934,-1.111,22.946,0.351,-0.233
516.37,-0.955,22.951,0.7409,-1.040,22.987,0.345,-0.268
516.57,-0.861,22.996,0.6708,-0.949,23.032,0.387,-0.310
516.77,-0.755,23.030,0.5839,-0.844,23.069,0.439,-0.369
516.97,-0.648,23.053,0.4925,-0.737,23.093,0.514,-0.415
517.17,-0.555,23.059,0.4050,-0.641,23.102,0.490,-0.376
517.37,-0.488,23.066,0.3458,-0.567,23.109,0.428,-0.320
517.57,-0.445,23.064,0.3004,-0.522,23.107,0.309,-0.217
517.77,-0.409,23.063,0.2632,-0.484,23.106,0.242,-0.200
517.97,-0.375,23.061,0.2321,-0.451,23.104,0.216,-0.186
518.17,-0.344,23.059,0.2047,-0.420,23.101,0.205,-0.155
518.37,-0.311,23.055,0.1766,-0.388,23.096,0.207,-0.148
518.57,-0.273,23.048,0.1450,-0.351,23.089,0.215,-0.126
518.77,-0.234,23.039,0.1101,-0.312,23.079,0.223,-0.116
518.97,-0.204,23.033,0.0845,-0.281,23.071,0.215,-0.090
519.17,-0.179,23.029,0.0684,-0.256,23.065,0.192,-0.087
519.37,-0.153,23.027,0.0579,-0.232,23.061,0.183,-0.052
519.57,-0.126,23.024,0.0454,-0.206,23.057,0.182,-0.041
519.77,-0.093,23.024,0.0412,-0.176,23.054,0.222,-0.014
519.97,-0.055,23.027,0.0412,-0.138,23.057,0.260,0.018
520.17,-0.018,23.029,0.0412,-0.101,23.058,0.254,0.041
520.37,0.030,23.031,0.0411,-0.056,23.060,0.261,0.044
520.57,0.079,23.033,0.0411,-0.006,23.062,0.276,0.043
520.77,0.129,23.034,0.0412,0.044,23.063,0.282,0.044
520.97,0.180,23.036,0.0412,0.094,23.066,0.283,0.049
521.17,0.236,23.039,0.0412,0.150,23.068,0.290,0.049
521.37,0.294,23.041,0.0414,0.207,23.071,0.298,0.055
521.57,0.352,23.044,0.0415,0.266,23.074,0.302,0.060
521.77,0.411,23.046,0.0418,0.325,23.077,0.305,0.067
521.97,0.467,23.049,0.0421,0.382,23.079,0.295,0.062
522.17,0.520,23.051,0.0423,0.433,23.081,0.308,0.026
522.37,0.570,23.054,0.0427,0.482,23.083,0.312,0.047
522.57,0.624,23.056,0.0429,0.534,23.085,0.295,0.053
522.77,0.685,23.059,0.0430,0.595,23.088,0.318,0.054
522.97,0.750,23.061,0.0441,0.659,23.089,0.334,0.066
523.17,0.817,23.063,0.0453,0.727,23.090,0.340,0.080
523.37,0.888,23.065,0.0471,0.798,23.092,0.348,0.095
523.57,0.963,23.068,0.0502,0.874,23.093,0.362,0.098
523.77,1.036,23.071,0.0540,0.948,23.096,0.370,0.093
523.97,1.103,23.074,0.0576,1.017,23.099,0.347,0.083
524.17,1.167,23.078,0.0605,1.081,23.102,0.339,0.052
524.37,1.228,23.081,0.0624,1.142,23.106,0.358,0.042
524.57,1.282,23.085,0.0636,1.196,23.109,0.325,0.049
524.77,1.348,23.089,0.0638,1.259,23.113,0.317,0.040
524.97,1.417,23.093,0.0640,1.328,23.118,0.331,0.041
525.17,1.478,23.098,0.0641,1.390,23.122,0.326,0.041
525.37,1.541,23.102,0.0642,1.453,23.126,0.319,0.041
525.57,1.605,23.106,0.0643,1.518,23.131,0.318,0.041
525.77,1.670,23.110,0.0644,1.582,23.135,0.315,0.043
525.97,1.734,23.114,0.0645,1.647,23.138,0.324,0.023
526.17,1.799,23.118,0.0648,1.712,23.141,0.362,0.025
526.37,1.864,23.122,0.0652,1.778,23.144,0.348,0.035
526.57,1.933,23.127,0.0652,1.846,23.149,0.348,0.068
526.77,2.005,23.131,0.0652,1.918,23.153,0.353,0.064
526.97,2.074,23.136,0.0655,1.987,23.157,0.348,0.060
527.17,2.145,23.140,0.0672,2.058,23.161,0.342,0.073
527.37,2.214,23.145,0.0679,2.128,23.166,0.343,0.063
527.57,2.279,23.151,0.0682,2.193,23.172,0.327,0.059
527.77,2.339,23.157,0.0684,2.253,23.179,0.306,0.058
527.97,2.396,23.161,0.0688,2.308,23.183,0.282,0.059
528.17,2.451,23.163,0.0694,2.363,23.186,0.284,0.041
528.37,2.502,23.167,0.0698,2.414,23.189,0.310,0.043
528.57,2.549,23.172,0.0699,2.460,23.195,0.283,0.052
528.77,2.604,23.176,0.0699,2.513,23.199,0.277,0.051
528.97,2.658,23.180,0.0701,2.568,23.203,0.286,0.053
529.17,2.705,23.183,0.0704,2.615,23.207,0.274,0.055
529.37,2.752,23.187,0.0706,2.662,23.211,0.260,0.033
529.57,2.799,23.190,0.0709,2.708,23.215,0.256,0.042
529.77,2.843,23.194,0.0713,2.751,23.218,0.245,0.045
529.97,2.891,23.197,0.0713,2.800,23.221,0.249,0.044
530.17,2.937,23.200,0.0714,2.846,23.225,0.248,0.046
530.37,2.980,23.203,0.0716,2.889,23.229,0.239,0.048
530.57,3.024,23.207,0.0718,2.933,23.232,0.246,0.032
530.77,3.065,23.210,0.0720,2.974,23.236,0.276,0.032
530.97,3.107,23.213,0.0722,3.015,23.239,0.259,0.043
531.17,3.157,23.217,0.0722,3.064,23.243,0.272,0.042
531.37,3.207,23.220,0.0722,3.114,23.247,0.278,0.044
531.57,3.260,23.224,0.0723,3.167,23.251,0.282,0.044
531.77,3.314,23.228,0.0724,3.221,23.255,0.286,0.047
531.97,3.368,23.232,0.0726,3.276,23.259,0.286,0.049
532.17,3.422,23.236,0.0728,3.330,23.263,0.282,0.025
532.37,3.475,23.240,0.0731,3.384,23.268,0.277,0.039
532.57,3.529,23.244,0.0733,3.437,23.272,0.272,0.042
532.77,3.584,23.248,0.0733,3.492,23.276,0.269,0.040
532.97,3.637,23.252,0.0734,3.547,23.279,0.316,0.015
533.17,3.690,23.256,0.0735,3.600,23.283,0.315,0.031
533.37,3.743,23.259,0.0735,3.653,23.287,0.297,0.037
533.57,3.804,23.264,0.0735,3.714,23.291,0.300,0.038
533.77,3.863,23.268,0.0736,3.774,23.296,0.307,0.040
533.97,3.920,23.272,0.0736,3.831,23.301,0.301,0.041
534.17,3.977,23.277,0.0736,3.889,23.305,0.296,0.024
534.37,4.035,23.281,0.0737,3.948,23.310,0.293,0.029
534.57,4.092,23.285,0.0737,4.005,23.314,0.287,0.030
534.77,4.148,23.289,0.0737,4.062,23.318,0.282,0.031
534.97,4.203,23.293,0.0737,4.118,23.323,0.321,0.028
535.17,4.264,23.298,0.0738,4.178,23.327,0.312,0.030
535.37,4.326,23.302,0.0738,4.241,23.332,0.318,0.032
535.57,4.386,23.307,0.0738,4.302,23.337,0.317,0.033
535.77,4.446,23.312,0.0738,4.363,23.342,0.312,0.034
535.97,4.507,23.316,0.0739,4.424,23.346,0.309,0.035
536.17,4.568,23.320,0.0739,4.486,23.351,0.306,0.036
536.37,4.628,23.324,0.0740,4.546,23.355,0.299,0.015
536.57,4.686,23.328,0.0740,4.606,23.359,0.292,0.022
536.77,4.745,23.332,0.0740,4.665,23.363,0.308,0.019
536.97,4.802,23.336,0.0740,4.723,23.367,0.339,0.015
537.17,4.858,23.340,0.0741,4.779,23.371,0.318,0.024
537.37,4.921,23.344,0.0741,4.841,23.375,0.314,0.027
537.57,4.986,23.349,0.0741,4.907,23.380,0.320,0.029
537.77,5.049,23.354,0.0742,4.970,23.384,0.319,0.030
537.97,5.111,23.358,0.0742,5.032,23.389,0.314,0.030
538.17,5.174,23.363,0.0742,5.096,23.393,0.309,0.030
538.37,5.237,23.367,0.0742,5.159,23.398,0.306,0.005
538.57,5.299,23.372,0.0742,5.221,23.402,0.301,0.012
538.77,5.360,23.376,0.0742,5.283,23.407,0.349,0.006
538.97,5.420,23.380,0.0742,5.343,23.411,0.340,0.017
539.17,5.485,23.385,0.0743,5.407,23.415,0.326,0.020
539.37,5.555,23.390,0.0743,5.477,23.420,0.333,0.022
539.57,5.622,23.395,0.0744,5.545,23.425,0.337,0.023
539.77,5.689,23.400,0.0744,5.611,23.430,0.330,0.024
539.97,5.756,23.405,0.0745,5.678,23.435,0.327,-0.001
540.17,5.822,23.411,0.0745,5.745,23.440,0.320,0.005
540.37,5.887,23.415,0.0746,5.811,23.445,0.339,0.011
540.57,5.952,23.420,0.0746,5.876,23.450,0.367,0.006
540.77,6.017,23.425,0.0746,5.941,23.455,0.347,0.012
540.97,6.086,23.430,0.0746,6.009,23.460,0.340,0.014
541.17,6.159,23.435,0.0746,6.082,23.465,0.347,0.015
541.37,6.227,23.440,0.0746,6.151,23.470,0.342,0.016
541.57,6.295,23.445,0.0746,6.219,23.474,0.333,0.017
541.77,6.364,23.450,0.0747,6.288,23.479,0.329,-0.009
541.97,6.432,23.456,0.0747,6.355,23.485,0.324,-0.004
542.17,6.497,23.461,0.0747,6.421,23.490,0.371,-0.002
542.37,6.561,23.466,0.0747,6.486,23.495,0.353,0.005
542.57,6.630,23.471,0.0747,6.554,23.500,0.343,0.007
542.77,6.704,23.476,0.0747,6.627,23.505,0.350,0.008
542.97,6.775,23.482,0.0747,6.698,23.511,0.349,0.008
543.17,6.845,23.487,0.0748,6.768,23.516,0.343,0.008
543.37,6.916,23.492,0.0748,6.839,23.521,0.337,0.009
543.57,6.986,23.497,0.0748,6.910,23.526,0.332,-0.018
543.77,7.055,23.502,0.0748,6.979,23.530,0.375,-0.004
543.97,7.121,23.507,0.0748,7.046,23.535,0.373,-0.003
544.17,7.191,23.512,0.0747,7.114,23.540,0.351,0.000
544.37,7.266,23.518,0.0748,7.189,23.546,0.355,0.003
544.57,7.338,23.523,0.0748,7.261,23.551,0.356,0.002
544.77,7.408,23.529,0.0748,7.332,23.557,0.347,0.001
544.97,7.480,23.534,0.0748,7.403,23.562,0.341,0.001
545.17,7.549,23.539,0.0748,7.473,23.567,0.334,0.000
545.37,7.617,23.544,0.0747,7.541,23.573,0.363,-0.010
545.57,7.685,23.549,0.0747,7.609,23.577,0.372,-0.009
545.77,7.752,23.554,0.0746,7.675,23.582,0.354,-0.006
545.97,7.825,23.559,0.0746,7.748,23.588,0.352,-0.005
546.17,7.897,23.565,0.0746,7.820,23.593,0.353,-0.004
546.37,7.966,23.570,0.0746,7.889,23.598,0.345,-0.005
546.57,8.035,23.574,0.0745,7.959,23.604,0.337,-0.007
546.77,8.104,23.579,0.0746,8.028,23.608,0.331,-0.007
546.97,8.171,23.584,0.0745,8.096,23.613,0.323,-0.008
547.17,8.237,23.589,0.0745,8.162,23.618,0.363,-0.026
547.37,8.301,23.593,0.0745,8.227,23.623,0.355,-0.016
547.57,8.368,23.598,0.0745,8.293,23.627,0.340,-0.011
547.77,8.437,23.603,0.0745,8.362,23.632,0.344,-0.010
547.97,8.504,23.609,0.0744,8.430,23.637,0.340,-0.011
548.17,8.571,23.614,0.0744,8.497,23.643,0.334,-0.013
548.37,8.639,23.620,0.0744,8.565,23.648,0.330,-0.014
548.57,8.704,23.625,0.0744,8.631,23.653,0.323,-0.014
548.77,8.768,23.629,0.0743,8.696,23.658,0.313,-0.106
548.97,8.831,23.634,0.0743,8.759,23.662,0.291,-0.089
549.17,8.892,23.638,0.0729,8.821,23.666,0.325,-0.061
549.37,8.945,23.641,0.0687,8.876,23.669,0.308,-0.100
549.57,8.999,23.644,0.0677,8.928,23.672,0.285,-0.090
549.77,9.050,23.647,0.0654,8.979,23.675,0.272,-0.092
549.97,9.096,23.649,0.0621,9.025,23.676,0.256,-0.097
550.17,9.138,23.652,0.0596,9.067,23.677,0.238,-0.095
550.37,9.173,23.654,0.0578,9.102,23.679,0.216,-0.096
550.57,9.204,23.655,0.0553,9.132,23.680,0.195,-0.094
550.77,9.239,23.655,0.0485,9.166,23.679,0.195,-0.109
550.97,9.290,23.655,0.0326,9.215,23.677,0.243,-0.155
551.17,9.343,23.642,-0.0011,9.268,23.664,0.259,-0.198
551.37,9.400,23.624,-0.0437,9.324,23.645,0.271,-0.233
551.57,9.468,23.597,-0.0986,9.390,23.618,0.347,-0.229
551.77,9.550,23.557,-0.1707,9.470,23.579,0.413,-0.274
551.97,9.639,23.505,-0.2524,9.558,23.527,0.439,-0.306
552.17,9.723,23.446,-0.3331,9.644,23.469,0.457,-0.301
552.37,9.790,23.391,-0.4072,9.715,23.412,0.440,-0.275
552.57,9.826,23.357,-0.4531,9.755,23.372,0.350,-0.189
552.77,9.845,23.343,-0.4812,9.775,23.355,0.210,-0.104
552.97,9.863,23.334,-0.5014,9.794,23.346,0.159,-0.050
553.17,9.884,23.329,-0.5193,9.813,23.342,0.142,-0.038
553.37,9.904,23.319,-0.5217,9.832,23.335,0.145,0.006
553.57,9.928,23.305,-0.5217,9.856,23.321,0.164,0.063
553.77,9.953,23.291,-0.5217,9.880,23.308,0.172,0.075
553.97,9.979,23.276,-0.5214,9.905,23.293,0.176,0.079
554.17,10.004,23.261,-0.5188,9.930,23.277,0.176,0.101
554.37,10.029,23.245,-0.5148,9.954,23.261,0.174,0.117
554.57,10.052,23.228,-0.5058,9.976,23.244,0.204,0.156
554.77,10.072,23.209,-0.4856,9.995,23.225,0.183,0.189
554.97,10.092,23.188,-0.4607,10.014,23.203,0.178,0.192
555.17,10.115,23.166,-0.4321,10.035,23.181,0.174,0.194
555.37,10.139,23.142,-0.4003,10.057,23.157,0.174,0.201
555.57,10.166,23.118,-0.3656,10.083,23.132,0.177,0.211
555.77,10.196,23.093,-0.3292,10.111,23.106,0.204,0.187
555.97,10.225,23.069,-0.2937,10.140,23.081,0.230,0.198
556.17,10.254,23.048,-0.2597,10.168,23.058,0.235,0.196
556.37,10.282,23.033,-0.2359,10.196,23.043,0.233,0.174
556.57,10.306,23.020,-0.2113,10.219,23.028,0.218,0.143
556.77,10.330,23.007,-0.1874,10.242,23.014,0.208,0.137
556.97,10.356,22.993,-0.1644,10.266,23.000,0.203,0.134
557.17,10.382,22.981,-0.1429,10.292,22.987,0.202,0.152
557.37,10.406,22.971,-0.1231,10.315,22.976,0.201,0.153
557.57,10.428,22.961,-0.1044,10.336,22.965,0.190,0.148
557.77,10.451,22.952,-0.0846,10.357,22.955,0.180,0.151
557.97,10.473,22.944,-0.0656,10.379,22.946,0.174,0.146
558.17,10.496,22.937,-0.0468,10.400,22.937,0.177,0.179
558.37,10.519,22.928,-0.0260,10.423,22.928,0.180,0.161
558.57,10.543,22.921,-0.0048,10.446,22.919,0.206,0.140
558.77,10.568,22.913,0.0189,10.471,22.911,0.221,0.147
558.97,10.594,22.906,0.0416,10.496,22.903,0.219,0.154
559.17,10.620,22.900,0.0607,10.520,22.895,0.215,0.153
559.37,10.645,22.895,0.0800,10.544,22.889,0.213,0.148
559.57,10.668,22.890,0.0986,10.567,22.884,0.209,0.139
559.77,10.692,22.887,0.1166,10.589,22.879,0.205,0.132
559.97,10.709,22.886,0.1270,10.606,22.876,0.190,0.134
560.17,10.723,22.885,0.1350,10.619,22.875,0.177,0.121
560.37,10.738,22.885,0.1429,10.633,22.874,0.173,0.130
560.57,10.755,22.884,0.1530,10.648,22.872,0.173,0.116
560.77,10.772,22.884,0.1635,10.664,22.871,0.177,0.137
560.97,10.788,22.883,0.1746,10.680,22.869,0.178,0.145
561.17,10.804,22.873,0.2078,10.694,22.857,0.170,0.164
561.37,10.823,22.860,0.2548,10.712,22.842,0.174,0.239
561.57,10.843,22.852,0.3071,10.731,22.831,0.179,0.265
561.77,10.869,22.848,0.3715,10.755,22.827,0.194,0.323
561.97,10.902,22.850,0.4127,10.787,22.828,0.213,0.227
562.17,10.937,22.852,0.4524,10.822,22.829,0.227,0.201
562.37,10.974,22.856,0.4916,10.859,22.832,0.223,0.136
562.57,11.009,22.863,0.5245,10.894,22.836,0.209,0.133
562.77,11.044,22.872,0.5529,10.929,22.844,0.202,0.111
562.97,11.077,22.882,0.5773,10.962,22.852,0.195,0.070
563.17,11.111,22.894,0.6015,10.996,22.862,0.193,0.057
563.37,11.139,22.909,0.6138,11.026,22.874,0.190,0.035
563.57,11.162,22.925,0.6143,11.048,22.890,0.178,-0.032
563.77,11.188,22.943,0.6146,11.072,22.907,0.208,-0.078
563.97,11.217,22.964,0.6146,11.101,22.927,0.217,-0.097
564.17,11.246,22.984,0.6142,11.130,22.948,0.215,-0.090
564.37,11.267,22.998,0.6132,11.151,22.962,0.198,-0.099
564.57,11.283,23.009,0.6122,11.166,22.973,0.168,-0.101
564.77,11.300,23.021,0.6112,11.182,22.983,0.158,-0.094
564.97,11.315,23.027,0.6028,11.195,22.988,0.143,-0.103
565.17,11.335,23.034,0.5907,11.216,22.992,0.151,-0.128
565.37,11.348,23.040,0.5846,11.230,22.997,0.147,-0.117
565.57,11.363,23.043,0.5636,11.244,23.000,0.139,-0.139
565.77,11.386,23.046,0.5341,11.265,23.002,0.149,-0.207
565.97,11.402,23.053,0.5166,11.281,23.008,0.153,-0.202
566.17,11.413,23.059,0.4981,11.292,23.014,0.144,-0.178
566.37,11.427,23.061,0.4290,11.304,23.017,0.139,-0.259
566.57,11.457,23.068,0.3813,11.331,23.022,0.169,-0.309
566.77,11.478,23.088,0.3524,11.352,23.041,0.184,-0.240
566.97,11.507,23.113,0.3107,11.380,23.066,0.206,-0.250
567.17,11.542,23.140,0.2660,11.413,23.093,0.256,-0.180
567.37,11.576,23.164,0.2239,11.447,23.118,0.258,-0.129
567.57,11.611,23.186,0.1835,11.481,23.141,0.242,-0.129
567.77,11.649,23.202,0.1578,11.517,23.159,0.242,-0.046
567.97,11.676,23.211,0.1425,11.546,23.171,0.240,0.017
568.17,11.693,23.218,0.1278,11.561,23.180,0.187,0.020
568.37,11.735,23.223,0.1278,11.599,23.186,0.187,0.071
568.57,11.781,23.229,0.1278,11.644,23.192,0.222,0.104
568.77,11.817,23.233,0.1283,11.681,23.196,0.218,0.111
568.97,11.859,23.235,0.1393,11.722,23.197,0.216,0.142
569.17,11.909,23.233,0.1638,11.770,23.193,0.272,0.038
569.37,11.964,23.229,0.1998,11.825,23.187,0.289,0.109
569.57,12.015,23.236,0.2080,11.876,23.191,0.286,0.073
569.77,12.069,23.248,0.2096,11.930,23.202,0.288,-0.012
569.97,12.122,23.257,0.2147,11.983,23.211,0.284,-0.009
570.17,12.177,23.270,0.2152,12.038,23.222,0.284,-0.020
570.37,12.233,23.282,0.2151,12.093,23.235,0.284,-0.037
570.57,12.288,23.294,0.2151,12.149,23.247,0.280,-0.042
570.77,12.343,23.307,0.2150,12.204,23.259,0.274,-0.044
570.97,12.398,23.319,0.2149,12.259,23.271,0.268,-0.045
571.17,12.452,23.331,0.2148,12.314,23.283,0.282,-0.040
571.37,12.505,23.342,0.2148,12.367,23.295,0.309,-0.063
571.57,12.556,23.353,0.2147,12.418,23.306,0.288,-0.051
571.77,12.609,23.365,0.2142,12.471,23.317,0.283,-0.050
571.97,12.663,23.376,0.2140,12.523,23.328,0.280,-0.055
572.17,12.715,23.387,0.2139,12.575,23.338,0.277,-0.058
572.37,12.768,23.399,0.2136,12.628,23.350,0.271,-0.062
572.57,12.814,23.408,0.2132,12.675,23.359,0.256,-0.061
572.77,12.855,23.417,0.2128,12.715,23.367,0.233,-0.061
572.97,12.894,23.424,0.2124,12.753,23.374,0.212,-0.061
573.17,12.930,23.432,0.2121,12.787,23.381,0.202,-0.061
573.37,12.959,23.438,0.2118,12.816,23.387,0.185,-0.060
573.57,12.986,23.443,0.2116,12.842,23.392,0.169,-0.060
573.77,13.012,23.448,0.2114,12.867,23.397,0.160,-0.058
573.97,13.036,23.453,0.2113,12.890,23.401,0.153,-0.060
574.17,13.057,23.458,0.2113,12.910,23.405,0.186,-0.067
574.37,13.078,23.462,0.2112,12.930,23.409,0.182,-0.062
574.57,13.102,23.468,0.2110,12.952,23.414,0.180,-0.056
574.77,13.126,23.472,0.2111,12.975,23.417,0.182,-0.058
574.97,13.152,23.478,0.2109,13.000,23.422,0.186,-0.058
575.17,13.180,23.483,0.2108,13.026,23.427,0.191,-0.058
575.37,13.207,23.489,0.2107,13.052,23.432,0.190,-0.058
575.57,13.236,23.495,0.2106,13.079,23.437,0.192,-0.058
575.77,13.263,23.501,0.2106,13.106,23.442,0.191,-0.059
575.97,13.291,23.506,0.2106,13.133,23.446,0.188,-0.060
576.17,13.317,23.512,0.2107,13.159,23.451,0.182,-0.061
576.37,13.342,23.517,0.2109,13.182,23.456,0.176,-0.063
576.57,13.366,23.522,0.2111,13.205,23.460,0.171,-0.063
576.77,13.389,23.527,0.2114,13.228,23.464,0.167,-0.063
576.97,13.411,23.531,0.2117,13.248,23.469,0.161,-0.061
577.17,13.432,23.536,0.2119,13.268,23.472,0.156,-0.062
577.37,13.452,23.540,0.2122,13.287,23.476,0.152,-0.063
577.57,13.471,23.544,0.2126,13.305,23.479,0.147,-0.062
577.77,13.490,23.548,0.2129,13.323,23.483,0.143,-0.061
577.97,13.508,23.552,0.2131,13.340,23.486,0.141,-0.061
578.17,13.525,23.556,0.2133,13.356,23.489,0.137,-0.069
578.37,13.543,23.560,0.2136,13.373,23.492,0.137,-0.073
578.57,13.558,23.563,0.2138,13.387,23.495,0.133,-0.067
578.77,13.570,23.566,0.2109,13.399,23.496,0.123,-0.072
578.97,13.583,23.567,0.2071,13.411,23.496,0.119,-0.090
579.17,13.597,23.570,0.2071,13.423,23.498,0.119,-0.078
579.37,13.608,23.569,0.1980,13.433,23.497,0.114,-0.081
579.57,13.621,23.562,0.1739,13.445,23.488,0.116,-0.155
579.77,13.637,23.556,0.1549,13.460,23.480,0.122,-0.166
579.97,13.652,23.546,0.1246,13.475,23.470,0.128,-0.180
580.17,13.659,23.533,0.0710,13.484,23.456,0.159,-0.282
580.37,13.669,23.510,0.0071,13.494,23.434,0.143,-0.251
580.57,13.677,23.475,-0.0789,13.503,23.400,0.150,-0.313
580.77,13.680,23.445,-0.1551,13.507,23.368,0.143,-0.312
580.97,13.679,23.414,-0.2359,13.507,23.336,0.135,-0.295
581.17,13.675,23.379,-0.3302,13.504,23.300,0.133,-0.329
581.37,13.670,23.341,-0.4235,13.499,23.262,0.143,-0.349
581.57,13.668,23.304,-0.5212,13.496,23.224,0.156,-0.326
581.77,13.676,23.281,-0.6386,13.502,23.200,0.165,-0.362
581.97,13.693,23.260,-0.7652,13.518,23.181,0.174,-0.414
582.17,13.712,23.220,-0.8588,13.536,23.143,0.198,-0.335
582.37,13.742,23.197,-0.9144,13.564,23.118,0.208,-0.189
582.57,13.771,23.178,-0.9687,13.593,23.099,0.206,-0.141
582.77,13.792,23.147,-1.0245,13.619,23.070,0.220,-0.143
582.97,13.800,23.115,-1.0499,13.627,23.037,0.211,-0.051
583.17,13.807,23.086,-1.0715,13.633,23.008,0.193,-0.001
583.37,13.818,23.059,-1.0806,13.640,22.982,0.178,0.034
583.57,13.836,23.024,-1.0807,13.657,22.949,0.190,0.094
583.77,13.855,22.991,-1.0807,13.676,22.916,0.199,0.112
583.97,13.871,22.959,-1.0788,13.692,22.883,0.198,0.120
584.17,13.881,22.930,-1.0647,13.702,22.854,0.179,0.184
584.37,13.886,22.906,-1.0452,13.706,22.829,0.164,0.203
584.57,13.892,22.879,-1.0209,13.711,22.803,0.157,0.196
584.77,13.899,22.849,-0.9914,13.717,22.774,0.162,0.199
584.97,13.908,22.814,-0.9548,13.725,22.739,0.174,0.223
585.17,13.919,22.773,-0.9147,13.734,22.700,0.188,0.275
585.37,13.937,22.718,-0.8607,13.750,22.647,0.227,0.322
585.57,13.965,22.648,-0.7883,13.774,22.579,0.283,0.384
585.77,14.007,22.563,-0.6973,13.811,22.496,0.348,0.451
585.97,14.063,22.474,-0.5966,13.864,22.406,0.440,0.386
586.17,14.119,22.416,-0.4666,13.921,22.340,0.437,0.505
586.37,14.173,22.381,-0.3587,13.977,22.302,0.373,0.466
586.57,14.230,22.353,-0.2525,14.034,22.272,0.325,0.428
586.77,14.291,22.326,-0.1350,14.095,22.245,0.347,0.450
586.97,14.350,22.290,-0.0017,14.152,22.211,0.349,0.479
587.17,14.416,22.251,0.1463,14.215,22.173,0.326,0.575
587.37,14.468,22.216,0.3623,14.270,22.138,0.287,0.786
587.57,14.513,22.189,0.5611,14.316,22.110,0.226,0.803
587.77,14.569,22.197,0.6333,14.373,22.114,0.219,0.447
587.97,14.618,22.209,0.6960,14.423,22.125,0.211,0.228
588.17,14.662,22.224,0.7440,14.469,22.139,0.195,0.167
588.37,14.705,22.243,0.7890,14.513,22.158,0.181,0.120
588.57,14.756,22.269,0.8403,14.563,22.181,0.181,0.139
588.77,14.809,22.303,0.8859,14.619,22.212,0.207,0.153
588.97,14.856,22.336,0.9283,14.669,22.245,0.224,0.132
589.17,14.905,22.373,0.9779,14.721,22.280,0.230,0.139
589.37,14.957,22.416,1.0301,14.774,22.322,0.231,0.156
589.57,14.983,22.441,1.0645,14.806,22.350,0.174,0.121
589.77,15.005,22.452,1.1099,14.830,22.361,0.106,0.127
589.97,15.028,22.459,1.1565,14.856,22.366,0.070,0.174
590.17,15.043,22.465,1.1897,14.874,22.371,0.050,0.143
590.37,15.058,22.463,1.2277,14.890,22.370,0.031,0.139
590.57,15.064,22.447,1.2532,14.899,22.356,-0.008,0.125
590.77,15.065,22.420,1.2780,14.904,22.328,-0.049,0.105
590.97,15.069,22.390,1.3054,14.908,22.297,-0.083,0.086
591.17,15.072,22.359,1.3312,14.913,22.264,-0.090,0.084
591.37,15.073,22.340,1.3471,14.916,22.241,-0.079,0.053
591.57,15.075,22.327,1.3607,14.920,22.227,-0.048,0.017
591.77,15.078,22.313,1.3733,14.927,22.212,-0.041,0.005
591.97,15.076,22.302,1.3740,14.927,22.201,-0.042,-0.047
592.17,15.075,22.293,1.3740,14.925,22.192,-0.041,-0.087
592.37,15.073,22.284,1.3738,14.924,22.183,-0.037,-0.107
592.57,15.063,22.266,1.3591,14.914,22.166,-0.049,-0.179
592.77,15.047,22.240,1.3351,14.896,22.141,-0.068,-0.233
592.97,15.026,22.208,1.3019,14.874,22.110,-0.091,-0.241
593.17,14.995,22.167,1.2547,14.843,22.070,-0.115,-0.267
593.37,14.953,22.119,1.1969,14.802,22.023,-0.138,-0.297
593.57,14.907,22.072,1.1352,14.755,21.975,-0.143,-0.359
593.77,14.860,22.030,1.0758,14.708,21.933,-0.134,-0.404
593.97,14.812,21.993,1.0156,14.660,21.895,-0.141,-0.369
594.17,14.760,21.959,0.9526,14.609,21.861,-0.129,-0.357
594.37,14.705,21.928,0.8881,14.554,21.829,-0.142,-0.276
594.57,14.649,21.902,0.8241,14.498,21.802,-0.134,-0.295
594.77,14.595,21.880,0.7634,14.443,21.780,-0.127,-0.344
594.97,14.547,21.862,0.7123,14.393,21.761,-0.103,-0.331
595.17,14.513,21.853,0.6742,14.355,21.750,-0.049,-0.294
595.37,14.502,21.849,0.6237,14.340,21.746,0.013,-0.247
595.57,14.512,21.841,0.4850,14.347,21.739,0.078,-0.524
595.77,14.537,21.836,0.4279,14.369,21.733,0.124,-0.484
595.97,14.577,21.835,0.3845,14.406,21.732,0.180,-0.287
596.17,14.618,21.834,0.3341,14.448,21.731,0.214,-0.271
596.37,14.642,21.845,0.2987,14.472,21.742,0.193,-0.288
596.57,14.661,21.849,0.2628,14.492,21.747,0.167,-0.230
596.77,14.679,21.841,0.1476,14.510,21.742,0.152,-0.360
596.97,14.700,21.826,0.0268,14.531,21.728,0.162,-0.526
597.17,14.715,21.812,-0.0886,14.547,21.714,0.163,-0.498
597.37,14.722,21.797,-0.3082,14.555,21.699,0.162,-0.697
597.57,14.720,21.767,-0.5402,14.556,21.673,0.140,-0.910
597.77,14.721,21.746,-0.7790,14.552,21.645,0.129,-0.959
597.97,14.764,21.779,-0.9311,14.585,21.678,0.114,-0.698
598.17,14.796,21.846,-1.0812,14.619,21.741,0.025,-0.630
598.37,14.794,21.902,-1.1485,14.620,21.795,-0.065,-0.335
598.57,14.795,21.948,-1.2030,14.621,21.842,-0.062,-0.205
598.77,14.798,21.978,-1.2453,14.622,21.875,-0.019,-0.144
598.97,14.800,22.006,-1.2776,14.626,21.904,0.004,-0.110
599.17,14.803,22.035,-1.3056,14.631,21.934,0.007,-0.097
599.37,14.805,22.058,-1.3260,14.636,21.959,0.012,-0.069
599.57,14.807,22.077,-1.3405,14.641,21.980,0.008,0.036
599.77,14.807,22.090,-1.3480,14.645,21.996,0.014,0.014
599.97,14.807,22.092,-1.3511,14.648,22.002,0.042,0.075
600.17,14.809,22.087,-1.3498,14.648,21.999,0.060,0.127
600.37,14.808,22.071,-1.3389,14.647,21.984,0.086,0.167
600.57,14.805,22.045,-1.3151,14.643,21.958,0.112,0.229
600.77,14.800,22.008,-1.2803,14.637,21.923,0.140,0.286
600.97,14.797,21.962,-1.2353,14.633,21.878,0.168,0.329
601.17,14.796,21.906,-1.1775,14.630,21.823,0.237,0.298
601.37,14.800,21.838,-1.1063,14.633,21.757,0.278,0.372
601.57,14.806,21.770,-1.0331,14.638,21.689,0.290,0.391
601.77,14.821,21.701,-0.9426,14.651,21.618,0.305,0.417
601.97,14.846,21.643,-0.8299,14.674,21.558,0.330,0.560
602.17,14.877,21.585,-0.7091,14.704,21.500,0.323,0.570
602.37,14.921,21.520,-0.5608,14.744,21.436,0.353,0.622
602.57,14.979,21.452,-0.3918,14.799,21.367,0.394,0.696
602.77,15.048,21.385,-0.2133,14.864,21.298,0.436,0.670
602.97,15.148,21.398,-0.1261,14.968,21.299,0.441,0.407
603.17,15.237,21.426,-0.0317,15.060,21.324,0.421,0.345
603.37,15.307,21.455,0.0441,15.133,21.351,0.352,0.267
603.57,15.352,21.477,0.0940,15.183,21.375,0.272,0.180
603.77,15.372,21.486,0.1167,15.206,21.387,0.174,0.084
603.97,15.398,21.474,0.1654,15.229,21.380,0.138,0.220
604.17,15.438,21.468,0.2007,15.266,21.370,0.196,0.166
604.37,15.472,21.464,0.2301,15.301,21.365,0.220,0.103
604.57,15.500,21.462,0.2593,15.330,21.361,0.203,-0.023
604.77,15.528,21.463,0.2785,15.358,21.360,0.179,-0.013
604.97,15.565,21.473,0.2802,15.393,21.368,0.182,-0.046
605.17,15.601,21.483,0.2801,15.429,21.378,0.196,-0.085
605.37,15.634,21.493,0.2800,15.463,21.387,0.194,-0.093
605.57,15.668,21.501,0.2771,15.497,21.396,0.190,-0.108
605.77,15.699,21.505,0.2666,15.528,21.399,0.194,-0.046
605.97,15.726,21.509,0.2567,15.556,21.401,0.191,-0.092
606.17,15.755,21.512,0.2477,15.584,21.403,0.187,-0.093
606.37,15.788,21.521,0.2466,15.616,21.411,0.202,-0.046
606.57,15.814,21.525,0.2411,15.643,21.415,0.193,-0.063
606.77,15.845,21.533,0.2406,15.672,21.422,0.188,-0.053
606.97,15.884,21.542,0.2397,15.710,21.430,0.205,-0.042
607.17,15.926,21.551,0.2358,15.753,21.436,0.220,-0.060
607.37,15.964,21.559,0.2351,15.793,21.443,0.221,-0.058
607.57,16.001,21.569,0.2349,15.830,21.452,0.235,-0.043
607.77,16.035,21.577,0.2344,15.864,21.461,0.243,-0.059
607.97,16.073,21.586,0.2343,15.901,21.470,0.236,-0.047
608.17,16.116,21.597,0.2340,15.943,21.481,0.245,-0.045
608.37,16.163,21.610,0.2340,15.988,21.493,0.253,-0.047
608.57,16.210,21.621,0.2338,16.035,21.504,0.263,-0.049
608.77,16.260,21.633,0.2335,16.085,21.515,0.268,-0.049
608.97,16.305,21.643,0.2332,16.131,21.525,0.260,-0.052
609.17,16.350,21.654,0.2330,16.176,21.535,0.247,-0.053
609.37,16.394,21.664,0.2328,16.219,21.545,0.240,-0.054
609.57,16.435,21.674,0.2325,16.260,21.554,0.225,-0.055
609.77,16.471,21.682,0.2323,16.296,21.563,0.213,-0.056
609.97,16.505,21.690,0.2320,16.329,21.570,0.191,-0.055
610.17,16.533,21.697,0.2317,16.357,21.577,0.177,-0.054
610.37,16.560,21.703,0.2315,16.383,21.583,0.167,-0.055
610.57,16.587,21.710,0.2314,16.410,21.589,0.162,-0.055
610.77,16.613,21.716,0.2312,16.435,21.595,0.202,-0.069
610.97,16.637,21.722,0.2312,16.458,21.600,0.196,-0.062
611.17,16.664,21.729,0.2308,16.483,21.606,0.192,-0.055
611.37,16.691,21.735,0.2309,16.510,21.611,0.193,-0.058
611.57,16.720,21.742,0.2307,16.537,21.617,0.194,-0.056
611.77,16.750,21.749,0.2305,16.566,21.624,0.198,-0.057
611.97,16.780,21.756,0.2303,16.595,21.630,0.198,-0.058
612.17,16.814,21.763,0.2297,16.627,21.638,0.201,-0.064
612.37,16.845,21.771,0.2290,16.658,21.645,0.203,-0.066
612.57,16.871,21.777,0.2285,16.683,21.652,0.191,-0.064
612.77,16.896,21.783,0.2278,16.707,21.658,0.178,-0.064
612.97,16.920,21.788,0.2271,16.730,21.664,0.171,-0.065
613.17,16.941,21.794,0.2264,16.751,21.669,0.165,-0.064
613.37,16.962,21.798,0.2258,16.770,21.673,0.156,-0.059
613.57,16.980,21.803,0.2251,16.787,21.676,0.149,-0.057
613.77,16.999,21.807,0.2245,16.804,21.680,0.145,-0.056
613.97,17.019,21.812,0.2240,16.823,21.684,0.148,-0.054
614.17,17.040,21.816,0.2237,16.842,21.688,0.149,-0.055
614.37,17.060,21.821,0.2234,16.861,21.693,0.148,-0.060
614.57,17.082,21.827,0.2232,16.882,21.698,0.150,-0.066
614.77,17.104,21.831,0.2228,16.903,21.703,0.152,-0.066
614.97,17.122,21.836,0.2224,16.921,21.708,0.145,-0.064
615.17,17.139,21.840,0.2218,16.936,21.713,0.134,-0.066
615.37,17.156,21.844,0.2212,16.951,21.716,0.129,-0.067
615.57,17.172,21.848,0.2207,16.966,21.720,0.126,-0.060
615.77,17.185,21.851,0.2194,16.978,21.724,0.119,-0.067
615.97,17.197,21.855,0.2174,16.989,21.729,0.115,-0.085
616.17,17.211,21.858,0.2165,17.001,21.733,0.152,-0.081
616.37,17.222,21.862,0.2109,17.011,21.738,0.153,-0.082
616.57,17.237,21.868,0.2051,17.023,21.746,0.150,-0.107
616.77,17.250,21.874,0.1966,17.034,21.753,0.151,-0.106
616.97,17.261,21.878,0.1876,17.045,21.758,0.149,-0.108
617.17,17.274,21.883,0.1785,17.057,21.763,0.147,-0.122
617.37,17.282,21.886,0.1661,17.064,21.766,0.138,-0.127
617.57,17.298,21.893,0.1481,17.079,21.773,0.148,-0.167
617.77,17.314,21.892,0.1387,17.093,21.772,0.152,-0.146
617.97,17.330,21.891,0.1252,17.109,21.770,0.156,-0.154
618.17,17.350,21.889,0.1078,17.127,21.766,0.163,-0.173
618.37,17.371,21.885,0.0898,17.148,21.761,0.170,-0.178
618.57,17.394,21.881,0.0695,17.169,21.756,0.173,-0.185
618.77,17.422,21.874,0.0425,17.197,21.748,0.183,-0.195
618.97,17.451,21.865,0.0140,17.226,21.739,0.196,-0.195
619.17,17.483,21.853,-0.0186,17.258,21.727,0.202,-0.195
619.37,17.527,21.834,-0.0631,17.300,21.708,0.243,-0.210
619.57,17.578,21.809,-0.1150,17.350,21.683,0.263,-0.210
619.77,17.632,21.779,-0.1722,17.404,21.653,0.288,-0.218
619.97,17.668,21.758,-0.2348,17.445,21.629,0.271,-0.226
620.17,17.695,21.730,-0.2930,17.472,21.601,0.232,-0.209
620.37,17.732,21.701,-0.3370,17.508,21.572,0.227,-0.164
620.57,17.769,21.669,-0.3812,17.544,21.540,0.232,-0.138
620.77,17.801,21.638,-0.4230,17.576,21.508,0.229,-0.125
620.97,17.829,21.611,-0.4564,17.604,21.479,0.277,-0.078
621.17,17.855,21.587,-0.4841,17.629,21.452,0.252,-0.049
621.37,17.881,21.564,-0.5051,17.654,21.427,0.221,-0.028
621.57,17.920,21.542,-0.5064,17.690,21.405,0.227,0.035
621.77,17.960,21.520,-0.5065,17.730,21.383,0.239,0.073
621.97,17.998,21.499,-0.5065,17.768,21.362,0.243,0.087
622.17,18.039,21.477,-0.5056,17.808,21.340,0.243,0.095
622.37,18.081,21.452,-0.5017,17.849,21.315,0.276,0.011
622.57,18.124,21.426,-0.4947,17.891,21.288,0.277,0.062
622.77,18.169,21.400,-0.4897,17.936,21.261,0.276,0.072
622.97,18.219,21.373,-0.4895,17.985,21.235,0.282,0.044
623.17,18.271,21.344,-0.4860,18.036,21.205,0.293,0.055
623.37,18.325,21.314,-0.4827,18.091,21.173,0.312,0.065
623.57,18.381,21.284,-0.4800,18.146,21.142,0.305,0.061
623.77,18.443,21.251,-0.4771,18.207,21.109,0.375,0.093
623.97,18.505,21.219,-0.4750,18.270,21.074,0.374,0.089
624.17,18.567,21.186,-0.4724,18.332,21.041,0.359,0.086
624.37,18.636,21.151,-0.4686,18.400,21.005,0.358,0.094
624.57,18.709,21.114,-0.4647,18.473,20.967,0.369,0.099
624.77,18.786,21.072,-0.4574,18.549,20.924,0.383,0.113
624.97,18.868,21.027,-0.4481,18.631,20.877,0.399,0.131
625.17,18.951,20.983,-0.4363,18.715,20.831,0.405,0.152
625.37,19.040,20.939,-0.4239,18.803,20.785,0.461,0.150
625.57,19.134,20.888,-0.4016,18.895,20.733,0.481,0.190
625.77,19.234,20.836,-0.3705,18.994,20.678,0.506,0.097
625.97,19.344,20.784,-0.3419,19.103,20.624,0.520,0.137
626.17,19.442,20.749,-0.3362,19.203,20.586,0.495,0.085
626.37,19.530,20.718,-0.3323,19.293,20.554,0.458,0.041
626.57,19.615,20.688,-0.3298,19.377,20.524,0.454,0.054
626.77,19.711,20.656,-0.3288,19.471,20.492,0.468,0.056
626.97,19.797,20.626,-0.3287,19.558,20.463,0.441,0.066
627.17,19.890,20.595,-0.3282,19.651,20.432,0.433,0.063
627.37,19.981,20.564,-0.3274,19.744,20.402,0.440,0.057
627.57,20.071,20.535,-0.3265,19.835,20.371,0.424,0.065
627.77,20.160,20.505,-0.3257,19.926,20.341,0.411,0.069
627.97,20.248,20.474,-0.3242,20.014,20.309,0.470,0.086
628.17,20.336,20.444,-0.3217,20.103,20.277,0.443,0.096
628.37,20.428,20.412,-0.3196,20.195,20.245,0.431,0.100
628.57,20.524,20.379,-0.3159,20.291,20.212,0.433,0.099
628.77,20.622,20.346,-0.3100,20.389,20.177,0.439,0.118
628.97,20.724,20.311,-0.3033,20.492,20.140,0.447,0.131
629.17,20.829,20.275,-0.2931,20.597,20.102,0.539,0.030
629.37,20.941,20.237,-0.2793,20.709,20.062,0.535,0.072
629.57,21.050,20.206,-0.2749,20.820,20.028,0.528,0.066
629.77,21.155,20.175,-0.2740,20.926,19.997,0.495,0.031
629.97,21.270,20.142,-0.2711,21.040,19.962,0.492,0.029
630.17,21.374,20.114,-0.2706,21.148,19.932,0.559,0.069
630.37,21.470,20.087,-0.2705,21.245,19.905,0.497,0.040
630.57,21.570,20.059,-0.2701,21.342,19.877,0.461,0.046
630.77,21.673,20.030,-0.2699,21.445,19.848,0.457,0.050
630.97,21.767,20.003,-0.2698,21.541,19.821,0.440,0.049
631.17,21.857,19.979,-0.2695,21.632,19.797,0.415,0.055
631.37,21.944,19.955,-0.2692,21.719,19.773,0.455,0.072
631.57,22.030,19.931,-0.2688,21.806,19.750,0.443,0.082
631.77,22.116,19.908,-0.2681,21.892,19.727,0.417,0.101
631.97,22.207,19.883,-0.2666,21.983,19.703,0.410,0.102
632.17,22.300,19.858,-0.2648,22.076,19.677,0.415,0.105
632.37,22.391,19.833,-0.2621,22.168,19.653,0.402,0.165
632.57,22.478,19.810,-0.2595,22.256,19.630,0.391,0.192
632.77,22.568,19.787,-0.2561,22.346,19.607,0.364,0.185
632.97,22.655,19.771,-0.2393,22.433,19.590,0.390,0.158
633.17,22.732,19.768,-0.2030,22.511,19.586,0.392,0.247
633.37,22.805,19.771,-0.1622,22.585,19.590,0.346,0.303
633.57,22.863,19.772,-0.1355,22.644,19.591,0.319,0.252
633.77,22.908,19.782,-0.0947,22.691,19.601,0.293,0.284
633.97,22.942,19.791,-0.0628,22.726,19.612,0.245,0.272
634.17,22.966,19.798,-0.0394,22.751,19.619,0.197,0.174
634.37,22.992,19.805,-0.0116,22.775,19.628,0.189,0.220
634.57,23.020,19.814,0.0158,22.801,19.639,0.195,0.230
634.77,23.042,19.821,0.0351,22.823,19.648,0.158,0.165
634.97,23.061,19.822,0.0637,22.842,19.651,0.132,0.167
635.17,23.085,19.823,0.0954,22.864,19.653,0.181,0.192
635.37,23.103,19.821,0.1119,22.881,19.650,0.187,0.164
635.57,23.127,19.816,0.1357,22.904,19.644,0.191,0.183
635.77,23.157,19.811,0.1618,22.932,19.638,0.201,0.179
635.97,23.189,19.806,0.1905,22.963,19.633,0.211,0.173
636.17,23.220,19.803,0.2193,22.995,19.628,0.217,0.173
636.37,23.248,19.801,0.2429,23.023,19.625,0.216,0.200
636.57,23.275,19.801,0.2658,23.049,19.624,0.208,0.187
636.77,23.304,19.800,0.2907,23.078,19.622,0.204,0.178
636.97,23.333,19.801,0.3164,23.106,19.621,0.203,0.178
637.17,23.361,19.802,0.3423,23.134,19.620,0.202,0.181
637.37,23.388,19.803,0.3665,23.161,19.621,0.200,0.176
637.57,23.416,19.805,0.3914,23.188,19.621,0.196,0.171
637.77,23.444,19.808,0.4173,23.216,19.623,0.222,0.132
637.97,23.472,19.812,0.4425,23.244,19.625,0.228,0.132
638.17,23.498,19.817,0.4625,23.270,19.628,0.222,0.128
638.37,23.527,19.824,0.4812,23.298,19.634,0.188,0.182
638.57,23.562,19.833,0.5067,23.331,19.641,0.206,0.150
638.77,23.601,19.840,0.5430,23.369,19.647,0.220,0.167
638.97,23.629,19.853,0.5731,23.401,19.657,0.221,0.175
639.17,23.639,19.864,0.5828,23.413,19.669,0.185,0.126
639.37,23.662,19.867,0.6232,23.433,19.672,0.167,0.149
639.57,23.691,19.876,0.6652,23.460,19.681,0.180,0.219
639.77,23.708,19.891,0.6829,23.478,19.695,0.183,0.184
639.97,23.721,19.909,0.7011,23.491,19.712,0.174,0.088
640.17,23.733,19.929,0.7223,23.503,19.732,0.190,0.048
640.37,23.748,19.944,0.7254,23.516,19.747,0.201,0.005
640.57,23.769,19.962,0.7257,23.534,19.764,0.200,-0.010
640.77,23.798,19.988,0.7257,23.562,19.789,0.227,-0.012
640.97,23.827,20.014,0.7257,23.591,19.815,0.246,-0.011
641.17,23.858,20.042,0.7256,23.622,19.842,0.254,-0.010
641.37,23.893,20.073,0.7256,23.655,19.873,0.265,-0.011
641.57,23.930,20.105,0.7256,23.692,19.905,0.277,-0.012
641.77,23.968,20.139,0.7256,23.730,19.939,0.285,-0.013
641.97,24.008,20.175,0.7256,23.770,19.975,0.291,-0.014
642.17,24.050,20.211,0.7256,23.812,20.011,0.297,-0.015
642.37,24.092,20.248,0.7256,23.854,20.048,0.286,-0.067
642.57,24.135,20.285,0.7256,23.897,20.086,0.327,-0.069
642.77,24.179,20.323,0.7254,23.941,20.123,0.330,-0.058
642.97,24.223,20.362,0.7245,23.986,20.162,0.326,-0.064
643.17,24.263,20.398,0.7241,24.026,20.196,0.308,-0.064
643.37,24.305,20.434,0.7237,24.067,20.232,0.299,-0.062
643.57,24.345,20.471,0.7228,24.106,20.267,0.259,0.022
643.77,24.391,20.512,0.7218,24.151,20.307,0.317,-0.042
643.97,24.439,20.554,0.7207,24.200,20.351,0.341,-0.029
644.17,24.480,20.591,0.7206,24.241,20.388,0.325,-0.014
644.37,24.530,20.634,0.7206,24.289,20.430,0.328,-0.011
644.57,24.580,20.678,0.7205,24.340,20.474,0.337,-0.010
644.77,24.631,20.721,0.7206,24.390,20.517,0.321,-0.064
644.97,24.680,20.764,0.7205,24.440,20.560,0.315,-0.054
645.17,24.730,20.807,0.7203,24.491,20.604,0.312,-0.055
645.37,24.771,20.843,0.7199,24.532,20.640,0.338,-0.075
645.57,24.813,20.880,0.7196,24.573,20.676,0.318,-0.069
645.77,24.854,20.915,0.7192,24.614,20.711,0.301,-0.063
645.97,24.889,20.946,0.7188,24.649,20.740,0.278,-0.061
646.17,24.926,20.978,0.7185,24.685,20.770,0.266,-0.061
646.37,24.962,21.009,0.7181,24.721,20.800,0.260,-0.061
646.57,24.995,21.037,0.7178,24.753,20.828,0.246,-0.073
646.77,25.028,21.066,0.7172,24.786,20.857,0.239,-0.075
646.97,25.062,21.095,0.7161,24.818,20.884,0.236,-0.081
647.17,25.098,21.125,0.7128,24.855,20.913,0.240,-0.092
647.37,25.142,21.158,0.7039,24.900,20.944,0.258,-0.121
647.57,25.182,21.188,0.6958,24.942,20.974,0.262,-0.131
647.77,25.220,21.214,0.6848,24.982,21.000,0.247,-0.143
647.97,25.254,21.233,0.6660,25.017,21.018,0.221,-0.159
648.17,25.288,21.248,0.6439,25.051,21.033,0.201,-0.175
648.37,25.318,21.259,0.6201,25.081,21.043,0.185,-0.173
648.57,25.347,21.267,0.5934,25.111,21.050,0.174,-0.164
648.77,25.373,21.274,0.5683,25.137,21.056,0.166,-0.143
648.97,25.395,21.280,0.5471,25.160,21.061,0.193,-0.119
649.17,25.419,21.286,0.5254,25.184,21.066,0.193,-0.115
649.37,25.432,21.292,0.5156,25.199,21.070,0.164,-0.084
649.57,25.441,21.302,0.5016,25.206,21.080,0.149,-0.094
649.77,25.453,21.314,0.4877,25.215,21.094,0.155,-0.125
649.97,25.461,21.321,0.4815,25.222,21.101,0.148,-0.097
650.17,25.468,21.334,0.4513,25.227,21.115,0.146,-0.147
650.37,25.475,21.348,0.4185,25.232,21.130,0.147,-0.193
650.57,25.486,21.361,0.3956,25.241,21.145,0.154,-0.167
650.77,25.499,21.369,0.3737,25.254,21.154,0.163,-0.162
650.97,25.507,21.377,0.3127,25.261,21.161,0.154,-0.217
651.17,25.523,21.388,0.2731,25.275,21.173,0.166,-0.229
651.37,25.538,21.390,0.2573,25.291,21.176,0.169,-0.112
651.57,25.554,21.389,0.2276,25.306,21.174,0.164,-0.122
651.77,25.577,21.388,0.2066,25.328,21.172,0.174,-0.100
651.97,25.591,21.391,0.1971,25.343,21.173,0.171,-0.050
652.17,25.606,21.397,0.1815,25.357,21.179,0.162,-0.072
652.37,25.627,21.400,0.1794,25.374,21.181,0.166,-0.055
652.57,25.657,21.406,0.1785,25.403,21.187,0.191,-0.012
652.77,25.693,21.408,0.1678,25.439,21.187,0.213,-0.042
652.97,25.729,21.413,0.1658,25.476,21.191,0.224,-0.030
653.17,25.767,21.419,0.1658,25.514,21.197,0.233,0.007
653.37,25.811,21.427,0.1658,25.556,21.204,0.244,0.021
653.57,25.857,21.435,0.1659,25.602,21.212,0.250,0.016
653.77,25.906,21.447,0.1661,25.652,21.224,0.276,0.023
653.97,25.954,21.455,0.1661,25.700,21.232,0.303,0.027
654.17,26.004,21.463,0.1661,25.749,21.240,0.292,0.029
654.37,26.062,21.473,0.1661,25.806,21.249,0.295,0.030
654.57,26.120,21.483,0.1661,25.864,21.259,0.303,0.030
654.77,26.178,21.493,0.1661,25.922,21.268,0.302,0.032
654.97,26.237,21.503,0.1662,25.981,21.278,0.299,0.032
655.17,26.297,21.515,0.1662,26.041,21.290,0.298,0.033
655.37,26.356,21.525,0.1663,26.100,21.300,0.292,0.034
655.57,26.413,21.535,0.1663,26.158,21.311,0.281,0.035
655.77,26.471,21.544,0.1663,26.216,21.320,0.292,0.040
655.97,26.526,21.553,0.1663,26.271,21.330,0.287,0.047
656.17,26.580,21.563,0.1663,26.326,21.339,0.275,0.049
656.37,26.636,21.572,0.1664,26.382,21.348,0.268,0.051
656.57,26.692,21.581,0.1665,26.438,21.358,0.248,0.052
656.77,26.744,21.591,0.1668,26.491,21.367,0.238,0.061
656.97,26.791,21.600,0.1673,26.539,21.376,0.209,0.061
657.17,26.831,21.607,0.1679,26.580,21.383,0.184,0.058
657.37,26.863,21.612,0.1681,26.611,21.389,0.151,0.056
657.57,26.893,21.617,0.1683,26.641,21.395,0.128,0.056
657.77,26.918,21.621,0.1685,26.666,21.399,0.119,0.068
657.97,26.939,21.625,0.1687,26.687,21.404,0.106,0.073
658.17,26.954,21.627,0.1690,26.701,21.406,0.100,0.072
658.37,26.964,21.630,0.1703,26.710,21.410,0.086,0.076
658.57,26.975,21.635,0.1803,26.719,21.416,0.084,0.113
658.77,26.986,21.638,0.1864,26.729,21.421,0.096,0.129
658.97,26.992,21.642,0.2010,26.735,21.425,0.097,0.115
659.17,27.002,21.650,0.2406,26.743,21.433,0.103,0.217
659.37,27.014,21.659,0.2646,26.756,21.442,0.114,0.208
659.57,27.026,21.667,0.3065,26.767,21.451,0.117,0.204
659.77,27.037,21.677,0.3911,26.778,21.460,0.119,0.341
659.97,27.047,21.690,0.4698,26.788,21.472,0.120,0.384
660.17,27.062,21.703,0.5577,26.801,21.484,0.127,0.368
660.37,27.077,21.714,0.6990,26.816,21.495,0.138,0.498
660.57,27.092,21.731,0.8652,26.831,21.511,0.148,0.673
660.77,27.114,21.771,0.9774,26.852,21.546,0.189,0.602
660.97,27.148,21.806,1.0440,26.883,21.581,0.231,0.363
661.17,27.193,21.841,1.1127,26.927,21.614,0.233,0.210
661.37,27.247,21.891,1.1917,26.980,21.660,0.236,0.217
661.57,27.297,21.956,1.2655,27.032,21.722,0.247,0.263
661.77,27.322,21.991,1.2808,27.080,21.787,0.233,0.239
661.97,27.255,21.895,1.2529,27.019,21.705,-0.167,0.030
662.17,27.237,21.789,1.1451,26.994,21.594,-0.249,-0.397
662.37,27.223,21.689,1.0270,26.983,21.487,-0.232,-0.565
662.57,27.164,21.603,0.8696,26.932,21.403,-0.206,-0.530
662.77,27.098,21.567,0.7922,26.865,21.359,-0.178,-0.398
662.97,27.032,21.543,0.7176,26.799,21.332,-0.123,-0.315
663.17,26.973,21.527,0.6524,26.738,21.313,-0.138,-0.092
663.37,26.918,21.514,0.5954,26.682,21.300,-0.144,-0.163
663.57,26.877,21.506,0.5550,26.639,21.293,-0.117,-0.207
663.77,26.841,21.498,0.5263,26.600,21.286,-0.076,-0.196
663.97,26.809,21.492,0.4966,26.567,21.280,-0.075,-0.138
664.17,26.777,21.488,0.4658,26.535,21.277,-0.034,-0.035
664.37,26.743,21.484,0.4369,26.500,21.274,-0.017,-0.065
664.57,26.719,21.480,0.4214,26.472,21.272,-0.009,-0.064
664.77,26.713,21.477,0.4215,26.464,21.269,0.016,0.002
664.97,26.704,21.473,0.4229,26.454,21.264,0.030,0.044
665.17,26.702,21.471,0.4231,26.450,21.261,0.037,0.052
665.37,26.707,21.473,0.4235,26.454,21.262,0.068,0.051
665.57,26.716,21.477,0.4243,26.463,21.265,0.080,0.069
665.77,26.729,21.483,0.4245,26.475,21.269,0.089,0.060
665.97,26.739,21.487,0.4265,26.486,21.273,0.089,0.061
666.17,26.753,21.491,0.4314,26.499,21.276,0.090,0.099
666.37,26.770,21.497,0.4368,26.516,21.280,0.094,0.109
666.57,26.789,21.501,0.4497,26.536,21.282,0.093,0.120
666.77,26.816,21.505,0.4708,26.562,21.284,0.120,0.149
666.97,26.843,21.510,0.4932,26.589,21.287,0.136,0.171
667.17,26.872,21.515,0.5188,26.619,21.291,0.118,0.212
667.37,26.904,21.521,0.5479,26.650,21.295,0.075,0.211
667.57,26.936,21.528,0.5791,26.684,21.301,0.062,0.178
667.77,26.966,21.535,0.6095,26.714,21.307,0.073,0.159
667.97,26.998,21.542,0.6441,26.746,21.314,0.092,0.150
668.17,27.033,21.552,0.6791,26.782,21.323,0.103,0.199
668.37,27.067,21.564,0.7120,26.817,21.333,0.104,0.198
668.57,27.103,21.578,0.7486,26.854,21.346,0.112,0.221
668.77,27.146,21.596,0.7932,26.896,21.363,0.119,0.226
668.97,27.191,21.618,0.8431,26.942,21.383,0.119,0.227
669.17,27.243,21.647,0.9013,26.994,21.409,0.108,0.267
669.37,27.303,21.684,0.9710,27.054,21.444,0.221,0.372
669.57,27.352,21.722,1.0555,27.108,21.482,0.224,0.397
669.77,27.371,21.755,1.1158,27.135,21.518,0.233,0.309
669.97,27.376,21.778,1.1541,27.141,21.543,0.261,0.186
670.17,27.380,21.806,1.2612,27.146,21.568,0.221,0.298
670.37,27.396,21.841,1.3081,27.160,21.603,0.224,0.226
670.57,27.419,21.876,1.3472,27.183,21.636,0.238,0.117
670.77,27.437,21.904,1.3837,27.203,21.665,0.236,0.077
670.97,27.450,21.932,1.4044,27.217,21.691,0.197,0.024
671.17,27.461,21.972,1.4157,27.230,21.727,0.193,0.012
671.37,27.469,22.019,1.4177,27.240,21.773,0.209,-0.027
671.57,27.475,22.059,1.4177,27.246,21.813,0.232,-0.066
671.77,27.481,22.098,1.4177,27.252,21.853,0.221,-0.083
671.97,27.487,22.139,1.4176,27.258,21.894,0.214,-0.089
672.17,27.493,22.182,1.4166,27.263,21.936,0.211,-0.103
672.37,27.500,22.224,1.4137,27.271,21.977,0.206,-0.110
672.57,27.507,22.260,1.4095,27.278,22.013,0.191,-0.119
672.77,27.516,22.290,1.4002,27.288,22.043,0.186,-0.161
672.97,27.526,22.318,1.3858,27.299,22.070,0.145,-0.205
673.17,27.540,22.342,1.3633,27.313,22.094,0.152,-0.221
673.37,27.557,22.369,1.3322,27.330,22.120,0.150,-0.217
673.57,27.578,22.398,1.2989,27.350,22.148,0.165,-0.248
673.77,27.600,22.428,1.2636,27.373,22.177,0.179,-0.274
673.97,27.622,22.454,1.2313,27.396,22.204,0.172,-0.266
674.17,27.642,22.477,1.2002,27.415,22.227,0.151,-0.219
674.37,27.664,22.501,1.1660,27.438,22.251,0.145,-0.217
674.57,27.688,22.525,1.1323,27.461,22.275,0.157,-0.235
674.77,27.714,22.550,1.0980,27.488,22.299,0.189,-0.263
674.97,27.740,22.572,1.0664,27.514,22.321,0.196,-0.265
675.17,27.765,22.592,1.0343,27.539,22.341,0.194,-0.236
675.37,27.797,22.615,0.9951,27.570,22.363,0.181,-0.250
675.57,27.837,22.642,0.9481,27.609,22.388,0.189,-0.280
675.77,27.881,22.669,0.8998,27.652,22.415,0.206,-0.307
675.97,27.923,22.691,0.8524,27.695,22.438,0.214,-0.312
676.17,27.964,22.710,0.8074,27.736,22.457,0.213,-0.299
676.37,27.998,22.728,0.7504,27.774,22.474,0.215,-0.299
676.57,28.018,22.753,0.7074,27.797,22.498,0.201,-0.302
676.77,28.038,22.780,0.6599,27.815,22.524,0.177,-0.260
676.97,28.068,22.795,0.6165,27.845,22.541,0.180,-0.295
677.17,28.097,22.801,0.5825,27.874,22.548,0.154,-0.307
677.37,28.131,22.807,0.5463,27.907,22.554,0.153,-0.315
677.57,28.172,22.813,0.5041,27.947,22.559,0.166,-0.292
677.77,28.211,22.816,0.4648,27.986,22.562,0.170,-0.269
677.97,28.245,22.818,0.4287,28.021,22.564,0.165,-0.239
678.17,28.278,22.820,0.3954,28.053,22.566,0.155,-0.212
678.37,28.310,22.821,0.3638,28.085,22.566,0.173,-0.116
678.57,28.341,22.820,0.3345,28.117,22.566,0.177,-0.129
678.77,28.370,22.823,0.3163,28.146,22.566,0.210,-0.152
678.97,28.389,22.824,0.3065,28.166,22.567,0.197,-0.128
679.17,28.403,22.826,0.2995,28.180,22.567,0.167,-0.096
679.37,28.418,22.839,0.2693,28.193,22.579,0.157,-0.138
679.57,28.442,22.862,0.2345,28.214,22.602,0.173,-0.187
679.77,28.465,22.877,0.2117,28.236,22.622,0.189,-0.149
679.97,28.496,22.889,0.2092,28.264,22.636,0.202,-0.092
680.17,28.535,22.901,0.2155,28.301,22.648,0.223,-0.019
680.37,28.579,22.911,0.2137,28.344,22.658,0.246,-0.033
680.57,28.624,22.920,0.2129,28.389,22.667,0.254,-0.053
680.77,28.671,22.930,0.2129,28.435,22.677,0.256,-0.046
680.97,28.722,22.941,0.2127,28.485,22.688,0.262,-0.046
681.17,28.776,22.953,0.2123,28.540,22.699,0.270,-0.054
681.37,28.828,22.964,0.2123,28.592,22.709,0.267,-0.054
681.57,28.883,22.976,0.2120,28.647,22.720,0.263,-0.056
681.77,28.941,22.988,0.2114,28.705,22.732,0.266,-0.064
681.97,28.996,22.999,0.2107,28.761,22.743,0.316,-0.077
682.17,29.052,23.011,0.2094,28.818,22.753,0.314,-0.075
682.37,29.112,23.023,0.2080,28.878,22.765,0.310,-0.072
682.57,29.167,23.034,0.2069,28.933,22.777,0.299,-0.071
682.77,29.221,23.046,0.2060,28.987,22.788,0.284,-0.069
682.97,29.274,23.057,0.2050,29.039,22.799,0.273,-0.073
683.17,29.325,23.067,0.2042,29.089,22.809,0.260,-0.076
683.37,29.372,23.077,0.2035,29.136,22.819,0.247,-0.077
683.57,29.411,23.085,0.2035,29.174,22.828,0.228,-0.071
683.77,29.446,23.092,0.2034,29.207,22.836,0.201,-0.066
683.97,29.479,23.099,0.2035,29.238,22.844,0.181,-0.066
684.17,29.508,23.105,0.2035,29.266,22.851,0.170,-0.065
684.37,29.536,23.111,0.2035,29.291,22.857,0.160,-0.065
684.57,29.561,23.116,0.2033,29.315,22.861,0.194,-0.066
684.77,29.584,23.121,0.2032,29.336,22.866,0.190,-0.072
684.97,29.613,23.127,0.2032,29.362,22.872,0.189,-0.065
685.17,29.640,23.132,0.2030,29.388,22.877,0.192,-0.064
685.37,29.664,23.137,0.2031,29.410,22.883,0.185,-0.062
685.57,29.691,23.143,0.2032,29.434,22.889,0.185,-0.062
685.77,29.718,23.148,0.2032,29.459,22.895,0.186,-0.063
685.97,29.745,23.154,0.2032,29.484,22.900,0.185,-0.064
686.17,29.773,23.160,0.2031,29.511,22.907,0.186,-0.067
686.37,29.800,23.165,0.2030,29.536,22.912,0.184,-0.067
686.57,29.825,23.171,0.2030,29.560,22.917,0.178,-0.066
686.77,29.849,23.176,0.2031,29.583,22.922,0.171,-0.066
686.97,29.871,23.180,0.2031,29.603,22.926,0.163,-0.065
687.17,29.893,23.184,0.2032,29.623,22.930,0.158,-0.063
687.37,29.914,23.189,0.2033,29.643,22.934,0.155,-0.063
687.57,29.936,23.194,0.2035,29.662,22.939,0.153,-0.065
687.77,29.957,23.198,0.2034,29.682,22.943,0.152,-0.070
687.97,29.979,23.203,0.2034,29.702,22.948,0.153,-0.076
688.17,29.999,23.207,0.2032,29.721,22.951,0.148,-0.074
688.37,30.019,23.210,0.2013,29.741,22.953,0.144,-0.085
688.57,30.030,23.212,0.2011,29.751,22.955,0.127,-0.078
688.77,30.039,23.213,0.2000,29.759,22.956,0.112,-0.073
688.97,30.054,23.209,0.1825,29.773,22.949,0.115,-0.116
689.17,30.069,23.205,0.1667,29.788,22.943,0.125,-0.150
689.37,30.082,23.198,0.1423,29.800,22.934,0.125,-0.167
689.57,30.089,23.186,0.1013,29.808,22.922,0.117,-0.220
689.77,30.094,23.170,0.0598,29.814,22.903,0.110,-0.221
689.97,30.107,23.163,0.0305,29.825,22.893,0.116,-0.178
690.17,30.127,23.155,0.0066,29.844,22.886,0.145,-0.108
690.37,30.152,23.146,-0.0193,29.868,22.876,0.163,-0.102
690.57,30.177,23.136,-0.0404,29.893,22.865,0.205,-0.094
690.77,30.198,23.130,-0.0523,29.914,22.857,0.214,-0.104
690.97,30.215,23.128,-0.0551,29.929,22.853,0.180,-0.068
691.17,30.231,23.127,-0.0573,29.943,22.853,0.165,-0.038
691.37,30.248,23.126,-0.0577,29.958,22.853,0.162,-0.033
691.57,30.273,23.125,-0.0580,29.980,22.850,0.177,-0.018
691.77,30.304,23.122,-0.0580,30.010,22.848,0.202,-0.014
691.97,30.337,23.120,-0.0581,30.043,22.846,0.221,-0.014
692.17,30.377,23.118,-0.0582,30.082,22.844,0.234,-0.016
692.37,30.419,23.115,-0.0582,30.124,22.841,0.245,-0.017
692.57,30.463,23.112,-0.0582,30.167,22.838,0.251,-0.018
692.77,30.509,23.109,-0.0582,30.213,22.835,0.256,-0.019
692.97,30.557,23.106,-0.0582,30.261,22.832,0.259,-0.019
693.17,30.605,23.103,-0.0582,30.311,22.828,0.262,-0.020
693.37,30.655,23.099,-0.0582,30.361,22.825,0.262,-0.021
693.57,30.706,23.097,-0.0582,30.412,22.823,0.260,-0.021
693.77,30.758,23.094,-0.0582,30.464,22.820,0.258,-0.023
693.97,30.809,23.091,-0.0582,30.515,22.817,0.309,-0.017
694.17,30.860,23.088,-0.0582,30.567,22.814,0.303,-0.014
694.37,30.916,23.084,-0.0582,30.622,22.811,0.296,-0.012
694.57,30.977,23.081,-0.0583,30.682,22.807,0.309,-0.012
694.77,31.036,23.077,-0.0583,30.741,22.804,0.308,-0.012
694.97,31.096,23.074,-0.0583,30.801,22.800,0.306,-0.013
695.17,31.157,23.070,-0.0583,30.862,22.796,0.306,-0.014
695.37,31.217,23.066,-0.0583,30.923,22.793,0.303,-0.015
695.57,31.276,23.062,-0.0583,30.982,22.789,0.295,-0.015
695.77,31.334,23.059,-0.0583,31.041,22.785,0.286,-0.016
695.97,31.391,23.055,-0.0583,31.098,22.782,0.334,-0.014
696.17,31.446,23.052,-0.0583,31.154,22.778,0.318,-0.008
696.37,31.507,23.048,-0.0583,31.214,22.775,0.310,-0.006
696.57,31.571,23.044,-0.0584,31.278,22.771,0.317,-0.006
696.77,31.632,23.040,-0.0584,31.339,22.767,0.315,-0.007
696.97,31.692,23.037,-0.0584,31.400,22.763,0.309,-0.007
697.17,31.754,23.033,-0.0585,31.461,22.759,0.306,-0.008
697.37,31.815,23.029,-0.0585,31.523,22.755,0.302,-0.008
697.57,31.874,23.026,-0.0586,31.582,22.752,0.295,-0.009
697.77,31.933,23.025,-0.0586,31.641,22.751,0.286,-0.010
697.97,31.994,23.021,-0.0586,31.702,22.747,0.342,-0.008
698.17,32.053,23.017,-0.0586,31.761,22.743,0.325,-0.001
698.37,32.118,23.013,-0.0586,31.824,22.739,0.320,0.000
698.57,32.184,23.009,-0.0586,31.890,22.735,0.326,0.001
698.77,32.247,23.005,-0.0586,31.954,22.731,0.322,-0.000
698.97,32.310,23.001,-0.0585,32.018,22.727,0.316,-0.000
699.17,32.373,22.997,-0.0585,32.082,22.723,0.312,-0.001
699.37,32.436,22.993,-0.0585,32.145,22.719,0.307,-0.000
699.57,32.499,22.989,-0.0585,32.208,22.715,0.300,-0.001
699.77,32.560,22.986,-0.0585,32.269,22.711,0.350,0.001
699.97,32.620,22.982,-0.0585,32.328,22.707,0.327,0.007
700.17,32.689,22.978,-0.0585,32.396,22.704,0.328,0.008
700.37,32.757,22.974,-0.0585,32.465,22.699,0.335,0.009
700.57,32.823,22.971,-0.0585,32.532,22.696,0.331,0.009
700.77,32.890,22.968,-0.0586,32.598,22.693,0.326,0.009
700.97,32.956,22.964,-0.0586,32.664,22.690,0.320,0.008
701.17,33.021,22.961,-0.0586,32.730,22.687,0.314,0.008
701.37,33.085,22.958,-0.0586,32.794,22.684,0.305,0.007
701.57,33.149,22.953,-0.0586,32.858,22.679,0.357,0.007
701.77,33.212,22.949,-0.0586,32.921,22.675,0.342,0.015
701.97,33.279,22.945,-0.0587,32.987,22.671,0.332,0.017
702.17,33.350,22.940,-0.0587,33.059,22.666,0.339,0.018
702.37,33.418,22.936,-0.0587,33.127,22.661,0.338,0.019
702.57,33.486,22.931,-0.0588,33.195,22.657,0.331,0.020
702.77,33.555,22.926,-0.0588,33.264,22.652,0.326,0.020
702.97,33.623,22.922,-0.0588,33.332,22.648,0.321,0.022
703.17,33.689,22.918,-0.0588,33.398,22.644,0.339,0.023
703.37,33.755,22.915,-0.0588,33.464,22.640,0.363,0.023
703.57,33.823,22.911,-0.0587,33.531,22.637,0.341,0.028
703.77,33.895,22.907,-0.0587,33.602,22.633,0.344,0.030
703.97,33.964,22.903,-0.0587,33.672,22.629,0.342,0.031
704.17,34.034,22.900,-0.0587,33.741,22.625,0.337,0.032
704.37,34.104,22.896,-0.0587,33.811,22.621,0.331,0.033
704.57,34.172,22.892,-0.0586,33.879,22.616,0.323,0.035
704.77,34.239,22.888,-0.0585,33.946,22.612,0.315,0.038
704.97,34.305,22.884,-0.0584,34.012,22.609,0.343,0.030
705.17,34.368,22.881,-0.0583,34.076,22.605,0.354,0.042
705.37,34.430,22.877,-0.0582,34.138,22.601,0.334,0.045
705.57,34.500,22.872,-0.0581,34.207,22.596,0.330,0.046
705.77,34.569,22.868,-0.0580,34.277,22.592,0.335,0.046
705.97,34.637,22.867,-0.0580,34.345,22.590,0.331,0.050
706.17,34.701,22.863,-0.0578,34.409,22.587,0.317,0.053
706.37,34.764,22.860,-0.0576,34.471,22.584,0.305,0.057
706.57,34.824,22.856,-0.0574,34.532,22.581,0.293,0.058
706.77,34.880,22.853,-0.0571,34.587,22.578,0.298,0.048
706.97,34.931,22.850,-0.0568,34.638,22.576,0.317,0.058
707.17,34.980,22.848,-0.0564,34.686,22.574,0.287,0.064
707.37,35.034,22.843,-0.0560,34.738,22.570,0.279,0.066
707.57,35.091,22.840,-0.0551,34.794,22.566,0.292,0.074
707.77,35.148,22.838,-0.0543,34.851,22.564,0.294,0.075
707.97,35.196,22.836,-0.0536,34.900,22.562,0.280,0.077
708.17,35.239,22.834,-0.0534,34.942,22.561,0.247,0.070
708.37,35.280,22.832,-0.0532,34.982,22.559,0.231,0.065
708.57,35.316,22.830,-0.0529,35.017,22.558,0.214,0.067
708.77,35.351,22.828,-0.0528,35.051,22.557,0.204,0.067
708.97,35.384,22.826,-0.0527,35.083,22.556,0.235,0.034
709.17,35.413,22.825,-0.0527,35.111,22.555,0.223,0.059
709.37,35.450,22.822,-0.0526,35.144,22.553,0.221,0.061
709.57,35.497,22.820,-0.0523,35.191,22.550,0.246,0.062
709.77,35.540,22.819,-0.0520,35.234,22.549,0.257,0.067
709.97,35.575,22.817,-0.0519,35.269,22.548,0.238,0.065
710.17,35.613,22.816,-0.0517,35.306,22.547,0.229,0.064
710.37,35.650,22.814,-0.0517,35.341,22.546,0.224,0.064
710.57,35.684,22.813,-0.0515,35.374,22.545,0.216,0.064
710.77,35.719,22.811,-0.0512,35.407,22.544,0.213,0.064
710.97,35.751,22.809,-0.0510,35.439,22.543,0.208,0.067
711.17,35.783,22.808,-0.0510,35.470,22.542,0.203,0.038
711.37,35.814,22.806,-0.0511,35.499,22.542,0.215,0.069
711.57,35.851,22.803,-0.0510,35.535,22.538,0.258,0.078
711.77,35.888,22.802,-0.0511,35.571,22.537,0.254,0.080
711.97,35.921,22.803,-0.0520,35.604,22.539,0.235,0.079
712.17,35.953,22.801,-0.0522,35.634,22.538,0.220,0.078
712.37,35.983,22.799,-0.0524,35.663,22.537,0.210,0.081
712.57,36.009,22.798,-0.0528,35.688,22.536,0.198,0.079
712.77,36.033,22.796,-0.0530,35.710,22.535,0.187,0.077
712.97,36.055,22.795,-0.0537,35.730,22.534,0.179,0.080
713.17,36.075,22.793,-0.0543,35.748,22.533,0.171,0.076
713.37,36.093,22.792,-0.0549,35.764,22.533,0.165,0.075
713.57,36.108,22.791,-0.0557,35.778,22.532,0.157,0.074
713.77,36.124,22.789,-0.0563,35.792,22.531,0.154,0.074
713.97,36.139,22.788,-0.0571,35.806,22.530,0.152,0.079
714.17,36.153,22.787,-0.0579,35.818,22.530,0.150,0.082
714.37,36.167,22.786,-0.0587,35.830,22.530,0.147,0.079
714.57,36.180,22.787,-0.0500,35.841,22.532,0.144,0.098
714.77,36.200,22.793,-0.0329,35.859,22.538,0.158,0.156
714.97,36.221,22.800,-0.0145,35.879,22.547,0.169,0.172
715.17,36.242,22.807,0.0161,35.900,22.555,0.176,0.188
715.37,36.268,22.814,0.0542,35.927,22.564,0.191,0.208
715.57,36.289,22.811,0.0747,35.949,22.563,0.192,0.169
715.77,36.310,22.806,0.0957,35.970,22.559,0.181,0.122
715.97,36.334,22.801,0.1183,35.993,22.554,0.181,0.119
716.17,36.354,22.797,0.1338,36.013,22.549,0.176,0.119
716.37,36.368,22.797,0.1406,36.027,22.548,0.161,0.107
716.57,36.380,22.798,0.1445,36.037,22.549,0.145,0.092
716.77,36.399,22.795,0.1644,36.054,22.545,0.151,0.142
716.97,36.414,22.799,0.1707,36.068,22.548,0.158,0.152
717.17,36.427,22.800,0.1809,36.080,22.550,0.142,-0.003
717.37,36.444,22.807,0.1950,36.095,22.557,0.160,0.068
717.57,36.466,22.814,0.2029,36.115,22.565,0.192,0.059
717.77,36.494,22.820,0.2036,36.142,22.571,0.175,0.062
717.97,36.523,22.827,0.2060,36.170,22.579,0.193,0.058
718.17,36.558,22.836,0.2118,36.204,22.588,0.206,0.064
718.37,36.596,22.847,0.2166,36.241,22.602,0.226,0.129
718.57,36.637,22.858,0.2203,36.282,22.615,0.232,0.109
718.77,36.680,22.879,0.2508,36.324,22.636,0.242,0.170
718.97,36.728,22.908,0.2865,36.371,22.666,0.283,0.204
719.17,36.772,22.934,0.3189,36.416,22.694,0.315,0.197
719.37,36.797,22.952,0.3468,36.443,22.716,0.269,0.178
719.57,36.818,22.967,0.3681,36.463,22.731,0.217,0.132
719.77,36.844,22.987,0.3956,36.486,22.751,0.209,0.130
719.97,36.875,23.012,0.4257,36.515,22.776,0.224,0.150
720.17,36.901,23.019,0.4446,36.540,22.785,0.215,0.141
720.37,36.930,23.024,0.4665,36.567,22.788,0.204,0.122
720.57,36.965,23.032,0.4904,36.601,22.793,0.213,0.131
720.77,36.995,23.041,0.5092,36.632,22.800,0.219,0.131
720.97,37.012,23.046,0.5179,36.651,22.804,0.192,0.086
721.17,37.020,23.051,0.5251,36.659,22.807,0.155,0.058
721.37,37.034,23.075,0.5597,36.669,22.830,0.166,0.130
721.57,37.053,23.091,0.5670,36.685,22.848,0.180,0.085
721.77,37.066,23.099,0.5671,36.699,22.857,0.174,0.029
721.97,37.073,23.114,0.5982,36.705,22.870,0.156,0.099
722.17,37.094,23.135,0.6099,36.721,22.891,0.178,0.093
722.37,37.120,23.154,0.6101,36.747,22.909,0.198,0.025
722.57,37.134,23.161,0.6150,36.763,22.917,0.187,0.010
722.77,37.152,23.172,0.6152,36.777,22.926,0.163,0.011
722.97,37.184,23.196,0.6151,36.808,22.948,0.231,-0.001
723.17,37.213,23.218,0.6151,36.838,22.970,0.266,-0.014
723.37,37.242,23.239,0.6151,36.866,22.990,0.256,-0.003
723.57,37.282,23.267,0.6151,36.904,23.017,0.266,0.001
723.77,37.326,23.299,0.6151,36.948,23.048,0.292,0.003
723.97,37.369,23.329,0.6151,36.990,23.079,0.301,0.002
724.17,37.414,23.362,0.6151,37.035,23.111,0.305,0.002
724.37,37.463,23.396,0.6152,37.083,23.145,0.312,0.001
724.57,37.512,23.430,0.6153,37.132,23.179,0.317,0.000
724.77,37.562,23.466,0.6154,37.182,23.214,0.329,0.023
724.97,37.614,23.502,0.6155,37.233,23.250,0.329,0.018
725.17,37.666,23.539,0.6156,37.285,23.287,0.324,0.005
725.37,37.718,23.576,0.6157,37.338,23.325,0.323,0.008
725.57,37.771,23.613,0.6158,37.390,23.362,0.320,0.008
725.77,37.822,23.650,0.6160,37.442,23.398,0.315,0.009
725.97,37.874,23.686,0.6161,37.494,23.435,0.364,0.001
726.17,37.925,23.722,0.6161,37.545,23.471,0.365,0.009
726.37,37.978,23.760,0.6163,37.597,23.508,0.348,0.014
726.57,38.036,23.802,0.6163,37.655,23.550,0.354,0.016
726.77,38.093,23.842,0.6163,37.712,23.591,0.356,0.017
726.97,38.149,23.881,0.6163,37.768,23.630,0.352,0.017
727.17,38.205,23.921,0.6164,37.824,23.670,0.346,0.017
727.37,38.261,23.960,0.6164,37.881,23.709,0.342,0.017
727.57,38.316,23.999,0.6164,37.936,23.749,0.388,-0.002
727.77,38.370,24.037,0.6164,37.991,23.787,0.385,0.012
727.97,38.429,24.079,0.6164,38.049,23.828,0.372,0.018
728.17,38.491,24.123,0.6164,38.111,23.872,0.296,0.021
728.37,38.551,24.165,0.6164,38.172,23.915,0.385,0.013
728.57,38.604,24.200,0.6163,38.226,23.952,0.386,0.033
728.77,38.659,24.240,0.6162,38.280,23.991,0.350,0.034
728.97,38.720,24.281,0.6161,38.341,24.032,0.361,0.037
729.17,38.776,24.321,0.6161,38.398,24.072,0.355,0.044
729.37,38.835,24.361,0.6160,38.456,24.112,0.351,0.046
729.57,38.895,24.402,0.6160,38.516,24.153,0.364,0.020
729.77,38.953,24.442,0.6160,38.575,24.193,0.406,0.022
729.97,39.011,24.481,0.6160,38.633,24.233,0.392,0.037
730.17,39.075,24.525,0.6159,38.695,24.276,0.384,0.037
730.37,39.142,24.571,0.6161,38.762,24.322,0.393,0.037
730.57,39.204,24.615,0.6161,38.826,24.367,0.392,0.039
730.77,39.267,24.660,0.6161,38.889,24.412,0.398,0.061
730.97,39.331,24.705,0.6162,38.953,24.457,0.392,0.059
731.17,39.395,24.750,0.6167,39.016,24.502,0.384,0.061
731.37,39.459,24.796,0.6175,39.080,24.547,0.367,0.043
731.57,39.523,24.841,0.6184,39.144,24.592,0.369,0.058
731.77,39.584,24.885,0.6186,39.206,24.636,0.392,0.044
731.97,39.645,24.928,0.6192,39.267,24.679,0.421,0.055
732.17,39.710,24.974,0.6204,39.333,24.725,0.410,0.069
732.37,39.778,25.022,0.6207,39.400,24.772,0.404,0.065
732.57,39.848,25.072,0.6220,39.470,24.822,0.411,0.071
732.77,39.917,25.122,0.6234,39.540,24.872,0.410,0.076
732.97,39.985,25.170,0.6248,39.608,24.920,0.401,0.079
733.17,40.052,25.219,0.6263,39.676,24.969,0.396,0.078
733.37,40.119,25.268,0.6281,39.743,25.017,0.389,0.082
733.57,40.186,25.316,0.6299,39.810,25.066,0.382,0.087
733.77,40.249,25.363,0.6316,39.873,25.113,0.369,0.088
733.97,40.310,25.409,0.6337,39.936,25.158,0.419,0.068
734.17,40.368,25.451,0.6358,39.994,25.201,0.401,0.089
734.37,40.422,25.490,0.6366,40.047,25.240,0.362,0.084
734.57,40.477,25.531,0.6376,40.101,25.280,0.347,0.081
734.77,40.528,25.569,0.6393,40.153,25.318,0.335,0.087
734.97,40.570,25.601,0.6400,40.195,25.351,0.325,0.059
735.17,40.609,25.630,0.6407,40.232,25.379,0.290,0.064
735.37,40.653,25.663,0.6412,40.274,25.411,0.277,0.063
735.57,40.700,25.698,0.6423,40.320,25.445,0.289,0.068
735.77,40.747,25.733,0.6439,40.367,25.479,0.300,0.077
735.97,40.795,25.768,0.6456,40.415,25.514,0.303,0.080
736.17,40.843,25.804,0.6476,40.463,25.550,0.292,0.105
736.37,40.890,25.840,0.6498,40.510,25.584,0.289,0.100
736.57,40.935,25.873,0.6534,40.556,25.617,0.297,0.073
736.77,40.974,25.903,0.6565,40.596,25.647,0.319,0.095
736.97,41.007,25.929,0.6580,40.629,25.673,0.286,0.098
737.17,41.044,25.957,0.6587,40.664,25.701,0.264,0.089
737.37,41.074,25.981,0.6595,40.694,25.725,0.246,0.086
737.57,41.098,25.999,0.6600,40.716,25.743,0.217,0.083
737.77,41.121,26.017,0.6605,40.738,25.760,0.201,0.085
737.97,41.143,26.034,0.6609,40.758,25.776,0.133,0.039
738.17,41.160,26.048,0.6609,40.774,25.790,0.147,0.057
738.37,41.176,26.060,0.6611,40.788,25.801,0.160,0.047
738.57,41.195,26.075,0.6613,40.806,25.816,0.197,0.064
738.77,41.211,26.087,0.6614,40.821,25.828,0.186,0.075
738.97,41.233,26.105,0.6617,40.841,25.844,0.185,0.080
739.17,41.255,26.122,0.6620,40.863,25.860,0.192,0.083
739.37,41.273,26.135,0.6622,40.880,25.873,0.185,0.087
739.57,41.290,26.148,0.6628,40.897,25.883,0.172,0.089
739.77,41.309,26.165,0.6653,40.914,25.899,0.177,0.103
739.97,41.325,26.178,0.6678,40.929,25.913,0.176,0.118
740.17,41.338,26.188,0.6689,40.941,25.921,0.159,0.101
740.37,41.350,26.194,0.6806,40.952,25.926,0.147,0.133
740.57,41.366,26.202,0.6970,40.968,25.933,0.157,0.177
740.77,41.375,26.211,0.7014,40.977,25.941,0.150,0.141
740.97,41.385,26.215,0.7277,40.984,25.946,0.137,0.184
741.17,41.405,26.223,0.7637,41.002,25.952,0.152,0.260
741.37,41.421,26.236,0.7884,41.019,25.964,0.170,0.236
741.57,41.431,26.252,0.8162,41.028,25.980,0.166,0.246
741.77,41.442,26.279,0.8462,41.037,26.005,0.180,0.253
741.97,41.453,26.313,0.8819,41.047,26.038,0.200,0.250
742.17,41.465,26.345,0.9319,41.059,26.070,0.207,0.268
742.37,41.483,26.366,0.9708,41.076,26.092,0.201,0.287
742.57,41.498,26.381,0.9978,41.091,26.107,0.182,0.251
742.77,41.517,26.399,1.0347,41.109,26.123,0.173,0.213
742.97,41.550,26.425,1.0770,41.140,26.147,0.195,0.250
743.17,41.587,26.460,1.1290,41.179,26.179,0.223,0.269
743.37,41.599,26.490,1.1707,41.195,26.211,0.227,0.274
743.57,41.600,26.516,1.2008,41.196,26.237,0.231,0.131
743.77,41.603,26.543,1.2441,41.200,26.264,0.222,0.172
743.97,41.602,26.579,1.3020,41.199,26.298,0.226,0.248
744.17,41.605,26.599,1.3181,41.201,26.320,0.214,0.185
744.37,41.618,26.612,1.3807,41.211,26.332,0.178,0.196
744.57,41.636,26.628,1.4666,41.228,26.346,0.178,0.349
744.77,41.648,26.650,1.5064,41.243,26.367,0.188,0.200
744.97,41.646,26.677,1.5458,41.243,26.393,0.199,0.177
745.17,41.636,26.705,1.5745,41.233,26.420,0.203,0.160
745.37,41.627,26.731,1.5996,41.224,26.446,0.201,0.136
745.57,41.618,26.756,1.6232,41.214,26.471,0.195,0.123
745.77,41.610,26.780,1.6431,41.205,26.495,0.189,0.102
745.97,41.605,26.797,1.6553,41.199,26.514,0.173,0.070
746.17,41.603,26.811,1.6603,41.195,26.527,0.156,0.029
746.37,41.602,26.827,1.6614,41.195,26.540,0.145,-0.016
746.57,41.599,26.855,1.6615,41.193,26.565,0.167,-0.025
746.77,41.597,26.884,1.6615,41.191,26.594,0.189,-0.039
746.97,41.594,26.916,1.6615,41.188,26.625,0.200,-0.044
747.17,41.593,26.954,1.6613,41.187,26.662,0.212,-0.047
747.37,41.591,26.994,1.6612,41.185,26.702,0.223,-0.050
747.57,41.587,27.034,1.6612,41.181,26.741,0.224,-0.052
747.77,41.583,27.077,1.6611,41.177,26.784,0.237,-0.039
747.97,41.579,27.123,1.6605,41.173,26.829,0.271,-0.092
748.17,41.575,27.171,1.6601,41.168,26.878,0.282,-0.081
748.37,41.570,27.219,1.6583,41.163,26.925,0.275,-0.091
748.57,41.565,27.270,1.6561,41.158,26.975,0.276,-0.097
748.77,41.560,27.319,1.6531,41.153,27.025,0.273,-0.101
748.97,41.556,27.366,1.6503,41.148,27.072,0.263,-0.102
749.17,41.552,27.412,1.6474,41.144,27.117,0.252,-0.104
749.37,41.548,27.457,1.6437,41.139,27.162,0.244,-0.107
749.57,41.543,27.499,1.6391,41.134,27.204,0.236,-0.112
749.77,41.540,27.533,1.6355,41.131,27.238,0.213,-0.112
749.97,41.537,27.559,1.6323,41.128,27.265,0.190,-0.112
750.17,41.535,27.577,1.6292,41.124,27.282,0.160,-0.117
750.37,41.533,27.593,1.6249,41.121,27.296,0.140,-0.126
750.57,41.530,27.606,1.6186,41.117,27.307,0.129,-0.089
750.77,41.528,27.620,1.6076,41.115,27.320,0.131,-0.098
750.97,41.528,27.635,1.6005,41.115,27.333,0.137,-0.120
751.17,41.526,27.647,1.5952,41.112,27.344,0.134,-0.097
751.37,41.523,27.661,1.5861,41.108,27.357,0.135,-0.087
751.57,41.522,27.676,1.5780,41.107,27.371,0.139,-0.100
751.77,41.520,27.691,1.5720,41.104,27.384,0.140,-0.111
751.97,41.517,27.705,1.5651,41.100,27.397,0.140,-0.111
752.17,41.513,27.723,1.5535,41.095,27.413,0.154,-0.115
752.37,41.509,27.743,1.5401,41.089,27.431,0.175,-0.141
752.57,41.504,27.765,1.5252,41.083,27.452,0.183,-0.152
752.77,41.500,27.785,1.5111,41.078,27.472,0.179,-0.150
752.97,41.497,27.804,1.4969,41.073,27.490,0.172,-0.171
753.17,41.495,27.821,1.4840,41.070,27.506,0.166,-0.160
753.37,41.493,27.839,1.4690,41.069,27.525,0.169,-0.122
753.57,41.493,27.859,1.4496,41.068,27.544,0.173,-0.118
753.77,41.490,27.882,1.4323,41.065,27.565,0.176,-0.119
753.97,41.487,27.909,1.4140,41.060,27.590,0.184,-0.136
754.17,41.485,27.936,1.3953,41.056,27.617,0.191,-0.148
754.37,41.483,27.964,1.3759,41.053,27.643,0.194,-0.152
754.57,41.487,27.984,1.3571,41.055,27.665,0.189,-0.158
754.77,41.494,27.998,1.3451,41.061,27.678,0.162,-0.132
754.97,41.500,28.014,1.3324,41.068,27.692,0.159,-0.146
755.17,41.507,28.030,1.3189,41.077,27.707,0.160,-0.140
755.37,41.508,28.047,1.3066,41.078,27.723,0.162,-0.107
755.57,41.511,28.063,1.2928,41.080,27.739,0.162,-0.103
755.77,41.515,28.079,1.2805,41.084,27.754,0.161,-0.109
755.97,41.517,28.092,1.2755,41.085,27.765,0.154,-0.095
756.17,41.524,28.107,1.2673,41.091,27.778,0.150,-0.087
756.37,41.536,28.127,1.2536,41.103,27.796,0.167,-0.111
756.57,41.546,28.148,1.2454,41.115,27.815,0.179,-0.110
756.77,41.551,28.160,1.2425,41.122,27.827,0.165,-0.095
756.97,41.553,28.175,1.2334,41.123,27.841,0.144,-0.035
757.17,41.552,28.200,1.2133,41.119,27.864,0.159,-0.072
757.37,41.559,28.224,1.2095,41.122,27.889,0.180,-0.040
757.57,41.569,28.250,1.2092,41.132,27.914,0.191,-0.014
757.77,41.578,28.276,1.2089,41.140,27.938,0.191,-0.013
757.97,41.591,28.310,1.2089,41.153,27.971,0.226,-0.044
758.17,41.604,28.345,1.2089,41.166,28.006,0.259,-0.054
758.37,41.618,28.382,1.2089,41.180,28.043,0.259,-0.040
758.57,41.634,28.424,1.2088,41.195,28.083,0.265,-0.039
758.77,41.651,28.470,1.2087,41.211,28.128,0.273,-0.041
758.97,41.668,28.520,1.2087,41.228,28.177,0.289,-0.041
759.17,41.687,28.570,1.2086,41.247,28.228,0.298,-0.042
759.37,41.708,28.621,1.2087,41.266,28.279,0.301,-0.043
759.57,41.729,28.674,1.2087,41.287,28.331,0.302,-0.043
759.77,41.750,28.730,1.2087,41.308,28.386,0.305,-0.045
759.97,41.771,28.785,1.2086,41.330,28.442,0.308,-0.055
760.17,41.793,28.841,1.2086,41.351,28.497,0.305,-0.056
760.37,41.814,28.897,1.2084,41.373,28.554,0.301,-0.057
760.57,41.833,28.950,1.2081,41.392,28.607,0.291,-0.062
760.77,41.852,29.000,1.2078,41.410,28.657,0.274,-0.064
760.97,41.869,29.047,1.2073,41.427,28.703,0.257,-0.066
761.17,41.885,29.089,1.2069,41.443,28.745,0.237,-0.067
761.37,41.899,29.127,1.2064,41.456,28.783,0.251,-0.083
761.57,41.911,29.161,1.2059,41.469,28.816,0.244,-0.092
761.77,41.923,29.193,1.2055,41.480,28.847,0.227,-0.080
761.97,41.932,29.217,1.2051,41.488,28.871,0.205,-0.077
762.17,41.940,29.239,1.2047,41.495,28.891,0.185,-0.075
762.37,41.948,29.261,1.2043,41.503,28.912,0.180,-0.074
762.57,41.956,29.282,1.2040,41.510,28.932,0.178,-0.075
762.77,41.962,29.299,1.2037,41.516,28.947,0.167,-0.075
762.97,41.970,29.320,1.2023,41.523,28.966,0.171,-0.089
763.17,41.978,29.345,1.1956,41.529,28.990,0.182,-0.109
763.37,41.984,29.377,1.1786,41.533,29.021,0.192,-0.139
763.57,41.990,29.417,1.1533,41.537,29.060,0.204,-0.150
763.77,41.997,29.463,1.1178,41.542,29.105,0.233,-0.191
763.97,42.005,29.514,1.0754,41.548,29.156,0.250,-0.213
764.17,42.016,29.572,1.0257,41.557,29.214,0.270,-0.234
764.37,42.029,29.633,0.9678,41.569,29.276,0.293,-0.266
764.57,42.045,29.690,0.9103,41.583,29.335,0.350,-0.298
764.77,42.062,29.741,0.8569,41.599,29.388,0.338,-0.270
764.97,42.078,29.783,0.8109,41.614,29.432,0.302,-0.235
765.17,42.090,29.812,0.7780,41.627,29.464,0.255,-0.186
765.37,42.104,29.836,0.7494,41.640,29.489,0.219,-0.115
765.57,42.119,29.860,0.7231,41.654,29.514,0.207,-0.131
765.77,42.134,29.882,0.7047,41.668,29.535,0.201,-0.143
765.97,42.152,29.903,0.6907,41.684,29.557,0.202,-0.117
766.17,42.168,29.926,0.6695,41.699,29.580,0.203,-0.107
766.37,42.186,29.949,0.6500,41.714,29.603,0.204,-0.115
766.57,42.201,29.964,0.6405,41.728,29.620,0.212,-0.051
766.77,42.214,29.977,0.6323,41.738,29.633,0.180,-0.032
766.97,42.237,29.994,0.6314,41.758,29.649,0.193,-0.006
767.17,42.266,30.015,0.6313,41.786,29.670,0.221,0.012
767.37,42.294,30.036,0.6313,41.814,29.691,0.235,0.015
767.57,42.328,30.060,0.6312,41.847,29.715,0.247,0.015
767.77,42.365,30.087,0.6313,41.883,29.742,0.261,0.015
767.97,42.404,30.115,0.6313,41.922,29.769,0.258,-0.006
768.17,42.444,30.145,0.6313,41.962,29.798,0.257,0.007
768.37,42.486,30.176,0.6313,42.004,29.829,0.253,0.016
768.57,42.527,30.206,0.6313,42.045,29.860,0.242,0.033
768.77,42.567,30.235,0.6313,42.085,29.888,0.266,0.020
768.97,42.606,30.263,0.6313,42.125,29.917,0.261,0.032
769.17,42.646,30.293,0.6313,42.165,29.947,0.250,0.032
769.37,42.689,30.324,0.6314,42.208,29.978,0.251,0.030
769.57,42.730,30.354,0.6314,42.249,30.008,0.244,0.030
769.77,42.771,30.384,0.6315,42.290,30.038,0.235,0.031
769.97,42.811,30.414,0.6316,42.330,30.068,0.225,0.031
770.17,42.850,30.443,0.6316,42.370,30.098,0.214,0.029
770.37,42.888,30.471,0.6316,42.408,30.125,0.203,0.029
770.57,42.924,30.497,0.6317,42.444,30.151,0.213,0.035
770.77,42.957,30.521,0.6317,42.478,30.176,0.235,-0.008
770.97,42.992,30.546,0.6318,42.512,30.200,0.220,0.004
771.17,43.029,30.573,0.6318,42.548,30.227,0.210,0.004
771.37,43.066,30.603,0.6317,42.585,30.256,0.231,0.011
771.57,43.101,30.630,0.6316,42.621,30.284,0.244,0.009
771.77,43.135,30.655,0.6316,42.655,30.309,0.236,0.007
771.97,43.173,30.683,0.6317,42.692,30.337,0.202,-0.128
772.17,43.211,30.711,0.6317,42.730,30.365,0.199,-0.103
772.37,43.248,30.739,0.6311,42.768,30.392,0.190,-0.095
772.57,43.282,30.760,0.6233,42.802,30.414,0.214,-0.143
772.77,43.305,30.773,0.6188,42.827,30.427,0.183,-0.165
772.97,43.320,30.784,0.6186,42.841,30.438,0.153,-0.134
773.17,43.336,30.798,0.6170,42.854,30.451,0.137,-0.107
773.37,43.354,30.815,0.6208,42.871,30.468,0.140,-0.082
773.57,43.371,30.830,0.6237,42.888,30.482,0.139,-0.067
773.77,43.383,30.840,0.6205,42.899,30.494,0.129,-0.074
773.97,43.395,30.853,0.6091,42.908,30.508,0.122,-0.161
774.17,43.409,30.864,0.6083,42.919,30.520,0.124,-0.143
774.37,43.418,30.873,0.5947,42.927,30.528,0.112,-0.145
774.57,43.432,30.893,0.5613,42.940,30.548,0.139,-0.243
774.77,43.453,30.915,0.5148,42.959,30.568,0.155,-0.312
774.97,43.471,30.922,0.4736,42.979,30.575,0.157,-0.315
775.17,43.467,30.938,0.3658,42.978,30.589,0.131,-0.434
775.37,43.459,30.970,0.2761,42.969,30.620,0.116,-0.466
775.57,43.457,31.009,0.1769,42.966,30.658,0.125,-0.451
775.77,43.457,31.056,0.0554,42.965,30.704,0.136,-0.509
775.97,43.459,31.104,-0.0697,42.967,30.752,0.142,-0.554
776.17,43.449,31.147,-0.1747,42.960,30.796,0.104,-0.516
776.37,43.413,31.176,-0.2324,42.927,30.825,0.022,-0.381
776.57,43.390,31.194,-0.2734,42.905,30.845,0.016,-0.244
776.77,43.371,31.210,-0.3104,42.884,30.862,0.023,-0.116
776.97,43.371,31.226,-0.4130,42.881,30.878,0.070,-0.297
777.17,43.376,31.236,-0.4595,42.886,30.890,0.104,-0.289
777.37,43.383,31.233,-0.5174,42.892,30.890,0.124,-0.178
777.57,43.396,31.226,-0.6526,42.904,30.884,0.147,-0.388
777.77,43.411,31.206,-0.7238,42.919,30.865,0.169,-0.360
777.97,43.428,31.195,-0.7575,42.936,30.852,0.174,-0.109
778.17,43.442,31.195,-0.8290,42.951,30.849,0.155,-0.058
778.37,43.457,31.180,-0.9065,42.965,30.838,0.144,-0.248
778.57,43.481,31.160,-0.9293,42.989,30.820,0.171,-0.003
778.77,43.507,31.142,-0.9541,43.016,30.803,0.174,0.013
778.97,43.527,31.115,-0.9557,43.037,30.777,0.177,0.067
779.17,43.546,31.088,-0.9556,43.057,30.750,0.176,0.118
779.37,43.565,31.061,-0.9554,43.077,30.723,0.191,0.072
779.57,43.582,31.040,-0.9474,43.094,30.702,0.196,0.113
779.77,43.599,31.026,-0.9333,43.113,30.689,0.176,0.160
779.97,43.614,31.006,-0.9326,43.127,30.670,0.169,0.119
780.17,43.628,30.997,-0.9122,43.140,30.660,0.154,0.140
780.37,43.650,30.999,-0.8597,43.162,30.661,0.146,0.269
780.57,43.670,30.998,-0.8223,43.183,30.662,0.144,0.263
780.77,43.691,31.005,-0.7578,43.205,30.669,0.139,0.295
780.97,43.715,31.023,-0.6789,43.231,30.686,0.134,0.342
781.17,43.721,31.045,-0.6202,43.241,30.708,0.102,0.324
781.37,43.699,31.081,-0.5742,43.224,30.741,0.017,0.247
781.57,43.667,31.130,-0.5100,43.194,30.789,-0.051,0.244
781.77,43.624,31.182,-0.4358,43.153,30.843,-0.124,0.345
781.97,43.581,31.230,-0.3662,43.109,30.894,-0.122,0.339
782.17,43.534,31.274,-0.2964,43.062,30.940,-0.105,0.312
782.37,43.477,31.320,-0.2197,43.008,30.987,-0.124,0.319
782.57,43.397,31.347,-0.1870,42.931,31.019,-0.169,0.253
782.77,43.325,31.388,-0.1088,42.857,31.057,-0.177,0.238
782.97,43.241,31.403,-0.0837,42.774,31.075,-0.184,0.168
783.17,43.157,31.423,-0.0457,42.688,31.093,-0.187,0.095
783.37,43.072,31.456,0.0389,42.602,31.128,-0.209,0.285
783.57,43.013,31.464,0.0696,42.537,31.143,-0.160,0.241
783.77,42.955,31.476,0.1159,42.480,31.156,-0.097,0.144
783.97,42.883,31.493,0.1895,42.410,31.174,-0.120,0.211
784.17,42.818,31.502,0.2482,42.341,31.187,-0.137,0.227
784.37,42.766,31.507,0.2965,42.286,31.195,-0.097,0.171
784.57,42.711,31.511,0.3512,42.230,31.199,-0.083,0.162
784.77,42.653,31.510,0.4067,42.172,31.201,-0.092,0.168
784.97,42.599,31.507,0.4587,42.115,31.199,-0.093,0.163
785.17,42.546,31.501,0.5082,42.059,31.195,-0.108,0.132
785.37,42.496,31.493,0.5563,42.007,31.189,-0.101,0.150
785.57,42.459,31.484,0.5798,41.964,31.181,-0.080,0.091
785.77,42.443,31.478,0.5823,41.945,31.175,-0.025,-0.048
785.97,42.431,31.483,0.6199,41.930,31.181,0.019,0.053
786.17,42.423,31.479,0.6214,41.921,31.178,0.034,-0.020
786.37,42.424,31.479,0.6213,41.920,31.178,0.052,-0.091
786.57,42.429,31.483,0.6223,41.924,31.183,0.072,-0.088
786.77,42.436,31.489,0.6190,41.931,31.188,0.087,-0.127
786.97,42.447,31.501,0.6089,41.940,31.199,0.101,-0.150
787.17,42.462,31.521,0.5865,41.954,31.219,0.118,-0.171
787.37,42.479,31.536,0.5589,41.970,31.236,0.131,-0.226
787.57,42.495,31.542,0.5453,41.986,31.241,0.123,-0.237
787.77,42.515,31.547,0.5250,42.005,31.245,0.120,-0.245
787.97,42.542,31.551,0.4974,42.032,31.247,0.130,-0.275
788.17,42.565,31.554,0.4708,42.055,31.248,0.132,-0.285
788.37,42.578,31.557,0.4228,42.071,31.250,0.122,-0.282
788.57,42.588,31.569,0.3032,42.080,31.260,0.121,-0.484
788.77,42.601,31.588,0.1737,42.091,31.278,0.139,-0.589
788.97,42.608,31.606,0.0140,42.099,31.296,0.149,-0.637
789.17,42.614,31.624,-0.2301,42.105,31.313,0.153,-0.882
789.37,42.616,31.641,-0.5113,42.108,31.328,0.138,-0.989
789.57,42.624,31.689,-0.7115,42.115,31.375,0.094,-0.926
789.77,42.598,31.702,-0.7620,42.093,31.388,0.042,-0.472
789.97,42.575,31.713,-0.8163,42.071,31.401,0.000,-0.076
790.17,42.552,31.711,-1.0981,42.049,31.398,0.008,-0.896
790.37,42.537,31.729,-1.1805,42.030,31.415,-0.009,-0.643
790.57,42.521,31.728,-1.2239,42.016,31.419,0.013,-0.193
790.77,42.474,31.691,-1.4182,41.976,31.387,0.063,-0.471
790.97,42.467,31.684,-1.5773,41.961,31.381,0.048,-0.777
791.17,42.476,31.659,-1.6099,41.970,31.359,0.057,-0.282
791.37,42.465,31.640,-1.7551,41.962,31.338,0.086,-0.472
791.57,42.458,31.628,-1.8404,41.954,31.325,0.086,-0.563
791.77,42.451,31.620,-1.9543,41.946,31.316,0.068,-0.292
791.97,42.442,31.616,-2.2869,41.938,31.311,0.005,-1.018
792.17,42.430,31.615,-2.4586,41.926,31.309,-0.011,-0.957
792.37,42.417,31.618,-2.7149,41.914,31.311,-0.019,-0.908
792.57,42.393,31.626,3.1276,41.893,31.316,-0.050,-1.013
792.77,42.372,31.657,2.7756,41.867,31.342,-0.020,-1.011
792.97,42.364,31.695,2.4762,41.858,31.380,-0.005,-1.015
793.17,42.382,31.741,2.1030,41.868,31.426,0.035,-1.003
793.37,42.405,31.791,1.7576,41.890,31.476,0.083,-1.000
793.57,42.433,31.806,1.3107,41.918,31.491,0.114,-1.000
793.77,42.436,31.815,0.8095,41.921,31.495,0.128,-1.000
793.97,42.437,31.842,0.3333,41.915,31.515,0.150,-1.000
794.17,42.466,31.847,0.0082,41.948,31.531,0.201,-1.010
794.37,42.556,31.796,-0.1154,42.036,31.488,0.357,-0.741
794.57,42.632,31.745,-0.2187,42.111,31.440,0.413,-0.454
794.77,42.697,31.690,-0.3137,42.179,31.386,0.400,-0.337
794.97,42.755,31.636,-0.3946,42.238,31.332,0.429,-0.250
795.17,42.800,31.589,-0.4578,42.286,31.283,0.371,-0.185
795.37,42.830,31.557,-0.4961,42.317,31.248,0.306,-0.199
795.57,42.854,31.536,-0.5151,42.339,31.225,0.234,-0.084
795.77,42.876,31.519,-0.5252,42.359,31.206,0.201,-0.030
795.97,42.894,31.503,-0.5342,42.375,31.191,0.181,-0.021
796.17,42.924,31.485,-0.5342,42.402,31.174,0.194,0.027
796.37,42.957,31.466,-0.5341,42.435,31.155,0.219,0.050
796.57,42.988,31.447,-0.5341,42.466,31.136,0.223,0.053
796.77,43.018,31.429,-0.5339,42.496,31.119,0.222,0.054
796.97,43.048,31.412,-0.5337,42.525,31.102,0.214,0.056
797.17,43.077,31.395,-0.5336,42.553,31.086,0.209,0.059
797.37,43.107,31.377,-0.5332,42.582,31.069,0.208,0.061
797.57,43.138,31.359,-0.5327,42.612,31.051,0.211,0.063
797.77,43.168,31.341,-0.5322,42.640,31.033,0.208,0.066
797.97,43.195,31.325,-0.5318,42.667,31.017,0.200,0.067
798.17,43.222,31.309,-0.5314,42.693,31.002,0.195,0.069
798.37,43.248,31.293,-0.5309,42.718,30.987,0.189,0.067
798.57,43.273,31.279,-0.5305,42.741,30.972,0.183,0.069
798.77,43.296,31.265,-0.5300,42.763,30.959,0.176,0.071
798.97,43.319,31.252,-0.5296,42.784,30.947,0.206,0.072
799.17,43.335,31.242,-0.5296,42.800,30.937,0.203,0.083
799.37,43.350,31.233,-0.5299,42.813,30.930,0.169,0.077
799.57,43.367,31.223,-0.5301,42.828,30.921,0.162,0.077
799.77,43.379,31.216,-0.5307,42.840,30.915,0.154,0.078
799.97,43.389,31.210,-0.5313,42.848,30.910,0.142,0.075
800.17,43.400,31.205,-0.5276,42.857,30.906,0.136,0.089
800.37,43.418,31.202,-0.5126,42.875,30.905,0.149,0.139
800.57,43.435,31.201,-0.4950,42.893,30.906,0.157,0.156
800.77,43.452,31.207,-0.4612,42.910,30.914,0.156,0.186
800.97,43.466,31.219,-0.4174,42.925,30.927,0.144,0.230
801.17,43.482,31.234,-0.3655,42.941,30.943,0.139,0.259
801.37,43.500,31.254,-0.3008,42.958,30.963,0.146,0.289
801.57,43.517,31.278,-0.2246,42.976,30.987,0.150,0.314
801.77,43.535,31.305,-0.1433,42.995,31.015,0.150,0.325
801.97,43.548,31.329,-0.0282,43.009,31.040,0.145,0.395
802.17,43.559,31.341,0.0739,43.019,31.054,0.132,0.430
802.37,43.577,31.338,0.1042,43.036,31.053,0.134,0.180
802.57,43.596,31.334,0.2472,43.054,31.047,0.145,0.369
802.77,43.627,31.353,0.3676,43.084,31.061,0.165,0.552
802.97,43.652,31.360,0.4100,43.111,31.071,0.159,0.179
803.17,43.672,31.364,0.6273,43.131,31.073,0.141,0.655
803.37,43.701,31.396,0.7730,43.161,31.100,0.144,0.835
803.57,43.717,31.433,0.8125,43.179,31.137,0.155,0.336
803.77,43.730,31.473,0.8670,43.193,31.177,0.151,0.161
803.97,43.741,31.511,0.9168,43.203,31.215,0.144,0.144
804.17,43.750,31.547,0.9570,43.212,31.252,0.129,0.097
804.37,43.758,31.582,0.9901,43.220,31.288,0.113,0.085
804.57,43.766,31.614,1.0173,43.226,31.321,0.101,0.081
804.77,43.774,31.642,1.0373,43.233,31.352,0.088,0.062
804.97,43.783,31.671,1.0557,43.239,31.382,0.080,0.050
805.17,43.792,31.696,1.0676,43.245,31.411,0.094,0.050
805.37,43.799,31.714,1.0721,43.250,31.432,0.084,0.027
805.57,43.805,31.729,1.0763,43.254,31.449,0.060,-0.024
805.77,43.813,31.743,1.0768,43.260,31.464,0.059,-0.079
805.97,43.819,31.754,1.0767,43.267,31.476,0.054,-0.109
806.17,43.824,31.765,1.0746,43.271,31.487,0.052,-0.122
806.37,43.827,31.782,1.0610,43.274,31.503,0.061,-0.189
806.57,43.832,31.807,1.0395,43.276,31.527,0.076,-0.230
806.77,43.838,31.839,1.0095,43.281,31.559,0.102,-0.270
806.97,43.846,31.880,0.9675,43.288,31.599,0.127,-0.320
807.17,43.858,31.929,0.9157,43.298,31.647,0.160,-0.364
807.37,43.875,31.986,0.8534,43.313,31.703,0.210,-0.401
807.57,43.898,32.051,0.7797,43.334,31.767,0.254,-0.427
807.77,43.932,32.124,0.6944,43.365,31.839,0.291,-0.462
807.97,43.977,32.202,0.5975,43.407,31.917,0.358,-0.527
808.17,44.032,32.279,0.4967,43.459,31.996,0.378,-0.553
808.37,44.096,32.352,0.3914,43.520,32.070,0.387,-0.540
808.57,44.160,32.413,0.2406,43.584,32.134,0.415,-0.562
808.77,44.223,32.454,0.0701,43.650,32.183,0.403,-0.681
808.97,44.311,32.422,-0.0199,43.741,32.159,0.412,-0.463
809.17,44.388,32.384,-0.1091,43.820,32.124,0.395,-0.355
809.37,44.456,32.343,-0.1918,43.890,32.084,0.359,-0.313
809.57,44.517,32.303,-0.2589,43.952,32.043,0.339,-0.264
809.77,44.571,32.263,-0.3202,44.007,32.003,0.381,-0.186
809.97,44.619,32.224,-0.3747,44.054,31.963,0.333,-0.165
810.17,44.663,32.187,-0.4176,44.098,31.925,0.298,-0.134
810.37,44.699,32.162,-0.4395,44.135,31.897,0.269,-0.083
810.57,44.728,32.153,-0.4517,44.163,31.889,0.241,-0.100
810.77,44.759,32.139,-0.4564,44.192,31.879,0.211,-0.019
810.97,44.792,32.126,-0.4679,44.224,31.869,0.210,-0.026
811.17,44.829,32.108,-0.4693,44.260,31.852,0.224,-0.006
811.37,44.865,32.090,-0.4693,44.296,31.834,0.234,0.019
811.57,44.902,32.071,-0.4694,44.332,31.815,0.237,0.026
811.77,44.941,32.051,-0.4693,44.371,31.795,0.241,0.027
811.97,44.983,32.030,-0.4692,44.413,31.774,0.247,0.027
812.17,45.024,32.008,-0.4692,44.454,31.752,0.250,0.028
812.37,45.067,31.986,-0.4692,44.497,31.730,0.252,0.029
812.57,45.110,31.964,-0.4692,44.541,31.709,0.290,0.053
812.77,45.154,31.942,-0.4692,44.585,31.687,0.307,0.057
812.97,45.198,31.921,-0.4692,44.628,31.665,0.288,0.056
813.17,45.246,31.896,-0.4688,44.675,31.641,0.282,0.062
813.37,45.293,31.873,-0.4683,44.721,31.617,0.282,0.065
813.57,45.337,31.851,-0.4679,44.764,31.595,0.274,0.066
813.77,45.378,31.829,-0.4674,44.805,31.573,0.260,0.068
813.97,45.418,31.809,-0.4668,44.844,31.553,0.249,0.067
814.17,45.454,31.790,-0.4665,44.879,31.534,0.236,0.068
814.37,45.491,31.771,-0.4661,44.914,31.516,0.226,0.070
814.57,45.525,31.754,-0.4657,44.946,31.498,0.218,0.070
814.77,45.557,31.737,-0.4653,44.977,31.482,0.209,0.071
814.97,45.588,31.722,-0.4650,45.006,31.466,0.203,0.071
815.17,45.616,31.707,-0.4648,45.032,31.452,0.192,0.070
815.37,45.640,31.696,-0.4643,45.055,31.440,0.180,0.073
815.57,45.660,31.685,-0.4638,45.074,31.430,0.165,0.074
815.77,45.680,31.675,-0.4632,45.093,31.420,0.159,0.074
815.97,45.697,31.666,-0.4627,45.109,31.410,0.151,0.082
816.17,45.712,31.659,-0.4619,45.122,31.402,0.170,0.078
816.37,45.723,31.652,-0.4600,45.132,31.395,0.173,0.090
816.57,45.735,31.644,-0.4532,45.142,31.386,0.153,0.111
816.77,45.747,31.637,-0.4507,45.152,31.379,0.148,0.113
816.97,45.755,31.628,-0.4373,45.158,31.369,0.143,0.125
817.17,45.762,31.611,-0.4041,45.162,31.351,0.147,0.205
817.37,45.768,31.594,-0.3716,45.166,31.332,0.149,0.232
817.57,45.770,31.573,-0.3222,45.167,31.310,0.169,0.171
817.77,45.769,31.548,-0.2584,45.166,31.284,0.159,0.242
817.97,45.773,31.521,-0.1915,45.168,31.255,0.154,0.266
818.17,45.782,31.496,-0.1284,45.176,31.228,0.158,0.246
818.37,45.797,31.468,-0.0483,45.190,31.199,0.169,0.294
818.57,45.816,31.461,0.0367,45.210,31.189,0.168,0.355
818.77,45.838,31.470,0.0726,45.232,31.198,0.171,0.188
818.97,45.855,31.477,0.1468,45.249,31.205,0.162,0.222
819.17,45.876,31.478,0.2510,45.268,31.207,0.149,0.398
819.37,45.898,31.489,0.2736,45.289,31.216,0.150,0.198
819.57,45.915,31.501,0.3075,45.307,31.229,0.144,0.049
819.77,45.934,31.515,0.4096,45.324,31.241,0.135,0.277
819.97,45.963,31.538,0.4331,45.352,31.266,0.152,0.161
820.17,45.989,31.556,0.4485,45.378,31.285,0.159,0.018
820.37,46.011,31.582,0.4826,45.399,31.311,0.154,0.043
820.57,46.034,31.598,0.4921,45.422,31.330,0.142,-0.009
820.77,46.062,31.613,0.4920,45.449,31.345,0.142,-0.084
820.97,46.087,31.627,0.4920,45.475,31.359,0.162,-0.025
821.17,46.113,31.640,0.4896,45.500,31.372,0.172,-0.066
821.37,46.138,31.648,0.4828,45.526,31.380,0.169,-0.108
821.57,46.165,31.662,0.4827,45.553,31.394,0.175,-0.082
821.77,46.185,31.675,0.4832,45.572,31.407,0.164,-0.066
821.97,46.210,31.685,0.4775,45.597,31.417,0.160,-0.093
822.17,46.231,31.693,0.4741,45.618,31.423,0.150,-0.106
822.37,46.248,31.700,0.4677,45.635,31.430,0.140,-0.094
822.57,46.266,31.704,0.4576,45.653,31.432,0.135,-0.101
822.77,46.279,31.709,0.4523,45.666,31.435,0.126,-0.097
822.97,46.288,31.714,0.4473,45.674,31.439,0.114,-0.090
823.17,46.299,31.723,0.4356,45.685,31.448,0.115,-0.130
823.37,46.310,31.727,0.4322,45.694,31.451,0.113,-0.106
823.57,46.320,31.730,0.4247,45.704,31.454,0.124,-0.099
823.77,46.331,31.736,0.4125,45.714,31.459,0.147,-0.154
823.97,46.341,31.739,0.4079,45.723,31.461,0.143,-0.128
824.17,46.352,31.749,0.3847,45.733,31.469,0.143,-0.157
824.37,46.366,31.765,0.3508,45.745,31.485,0.157,-0.206
824.57,46.383,31.781,0.3178,45.761,31.503,0.171,-0.205
824.77,46.406,31.788,0.2898,45.784,31.514,0.184,-0.184
824.97,46.429,31.788,0.2670,45.808,31.514,0.185,-0.114
825.17,46.454,31.786,0.2411,45.832,31.513,0.186,-0.105
825.37,46.477,31.782,0.2095,45.856,31.508,0.180,-0.158
825.57,46.496,31.781,0.1919,45.875,31.505,0.169,-0.162
825.77,46.507,31.780,0.1800,45.886,31.506,0.151,-0.109
825.97,46.524,31.768,0.1224,45.901,31.494,0.151,-0.259
826.17,46.546,31.760,0.0797,45.922,31.484,0.167,-0.221
826.37,46.572,31.753,0.0248,45.947,31.477,0.184,-0.224
826.57,46.599,31.744,-0.0286,45.974,31.468,0.196,-0.212
826.77,46.624,31.742,-0.0640,46.001,31.462,0.202,-0.141
826.97,46.644,31.746,-0.0864,46.022,31.465,0.186,-0.064
827.17,46.665,31.748,-0.1039,46.042,31.468,0.175,-0.034
827.37,46.687,31.750,-0.1119,46.063,31.471,0.170,-0.028
827.57,46.718,31.748,-0.1123,46.091,31.470,0.179,-0.003
827.77,46.753,31.744,-0.1123,46.125,31.467,0.200,0.016
827.97,46.788,31.740,-0.1123,46.160,31.463,0.211,0.019
828.17,46.824,31.736,-0.1122,46.196,31.459,0.214,0.019
828.37,46.864,31.731,-0.1122,46.236,31.454,0.218,0.019
828.57,46.905,31.726,-0.1122,46.276,31.450,0.222,0.020
828.77,46.947,31.721,-0.1122,46.318,31.445,0.276,0.013
828.97,46.990,31.716,-0.1121,46.361,31.440,0.270,0.024
829.17,47.038,31.711,-0.1121,46.408,31.434,0.267,0.025
829.37,47.093,31.704,-0.1121,46.462,31.428,0.279,0.027
829.57,47.148,31.698,-0.1121,46.517,31.422,0.288,0.027
829.77,47.203,31.691,-0.1120,46.572,31.415,0.289,0.028
829.97,47.261,31.684,-0.1120,46.629,31.408,0.291,0.029
830.17,47.320,31.678,-0.1119,46.688,31.401,0.293,0.030
830.37,47.379,31.671,-0.1119,46.747,31.395,0.293,0.031
830.57,47.438,31.664,-0.1118,46.805,31.388,0.291,0.033
830.77,47.498,31.658,-0.1118,46.865,31.382,0.287,0.036
830.97,47.559,31.654,-0.1118,46.926,31.377,0.343,0.027
831.17,47.617,31.648,-0.1118,46.984,31.371,0.330,0.036
831.37,47.678,31.640,-0.1119,47.044,31.364,0.315,0.040
831.57,47.745,31.633,-0.1119,47.110,31.356,0.321,0.040
831.77,47.810,31.627,-0.1119,47.176,31.351,0.324,0.043
831.97,47.872,31.619,-0.1119,47.238,31.343,0.315,0.044
832.17,47.936,31.613,-0.1119,47.302,31.336,0.310,0.048
832.37,48.000,31.606,-0.1119,47.366,31.329,0.315,-0.037
832.57,48.061,31.598,-0.1117,47.427,31.321,0.351,-0.028
832.77,48.122,31.592,-0.1117,47.488,31.315,0.355,-0.020
832.97,48.193,31.586,-0.1118,47.558,31.309,0.350,-0.019
833.17,48.266,31.577,-0.1118,47.630,31.300,0.356,-0.017
833.37,48.338,31.569,-0.1118,47.701,31.292,0.355,-0.017
833.57,48.409,31.561,-0.1118,47.772,31.284,0.351,-0.025
833.77,48.481,31.552,-0.1118,47.844,31.276,0.347,-0.025
833.97,48.552,31.544,-0.1117,47.915,31.267,0.342,-0.025
834.17,48.622,31.536,-0.1117,47.985,31.259,0.333,-0.026
834.37,48.688,31.529,-0.1117,48.052,31.252,0.386,0.009
834.57,48.753,31.521,-0.1117,48.118,31.244,0.355,0.005
834.77,48.826,31.513,-0.1117,48.189,31.235,0.349,0.006
834.97,48.901,31.504,-0.1117,48.264,31.227,0.357,0.006
835.17,48.971,31.496,-0.1117,48.335,31.219,0.352,0.006
835.37,49.041,31.488,-0.1117,48.405,31.211,0.342,0.006
835.57,49.111,31.481,-0.1117,48.475,31.204,0.335,0.006
835.77,49.178,31.474,-0.1118,48.543,31.197,0.325,0.006
835.97,49.245,31.467,-0.1118,48.609,31.190,0.377,0.025
836.17,49.311,31.459,-0.1118,48.675,31.182,0.366,0.026
836.37,49.377,31.452,-0.1118,48.741,31.175,0.343,0.027
836.57,49.450,31.443,-0.1119,48.814,31.166,0.345,0.029
836.77,49.521,31.435,-0.1119,48.884,31.158,0.348,0.030
836.97,49.588,31.427,-0.1119,48.952,31.150,0.337,0.031
837.17,49.656,31.419,-0.1119,49.020,31.142,0.330,0.015
837.37,49.723,31.412,-0.1119,49.088,31.135,0.324,0.022
837.57,49.789,31.404,-0.1119,49.154,31.127,0.342,0.036
837.77,49.853,31.397,-0.1118,49.219,31.119,0.371,0.045
837.97,49.916,31.389,-0.1118,49.282,31.112,0.338,0.044
838.17,49.983,31.382,-0.1116,49.349,31.104,0.337,0.048
838.37,50.048,31.374,-0.1114,49.413,31.096,0.330,0.053
838.57,50.112,31.367,-0.1112,49.476,31.088,0.322,0.056
838.77,50.173,31.360,-0.1109,49.538,31.081,0.312,0.058
838.97,50.233,31.353,-0.1105,49.596,31.074,0.300,0.060
839.17,50.289,31.347,-0.1100,49.652,31.068,0.289,0.061
839.37,50.340,31.342,-0.1096,49.702,31.063,0.267,0.132
839.57,50.387,31.338,-0.1092,49.748,31.059,0.261,0.099
839.77,50.426,31.334,-0.1079,49.788,31.055,0.280,0.113
839.97,50.440,31.334,-0.1030,49.802,31.054,0.207,0.121
840.17,50.465,31.332,-0.1018,49.825,31.054,0.170,0.130
840.37,50.482,31.330,-0.1022,49.841,31.054,0.161,0.111
840.57,50.495,31.337,-0.0775,49.853,31.060,0.142,0.143
840.77,50.517,31.346,-0.0462,49.872,31.069,0.159,0.262
840.97,50.532,31.345,-0.0334,49.887,31.070,0.159,0.242
841.17,50.545,31.352,0.0313,49.899,31.075,0.153,0.246
841.37,50.561,31.355,0.0894,49.914,31.078,0.163,0.320
841.57,50.584,31.367,0.1660,49.935,31.089,0.183,0.384
841.77,50.614,31.373,0.2142,49.962,31.094,0.203,0.355
841.97,50.638,31.369,0.2496,49.986,31.090,0.198,0.260
842.17,50.667,31.366,0.2828,50.014,31.088,0.203,0.193
842.37,50.703,31.364,0.3203,50.048,31.084,0.213,0.164
842.57,50.745,31.363,0.3608,50.088,31.082,0.230,0.184
842.77,50.779,31.366,0.4039,50.124,31.084,0.237,0.237
842.97,50.808,31.365,0.4497,50.153,31.083,0.219,0.252
843.17,50.843,31.365,0.5063,50.188,31.082,0.215,0.254
843.37,50.882,31.376,0.5707,50.228,31.089,0.229,0.257
843.57,50.915,31.392,0.6259,50.263,31.104,0.238,0.251
843.77,50.933,31.412,0.6558,50.284,31.123,0.218,0.171
843.97,50.949,31.436,0.6844,50.300,31.147,0.212,0.080
844.17,50.965,31.462,0.7118,50.316,31.172,0.226,0.032
844.37,50.983,31.487,0.7292,50.331,31.198,0.224,0.041
844.57,51.008,31.512,0.7299,50.354,31.222,0.226,-0.001
844.77,51.043,31.541,0.7300,50.387,31.251,0.247,-0.037
844.97,51.078,31.571,0.7301,50.422,31.280,0.267,-0.045
845.17,51.113,31.602,0.7300,50.457,31.311,0.272,-0.046
845.37,51.150,31.635,0.7299,50.494,31.344,0.277,-0.047
845.57,51.189,31.670,0.7297,50.532,31.379,0.284,-0.050
845.77,51.226,31.705,0.7295,50.570,31.413,0.283,0.033
845.97,51.268,31.745,0.7292,50.611,31.452,0.334,-0.023
846.17,51.304,31.777,0.7306,50.647,31.486,0.308,0.013
846.37,51.349,31.817,0.7307,50.689,31.524,0.301,0.013
846.57,51.399,31.861,0.7307,50.739,31.567,0.325,0.009
846.77,51.444,31.900,0.7307,50.785,31.607,0.328,0.008
846.97,51.490,31.941,0.7307,50.831,31.648,0.322,0.007
847.17,51.539,31.985,0.7307,50.880,31.691,0.325,0.008
847.37,51.588,32.028,0.7307,50.929,31.734,0.351,-0.057
847.57,51.636,32.071,0.7308,50.977,31.777,0.360,-0.050
847.77,51.685,32.114,0.7308,51.026,31.820,0.349,-0.043
847.97,51.733,32.158,0.7301,51.074,31.864,0.343,-0.049
848.17,51.782,32.201,0.7298,51.122,31.907,0.336,-0.052
848.37,51.832,32.248,0.7297,51.172,31.953,0.337,-0.050
848.57,51.884,32.299,0.7296,51.225,32.004,0.348,-0.055
848.77,51.935,32.344,0.7290,51.277,32.049,0.344,-0.062
848.97,51.985,32.387,0.7287,51.328,32.093,0.345,0.017
849.17,52.032,32.429,0.7282,51.375,32.135,0.354,0.020
849.37,52.076,32.470,0.7280,51.417,32.175,0.327,0.010
849.57,52.128,32.516,0.7281,51.468,32.220,0.333,0.013
849.77,52.176,32.560,0.7281,51.517,32.265,0.337,0.016
849.97,52.225,32.602,0.7281,51.566,32.306,0.363,-0.053
850.17,52.277,32.647,0.7281,51.617,32.351,0.359,-0.038
850.37,52.326,32.692,0.7278,51.666,32.396,0.354,-0.038
850.57,52.376,32.738,0.7276,51.715,32.441,0.346,-0.041
850.77,52.430,32.785,0.7275,51.768,32.488,0.350,-0.040
850.97,52.482,32.832,0.7274,51.821,32.535,0.350,-0.044
851.17,52.533,32.878,0.7273,51.873,32.581,0.307,-0.139
851.37,52.586,32.924,0.7271,51.925,32.628,0.288,-0.115
851.57,52.636,32.969,0.7246,51.976,32.673,0.269,-0.106
851.77,52.678,33.008,0.7155,52.019,32.714,0.243,-0.145
851.97,52.710,33.044,0.7042,52.050,32.751,0.205,-0.175
852.17,52.741,33.074,0.6937,52.081,32.782,0.184,-0.167
852.37,52.762,33.103,0.6678,52.102,32.811,0.158,-0.201
852.57,52.778,33.128,0.6412,52.118,32.838,0.136,-0.226
852.77,52.793,33.150,0.6174,52.132,32.861,0.122,-0.195
852.97,52.809,33.172,0.5902,52.148,32.883,0.118,-0.174
853.17,52.827,33.195,0.5610,52.166,32.906,0.200,-0.127
853.37,52.846,33.220,0.5308,52.184,32.932,0.202,-0.152
853.57,52.871,33.246,0.5037,52.207,32.959,0.215,-0.169
853.77,52.897,33.272,0.4740,52.231,32.985,0.218,-0.175
853.97,52.921,33.295,0.4458,52.254,33.010,0.214,-0.172
854.17,52.931,33.305,0.4208,52.266,33.022,0.179,-0.142
854.37,52.935,33.327,0.3677,52.269,33.044,0.149,-0.230
854.57,52.940,33.349,0.3181,52.271,33.070,0.146,-0.244
854.77,52.944,33.371,0.2683,52.274,33.094,0.144,-0.242
854.97,52.946,33.396,0.2060,52.276,33.120,0.143,-0.264
855.17,52.952,33.424,0.1356,52.281,33.149,0.150,-0.285
855.37,52.958,33.452,0.0646,52.287,33.179,0.154,-0.289
855.57,52.966,33.483,-0.0122,52.295,33.211,0.153,-0.302
855.77,52.986,33.511,-0.1043,52.314,33.242,0.171,-0.328
855.97,53.007,33.515,-0.1970,52.336,33.251,0.181,-0.422
856.17,53.038,33.494,-0.2332,52.366,33.233,0.210,-0.178
856.37,53.076,33.486,-0.2491,52.403,33.221,0.232,-0.044
856.57,53.112,33.490,-0.2894,52.439,33.225,0.230,-0.102
856.77,53.156,33.487,-0.3160,52.482,33.226,0.234,-0.109
856.97,53.205,33.472,-0.3184,52.531,33.213,0.254,-0.014
857.17,53.255,33.462,-0.3352,52.581,33.204,0.264,-0.010
857.37,53.306,33.447,-0.3432,52.633,33.192,0.267,-0.018
857.57,53.354,33.430,-0.3432,52.681,33.175,0.264,0.046
857.77,53.404,33.412,-0.3433,52.731,33.158,0.261,0.062
857.97,53.454,33.393,-0.3433,52.781,33.139,0.317,0.064
858.17,53.508,33.374,-0.3423,52.836,33.121,0.306,0.080
858.37,53.565,33.354,-0.3414,52.892,33.101,0.306,0.084
858.57,53.620,33.335,-0.3400,52.947,33.082,0.302,0.085
858.77,53.676,33.315,-0.3385,53.003,33.062,0.298,0.087
858.97,53.727,33.298,-0.3370,53.053,33.045,0.287,0.089
859.17,53.771,33.282,-0.3362,53.097,33.029,0.261,0.088
859.37,53.807,33.270,-0.3358,53.132,33.017,0.255,0.122
859.57,53.836,33.260,-0.3349,53.161,33.008,0.233,0.133
859.77,53.854,33.253,-0.3328,53.180,33.001,0.192,0.136
859.97,53.865,33.254,-0.3244,53.189,33.001,0.141,0.143
860.17,53.878,33.252,-0.3132,53.204,33.001,0.138,0.170
860.37,53.892,33.254,-0.2968,53.217,33.005,0.135,0.188
860.57,53.901,33.251,-0.2666,53.225,33.003,0.133,0.204
860.77,53.915,33.257,-0.1979,53.238,33.008,0.142,0.317
860.97,53.930,33.265,-0.1250,53.252,33.016,0.155,0.401
861.17,53.946,33.271,-0.0185,53.267,33.023,0.171,0.451
861.37,53.963,33.278,0.1547,53.284,33.028,0.187,0.641
861.57,53.985,33.292,0.3480,53.305,33.041,0.203,0.790
861.77,54.005,33.311,0.5804,53.325,33.058,0.218,0.887
861.97,54.022,33.331,0.9095,53.343,33.076,0.221,1.022
862.17,54.030,33.354,1.3718,53.354,33.097,0.173,1.002
862.37,54.001,33.394,1.8335,53.341,33.139,0.170,1.000
862.57,53.891,33.474,2.0531,53.249,33.224,0.336,0.963
862.77,53.793,33.546,2.1857,53.157,33.296,0.384,0.646
862.97,53.688,33.602,2.3137,53.054,33.354,0.364,0.494
863.17,53.638,33.661,2.4093,53.001,33.409,0.296,0.380
863.37,53.574,33.705,2.4582,52.942,33.460,0.213,0.190
863.57,53.504,33.721,2.5322,52.872,33.480,0.179,0.226
863.77,53.441,33.732,2.5958,52.808,33.492,0.150,0.217
863.97,53.386,33.741,2.6482,52.750,33.501,0.128,0.170
864.17,53.335,33.745,2.6986,52.698,33.505,0.107,0.139
864.37,53.289,33.747,2.7427,52.650,33.506,0.093,0.110
864.57,53.256,33.750,2.7768,52.615,33.508,0.068,0.086
864.77,53.242,33.749,2.8039,52.599,33.508,0.022,0.062
864.97,53.232,33.743,2.8307,52.589,33.502,-0.007,0.068
865.17,53.230,33.739,2.8439,52.584,33.494,-0.029,0.007
865.37,53.241,33.733,2.8513,52.592,33.485,-0.052,-0.030
865.57,53.250,33.729,2.8545,52.600,33.478,-0.069,-0.050
865.77,53.257,33.727,2.8545,52.607,33.476,-0.071,-0.102
865.97,53.263,33.727,2.8425,52.613,33.475,-0.071,-0.140
866.17,53.270,33.735,2.8170,52.619,33.484,-0.067,-0.237
866.37,53.277,33.743,2.7848,52.627,33.493,-0.069,-0.273
866.57,53.286,33.747,2.7217,52.636,33.501,-0.075,-0.340
866.77,53.292,33.739,2.6100,52.643,33.495,-0.091,-0.513
866.97,53.290,33.729,2.4742,52.643,33.485,-0.092,-0.647
867.17,53.283,33.720,2.2774,52.637,33.475,-0.084,-0.826
867.37,53.295,33.727,2.0950,52.645,33.481,-0.063,-0.940
867.57,53.330,33.773,1.8896,52.676,33.527,-0.011,-0.893
867.77,53.342,33.783,1.4638,52.694,33.540,0.032,-1.002
867.97,53.334,33.777,1.0096,52.690,33.529,0.055,-1.000
868.17,53.319,33.775,0.5497,52.677,33.525,0.071,-1.000
868.37,53.311,33.751,0.1299,52.675,33.506,0.087,-1.000
868.57,53.253,33.777,0.0129,52.618,33.520,-0.034,-0.801
868.77,53.196,33.804,-0.0617,52.562,33.544,-0.093,-0.445
868.97,53.147,33.834,-0.1295,52.512,33.573,-0.085,-0.307
869.17,53.099,33.867,-0.1949,52.464,33.606,-0.072,-0.270
869.37,53.055,33.900,-0.2531,52.418,33.639,-0.064,-0.258
869.57,53.018,33.930,-0.3017,52.380,33.669,-0.043,-0.225
869.77,52.983,33.961,-0.3494,52.345,33.701,-0.026,-0.199
869.97,52.950,33.993,-0.3940,52.312,33.734,-0.020,-0.185
870.17,52.916,34.028,-0.4399,52.278,33.770,-0.040,-0.108
870.37,52.887,34.060,-0.4800,52.248,33.803,-0.027,-0.120
870.57,52.862,34.089,-0.5132,52.221,33.836,-0.016,-0.108
870.77,52.841,34.113,-0.5396,52.200,33.864,0.004,-0.074
870.97,52.824,34.134,-0.5615,52.181,33.890,0.019,-0.059
871.17,52.817,34.142,-0.5682,52.173,33.903,0.057,-0.010
871.37,52.812,34.147,-0.5716,52.169,33.911,0.083,0.008
871.57,52.815,34.145,-0.5723,52.171,33.912,0.110,0.041
871.77,52.826,34.137,-0.5723,52.181,33.906,0.142,0.070
871.97,52.842,34.127,-0.5723,52.196,33.896,0.164,0.075
872.17,52.862,34.114,-0.5715,52.214,33.884,0.176,0.077
872.37,52.883,34.099,-0.5668,52.234,33.868,0.186,0.106
872.57,52.906,34.084,-0.5650,52.255,33.854,0.190,0.109
872.77,52.926,34.070,-0.5596,52.275,33.839,0.188,0.120
872.97,52.942,34.055,-0.5480,52.290,33.824,0.180,0.151
873.17,52.963,34.035,-0.5320,52.309,33.806,0.182,0.173
873.37,52.988,34.009,-0.5037,52.332,33.779,0.194,0.185
873.57,53.018,33.977,-0.4649,52.359,33.747,0.217,0.220
873.77,53.055,33.940,-0.4183,52.394,33.710,0.243,0.251
873.97,53.098,33.900,-0.3645,52.435,33.669,0.268,0.275
874.17,53.146,33.859,-0.3050,52.481,33.627,0.309,0.183
874.37,53.204,33.816,-0.2364,52.536,33.583,0.323,0.235
874.57,53.275,33.772,-0.1585,52.604,33.538,0.336,0.268
874.77,53.368,33.740,-0.1057,52.693,33.499,0.375,0.248
874.97,53.468,33.711,-0.0512,52.793,33.472,0.471,0.149
875.17,53.574,33.678,0.0349,52.896,33.434,0.487,0.258
875.37,53.684,33.662,0.0983,53.006,33.413,0.477,0.232
875.57,53.785,33.658,0.1637,53.112,33.405,0.466,0.221
875.77,53.840,33.674,0.2004,53.173,33.419,0.354,0.160
875.97,53.876,33.687,0.2144,53.213,33.434,0.237,0.050
876.17,53.895,33.693,0.2217,53.231,33.441,0.154,0.001
876.37,53.921,33.698,0.2234,53.254,33.444,0.127,-0.025
876.57,53.958,33.706,0.2234,53.290,33.451,0.154,-0.060
876.77,53.984,33.712,0.2234,53.318,33.457,0.158,-0.069
876.97,54.007,33.717,0.2233,53.341,33.463,0.218,0.023
877.17,54.029,33.722,0.2232,53.363,33.467,0.199,-0.011
877.37,54.060,33.730,0.2231,53.391,33.474,0.203,-0.005
877.57,54.101,33.739,0.2232,53.431,33.483,0.231,-0.001
877.77,54.139,33.747,0.2232,53.470,33.491,0.242,0.001
877.97,54.180,33.757,0.2232,53.510,33.501,0.246,0.001
878.17,54.226,33.767,0.2232,53.556,33.512,0.258,-0.001
878.37,54.274,33.778,0.2232,53.603,33.523,0.265,-0.002
878.57,54.323,33.789,0.2232,53.652,33.533,0.269,-0.002
878.77,54.374,33.801,0.2232,53.703,33.545,0.272,-0.001
878.97,54.426,33.813,0.2232,53.755,33.558,0.274,-0.002
879.17,54.479,33.825,0.2232,53.807,33.570,0.276,-0.002
879.37,54.532,33.837,0.2232,53.861,33.582,0.276,-0.004
879.57,54.586,33.849,0.2232,53.914,33.594,0.284,-0.016
879.77,54.640,33.862,0.2231,53.968,33.607,0.314,-0.039
879.97,54.693,33.875,0.2231,54.022,33.620,0.309,-0.023
880.17,54.749,33.886,0.2230,54.077,33.632,0.301,-0.021
880.37,54.807,33.899,0.2230,54.136,33.645,0.306,-0.019
880.57,54.865,33.913,0.2229,54.194,33.658,0.306,-0.021
880.77,54.922,33.926,0.2229,54.252,33.671,0.322,-0.035
880.97,54.984,33.944,0.2228,54.313,33.688,0.350,-0.047
881.17,55.045,33.958,0.2228,54.374,33.702,0.343,-0.036
881.37,55.110,33.972,0.2228,54.438,33.717,0.342,-0.036
881.57,55.179,33.987,0.2227,54.506,33.732,0.303,-0.053
881.77,55.246,34.003,0.2227,54.573,33.747,0.356,-0.052
881.97,55.307,34.016,0.2224,54.636,33.761,0.386,-0.059
882.17,55.369,34.030,0.2221,54.696,33.775,0.379,-0.070
882.37,55.438,34.046,0.2218,54.763,33.790,0.381,-0.074
882.57,55.509,34.062,0.2213,54.832,33.807,0.387,-0.079
882.77,55.586,34.079,0.2203,54.908,33.824,0.396,-0.085
882.97,55.663,34.097,0.2191,54.986,33.841,0.404,-0.092
883.17,55.735,34.113,0.2178,55.058,33.858,0.391,-0.096
883.37,55.799,34.127,0.2167,55.122,33.872,0.359,-0.099
883.57,55.855,34.140,0.2161,55.178,33.886,0.313,-0.095
883.77,55.906,34.151,0.2155,55.226,33.898,0.263,-0.088
883.97,55.952,34.161,0.2145,55.271,33.908,0.249,-0.090
884.17,55.993,34.170,0.2137,55.312,33.917,0.000,0.000
