t,gt_x,gt_y,gt_yaw,ekf_x,ekf_y,cmd_v,cmd_w
19.57,-61.975,16.004,0.1364,-61.950,15.995,0.162,-0.105
19.77,-61.955,16.006,0.1353,-61.950,15.995,0.162,-0.105
19.97,-61.942,16.010,0.1302,-61.945,15.997,0.163,-0.111
20.17,-61.927,16.015,0.1218,-61.932,16.002,0.161,-0.114
20.37,-61.904,16.024,0.1050,-61.913,16.011,0.163,-0.122
20.57,-61.871,16.038,0.0775,-61.883,16.026,0.178,-0.144
20.77,-61.829,16.051,0.0448,-61.843,16.041,0.205,-0.174
20.97,-61.792,16.066,0.0072,-61.806,16.057,0.218,-0.196
21.17,-61.751,16.082,-0.0339,-61.766,16.073,0.225,-0.211
21.37,-61.702,16.097,-0.0815,-61.719,16.090,0.242,-0.232
21.57,-61.660,16.105,-0.1163,-61.675,16.100,0.248,-0.225
21.77,-61.622,16.113,-0.1530,-61.637,16.110,0.235,-0.215
21.97,-61.583,16.120,-0.1903,-61.598,16.118,0.225,-0.211
22.17,-61.540,16.126,-0.2299,-61.557,16.125,0.222,-0.210
22.37,-61.494,16.131,-0.2736,-61.512,16.131,0.236,-0.120
22.57,-61.442,16.126,-0.3038,-61.461,16.130,0.273,-0.080
22.77,-61.388,16.112,-0.3077,-61.407,16.118,0.308,-0.012
22.97,-61.330,16.093,-0.3077,-61.349,16.101,0.311,0.039
23.17,-61.273,16.075,-0.3076,-61.292,16.082,0.308,0.063
23.37,-61.220,16.057,-0.3072,-61.239,16.064,0.317,-0.042
23.57,-61.161,16.039,-0.3073,-61.182,16.047,0.314,-0.034
23.77,-61.101,16.019,-0.3074,-61.122,16.027,0.314,-0.016
23.97,-61.041,16.001,-0.3074,-61.062,16.008,0.313,-0.012
24.17,-60.983,15.982,-0.3074,-61.003,15.990,0.305,-0.012
24.37,-60.926,15.964,-0.3074,-60.946,15.971,0.297,-0.013
24.57,-60.871,15.946,-0.3074,-60.890,15.953,0.334,0.020
24.77,-60.809,15.927,-0.3073,-60.830,15.934,0.351,0.019
24.97,-60.743,15.906,-0.3072,-60.764,15.913,0.347,0.017
25.17,-60.677,15.884,-0.3072,-60.698,15.892,0.343,0.016
25.37,-60.612,15.864,-0.3071,-60.633,15.871,0.337,0.017
25.57,-60.549,15.844,-0.3071,-60.570,15.850,0.334,0.017
25.77,-60.488,15.824,-0.3070,-60.508,15.831,0.323,0.018
25.97,-60.427,15.805,-0.3070,-60.446,15.811,0.313,0.019
26.17,-60.367,15.786,-0.3070,-60.385,15.792,0.302,0.020
26.37,-60.309,15.768,-0.3069,-60.327,15.775,0.334,0.034
26.57,-60.254,15.751,-0.3069,-60.270,15.757,0.347,0.040
26.77,-60.196,15.734,-0.3068,-60.213,15.740,0.338,0.042
26.97,-60.132,15.714,-0.3067,-60.149,15.720,0.327,0.043
27.17,-60.069,15.694,-0.3066,-60.086,15.700,0.324,0.045
27.37,-60.010,15.675,-0.3064,-60.026,15.680,0.319,0.048
27.57,-59.952,15.656,-0.3061,-59.968,15.661,0.308,0.053
27.77,-59.895,15.638,-0.3058,-59.911,15.643,0.296,0.057
27.97,-59.841,15.620,-0.3054,-59.857,15.626,0.283,0.057
28.17,-59.790,15.604,-0.3049,-59.806,15.611,0.269,0.059
28.37,-59.741,15.589,-0.3045,-59.758,15.596,0.260,0.061
28.57,-59.698,15.576,-0.3041,-59.715,15.584,0.291,0.053
28.77,-59.657,15.563,-0.3038,-59.675,15.572,0.284,0.062
28.97,-59.611,15.549,-0.3033,-59.630,15.558,0.272,0.067
29.17,-59.570,15.537,-0.3028,-59.590,15.546,0.258,0.068
29.37,-59.534,15.525,-0.3023,-59.555,15.535,0.242,0.068
29.57,-59.502,15.516,-0.3018,-59.524,15.526,0.225,0.068
29.77,-59.473,15.507,-0.3015,-59.495,15.518,0.206,0.068
29.97,-59.445,15.498,-0.3009,-59.469,15.510,0.196,0.069
30.17,-59.415,15.489,-0.3004,-59.440,15.501,0.193,0.070
30.37,-59.386,15.481,-0.3004,-59.413,15.495,0.218,-0.037
30.57,-59.363,15.474,-0.3004,-59.390,15.489,0.204,-0.020
30.77,-59.328,15.463,-0.3005,-59.358,15.478,0.201,-0.016
30.97,-59.290,15.451,-0.3005,-59.320,15.467,0.213,-0.017
31.17,-59.252,15.440,-0.3006,-59.282,15.455,0.223,-0.017
31.37,-59.213,15.429,-0.3006,-59.243,15.444,0.226,-0.018
31.57,-59.172,15.417,-0.3006,-59.202,15.432,0.229,-0.019
31.77,-59.129,15.404,-0.3006,-59.159,15.419,0.271,0.014
31.97,-59.084,15.390,-0.3007,-59.115,15.406,0.291,0.007
32.17,-59.040,15.377,-0.3007,-59.071,15.392,0.289,0.006
32.37,-58.990,15.361,-0.3007,-59.022,15.377,0.282,0.008
32.57,-58.936,15.345,-0.3007,-58.969,15.360,0.286,0.009
32.77,-58.882,15.328,-0.3007,-58.915,15.344,0.290,0.009
32.97,-58.829,15.312,-0.3007,-58.862,15.327,0.289,0.009
33.17,-58.776,15.295,-0.3006,-58.808,15.311,0.286,0.010
33.37,-58.722,15.278,-0.3006,-58.755,15.294,0.285,0.010
33.57,-58.668,15.262,-0.3006,-58.701,15.277,0.282,0.010
33.77,-58.615,15.245,-0.3005,-58.648,15.261,0.277,0.010
33.97,-58.562,15.229,-0.3005,-58.594,15.244,0.272,0.011
34.17,-58.510,15.212,-0.3005,-58.542,15.228,0.310,0.030
34.37,-58.458,15.196,-0.3005,-58.490,15.212,0.324,0.033
34.57,-58.406,15.180,-0.3005,-58.439,15.196,0.309,0.034
34.77,-58.347,15.162,-0.3004,-58.380,15.178,0.304,0.035
34.97,-58.285,15.143,-0.3004,-58.319,15.159,0.307,0.037
35.17,-58.226,15.125,-0.3003,-58.259,15.140,0.307,0.038
35.37,-58.168,15.107,-0.3002,-58.201,15.122,0.302,0.040
35.57,-58.109,15.089,-0.3002,-58.142,15.104,0.296,0.042
35.77,-58.050,15.070,-0.3001,-58.083,15.086,0.291,0.043
35.97,-57.991,15.052,-0.3000,-58.025,15.068,0.286,0.045
36.17,-57.933,15.034,-0.3000,-57.967,15.049,0.322,0.043
36.37,-57.876,15.016,-0.2998,-57.909,15.031,0.343,0.054
36.57,-57.818,14.998,-0.2995,-57.852,15.012,0.328,0.068
36.77,-57.753,14.978,-0.2992,-57.788,14.991,0.322,0.069
36.97,-57.681,14.955,-0.2982,-57.717,14.968,0.326,0.072
37.17,-57.608,14.932,-0.2964,-57.643,14.943,0.335,0.078
37.37,-57.542,14.912,-0.2944,-57.574,14.922,0.351,-0.011
37.57,-57.489,14.896,-0.2928,-57.519,14.907,0.339,-0.051
37.77,-57.440,14.881,-0.2918,-57.471,14.892,0.303,-0.027
37.97,-57.375,14.862,-0.2919,-57.410,14.874,0.321,0.013
38.17,-57.311,14.842,-0.2921,-57.345,14.855,0.360,0.009
38.37,-57.254,14.824,-0.2921,-57.286,14.836,0.352,0.002
38.57,-57.192,14.808,-0.2920,-57.225,14.820,0.341,0.000
38.77,-57.124,14.787,-0.2919,-57.158,14.800,0.335,-0.000
38.97,-57.057,14.767,-0.2919,-57.091,14.780,0.335,0.000
39.17,-56.993,14.748,-0.2918,-57.027,14.760,0.329,0.000
39.37,-56.929,14.728,-0.2918,-56.962,14.741,0.322,0.002
39.57,-56.865,14.708,-0.2918,-56.899,14.722,0.316,0.002
39.77,-56.803,14.689,-0.2917,-56.836,14.702,0.311,0.001
39.97,-56.742,14.671,-0.2918,-56.775,14.684,0.358,0.027
40.17,-56.681,14.652,-0.2918,-56.714,14.666,0.358,0.028
40.37,-56.614,14.632,-0.2918,-56.648,14.645,0.345,0.026
40.57,-56.545,14.612,-0.2918,-56.579,14.625,0.343,0.027
40.77,-56.479,14.592,-0.2919,-56.512,14.605,0.335,0.031
40.97,-56.414,14.573,-0.2919,-56.447,14.586,0.329,0.031
41.17,-56.349,14.553,-0.2919,-56.381,14.567,0.324,0.032
41.37,-56.285,14.534,-0.2919,-56.317,14.547,0.314,0.033
41.57,-56.222,14.516,-0.2920,-56.253,14.528,0.307,0.034
41.77,-56.160,14.497,-0.2920,-56.191,14.510,0.353,0.042
41.97,-56.100,14.479,-0.2920,-56.131,14.491,0.358,0.047
42.17,-56.042,14.462,-0.2920,-56.072,14.474,0.335,0.052
42.37,-55.981,14.444,-0.2920,-56.012,14.456,0.324,0.069
42.57,-55.915,14.424,-0.2920,-55.946,14.437,0.318,0.072
42.77,-55.852,14.405,-0.2916,-55.883,14.418,0.316,0.072
42.97,-55.793,14.388,-0.2912,-55.824,14.401,0.302,0.074
43.17,-55.743,14.373,-0.2908,-55.774,14.387,0.281,0.077
43.37,-55.696,14.359,-0.2903,-55.728,14.374,0.265,0.103
43.57,-55.650,14.345,-0.2899,-55.683,14.362,0.245,0.110
43.77,-55.608,14.333,-0.2894,-55.642,14.350,0.251,0.085
43.97,-55.572,14.322,-0.2889,-55.607,14.340,0.261,0.098
44.17,-55.547,14.315,-0.2882,-55.581,14.334,0.233,0.111
44.37,-55.527,14.309,-0.2880,-55.562,14.330,0.205,0.107
44.57,-55.499,14.301,-0.2879,-55.537,14.323,0.188,0.138
44.77,-55.478,14.295,-0.2882,-55.517,14.318,0.174,0.128
44.97,-55.465,14.291,-0.2874,-55.504,14.316,0.129,0.120
45.17,-55.450,14.288,-0.2825,-55.490,14.314,0.129,0.117
45.37,-55.434,14.278,-0.2691,-55.476,14.305,0.133,0.137
45.57,-55.416,14.268,-0.2550,-55.460,14.294,0.141,0.152
45.77,-55.398,14.258,-0.2402,-55.443,14.284,0.147,0.159
45.97,-55.383,14.249,-0.2272,-55.427,14.275,0.147,0.156
46.17,-55.366,14.241,-0.2134,-55.411,14.266,0.146,0.152
46.37,-55.351,14.236,-0.1988,-55.395,14.261,0.145,0.151
46.57,-55.332,14.237,-0.1738,-55.378,14.261,0.143,0.179
46.77,-55.308,14.237,-0.1478,-55.355,14.261,0.153,0.145
46.97,-55.280,14.243,-0.1210,-55.328,14.268,0.159,0.150
47.17,-55.242,14.253,-0.0851,-55.293,14.278,0.174,0.174
47.37,-55.188,14.268,-0.0384,-55.241,14.294,0.238,0.236
47.57,-55.135,14.277,-0.0102,-55.187,14.304,0.289,0.240
47.77,-55.072,14.300,0.0462,-55.126,14.327,0.311,0.234
47.97,-55.002,14.332,0.1114,-55.056,14.358,0.342,0.295
48.17,-54.935,14.366,0.1747,-54.989,14.391,0.354,0.297
48.37,-54.869,14.405,0.2388,-54.923,14.430,0.360,0.292
48.57,-54.803,14.455,0.3123,-54.857,14.478,0.366,0.293
48.77,-54.741,14.488,0.3976,-54.794,14.517,0.364,0.325
48.97,-54.681,14.492,0.4537,-54.737,14.524,0.357,0.362
49.17,-54.612,14.502,0.5192,-54.669,14.531,0.345,0.322
49.37,-54.539,14.515,0.5916,-54.597,14.543,0.342,0.309
49.57,-54.461,14.535,0.6723,-54.519,14.560,0.351,0.320
49.77,-54.380,14.563,0.7560,-54.438,14.585,0.348,0.259
49.97,-54.297,14.602,0.8442,-54.354,14.621,0.363,0.212
50.17,-54.212,14.652,0.9379,-54.269,14.667,0.373,0.235
50.37,-54.127,14.714,1.0371,-54.182,14.726,0.378,0.284
50.57,-54.052,14.787,1.1271,-54.103,14.797,0.384,0.315
50.77,-53.988,14.858,1.2120,-54.035,14.868,0.382,0.316
50.97,-53.932,14.927,1.2957,-53.976,14.937,0.395,0.312
51.17,-53.884,14.997,1.3787,-53.925,15.006,0.374,0.272
51.37,-53.838,15.075,1.4650,-53.877,15.081,0.361,0.254
51.57,-53.796,15.169,1.5636,-53.834,15.173,0.365,0.273
51.77,-53.762,15.278,1.6671,-53.795,15.278,0.377,0.302
51.97,-53.754,15.400,1.7323,-53.782,15.400,0.405,0.262
52.17,-53.745,15.508,1.8235,-53.769,15.513,0.399,0.257
52.37,-53.772,15.562,1.8858,-53.792,15.577,0.314,0.229
52.57,-53.807,15.605,1.9363,-53.828,15.622,0.223,0.180
52.77,-53.840,15.644,1.9796,-53.861,15.660,0.157,0.141
52.97,-53.876,15.681,2.0250,-53.897,15.697,0.123,0.135
53.17,-53.912,15.717,2.0669,-53.933,15.732,0.110,0.123
53.37,-53.948,15.749,2.1051,-53.970,15.764,0.105,0.114
53.57,-53.981,15.777,2.1395,-54.006,15.792,0.096,0.104
53.77,-54.013,15.802,2.1724,-54.039,15.817,0.084,0.091
53.97,-54.045,15.826,2.2024,-54.074,15.841,0.076,0.075
54.17,-54.076,15.849,2.2303,-54.108,15.863,0.067,0.069
54.37,-54.105,15.870,2.2549,-54.141,15.884,0.062,0.065
54.57,-54.127,15.886,2.2709,-54.168,15.900,0.047,0.044
54.77,-54.146,15.900,2.2839,-54.191,15.913,0.036,0.030
54.97,-54.164,15.914,2.2959,-54.213,15.925,0.023,0.017
55.17,-54.178,15.925,2.3028,-54.231,15.935,0.010,-0.004
55.37,-54.184,15.932,2.3030,-54.240,15.942,-0.001,-0.026
55.57,-54.188,15.936,2.3030,-54.244,15.947,-0.019,-0.061
55.77,-54.190,15.939,2.3030,-54.247,15.950,-0.032,-0.076
55.97,-54.190,15.939,2.3030,-54.248,15.951,-0.043,-0.081
56.17,-54.188,15.937,2.3021,-54.246,15.949,-0.054,-0.082
56.37,-54.179,15.930,2.2963,-54.237,15.944,-0.063,-0.091
56.57,-54.165,15.921,2.2849,-54.221,15.936,-0.079,-0.130
56.77,-54.145,15.908,2.2681,-54.200,15.925,-0.099,-0.157
56.97,-54.121,15.892,2.2467,-54.175,15.911,-0.116,-0.170
57.17,-54.089,15.871,2.2131,-54.142,15.891,-0.135,-0.194
57.37,-54.048,15.843,2.1696,-54.101,15.865,-0.163,-0.231
57.57,-54.002,15.809,2.1192,-54.053,15.832,-0.195,-0.265
57.77,-53.957,15.771,2.0661,-54.005,15.795,-0.224,-0.292
57.97,-53.918,15.737,2.0151,-53.964,15.760,-0.223,-0.295
58.17,-53.884,15.703,1.9664,-53.928,15.727,-0.209,-0.284
58.37,-53.852,15.670,1.9192,-53.895,15.695,-0.189,-0.271
58.57,-53.823,15.636,1.8729,-53.864,15.662,-0.167,-0.275
58.77,-53.797,15.602,1.8279,-53.836,15.629,-0.155,-0.271
58.97,-53.776,15.572,1.7890,-53.813,15.599,-0.147,-0.271
59.17,-53.761,15.548,1.7558,-53.796,15.574,-0.119,-0.226
59.37,-53.752,15.529,1.7234,-53.786,15.553,-0.097,-0.211
59.57,-53.748,15.518,1.6750,-53.780,15.541,-0.070,-0.272
59.77,-53.760,15.509,1.5614,-53.789,15.533,-0.038,-0.460
59.97,-53.777,15.508,1.4772,-53.806,15.530,-0.017,-0.531
60.17,-53.794,15.519,1.4285,-53.824,15.537,0.021,-0.473
60.37,-53.804,15.553,1.3874,-53.834,15.569,0.072,-0.391
60.57,-53.813,15.595,1.3354,-53.844,15.610,0.120,-0.373
60.77,-53.822,15.637,1.2826,-53.853,15.653,0.152,-0.377
60.97,-53.828,15.685,1.2269,-53.859,15.699,0.172,-0.374
61.17,-53.831,15.735,1.1691,-53.864,15.750,0.188,-0.367
61.37,-53.829,15.785,1.1001,-53.863,15.800,0.199,-0.365
61.57,-53.814,15.826,1.0235,-53.849,15.843,0.200,-0.401
61.77,-53.799,15.862,0.9562,-53.833,15.879,0.196,-0.416
61.97,-53.794,15.897,0.8301,-53.827,15.915,0.177,-0.475
62.17,-53.797,15.928,0.6485,-53.829,15.946,0.163,-0.696
62.37,-53.812,15.965,0.4887,-53.842,15.981,0.159,-0.790
62.57,-53.837,16.003,0.3733,-53.865,16.018,0.137,-0.699
62.77,-53.863,16.044,0.2507,-53.891,16.056,0.102,-0.602
62.97,-53.845,16.078,0.1290,-53.882,16.098,0.110,-0.622
63.17,-53.788,16.075,0.0591,-53.829,16.097,0.181,-0.481
63.37,-53.726,16.105,-0.0219,-53.771,16.126,0.251,-0.374
63.57,-53.657,16.129,-0.1008,-53.703,16.153,0.301,-0.339
63.77,-53.590,16.150,-0.1815,-53.635,16.175,0.326,-0.335
63.97,-53.530,16.162,-0.2481,-53.573,16.189,0.328,-0.322
64.17,-53.474,16.169,-0.3074,-53.517,16.198,0.310,-0.213
64.37,-53.417,16.171,-0.3668,-53.459,16.202,0.285,-0.158
64.57,-53.362,16.170,-0.4225,-53.404,16.202,0.272,-0.155
64.77,-53.302,16.163,-0.4761,-53.345,16.198,0.262,-0.148
64.97,-53.238,16.148,-0.5241,-53.281,16.187,0.301,-0.147
65.17,-53.179,16.132,-0.5679,-53.220,16.173,0.338,-0.096
65.37,-53.127,16.114,-0.6054,-53.166,16.157,0.319,-0.080
65.57,-53.082,16.094,-0.6332,-53.119,16.140,0.288,-0.063
65.77,-53.043,16.067,-0.6371,-53.080,16.115,0.263,-0.004
65.97,-53.006,16.039,-0.6376,-53.045,16.089,0.244,0.060
66.17,-52.970,16.011,-0.6379,-53.010,16.062,0.256,0.004
66.37,-52.929,15.980,-0.6380,-52.970,16.032,0.265,0.012
66.57,-52.892,15.953,-0.6378,-52.932,16.003,0.262,0.048
66.77,-52.865,15.932,-0.6375,-52.906,15.983,0.239,0.056
66.97,-52.825,15.902,-0.6375,-52.867,15.954,0.237,0.058
67.17,-52.786,15.873,-0.6374,-52.827,15.923,0.244,0.059
67.37,-52.749,15.845,-0.6372,-52.790,15.895,0.245,0.062
67.57,-52.717,15.820,-0.6369,-52.757,15.870,0.235,0.065
67.77,-52.684,15.796,-0.6366,-52.726,15.846,0.243,0.075
67.97,-52.650,15.768,-0.6364,-52.693,15.819,0.274,0.095
68.17,-52.611,15.739,-0.6358,-52.655,15.790,0.280,0.098
68.37,-52.576,15.713,-0.6350,-52.619,15.765,0.273,0.098
68.57,-52.540,15.688,-0.6340,-52.585,15.740,0.258,0.098
68.77,-52.506,15.663,-0.6330,-52.551,15.716,0.246,0.096
68.97,-52.473,15.639,-0.6321,-52.519,15.693,0.237,0.096
69.17,-52.440,15.616,-0.6311,-52.487,15.669,0.227,0.096
69.37,-52.410,15.594,-0.6302,-52.457,15.649,0.222,0.096
69.57,-52.388,15.578,-0.6303,-52.435,15.633,0.205,0.095
69.77,-52.371,15.567,-0.6311,-52.420,15.621,0.180,0.090
69.97,-52.354,15.555,-0.6306,-52.405,15.611,0.162,0.091
70.17,-52.338,15.545,-0.6282,-52.390,15.602,0.152,0.100
70.37,-52.325,15.536,-0.6250,-52.377,15.596,0.144,0.102
70.57,-52.312,15.529,-0.6223,-52.365,15.590,0.139,0.102
70.77,-52.301,15.522,-0.6144,-52.354,15.585,0.133,0.125
70.97,-52.290,15.517,-0.6065,-52.345,15.580,0.129,0.144
71.17,-52.276,15.510,-0.5946,-52.330,15.575,0.131,0.165
71.37,-52.267,15.503,-0.5814,-52.322,15.568,0.129,0.153
71.57,-52.254,15.493,-0.5654,-52.311,15.558,0.132,0.161
71.77,-52.240,15.478,-0.5473,-52.299,15.544,0.140,0.194
71.97,-52.223,15.459,-0.5255,-52.284,15.525,0.148,0.217
72.17,-52.205,15.439,-0.5005,-52.267,15.504,0.158,0.234
72.37,-52.185,15.418,-0.4725,-52.248,15.483,0.166,0.246
72.57,-52.165,15.397,-0.4417,-52.228,15.461,0.200,0.141
72.77,-52.143,15.376,-0.4099,-52.208,15.439,0.201,0.170
72.97,-52.119,15.355,-0.3798,-52.185,15.418,0.197,0.177
73.17,-52.089,15.331,-0.3467,-52.158,15.393,0.197,0.157
73.37,-52.052,15.302,-0.3043,-52.123,15.364,0.239,0.179
73.57,-52.007,15.269,-0.2543,-52.080,15.331,0.277,0.182
73.77,-51.957,15.237,-0.2013,-52.030,15.297,0.296,0.193
73.97,-51.906,15.208,-0.1474,-51.980,15.265,0.301,0.198
74.17,-51.854,15.182,-0.0962,-51.928,15.238,0.298,0.195
74.37,-51.805,15.161,-0.0479,-51.879,15.215,0.287,0.185
74.57,-51.760,15.145,-0.0060,-51.834,15.196,0.264,0.160
74.77,-51.720,15.133,0.0296,-51.794,15.182,0.242,0.134
74.97,-51.679,15.122,0.0641,-51.754,15.170,0.225,0.118
75.17,-51.634,15.113,0.0983,-51.711,15.159,0.218,0.113
75.37,-51.585,15.107,0.1307,-51.663,15.150,0.219,0.110
75.57,-51.539,15.103,0.1603,-51.617,15.144,0.220,0.106
75.77,-51.501,15.101,0.1846,-51.577,15.139,0.208,0.093
75.97,-51.466,15.101,0.2033,-51.542,15.137,0.220,0.081
76.17,-51.436,15.103,0.2149,-51.512,15.137,0.222,0.038
76.37,-51.419,15.107,0.2156,-51.495,15.141,0.199,-0.001
76.57,-51.394,15.113,0.2162,-51.473,15.147,0.181,-0.026
76.77,-51.355,15.121,0.2162,-51.436,15.156,0.194,-0.041
76.97,-51.318,15.130,0.2162,-51.398,15.164,0.212,-0.050
77.17,-51.282,15.138,0.2161,-51.362,15.172,0.220,-0.052
77.37,-51.244,15.146,0.2160,-51.324,15.180,0.222,-0.052
77.57,-51.201,15.155,0.2151,-51.282,15.188,0.226,-0.047
77.77,-51.157,15.164,0.2143,-51.237,15.197,0.233,-0.058
77.97,-51.112,15.174,0.2132,-51.191,15.205,0.237,-0.063
78.17,-51.066,15.183,0.2124,-51.144,15.213,0.239,-0.069
78.37,-51.014,15.194,0.2102,-51.092,15.222,0.244,-0.074
78.57,-50.960,15.203,0.2060,-51.036,15.230,0.251,-0.083
78.77,-50.903,15.212,0.2006,-50.977,15.238,0.287,-0.079
78.97,-50.846,15.222,0.1942,-50.917,15.246,0.311,-0.099
79.17,-50.797,15.229,0.1891,-50.866,15.253,0.317,-0.108
79.37,-50.752,15.238,0.1872,-50.821,15.261,0.292,-0.093
79.57,-50.712,15.245,0.1852,-50.781,15.268,0.263,-0.080
79.77,-50.677,15.252,0.1845,-50.748,15.275,0.233,-0.071
79.97,-50.644,15.258,0.1839,-50.716,15.282,0.219,-0.065
80.17,-50.612,15.265,0.1833,-50.686,15.289,0.205,-0.061
80.37,-50.581,15.270,0.1829,-50.656,15.295,0.197,-0.060
80.57,-50.550,15.276,0.1825,-50.627,15.301,0.191,-0.061
80.77,-50.521,15.282,0.1821,-50.598,15.307,0.188,-0.062
80.97,-50.493,15.288,0.1816,-50.571,15.313,0.180,-0.077
81.17,-50.469,15.292,0.1813,-50.548,15.318,0.170,-0.075
81.37,-50.450,15.296,0.1804,-50.530,15.322,0.156,-0.072
81.57,-50.433,15.300,0.1801,-50.514,15.327,0.145,-0.081
81.77,-50.416,15.303,0.1795,-50.499,15.331,0.138,-0.081
81.97,-50.405,15.307,0.1750,-50.489,15.335,0.127,-0.085
82.17,-50.391,15.314,0.1634,-50.476,15.344,0.124,-0.117
82.37,-50.377,15.321,0.1504,-50.465,15.354,0.125,-0.140
82.57,-50.364,15.324,0.1418,-50.452,15.358,0.126,-0.147
82.77,-50.354,15.327,0.1241,-50.442,15.360,0.123,-0.119
82.97,-50.336,15.331,0.1086,-50.426,15.364,0.128,-0.146
83.17,-50.322,15.331,0.0964,-50.410,15.365,0.132,-0.131
83.37,-50.306,15.329,0.0817,-50.395,15.364,0.131,-0.115
83.57,-50.286,15.326,0.0673,-50.375,15.360,0.174,-0.087
83.77,-50.267,15.323,0.0536,-50.356,15.356,0.185,-0.093
83.97,-50.249,15.322,0.0477,-50.339,15.353,0.179,-0.082
84.17,-50.235,15.323,0.0458,-50.326,15.354,0.166,-0.064
84.37,-50.219,15.325,0.0421,-50.313,15.358,0.159,-0.059
84.57,-50.201,15.326,0.0409,-50.297,15.360,0.160,-0.056
84.77,-50.178,15.327,0.0406,-50.276,15.362,0.170,-0.054
84.97,-50.155,15.328,0.0403,-50.254,15.363,0.177,-0.051
85.17,-50.130,15.330,0.0400,-50.231,15.365,0.180,-0.049
85.37,-50.103,15.331,0.0397,-50.205,15.367,0.185,-0.048
85.57,-50.074,15.332,0.0395,-50.177,15.368,0.191,-0.050
85.77,-50.042,15.334,0.0393,-50.146,15.370,0.198,-0.051
85.97,-50.010,15.335,0.0391,-50.115,15.372,0.202,-0.057
86.17,-49.977,15.337,0.0389,-50.082,15.374,0.203,-0.057
86.37,-49.944,15.338,0.0386,-50.050,15.375,0.204,-0.057
86.57,-49.911,15.340,0.0383,-50.018,15.377,0.201,-0.059
86.77,-49.878,15.341,0.0379,-49.986,15.378,0.199,-0.061
86.97,-49.844,15.343,0.0378,-49.953,15.380,0.196,-0.062
87.17,-49.802,15.350,0.0378,-49.914,15.386,0.198,-0.062
87.37,-49.755,15.351,0.0364,-49.866,15.387,0.212,-0.069
87.57,-49.707,15.352,0.0344,-49.818,15.387,0.224,-0.080
87.77,-49.659,15.352,0.0323,-49.769,15.386,0.272,0.026
87.97,-49.609,15.353,0.0297,-49.718,15.385,0.317,0.094
88.17,-49.554,15.351,0.0228,-49.662,15.381,0.324,0.077
88.37,-49.498,15.350,0.0189,-49.604,15.377,0.316,0.055
88.57,-49.447,15.350,0.0202,-49.554,15.378,0.299,0.078
88.77,-49.391,15.351,0.0218,-49.499,15.379,0.293,0.149
88.97,-49.326,15.352,0.0227,-49.435,15.381,0.312,0.170
89.17,-49.260,15.354,0.0241,-49.368,15.383,0.325,0.169
89.37,-49.206,15.357,0.0309,-49.312,15.386,0.310,0.168
89.57,-49.167,15.368,0.0547,-49.271,15.398,0.272,0.209
89.77,-49.135,15.378,0.0749,-49.240,15.409,0.253,0.195
89.97,-49.105,15.388,0.0955,-49.211,15.421,0.232,0.191
90.17,-49.086,15.387,0.1255,-49.191,15.423,0.206,0.183
90.37,-49.062,15.375,0.2081,-49.170,15.410,0.192,0.302
90.57,-49.028,15.372,0.2562,-49.138,15.406,0.210,0.355
90.77,-49.003,15.385,0.2794,-49.113,15.417,0.163,0.079
90.97,-48.981,15.403,0.3098,-49.090,15.434,0.172,0.000
91.17,-48.955,15.425,0.3479,-49.065,15.456,0.173,0.010
91.37,-48.924,15.440,0.3566,-49.035,15.474,0.177,0.011
91.57,-48.894,15.452,0.3566,-49.004,15.486,0.241,0.103
91.77,-48.861,15.463,0.3566,-48.973,15.498,0.239,0.069
91.97,-48.829,15.475,0.3566,-48.940,15.510,0.233,0.051
92.17,-48.787,15.491,0.3592,-48.900,15.526,0.237,0.055
92.37,-48.736,15.509,0.3638,-48.852,15.545,0.249,0.077
92.57,-48.685,15.529,0.3644,-48.799,15.565,0.230,-0.045
92.77,-48.639,15.547,0.3651,-48.752,15.585,0.237,-0.060
92.97,-48.589,15.567,0.3670,-48.703,15.606,0.244,-0.047
93.17,-48.543,15.584,0.3677,-48.656,15.624,0.242,-0.045
93.37,-48.505,15.599,0.3670,-48.616,15.639,0.243,-0.054
93.57,-48.466,15.614,0.3667,-48.579,15.654,0.273,0.032
93.77,-48.422,15.631,0.3666,-48.536,15.670,0.272,0.112
93.97,-48.382,15.646,0.3664,-48.495,15.685,0.265,0.074
94.17,-48.338,15.663,0.3663,-48.453,15.700,0.283,0.072
94.37,-48.279,15.688,0.3716,-48.396,15.724,0.309,0.093
94.57,-48.220,15.716,0.3854,-48.336,15.755,0.345,0.139
94.77,-48.171,15.737,0.3880,-48.285,15.778,0.339,0.155
94.97,-48.132,15.753,0.3887,-48.246,15.795,0.299,0.127
95.17,-48.097,15.768,0.3908,-48.212,15.808,0.260,0.115
95.37,-48.063,15.779,0.3996,-48.180,15.818,0.235,0.131
95.57,-48.023,15.791,0.4148,-48.143,15.827,0.203,0.068
95.77,-47.972,15.808,0.4313,-48.095,15.840,0.211,0.109
95.97,-47.911,15.825,0.4585,-48.035,15.855,0.253,0.134
96.17,-47.846,15.843,0.4959,-47.967,15.869,0.324,0.185
96.37,-47.797,15.864,0.5078,-47.914,15.889,0.351,0.181
96.57,-47.737,15.883,0.5435,-47.855,15.905,0.350,0.172
96.77,-47.666,15.905,0.5963,-47.784,15.924,0.350,0.172
96.97,-47.591,15.932,0.6556,-47.709,15.948,0.354,0.203
97.17,-47.512,15.968,0.7125,-47.630,15.981,0.376,0.246
97.37,-47.463,16.005,0.7481,-47.573,16.016,0.382,0.240
97.57,-47.444,16.038,0.7774,-47.552,16.051,0.282,0.132
97.77,-47.426,16.072,0.8084,-47.535,16.084,0.133,-0.052
97.97,-47.404,16.114,0.8413,-47.515,16.125,0.114,-0.008
98.17,-47.380,16.143,0.8452,-47.492,16.158,0.115,-0.013
98.37,-47.365,16.159,0.8451,-47.477,16.175,0.082,-0.093
98.57,-47.350,16.176,0.8451,-47.461,16.193,0.061,-0.116
98.77,-47.344,16.177,0.8304,-47.454,16.196,0.092,-0.097
98.97,-47.336,16.171,0.8051,-47.445,16.189,0.088,-0.197
99.17,-47.326,16.171,0.7765,-47.435,16.186,0.086,-0.230
99.37,-47.317,16.163,0.7029,-47.425,16.179,0.089,-0.309
99.57,-47.307,16.146,0.6340,-47.414,16.163,0.088,-0.368
99.77,-47.310,16.120,0.5807,-47.411,16.138,0.067,-0.252
99.97,-47.335,16.102,0.5311,-47.433,16.115,0.029,-0.144
100.17,-47.363,16.100,0.5002,-47.461,16.111,0.022,-0.095
100.37,-47.386,16.098,0.4779,-47.488,16.108,0.020,-0.056
100.57,-47.396,16.096,0.4716,-47.503,16.105,0.038,-0.010
100.77,-47.394,16.096,0.4705,-47.505,16.105,0.072,0.034
100.97,-47.386,16.100,0.4705,-47.498,16.109,-0.026,-0.113
101.17,-47.376,16.107,0.4708,-47.488,16.115,0.025,-0.137
101.37,-47.356,16.119,0.4768,-47.470,16.128,0.049,-0.125
101.57,-47.317,16.136,0.4681,-47.432,16.145,0.117,-0.087
101.77,-47.278,16.142,0.4404,-47.390,16.150,0.175,-0.170
101.97,-47.251,16.146,0.4100,-47.359,16.154,0.231,-0.114
102.17,-47.226,16.141,0.3600,-47.334,16.149,0.211,-0.091
102.37,-47.198,16.142,0.3377,-47.306,16.146,0.198,-0.087
102.57,-47.184,16.147,0.3379,-47.292,16.149,0.167,0.022
102.77,-47.157,16.156,0.3378,-47.268,16.156,0.161,0.063
102.97,-47.123,16.167,0.3383,-47.236,16.167,0.172,0.093
103.17,-47.087,16.184,0.3477,-47.200,16.184,0.210,0.088
103.37,-47.044,16.208,0.3670,-47.159,16.211,0.271,0.174
103.57,-46.993,16.240,0.3973,-47.110,16.244,0.295,0.204
103.77,-46.941,16.285,0.4471,-47.059,16.288,0.324,0.253
103.97,-46.890,16.336,0.5055,-47.009,16.339,0.298,0.269
104.17,-46.843,16.391,0.5674,-46.962,16.394,0.268,0.265
104.37,-46.801,16.447,0.6277,-46.919,16.450,0.327,0.294
104.57,-46.766,16.502,0.6863,-46.885,16.505,0.348,0.287
104.77,-46.734,16.560,0.7459,-46.853,16.563,0.348,0.279
104.97,-46.705,16.620,0.8046,-46.824,16.622,0.222,0.051
105.17,-46.679,16.681,0.8608,-46.798,16.684,0.217,0.096
105.37,-46.650,16.727,0.8779,-46.771,16.734,0.201,0.062
105.57,-46.621,16.762,0.8814,-46.742,16.772,0.171,-0.059
105.77,-46.599,16.791,0.8848,-46.720,16.802,0.141,-0.098
105.97,-46.578,16.816,0.8845,-46.699,16.829,0.211,-0.022
106.17,-46.568,16.834,0.8774,-46.687,16.848,0.240,-0.016
106.37,-46.548,16.860,0.8771,-46.670,16.872,0.235,-0.034
106.57,-46.518,16.896,0.8771,-46.642,16.906,0.258,-0.019
106.77,-46.488,16.931,0.8771,-46.612,16.941,0.277,-0.000
106.97,-46.456,16.970,0.8771,-46.581,16.979,0.288,0.009
107.17,-46.421,17.011,0.8771,-46.546,17.021,0.298,0.012
107.37,-46.387,17.053,0.8770,-46.512,17.063,0.304,0.015
107.57,-46.350,17.097,0.8771,-46.475,17.106,0.308,0.016
107.77,-46.313,17.142,0.8771,-46.438,17.151,0.312,0.016
107.97,-46.275,17.187,0.8771,-46.400,17.197,0.332,-0.038
108.17,-46.236,17.234,0.8771,-46.360,17.244,0.349,-0.053
108.37,-46.193,17.285,0.8771,-46.319,17.294,0.355,-0.043
108.57,-46.149,17.337,0.8770,-46.275,17.344,0.358,-0.039
108.77,-46.103,17.389,0.8770,-46.229,17.397,0.362,-0.038
108.97,-46.059,17.444,0.8769,-46.185,17.451,0.364,-0.038
109.17,-46.013,17.498,0.8767,-46.140,17.506,0.365,-0.038
109.37,-45.965,17.554,0.8768,-46.092,17.562,0.366,-0.040
109.57,-45.920,17.609,0.8768,-46.047,17.617,0.364,-0.042
109.77,-45.873,17.665,0.8769,-46.000,17.673,0.362,-0.042
109.97,-45.826,17.720,0.8769,-45.953,17.729,0.356,-0.046
110.17,-45.780,17.775,0.8769,-45.907,17.784,0.349,-0.049
110.37,-45.735,17.830,0.8769,-45.861,17.839,0.385,-0.041
110.57,-45.691,17.883,0.8767,-45.817,17.891,0.394,-0.061
110.77,-45.646,17.937,0.8767,-45.773,17.945,0.391,-0.063
110.97,-45.597,17.996,0.8765,-45.725,18.003,0.385,0.031
111.17,-45.550,18.053,0.8756,-45.678,18.059,0.340,0.021
111.37,-45.500,18.113,0.8750,-45.627,18.119,0.340,0.002
111.57,-45.455,18.167,0.8751,-45.581,18.174,0.384,-0.024
111.77,-45.411,18.219,0.8753,-45.537,18.226,0.399,-0.025
111.97,-45.363,18.277,0.8753,-45.490,18.282,0.398,-0.009
112.17,-45.312,18.338,0.8752,-45.439,18.343,0.396,-0.001
112.37,-45.260,18.401,0.8753,-45.388,18.406,0.396,0.001
112.57,-45.208,18.462,0.8753,-45.336,18.467,0.394,0.000
112.77,-45.157,18.524,0.8753,-45.285,18.528,0.389,-0.000
112.97,-45.106,18.585,0.8752,-45.234,18.589,0.364,0.032
113.17,-45.056,18.646,0.8752,-45.184,18.650,0.348,0.036
113.37,-45.007,18.705,0.8753,-45.134,18.710,0.345,0.034
113.57,-44.961,18.760,0.8754,-45.088,18.765,0.385,0.015
113.77,-44.916,18.813,0.8754,-45.043,18.818,0.395,0.019
113.97,-44.869,18.871,0.8755,-44.996,18.875,0.389,0.032
114.17,-44.818,18.932,0.8756,-44.946,18.935,0.379,0.039
114.37,-44.768,18.993,0.8756,-44.896,18.996,0.375,0.040
114.57,-44.720,19.051,0.8756,-44.847,19.055,0.369,0.042
114.77,-44.672,19.108,0.8757,-44.799,19.112,0.362,0.044
114.97,-44.625,19.165,0.8758,-44.752,19.169,0.353,0.046
115.17,-44.578,19.219,0.8759,-44.705,19.224,0.352,0.013
115.37,-44.531,19.276,0.8765,-44.657,19.280,0.353,0.011
115.57,-44.486,19.331,0.8766,-44.612,19.336,0.347,0.021
115.77,-44.443,19.384,0.8766,-44.568,19.389,0.372,0.018
115.97,-44.399,19.437,0.8766,-44.524,19.441,0.389,0.016
116.17,-44.352,19.495,0.8767,-44.478,19.498,0.386,0.024
116.37,-44.304,19.554,0.8766,-44.430,19.557,0.351,0.150
116.57,-44.255,19.612,0.8805,-44.381,19.615,0.341,0.149
116.77,-44.202,19.663,0.9040,-44.328,19.668,0.331,0.183
116.97,-44.148,19.710,0.9434,-44.273,19.714,0.324,0.239
117.17,-44.092,19.754,1.0014,-44.217,19.757,0.317,0.302
117.37,-44.037,19.797,1.0669,-44.160,19.798,0.332,0.250
117.57,-43.983,19.845,1.1337,-44.105,19.844,0.325,0.286
117.77,-43.927,19.906,1.2092,-44.049,19.902,0.328,0.313
117.97,-43.869,19.979,1.2981,-43.990,19.971,0.386,0.331
118.17,-43.819,20.054,1.3912,-43.937,20.048,0.419,0.354
118.37,-43.777,20.130,1.4773,-43.893,20.122,0.434,0.241
118.57,-43.744,20.211,1.5577,-43.855,20.200,0.415,0.228
118.77,-43.738,20.294,1.5870,-43.850,20.289,0.408,0.147
118.97,-43.727,20.352,1.6231,-43.836,20.348,0.356,0.101
119.17,-43.730,20.404,1.6267,-43.838,20.401,0.292,0.018
119.37,-43.733,20.459,1.6276,-43.840,20.454,0.261,-0.050
119.57,-43.736,20.514,1.6274,-43.843,20.510,0.264,-0.104
119.77,-43.739,20.573,1.6245,-43.846,20.568,0.271,-0.141
119.97,-43.736,20.632,1.6093,-43.843,20.627,0.277,-0.175
120.17,-43.734,20.679,1.5961,-43.839,20.677,0.268,-0.211
120.37,-43.728,20.702,1.5789,-43.832,20.702,0.238,-0.222
120.57,-43.733,20.722,1.5467,-43.832,20.721,0.189,-0.241
120.77,-43.760,20.743,1.4552,-43.856,20.741,0.164,-0.382
120.97,-43.793,20.765,1.3551,-43.890,20.763,0.166,-0.450
121.17,-43.836,20.775,1.2430,-43.931,20.775,0.148,-0.506
121.37,-43.876,20.800,1.1196,-43.971,20.794,0.144,-0.534
121.57,-43.916,20.844,0.9671,-44.013,20.836,0.177,-0.589
121.77,-43.949,20.899,0.8082,-44.047,20.888,0.212,-0.623
121.97,-43.931,20.965,0.7083,-44.040,20.955,0.270,-0.508
122.17,-43.900,21.025,0.6281,-44.012,21.017,0.319,-0.372
122.37,-43.865,21.082,0.5532,-43.978,21.075,0.327,-0.229
122.57,-43.825,21.133,0.4566,-43.938,21.129,0.325,-0.282
122.77,-43.802,21.179,0.3615,-43.912,21.175,0.353,-0.339
122.97,-43.798,21.226,0.2482,-43.907,21.224,0.311,-0.351
123.17,-43.806,21.274,0.1305,-43.913,21.273,0.237,-0.380
123.37,-43.844,21.301,0.0562,-43.945,21.305,0.112,-0.328
123.57,-43.871,21.312,-0.0195,-43.975,21.317,0.023,-0.212
123.77,-43.888,21.332,-0.0950,-43.993,21.339,0.034,-0.261
123.97,-43.928,21.354,-0.1417,-44.030,21.360,0.006,-0.148
124.17,-43.974,21.382,-0.1935,-44.077,21.390,-0.030,-0.120
124.37,-44.004,21.401,-0.2240,-44.111,21.413,-0.043,-0.092
124.57,-44.030,21.417,-0.2470,-44.139,21.433,-0.050,-0.073
124.77,-44.048,21.427,-0.2591,-44.159,21.446,-0.023,-0.028
124.97,-44.060,21.431,-0.2629,-44.173,21.454,0.009,0.012
125.17,-44.061,21.432,-0.2629,-44.177,21.455,0.044,0.070
125.37,-44.056,21.431,-0.2598,-44.173,21.456,0.073,0.106
125.57,-44.047,21.434,-0.2332,-44.165,21.458,0.097,0.182
125.77,-44.035,21.439,-0.1758,-44.153,21.463,0.113,0.276
125.97,-44.019,21.441,-0.0933,-44.139,21.466,0.134,0.402
126.17,-43.994,21.430,-0.0562,-44.116,21.456,0.149,0.348
126.37,-43.963,21.416,-0.0165,-44.086,21.443,0.173,0.310
126.57,-43.922,21.399,0.0300,-44.047,21.427,0.197,0.325
126.77,-43.878,21.388,0.0699,-44.003,21.415,0.217,0.313
126.97,-43.837,21.375,0.1164,-43.961,21.401,0.222,0.297
127.17,-43.791,21.364,0.1650,-43.916,21.389,0.227,0.306
127.37,-43.755,21.356,0.2049,-43.877,21.381,0.224,0.307
127.57,-43.728,21.352,0.2369,-43.848,21.375,0.235,0.261
127.77,-43.708,21.355,0.2802,-43.828,21.375,0.215,0.269
127.97,-43.695,21.382,0.3920,-43.813,21.398,0.208,0.386
128.17,-43.693,21.415,0.5073,-43.809,21.430,0.201,0.459
128.37,-43.700,21.457,0.6176,-43.813,21.471,0.187,0.475
128.57,-43.713,21.512,0.7587,-43.824,21.525,0.192,0.506
128.77,-43.731,21.569,0.9459,-43.841,21.583,0.212,0.606
128.97,-43.743,21.594,1.1944,-43.856,21.613,0.215,0.838
129.17,-43.756,21.613,1.4886,-43.869,21.631,0.190,0.980
129.37,-43.811,21.686,1.7081,-43.909,21.694,0.190,0.985
129.57,-43.886,21.793,1.8471,-43.975,21.798,0.350,0.697
129.77,-43.970,21.882,1.9803,-44.055,21.890,0.406,0.587
129.97,-44.039,21.940,2.0828,-44.128,21.954,0.399,0.426
130.17,-44.085,21.972,2.1465,-44.178,21.989,0.349,0.334
130.37,-44.110,21.989,2.1840,-44.208,22.009,0.243,0.200
130.57,-44.117,22.007,2.2620,-44.219,22.025,0.146,0.122
130.77,-44.121,22.039,2.3360,-44.221,22.055,0.107,0.236
130.97,-44.128,22.062,2.3746,-44.225,22.081,0.087,0.200
131.17,-44.132,22.077,2.4645,-44.230,22.097,0.070,0.218
131.37,-44.128,22.089,2.5514,-44.227,22.109,0.047,0.317
131.57,-44.114,22.101,2.6059,-44.215,22.122,0.018,0.283
131.77,-44.084,22.099,2.6430,-44.187,22.123,-0.026,0.206
131.97,-44.041,22.097,2.6876,-44.146,22.121,-0.078,0.163
132.17,-43.989,22.095,2.7372,-44.094,22.119,-0.109,0.163
132.37,-43.934,22.094,2.7854,-44.036,22.119,-0.146,0.173
132.57,-43.878,22.095,2.8332,-43.979,22.121,-0.163,0.175
132.77,-43.822,22.097,2.8813,-43.921,22.124,-0.172,0.179
132.97,-43.777,22.101,2.9208,-43.873,22.130,-0.164,0.172
133.17,-43.751,22.104,2.9421,-43.843,22.134,-0.136,0.133
133.37,-43.738,22.102,2.9534,-43.828,22.133,-0.088,0.041
133.57,-43.730,22.091,2.9875,-43.820,22.122,-0.050,0.110
133.77,-43.717,22.087,2.9924,-43.808,22.115,-0.053,0.074
133.97,-43.713,22.085,2.9987,-43.803,22.112,-0.052,-0.009
134.17,-43.718,22.078,3.0153,-43.808,22.104,-0.043,0.008
134.37,-43.731,22.076,3.0254,-43.824,22.101,-0.011,-0.011
134.57,-43.725,22.075,3.0257,-43.821,22.100,-0.021,-0.044
134.77,-43.717,22.074,3.0257,-43.813,22.099,-0.041,-0.066
134.97,-43.713,22.074,3.0257,-43.808,22.099,-0.049,-0.075
135.17,-43.712,22.074,3.0257,-43.806,22.099,-0.048,-0.076
135.37,-43.711,22.073,3.0227,-43.805,22.097,-0.046,-0.093
135.57,-43.715,22.072,3.0187,-43.810,22.096,-0.040,-0.099
135.77,-43.722,22.070,3.0132,-43.818,22.094,-0.027,-0.100
135.97,-43.729,22.068,3.0065,-43.828,22.093,-0.020,-0.103
136.17,-43.742,22.066,2.9943,-43.842,22.090,-0.012,-0.112
136.37,-43.759,22.062,2.9787,-43.860,22.086,-0.003,-0.132
136.57,-43.776,22.058,2.9618,-43.879,22.082,0.002,-0.153
136.77,-43.802,22.053,2.9352,-43.904,22.076,0.010,-0.172
136.97,-43.848,22.047,2.8919,-43.948,22.068,0.049,-0.245
137.17,-43.893,22.042,2.8490,-43.996,22.061,0.074,-0.283
137.37,-43.937,22.039,2.8076,-44.042,22.056,0.081,-0.292
137.57,-43.987,22.038,2.7588,-44.093,22.053,0.086,-0.309
137.77,-44.040,22.039,2.7051,-44.147,22.054,0.097,-0.336
137.97,-44.104,22.044,2.6404,-44.208,22.056,0.121,-0.377
138.17,-44.179,22.055,2.5643,-44.282,22.066,0.170,-0.403
138.37,-44.260,22.075,2.4843,-44.366,22.082,0.217,-0.470
138.57,-44.303,22.098,2.4204,-44.416,22.106,0.201,-0.434
138.77,-44.334,22.116,2.3719,-44.449,22.125,0.158,-0.409
138.97,-44.369,22.134,2.3154,-44.483,22.144,0.126,-0.379
139.17,-44.399,22.154,2.2630,-44.515,22.160,0.107,-0.369
139.37,-44.431,22.196,2.1784,-44.545,22.203,0.122,-0.428
139.57,-44.453,22.234,2.1146,-44.571,22.240,0.136,-0.460
139.77,-44.459,22.284,2.0604,-44.578,22.288,0.142,-0.417
139.97,-44.462,22.350,1.9924,-44.583,22.352,0.165,-0.417
140.17,-44.461,22.424,1.9151,-44.582,22.424,0.198,-0.441
140.37,-44.453,22.507,1.8304,-44.576,22.505,0.231,-0.466
140.57,-44.439,22.589,1.7472,-44.564,22.589,0.264,-0.490
140.77,-44.420,22.661,1.6715,-44.545,22.662,0.277,-0.467
140.97,-44.394,22.730,1.5946,-44.521,22.732,0.282,-0.433
141.17,-44.363,22.799,1.5157,-44.491,22.801,0.273,-0.447
141.37,-44.342,22.843,1.4661,-44.470,22.848,0.233,-0.395
141.57,-44.311,22.895,1.4026,-44.440,22.899,0.205,-0.380
141.77,-44.311,22.948,1.3408,-44.435,22.951,0.207,-0.391
141.97,-44.320,23.015,1.2676,-44.444,23.014,0.213,-0.405
142.17,-44.325,23.091,1.1856,-44.451,23.089,0.241,-0.422
142.37,-44.324,23.170,1.0994,-44.452,23.168,0.273,-0.428
142.57,-44.314,23.243,0.9962,-44.444,23.244,0.283,-0.491
142.77,-44.296,23.302,0.8837,-44.427,23.305,0.250,-0.577
142.97,-44.279,23.362,0.7633,-44.410,23.367,0.235,-0.595
143.17,-44.250,23.420,0.6396,-44.383,23.428,0.235,-0.606
143.37,-44.216,23.482,0.5025,-44.351,23.490,0.258,-0.535
143.57,-44.170,23.550,0.3558,-44.309,23.560,0.289,-0.557
143.77,-44.110,23.605,0.2597,-44.250,23.619,0.330,-0.497
143.97,-44.063,23.642,0.1885,-44.200,23.661,0.334,-0.400
144.17,-44.036,23.660,0.1457,-44.169,23.683,0.292,-0.296
144.37,-44.016,23.656,0.0021,-44.148,23.684,0.178,-0.551
144.57,-43.986,23.639,-0.1972,-44.119,23.670,0.195,-0.668
144.77,-43.954,23.614,-0.4185,-44.088,23.648,0.211,-0.780
144.97,-43.917,23.562,-0.5978,-44.050,23.605,0.224,-0.810
145.17,-43.872,23.489,-0.7563,-44.007,23.534,0.274,-0.662
145.37,-43.814,23.467,-0.8324,-43.950,23.508,0.302,-0.423
145.57,-43.770,23.447,-0.8946,-43.904,23.488,0.276,-0.201
145.77,-43.740,23.429,-0.9437,-43.870,23.469,0.236,-0.097
145.97,-43.724,23.406,-0.9975,-43.852,23.447,0.210,-0.069
146.17,-43.722,23.359,-1.0900,-43.846,23.404,0.186,-0.146
146.37,-43.727,23.309,-1.1610,-43.850,23.356,0.176,-0.268
146.57,-43.722,23.276,-1.1808,-43.849,23.321,0.167,-0.135
146.77,-43.715,23.262,-1.1817,-43.842,23.304,0.144,0.024
146.97,-43.723,23.251,-1.2812,-43.847,23.293,0.103,-0.125
147.17,-43.746,23.235,-1.3890,-43.868,23.277,0.073,-0.354
147.37,-43.755,23.215,-1.4155,-43.882,23.259,0.065,-0.252
147.57,-43.750,23.189,-1.4156,-43.879,23.233,0.082,-0.039
147.77,-43.742,23.182,-1.4365,-43.872,23.222,0.093,0.040
147.97,-43.749,23.168,-1.5614,-43.876,23.212,0.070,-0.194
148.17,-43.767,23.119,-1.6076,-43.896,23.164,0.104,-0.219
148.37,-43.768,23.099,-1.6093,-43.901,23.140,0.123,-0.100
148.57,-43.770,23.082,-1.6118,-43.903,23.122,0.111,0.037
148.77,-43.782,23.057,-1.6412,-43.914,23.098,0.109,0.059
148.97,-43.797,23.026,-1.6739,-43.930,23.067,0.122,0.018
149.17,-43.800,23.002,-1.6756,-43.936,23.042,0.125,0.055
149.37,-43.803,22.980,-1.6726,-43.941,23.020,0.116,0.118
149.57,-43.806,22.957,-1.6706,-43.946,22.998,0.104,0.161
149.77,-43.809,22.932,-1.6706,-43.949,22.974,0.098,0.154
149.97,-43.814,22.907,-1.6619,-43.954,22.949,0.096,0.157
150.17,-43.822,22.887,-1.6432,-43.963,22.928,0.091,0.197
150.37,-43.831,22.865,-1.6215,-43.973,22.907,0.082,0.201
150.57,-43.841,22.840,-1.5964,-43.984,22.882,0.083,0.213
150.77,-43.852,22.813,-1.5681,-43.995,22.855,0.086,0.232
150.97,-43.863,22.785,-1.5372,-44.006,22.827,0.090,0.241
151.17,-43.873,22.755,-1.5054,-44.018,22.797,0.094,0.254
151.37,-43.883,22.724,-1.4717,-44.028,22.766,0.098,0.257
151.57,-43.892,22.690,-1.4351,-44.039,22.733,0.103,0.263
151.77,-43.900,22.657,-1.3988,-44.048,22.699,0.092,0.299
151.97,-43.907,22.624,-1.3626,-44.056,22.666,0.080,0.282
152.17,-43.912,22.591,-1.3268,-44.063,22.633,0.075,0.266
152.37,-43.917,22.556,-1.2888,-44.068,22.599,0.076,0.263
152.57,-43.920,22.520,-1.2490,-44.073,22.563,0.079,0.269
152.77,-43.921,22.483,-1.2088,-44.075,22.526,0.092,0.229
152.97,-43.923,22.451,-1.1728,-44.077,22.493,0.109,0.253
153.17,-43.923,22.420,-1.1381,-44.077,22.461,0.113,0.257
153.37,-43.921,22.389,-1.1024,-44.076,22.429,0.114,0.256
153.57,-43.918,22.359,-1.0650,-44.073,22.399,0.113,0.257
153.77,-43.901,22.340,-1.0326,-44.059,22.376,0.110,0.284
153.97,-43.890,22.328,-0.9983,-44.046,22.362,0.099,0.255
154.17,-43.899,22.321,-0.8998,-44.050,22.356,0.080,0.391
154.37,-43.932,22.328,-0.8476,-44.082,22.359,0.035,0.440
154.57,-43.966,22.343,-0.8074,-44.116,22.372,-0.022,0.376
154.77,-43.998,22.355,-0.7700,-44.149,22.385,-0.053,0.298
154.97,-44.036,22.367,-0.7255,-44.187,22.397,-0.062,0.270
155.17,-44.067,22.376,-0.6861,-44.219,22.407,-0.052,0.264
155.37,-44.097,22.383,-0.6488,-44.250,22.414,-0.031,0.291
155.57,-44.127,22.390,-0.6124,-44.280,22.420,-0.014,0.319
155.77,-44.149,22.394,-0.5812,-44.305,22.425,0.003,0.299
155.97,-44.157,22.397,-0.4866,-44.316,22.428,0.019,0.323
156.17,-44.153,22.400,-0.3462,-44.315,22.430,0.060,0.482
156.37,-44.136,22.406,-0.2177,-44.299,22.435,0.104,0.629
156.57,-44.104,22.413,-0.1694,-44.271,22.442,0.144,0.557
156.77,-44.058,22.426,-0.1159,-44.227,22.453,0.191,0.367
156.97,-43.999,22.448,-0.0456,-44.170,22.473,0.232,0.348
157.17,-43.948,22.456,0.0166,-44.117,22.486,0.291,0.375
157.37,-43.893,22.427,0.0669,-44.065,22.461,0.306,0.330
157.57,-43.825,22.405,0.1071,-43.999,22.435,0.331,0.298
157.77,-43.761,22.402,0.1003,-43.933,22.429,0.345,0.198
157.97,-43.700,22.400,0.0888,-43.870,22.427,0.328,0.079
158.17,-43.662,22.398,0.0821,-43.827,22.423,0.293,0.066
158.37,-43.633,22.385,0.1130,-43.797,22.412,0.245,0.133
158.57,-43.591,22.374,0.1529,-43.758,22.395,0.229,0.225
158.77,-43.545,22.382,0.1535,-43.714,22.401,0.233,0.192
158.97,-43.504,22.388,0.1546,-43.673,22.407,0.228,0.099
159.17,-43.480,22.388,0.1680,-43.647,22.406,0.213,0.098
159.37,-43.461,22.400,0.2098,-43.627,22.414,0.193,0.138
159.57,-43.444,22.425,0.2656,-43.610,22.440,0.188,0.228
159.77,-43.421,22.440,0.2850,-43.589,22.458,0.187,0.221
159.97,-43.409,22.444,0.2902,-43.578,22.464,0.152,-0.017
160.17,-43.405,22.465,0.3452,-43.573,22.483,0.131,0.042
160.37,-43.410,22.494,0.4191,-43.576,22.514,0.113,0.162
160.57,-43.412,22.508,0.4436,-43.583,22.533,0.085,0.162
160.77,-43.390,22.515,0.4440,-43.562,22.540,0.100,0.022
160.97,-43.371,22.522,0.4461,-43.543,22.548,0.112,-0.073
161.17,-43.363,22.532,0.4958,-43.533,22.557,0.104,0.008
161.37,-43.364,22.543,0.5346,-43.533,22.568,0.092,0.116
161.57,-43.350,22.551,0.5350,-43.521,22.577,0.086,0.036
161.77,-43.342,22.559,0.5274,-43.515,22.586,0.079,-0.084
161.97,-43.329,22.567,0.5287,-43.502,22.594,0.098,-0.053
162.17,-43.323,22.575,0.5448,-43.497,22.604,0.108,0.046
162.37,-43.330,22.582,0.5273,-43.501,22.611,0.099,-0.039
162.57,-43.321,22.586,0.5254,-43.497,22.618,0.097,-0.095
162.77,-43.305,22.595,0.5254,-43.482,22.626,0.114,-0.086
162.97,-43.290,22.604,0.5254,-43.467,22.635,0.125,-0.077
163.17,-43.282,22.611,0.5200,-43.457,22.643,0.129,-0.069
163.37,-43.281,22.622,0.4983,-43.457,22.656,0.116,-0.121
163.57,-43.275,22.634,0.4790,-43.455,22.670,0.110,-0.166
163.77,-43.266,22.645,0.4644,-43.447,22.684,0.114,-0.177
163.97,-43.257,22.656,0.4471,-43.440,22.697,0.120,-0.174
164.17,-43.259,22.672,0.4053,-43.440,22.714,0.116,-0.215
164.37,-43.279,22.682,0.3756,-43.458,22.727,0.098,-0.228
164.57,-43.307,22.682,0.3459,-43.487,22.730,0.051,-0.212
164.77,-43.338,22.683,0.3140,-43.519,22.731,0.009,-0.191
164.97,-43.378,22.688,0.2733,-43.559,22.737,-0.004,-0.191
165.17,-43.425,22.696,0.2262,-43.608,22.745,-0.026,-0.208
165.37,-43.475,22.706,0.1774,-43.661,22.757,-0.045,-0.226
165.57,-43.524,22.718,0.1302,-43.712,22.770,-0.053,-0.232
165.77,-43.570,22.730,0.0803,-43.760,22.785,-0.047,-0.228
165.97,-43.599,22.718,0.0438,-43.791,22.776,-0.020,-0.202
166.17,-43.630,22.703,0.0062,-43.822,22.760,0.005,-0.173
166.37,-43.663,22.689,-0.0322,-43.854,22.745,0.013,-0.157
166.57,-43.698,22.676,-0.0721,-43.889,22.731,0.010,-0.150
166.77,-43.734,22.664,-0.1123,-43.926,22.717,0.004,-0.149
166.97,-43.768,22.654,-0.1494,-43.962,22.705,0.003,-0.103
167.17,-43.801,22.645,-0.1848,-43.997,22.695,0.007,-0.096
167.37,-43.833,22.639,-0.2172,-44.032,22.685,0.009,-0.090
167.57,-43.851,22.636,-0.2339,-44.054,22.680,0.028,-0.060
167.77,-43.866,22.635,-0.2445,-44.072,22.679,0.015,-0.025
167.97,-43.880,22.634,-0.2556,-44.089,22.677,0.013,0.008
168.17,-43.894,22.633,-0.2658,-44.106,22.676,0.033,0.022
168.37,-43.893,22.634,-0.2667,-44.109,22.677,0.055,0.031
168.57,-43.891,22.633,-0.2667,-44.106,22.676,0.093,0.057
168.77,-43.887,22.632,-0.2666,-44.103,22.675,0.101,0.125
168.97,-43.879,22.630,-0.2666,-44.096,22.673,0.116,0.141
169.17,-43.867,22.627,-0.2665,-44.084,22.670,0.122,0.128
169.37,-43.857,22.624,-0.2652,-44.074,22.666,0.122,0.126
169.57,-43.853,22.614,-0.2243,-44.070,22.659,0.117,0.193
169.77,-43.847,22.603,-0.1775,-44.065,22.647,0.114,0.298
169.97,-43.833,22.595,-0.1452,-44.053,22.639,0.120,0.311
170.17,-43.819,22.594,-0.1228,-44.039,22.638,0.125,0.249
170.37,-43.812,22.590,-0.0120,-44.032,22.634,0.129,0.345
170.57,-43.800,22.585,0.1329,-44.021,22.630,0.140,0.537
170.77,-43.789,22.575,0.2579,-44.010,22.620,0.148,0.614
170.97,-43.773,22.576,0.3837,-43.995,22.619,0.156,0.592
171.17,-43.767,22.591,0.5994,-43.986,22.632,0.168,0.693
171.37,-43.778,22.610,0.8933,-43.992,22.651,0.172,0.969
171.57,-43.795,22.617,1.1935,-44.009,22.661,0.147,1.025
171.77,-43.817,22.627,1.5289,-44.028,22.670,0.107,1.020
171.97,-43.844,22.647,2.0197,-44.049,22.688,0.124,1.006
172.17,-43.837,22.677,2.3280,-44.036,22.704,0.105,1.004
172.37,-43.846,22.718,2.4711,-44.043,22.746,0.092,0.799
172.57,-43.932,22.734,2.5716,-44.120,22.768,0.143,0.589
172.77,-44.024,22.743,2.6760,-44.210,22.780,0.229,0.447
172.97,-44.117,22.742,2.7805,-44.302,22.781,0.269,0.392
173.17,-44.211,22.732,2.8832,-44.396,22.774,0.276,0.375
173.37,-44.292,22.717,2.9680,-44.478,22.762,0.259,0.341
173.57,-44.373,22.696,3.0508,-44.558,22.742,0.234,0.304
173.77,-44.455,22.669,3.1338,-44.641,22.716,0.226,0.279
173.97,-44.504,22.671,-3.0836,-44.695,22.712,0.190,0.238
174.17,-44.548,22.677,-3.0069,-44.741,22.719,0.133,0.230
174.37,-44.586,22.674,-2.9444,-44.782,22.720,0.095,0.212
174.57,-44.608,22.661,-2.9170,-44.807,22.708,0.061,0.119
174.77,-44.630,22.646,-2.8889,-44.830,22.694,0.033,0.039
174.97,-44.655,22.628,-2.8576,-44.854,22.676,0.024,0.009
175.17,-44.677,22.611,-2.8311,-44.877,22.657,0.025,0.012
175.37,-44.690,22.603,-2.8238,-44.892,22.646,0.012,-0.008
175.57,-44.695,22.602,-2.8238,-44.899,22.644,-0.014,-0.055
175.77,-44.699,22.600,-2.8238,-44.903,22.643,-0.020,-0.113
175.97,-44.703,22.599,-2.8238,-44.907,22.641,-0.026,-0.121
176.17,-44.704,22.599,-2.8242,-44.909,22.641,-0.033,-0.115
176.37,-44.704,22.596,-2.8491,-44.909,22.638,-0.047,-0.225
176.57,-44.704,22.591,-2.8895,-44.910,22.634,-0.052,-0.285
176.77,-44.704,22.585,-2.9361,-44.910,22.629,-0.057,-0.336
176.97,-44.704,22.580,-3.0266,-44.910,22.623,-0.063,-0.422
177.17,-44.705,22.573,3.1345,-44.910,22.616,-0.070,-0.540
177.37,-44.719,22.552,3.0448,-44.922,22.596,-0.070,-0.540
177.57,-44.731,22.560,2.8906,-44.935,22.600,-0.071,-0.609
177.77,-44.749,22.588,2.7476,-44.953,22.624,-0.027,-0.724
177.97,-44.786,22.631,2.6824,-44.987,22.665,0.036,-0.561
178.17,-44.832,22.693,2.5967,-45.032,22.722,0.109,-0.468
178.37,-44.882,22.769,2.5046,-45.082,22.794,0.182,-0.482
178.57,-44.928,22.857,2.4037,-45.129,22.878,0.218,-0.507
178.77,-44.968,22.952,2.3032,-45.171,22.971,0.259,-0.546
178.97,-45.005,23.047,2.1717,-45.209,23.068,0.284,-0.597
179.17,-45.061,23.094,2.0810,-45.262,23.118,0.249,-0.595
179.37,-45.117,23.140,1.9987,-45.318,23.163,0.214,-0.543
179.57,-45.171,23.190,1.9144,-45.372,23.212,0.183,-0.502
179.77,-45.222,23.248,1.8279,-45.424,23.268,0.179,-0.500
179.97,-45.266,23.308,1.7436,-45.471,23.327,0.193,-0.500
180.17,-45.296,23.368,1.6204,-45.504,23.388,0.197,-0.571
180.37,-45.290,23.443,1.5147,-45.506,23.463,0.222,-0.589
180.57,-45.241,23.530,1.4109,-45.463,23.552,0.278,-0.575
180.77,-45.185,23.611,1.3095,-45.409,23.634,0.317,-0.574
180.97,-45.116,23.690,1.2029,-45.344,23.714,0.318,-0.590
181.17,-45.046,23.758,1.1028,-45.274,23.786,0.335,-0.607
181.37,-45.010,23.804,1.0090,-45.232,23.834,0.293,-0.553
181.57,-44.994,23.842,0.9485,-45.213,23.873,0.239,-0.506
181.77,-44.985,23.871,0.9050,-45.203,23.903,0.165,-0.391
181.97,-44.977,23.891,0.7947,-45.195,23.924,0.141,-0.375
182.17,-44.944,23.905,0.6755,-45.168,23.941,0.148,-0.560
182.37,-44.901,23.914,0.5857,-45.129,23.952,0.167,-0.532
182.57,-44.864,23.917,0.3570,-45.090,23.957,0.245,-0.744
182.77,-44.839,23.915,0.0853,-45.065,23.955,0.260,-0.923
182.97,-44.809,23.910,-0.2261,-45.035,23.949,0.222,-1.012
183.17,-44.826,23.980,-0.3849,-45.055,24.015,0.115,-0.897
183.37,-44.868,24.030,-0.4668,-45.092,24.063,-0.030,-0.524
183.57,-44.908,24.084,-0.5420,-45.131,24.115,-0.092,-0.319
183.77,-44.943,24.137,-0.6101,-45.168,24.169,-0.101,-0.237
183.97,-44.975,24.189,-0.6691,-45.200,24.222,-0.118,-0.293
184.17,-45.001,24.236,-0.7210,-45.227,24.271,-0.098,-0.232
184.37,-45.022,24.281,-0.7694,-45.249,24.317,-0.059,-0.175
184.57,-45.039,24.321,-0.8106,-45.266,24.359,-0.043,-0.156
184.77,-45.053,24.356,-0.8454,-45.280,24.396,-0.016,-0.123
184.97,-45.064,24.386,-0.8744,-45.291,24.429,-0.022,-0.035
185.17,-45.073,24.407,-0.8922,-45.299,24.455,-0.007,-0.027
185.37,-45.072,24.407,-0.8924,-45.300,24.459,0.057,0.046
185.57,-45.067,24.400,-0.8924,-45.295,24.453,0.087,0.078
185.77,-45.061,24.393,-0.8924,-45.290,24.447,0.105,0.092
185.97,-45.056,24.386,-0.8923,-45.285,24.440,0.112,0.097
186.17,-45.049,24.375,-0.8885,-45.279,24.429,0.116,0.111
186.37,-45.040,24.358,-0.8761,-45.272,24.412,0.125,0.151
186.57,-45.029,24.334,-0.8573,-45.264,24.389,0.138,0.184
186.77,-45.015,24.305,-0.8334,-45.252,24.359,0.154,0.210
186.97,-44.999,24.270,-0.8006,-45.237,24.324,0.183,0.248
187.17,-44.981,24.229,-0.7562,-45.220,24.283,0.195,0.275
187.37,-44.957,24.182,-0.7040,-45.198,24.236,0.212,0.307
187.57,-44.927,24.130,-0.6447,-45.171,24.184,0.233,0.339
187.77,-44.891,24.077,-0.5815,-45.137,24.130,0.285,0.249
187.97,-44.852,24.023,-0.5138,-45.099,24.075,0.331,0.303
188.17,-44.805,23.968,-0.4399,-45.055,24.019,0.357,0.325
188.37,-44.752,23.916,-0.3654,-45.004,23.965,0.361,0.325
188.57,-44.688,23.864,-0.2883,-44.943,23.911,0.375,0.344
188.77,-44.615,23.812,-0.2010,-44.873,23.858,0.383,0.351
188.97,-44.531,23.773,-0.1229,-44.790,23.815,0.396,0.330
189.17,-44.457,23.786,-0.0665,-44.711,23.820,0.384,0.258
189.37,-44.396,23.806,-0.0062,-44.648,23.839,0.346,0.237
189.57,-44.341,23.828,0.0498,-44.592,23.861,0.321,0.268
189.77,-44.297,23.848,0.0932,-44.546,23.881,0.282,0.236
189.97,-44.261,23.864,0.1257,-44.510,23.898,0.276,0.197
190.17,-44.230,23.880,0.1574,-44.478,23.914,0.260,0.170
190.37,-44.201,23.895,0.1878,-44.450,23.931,0.237,0.164
190.57,-44.168,23.916,0.2235,-44.418,23.952,0.226,0.158
190.77,-44.138,23.934,0.2509,-44.388,23.971,0.221,0.138
190.97,-44.114,23.948,0.2725,-44.364,23.986,0.211,0.117
191.17,-44.093,23.960,0.2901,-44.343,23.999,0.198,0.106
191.37,-44.074,23.969,0.3019,-44.325,24.010,0.181,0.088
191.57,-44.060,23.975,0.3079,-44.313,24.017,0.164,0.054
191.77,-44.047,23.981,0.3120,-44.301,24.023,0.153,0.033
191.97,-44.033,23.985,0.3139,-44.290,24.028,0.147,0.024
192.17,-44.016,23.990,0.3156,-44.275,24.031,0.147,0.009
192.37,-43.989,23.999,0.3156,-44.250,24.038,0.162,-0.007
192.57,-43.961,24.008,0.3156,-44.222,24.048,0.181,-0.021
192.77,-43.933,24.017,0.3157,-44.194,24.056,0.191,-0.028
192.97,-43.901,24.027,0.3157,-44.163,24.066,0.194,-0.056
193.17,-43.864,24.039,0.3156,-44.127,24.077,0.201,-0.055
193.37,-43.836,24.048,0.3153,-44.099,24.088,0.196,-0.059
193.57,-43.811,24.056,0.3147,-44.074,24.096,0.183,-0.063
193.77,-43.784,24.065,0.3143,-44.048,24.104,0.174,-0.064
193.97,-43.756,24.074,0.3138,-44.021,24.114,0.170,-0.065
194.17,-43.730,24.083,0.3135,-43.996,24.122,0.194,-0.035
194.37,-43.708,24.090,0.3131,-43.974,24.130,0.207,-0.058
194.57,-43.689,24.096,0.3127,-43.956,24.136,0.195,-0.059
194.77,-43.667,24.104,0.3124,-43.936,24.143,0.184,-0.054
194.97,-43.632,24.115,0.3124,-43.902,24.154,0.217,-0.083
195.17,-43.607,24.125,0.3125,-43.877,24.164,0.208,-0.082
195.37,-43.584,24.132,0.3118,-43.857,24.171,0.190,-0.075
195.57,-43.564,24.139,0.3105,-43.838,24.177,0.170,-0.073
195.77,-43.543,24.146,0.3100,-43.819,24.185,0.164,-0.084
195.97,-43.523,24.152,0.3097,-43.800,24.193,0.163,-0.032
196.17,-43.504,24.159,0.3093,-43.783,24.200,0.162,-0.039
196.37,-43.488,24.164,0.3086,-43.768,24.206,0.158,-0.056
196.57,-43.477,24.171,0.3015,-43.758,24.213,0.149,-0.067
196.77,-43.450,24.179,0.3009,-43.735,24.222,0.156,-0.074
196.97,-43.424,24.188,0.3009,-43.708,24.231,0.174,-0.064
197.17,-43.403,24.195,0.3006,-43.687,24.238,0.175,-0.101
197.37,-43.387,24.200,0.2999,-43.672,24.244,0.161,-0.096
197.57,-43.370,24.205,0.2993,-43.657,24.250,0.145,-0.095
197.77,-43.352,24.212,0.2984,-43.639,24.257,0.147,-0.095
197.97,-43.341,24.219,0.2831,-43.629,24.265,0.134,-0.131
198.17,-43.328,24.224,0.2784,-43.617,24.269,0.129,-0.156
198.37,-43.319,24.228,0.2707,-43.609,24.273,0.120,-0.136
198.57,-43.305,24.239,0.2479,-43.597,24.285,0.123,-0.163
198.77,-43.290,24.249,0.2182,-43.582,24.295,0.131,-0.206
198.97,-43.274,24.256,0.1938,-43.567,24.303,0.137,-0.221
199.17,-43.267,24.261,0.1759,-43.558,24.308,0.133,-0.188
199.37,-43.261,24.272,0.1260,-43.552,24.319,0.123,-0.246
199.57,-43.253,24.280,0.0432,-43.545,24.327,0.122,-0.310
199.77,-43.250,24.297,-0.0437,-43.542,24.343,0.122,-0.336
199.97,-43.244,24.326,-0.1182,-43.537,24.369,0.119,-0.318
200.17,-43.238,24.359,-0.2091,-43.531,24.401,0.116,-0.333
200.37,-43.233,24.396,-0.2982,-43.523,24.439,0.114,-0.344
200.57,-43.261,24.424,-0.3478,-43.544,24.470,0.053,-0.245
200.77,-43.296,24.460,-0.3998,-43.578,24.504,0.006,-0.199
200.97,-43.332,24.501,-0.4573,-43.614,24.545,-0.044,-0.182
201.17,-43.371,24.551,-0.5197,-43.654,24.595,-0.080,-0.193
201.37,-43.408,24.600,-0.5746,-43.693,24.647,-0.093,-0.190
201.57,-43.439,24.639,-0.6224,-43.725,24.692,-0.075,-0.171
201.77,-43.466,24.647,-0.6513,-43.752,24.704,-0.029,-0.105
201.97,-43.499,24.657,-0.6859,-43.786,24.713,0.005,-0.057
202.17,-43.534,24.677,-0.7067,-43.820,24.733,-0.002,-0.030
202.37,-43.565,24.688,-0.7372,-43.854,24.744,0.003,-0.045
202.57,-43.579,24.695,-0.7482,-43.873,24.752,0.024,-0.031
202.77,-43.582,24.697,-0.7497,-43.879,24.755,0.052,0.060
202.97,-43.583,24.697,-0.7498,-43.880,24.756,0.078,0.090
203.17,-43.584,24.697,-0.7516,-43.882,24.754,0.092,0.084
203.37,-43.579,24.693,-0.7514,-43.879,24.751,0.103,0.089
203.57,-43.571,24.684,-0.7524,-43.871,24.742,0.112,0.097
203.77,-43.557,24.670,-0.7548,-43.859,24.727,0.131,0.103
203.97,-43.539,24.652,-0.7542,-43.841,24.709,0.150,0.106
204.17,-43.526,24.644,-0.7488,-43.827,24.701,0.154,0.133
204.37,-43.521,24.633,-0.7349,-43.822,24.690,0.124,0.175
204.57,-43.519,24.615,-0.6705,-43.820,24.673,0.130,0.264
204.77,-43.525,24.594,-0.6120,-43.826,24.651,0.132,0.346
204.97,-43.529,24.571,-0.5563,-43.832,24.627,0.130,0.345
205.17,-43.530,24.547,-0.4913,-43.834,24.602,0.136,0.349
205.37,-43.526,24.519,-0.3934,-43.832,24.573,0.149,0.391
205.57,-43.499,24.492,-0.3496,-43.809,24.546,0.174,0.364
205.77,-43.466,24.463,-0.3011,-43.777,24.517,0.204,0.320
205.97,-43.433,24.437,-0.2532,-43.743,24.489,0.239,0.307
206.17,-43.401,24.414,-0.2087,-43.711,24.466,0.238,0.302
206.37,-43.370,24.394,-0.1681,-43.679,24.445,0.231,0.291
206.57,-43.342,24.378,-0.1328,-43.651,24.428,0.225,0.232
206.77,-43.317,24.366,-0.1001,-43.625,24.414,0.211,0.206
206.97,-43.293,24.361,-0.0663,-43.602,24.407,0.202,0.206
207.17,-43.272,24.357,-0.0352,-43.580,24.402,0.184,0.182
207.37,-43.251,24.349,-0.0128,-43.561,24.394,0.177,0.172
207.57,-43.231,24.342,0.0104,-43.542,24.386,0.170,0.171
207.77,-43.210,24.339,0.0327,-43.522,24.380,0.165,0.143
207.97,-43.191,24.335,0.0496,-43.505,24.374,0.162,0.142
208.17,-43.176,24.345,0.0964,-43.489,24.382,0.154,0.163
208.37,-43.169,24.364,0.1491,-43.481,24.400,0.142,0.211
208.57,-43.168,24.380,0.1897,-43.481,24.419,0.121,0.191
208.77,-43.175,24.389,0.2122,-43.488,24.431,0.096,0.137
208.97,-43.197,24.395,0.2395,-43.509,24.437,0.053,0.067
209.17,-43.232,24.401,0.2804,-43.545,24.444,0.009,0.090
209.37,-43.260,24.405,0.3114,-43.576,24.450,-0.007,0.105
209.57,-43.270,24.407,0.3233,-43.592,24.453,0.013,0.074
209.77,-43.275,24.408,0.3290,-43.599,24.455,0.046,0.027
209.97,-43.292,24.409,0.3448,-43.616,24.456,0.058,-0.004
210.17,-43.309,24.408,0.3590,-43.636,24.457,0.046,0.010
210.37,-43.308,24.409,0.3611,-43.640,24.458,0.065,-0.010
210.57,-43.298,24.413,0.3611,-43.631,24.461,0.095,-0.033
210.77,-43.289,24.416,0.3611,-43.622,24.465,0.116,-0.048
210.97,-43.281,24.419,0.3611,-43.614,24.468,0.123,-0.054
211.17,-43.270,24.423,0.3611,-43.603,24.472,0.128,-0.056
211.37,-43.254,24.429,0.3611,-43.587,24.478,0.136,-0.058
211.57,-43.239,24.435,0.3610,-43.572,24.484,0.140,-0.063
211.77,-43.224,24.440,0.3608,-43.558,24.491,0.142,-0.072
211.97,-43.209,24.446,0.3605,-43.543,24.498,0.141,-0.079
212.17,-43.194,24.452,0.3602,-43.529,24.505,0.140,-0.080
212.37,-43.181,24.458,0.3594,-43.516,24.511,0.140,-0.080
212.57,-43.169,24.464,0.3533,-43.507,24.519,0.135,-0.086
212.77,-43.157,24.475,0.3381,-43.497,24.532,0.130,-0.120
212.97,-43.146,24.486,0.3201,-43.487,24.545,0.130,-0.151
213.17,-43.140,24.501,0.2888,-43.482,24.561,0.128,-0.182
213.37,-43.140,24.518,0.2484,-43.481,24.580,0.118,-0.224
213.57,-43.157,24.529,0.2205,-43.497,24.593,0.086,-0.206
213.77,-43.187,24.539,0.1878,-43.527,24.604,0.038,-0.186
213.97,-43.226,24.549,0.1445,-43.566,24.616,-0.002,-0.199
214.17,-43.267,24.559,0.1024,-43.609,24.628,-0.024,-0.210
214.37,-43.308,24.570,0.0611,-43.652,24.639,-0.030,-0.210
214.57,-43.350,24.585,0.0181,-43.695,24.655,-0.031,-0.208
214.77,-43.394,24.603,-0.0274,-43.740,24.674,-0.031,-0.207
214.97,-43.439,24.624,-0.0741,-43.784,24.696,-0.034,-0.207
215.17,-43.488,24.651,-0.1253,-43.834,24.722,-0.042,-0.211
215.37,-43.544,24.683,-0.1813,-43.891,24.755,-0.094,-0.236
215.57,-43.598,24.718,-0.2381,-43.948,24.793,-0.100,-0.237
215.77,-43.625,24.723,-0.2725,-43.979,24.803,-0.054,-0.199
215.97,-43.655,24.720,-0.3037,-44.008,24.802,0.004,-0.119
216.17,-43.692,24.718,-0.3424,-44.044,24.799,0.021,-0.092
216.37,-43.736,24.717,-0.3866,-44.087,24.796,-0.023,-0.112
216.57,-43.774,24.718,-0.4231,-44.129,24.796,-0.043,-0.125
216.77,-43.791,24.719,-0.4385,-44.151,24.796,0.003,-0.083
216.97,-43.808,24.721,-0.4533,-44.170,24.794,0.038,-0.059
217.17,-43.831,24.723,-0.4747,-44.193,24.795,0.046,-0.054
217.37,-43.843,24.725,-0.4862,-44.210,24.796,0.046,-0.044
217.57,-43.839,24.720,-0.4917,-44.210,24.791,0.077,-0.010
217.77,-43.834,24.716,-0.4967,-44.206,24.784,0.114,0.006
217.97,-43.829,24.711,-0.5011,-44.203,24.777,0.125,0.009
218.17,-43.819,24.706,-0.5012,-44.194,24.771,0.133,0.032
218.37,-43.803,24.697,-0.5012,-44.179,24.762,0.150,0.056
218.57,-43.783,24.685,-0.5012,-44.159,24.751,0.163,0.062
218.77,-43.760,24.673,-0.5012,-44.137,24.739,0.173,0.063
218.97,-43.735,24.659,-0.5010,-44.112,24.726,0.183,0.067
219.17,-43.711,24.646,-0.5008,-44.089,24.713,0.184,0.070
219.37,-43.689,24.634,-0.5007,-44.068,24.701,0.179,0.069
219.57,-43.665,24.621,-0.5007,-44.047,24.688,0.175,0.069
219.77,-43.642,24.608,-0.5006,-44.026,24.676,0.173,0.070
219.97,-43.619,24.595,-0.5006,-44.005,24.664,0.171,0.070
220.17,-43.598,24.584,-0.5006,-43.986,24.653,0.181,0.081
220.37,-43.577,24.572,-0.5007,-43.967,24.642,0.207,0.103
220.57,-43.554,24.560,-0.5004,-43.947,24.631,0.204,0.104
220.77,-43.530,24.547,-0.4997,-43.925,24.619,0.199,0.104
220.97,-43.507,24.535,-0.4988,-43.903,24.607,0.188,0.101
221.17,-43.493,24.527,-0.4987,-43.890,24.600,0.169,0.099
221.37,-43.479,24.514,-0.4847,-43.878,24.588,0.145,0.139
221.57,-43.459,24.494,-0.4602,-43.861,24.568,0.157,0.159
221.77,-43.435,24.471,-0.4324,-43.839,24.544,0.174,0.190
221.97,-43.415,24.453,-0.4098,-43.819,24.523,0.183,0.202
222.17,-43.397,24.439,-0.3913,-43.802,24.507,0.178,0.180
222.37,-43.382,24.427,-0.3749,-43.785,24.495,0.169,0.149
222.57,-43.366,24.418,-0.3541,-43.769,24.485,0.163,0.144
222.77,-43.345,24.416,-0.3194,-43.749,24.482,0.161,0.181
222.97,-43.318,24.418,-0.2779,-43.721,24.485,0.182,0.160
223.17,-43.294,24.420,-0.2423,-43.695,24.488,0.187,0.175
223.37,-43.272,24.423,-0.2084,-43.674,24.490,0.183,0.192
223.57,-43.251,24.422,-0.1842,-43.654,24.489,0.178,0.200
223.77,-43.238,24.418,-0.1689,-43.641,24.484,0.166,0.162
223.97,-43.224,24.414,-0.1555,-43.627,24.481,0.158,0.107
224.17,-43.206,24.413,-0.1276,-43.611,24.479,0.157,0.104
224.37,-43.188,24.409,-0.1102,-43.595,24.475,0.159,0.128
224.57,-43.172,24.402,-0.0979,-43.580,24.467,0.159,0.114
224.77,-43.157,24.399,-0.0908,-43.565,24.462,0.156,0.081
224.97,-43.144,24.397,-0.0813,-43.554,24.459,0.150,0.066
225.17,-43.127,24.406,-0.0551,-43.538,24.468,0.148,0.111
225.37,-43.106,24.410,-0.0434,-43.519,24.474,0.155,0.093
225.57,-43.089,24.415,-0.0292,-43.502,24.480,0.157,0.075
225.77,-43.075,24.426,0.0010,-43.487,24.493,0.152,0.094
225.97,-43.063,24.440,0.0350,-43.477,24.509,0.141,0.119
226.17,-43.046,24.450,0.0581,-43.461,24.522,0.138,0.112
226.37,-43.027,24.457,0.0730,-43.444,24.532,0.142,0.075
226.57,-43.012,24.469,0.1040,-43.429,24.545,0.143,0.080
226.77,-43.005,24.485,0.1426,-43.421,24.562,0.135,0.118
226.97,-42.998,24.498,0.1721,-43.417,24.578,0.117,0.121
227.17,-42.982,24.508,0.1888,-43.403,24.591,0.115,0.087
227.37,-42.967,24.520,0.2132,-43.389,24.604,0.120,0.063
227.57,-42.964,24.536,0.2510,-43.384,24.620,0.117,0.092
227.77,-42.971,24.542,0.2642,-43.391,24.630,0.092,0.085
227.97,-42.968,24.545,0.2778,-43.391,24.636,0.074,0.043
228.17,-42.955,24.556,0.2949,-43.381,24.648,0.086,0.023
228.37,-42.951,24.568,0.3203,-43.376,24.661,0.092,0.047
228.57,-42.946,24.573,0.3288,-43.373,24.670,0.088,0.039
228.77,-42.932,24.578,0.3288,-43.361,24.676,0.092,-0.011
228.97,-42.917,24.583,0.3289,-43.346,24.681,0.133,-0.049
229.17,-42.904,24.588,0.3289,-43.332,24.686,0.145,-0.089
229.37,-42.888,24.594,0.3290,-43.317,24.691,0.151,-0.091
229.57,-42.869,24.601,0.3289,-43.298,24.698,0.159,-0.085
229.77,-42.860,24.608,0.3196,-43.289,24.705,0.151,-0.089
229.97,-42.847,24.620,0.3008,-43.278,24.719,0.144,-0.186
230.17,-42.834,24.631,0.2849,-43.266,24.733,0.146,-0.181
230.37,-42.826,24.646,0.2466,-43.258,24.748,0.144,-0.213
230.57,-42.828,24.666,0.1977,-43.258,24.770,0.133,-0.251
230.77,-42.846,24.678,0.1705,-43.276,24.784,0.109,-0.244
230.97,-42.873,24.685,0.1406,-43.303,24.794,0.061,-0.203
231.17,-42.912,24.696,0.0971,-43.342,24.805,0.014,-0.204
231.37,-42.961,24.710,0.0453,-43.392,24.819,-0.031,-0.232
231.57,-43.007,24.728,-0.0019,-43.441,24.839,-0.052,-0.242
231.77,-43.050,24.748,-0.0473,-43.486,24.861,-0.053,-0.234
231.97,-43.102,24.769,-0.0882,-43.538,24.884,-0.064,-0.247
232.17,-43.150,24.787,-0.1257,-43.587,24.901,-0.062,-0.208
232.37,-43.198,24.815,-0.1778,-43.636,24.929,-0.061,-0.223
232.57,-43.244,24.845,-0.2295,-43.682,24.960,-0.059,-0.230
232.77,-43.289,24.877,-0.2814,-43.728,24.993,-0.058,-0.232
232.97,-43.331,24.911,-0.3308,-43.771,25.028,-0.069,-0.155
233.17,-43.369,24.945,-0.3795,-43.810,25.063,-0.062,-0.139
233.37,-43.407,24.983,-0.4294,-43.849,25.103,-0.056,-0.168
233.57,-43.442,25.019,-0.4730,-43.885,25.141,-0.048,-0.155
233.77,-43.471,25.052,-0.5131,-43.915,25.177,-0.032,-0.134
233.97,-43.498,25.088,-0.5537,-43.943,25.214,-0.021,-0.119
234.17,-43.524,25.124,-0.5937,-43.969,25.252,-0.019,-0.118
234.37,-43.545,25.154,-0.6261,-43.991,25.286,-0.012,-0.108
234.57,-43.560,25.177,-0.6499,-44.007,25.312,0.016,-0.077
234.77,-43.571,25.194,-0.6666,-44.017,25.333,-0.006,-0.111
234.97,-43.582,25.211,-0.6817,-44.027,25.353,0.014,-0.099
235.17,-43.586,25.217,-0.6911,-44.032,25.363,0.034,-0.076
235.37,-43.581,25.210,-0.7025,-44.029,25.358,0.125,-0.040
235.57,-43.562,25.195,-0.7029,-44.013,25.343,0.146,-0.006
235.77,-43.542,25.179,-0.7029,-43.994,25.327,0.167,0.040
235.97,-43.524,25.162,-0.7030,-43.975,25.310,0.176,0.059
236.17,-43.504,25.145,-0.7031,-43.956,25.293,0.195,0.081
236.37,-43.481,25.125,-0.7030,-43.934,25.274,0.228,0.101
236.57,-43.454,25.103,-0.7024,-43.908,25.252,0.237,0.102
236.77,-43.425,25.075,-0.6976,-43.879,25.223,0.237,0.109
236.97,-43.394,25.044,-0.6865,-43.849,25.191,0.238,0.132
237.17,-43.360,25.008,-0.6682,-43.818,25.155,0.243,0.164
237.37,-43.320,24.966,-0.6442,-43.780,25.111,0.256,0.192
237.57,-43.276,24.917,-0.6095,-43.738,25.061,0.285,0.234
237.77,-43.231,24.866,-0.5626,-43.695,25.007,0.297,0.260
237.97,-43.183,24.812,-0.5048,-43.649,24.952,0.314,0.303
238.17,-43.130,24.758,-0.4408,-43.597,24.896,0.322,0.326
238.37,-43.081,24.709,-0.3753,-43.548,24.845,0.323,0.343
238.57,-43.038,24.668,-0.3026,-43.503,24.800,0.310,0.354
238.77,-43.003,24.640,-0.2571,-43.466,24.770,0.280,0.335
238.97,-42.977,24.623,-0.2233,-43.439,24.750,0.255,0.174
239.17,-42.963,24.613,-0.1996,-43.421,24.739,0.205,0.110
239.37,-42.948,24.615,-0.1089,-43.408,24.738,0.164,0.193
239.57,-42.925,24.640,0.0128,-43.385,24.758,0.152,0.431
239.77,-42.905,24.664,0.0713,-43.366,24.785,0.166,0.405
239.97,-42.886,24.680,0.1058,-43.348,24.804,0.170,0.234
240.17,-42.877,24.696,0.2255,-43.337,24.820,0.159,0.195
240.37,-42.885,24.719,0.4315,-43.340,24.842,0.136,0.583
240.57,-42.909,24.741,0.5560,-43.361,24.867,0.091,0.673
240.77,-42.939,24.739,0.5883,-43.394,24.867,0.016,0.373
240.97,-42.971,24.731,0.6277,-43.425,24.860,-0.016,0.143
241.17,-43.018,24.722,0.6892,-43.470,24.852,-0.081,0.097
241.37,-43.083,24.705,0.7675,-43.531,24.838,-0.116,0.148
241.57,-43.140,24.677,0.8326,-43.595,24.812,-0.172,0.238
241.77,-43.167,24.663,0.8598,-43.628,24.796,-0.146,0.173
241.97,-43.200,24.645,0.8927,-43.661,24.779,-0.105,0.082
242.17,-43.249,24.613,0.9495,-43.709,24.751,-0.117,0.118
242.37,-43.276,24.573,0.9998,-43.742,24.712,-0.137,0.170
242.57,-43.288,24.540,1.0197,-43.753,24.674,-0.118,0.099
242.77,-43.297,24.510,1.0385,-43.761,24.643,-0.098,0.044
242.97,-43.304,24.482,1.0623,-43.766,24.614,-0.065,0.014
243.17,-43.311,24.456,1.0782,-43.771,24.586,-0.056,0.003
243.37,-43.321,24.436,1.0805,-43.779,24.564,-0.044,-0.039
243.57,-43.328,24.422,1.0805,-43.787,24.549,-0.030,-0.084
243.77,-43.335,24.410,1.0805,-43.793,24.537,-0.011,-0.101
243.97,-43.340,24.401,1.0805,-43.798,24.528,-0.002,-0.113
244.17,-43.343,24.393,1.0773,-43.802,24.520,0.006,-0.125
244.37,-43.349,24.387,1.0617,-43.807,24.514,0.014,-0.155
244.57,-43.356,24.379,1.0380,-43.815,24.506,0.024,-0.200
244.77,-43.364,24.370,1.0176,-43.823,24.497,0.028,-0.230
244.97,-43.372,24.360,0.9894,-43.831,24.486,0.024,-0.215
245.17,-43.388,24.348,0.9664,-43.846,24.473,0.014,-0.189
245.37,-43.413,24.333,0.9351,-43.871,24.458,-0.005,-0.172
245.57,-43.442,24.318,0.9004,-43.900,24.442,-0.017,-0.228
245.77,-43.469,24.304,0.8696,-43.930,24.428,-0.015,-0.237
245.97,-43.491,24.293,0.8438,-43.954,24.417,-0.003,-0.234
246.17,-43.517,24.281,0.8131,-43.980,24.407,0.007,-0.263
246.37,-43.545,24.269,0.7797,-44.009,24.395,0.007,-0.288
246.57,-43.577,24.258,0.7434,-44.041,24.384,-0.030,-0.280
246.77,-43.614,24.245,0.7018,-44.078,24.373,-0.028,-0.254
246.97,-43.660,24.231,0.6511,-44.124,24.359,-0.033,-0.254
247.17,-43.717,24.218,0.5929,-44.178,24.346,-0.062,-0.274
247.37,-43.786,24.206,0.5258,-44.247,24.334,-0.095,-0.300
247.57,-43.860,24.196,0.4474,-44.324,24.324,-0.147,-0.334
247.77,-43.899,24.172,0.3849,-44.369,24.303,-0.108,-0.333
247.97,-43.926,24.150,0.3267,-44.397,24.279,-0.042,-0.272
248.17,-43.960,24.145,0.2792,-44.431,24.269,-0.011,-0.271
248.37,-43.994,24.149,0.2401,-44.465,24.272,0.013,-0.247
248.57,-44.033,24.156,0.1991,-44.503,24.279,0.011,-0.243
248.77,-44.074,24.165,0.1570,-44.544,24.288,0.001,-0.223
248.97,-44.111,24.175,0.1176,-44.582,24.299,-0.001,-0.197
249.17,-44.147,24.186,0.0799,-44.619,24.311,0.003,-0.184
249.37,-44.185,24.198,0.0412,-44.657,24.324,0.003,-0.176
249.57,-44.224,24.213,0.0010,-44.697,24.340,-0.002,-0.172
249.77,-44.249,24.212,0.0021,-44.723,24.341,0.014,-0.115
249.97,-44.273,24.208,0.0097,-44.748,24.337,-0.021,0.012
250.17,-44.304,24.203,0.0187,-44.777,24.332,0.001,0.060
250.37,-44.341,24.198,0.0286,-44.814,24.327,-0.000,0.066
250.57,-44.362,24.196,0.0325,-44.840,24.323,0.013,0.054
250.77,-44.367,24.196,0.0326,-44.847,24.322,0.042,0.039
250.97,-44.368,24.196,0.0420,-44.850,24.323,0.103,0.066
251.17,-44.362,24.196,0.0428,-44.845,24.322,0.118,0.067
251.37,-44.348,24.196,0.0429,-44.832,24.323,0.136,0.040
251.57,-44.333,24.197,0.0431,-44.817,24.323,0.155,0.052
251.77,-44.323,24.197,0.0446,-44.807,24.323,0.154,0.064
251.97,-44.305,24.198,0.0452,-44.792,24.325,0.154,0.052
252.17,-44.277,24.200,0.0453,-44.765,24.326,0.168,0.041
252.37,-44.250,24.201,0.0461,-44.738,24.327,0.181,0.045
252.57,-44.224,24.201,0.0478,-44.713,24.326,0.185,0.021
252.77,-44.196,24.202,0.0480,-44.686,24.327,0.185,0.009
252.97,-44.162,24.204,0.0481,-44.653,24.329,0.192,0.012
253.17,-44.125,24.206,0.0485,-44.616,24.330,0.199,0.014
253.37,-44.088,24.207,0.0485,-44.579,24.331,0.205,0.014
253.57,-44.050,24.209,0.0486,-44.542,24.333,0.208,0.014
253.77,-44.010,24.213,0.0486,-44.502,24.336,0.241,0.001
253.97,-43.970,24.214,0.0486,-44.462,24.338,0.264,-0.004
254.17,-43.929,24.216,0.0487,-44.421,24.339,0.262,0.006
254.37,-43.886,24.218,0.0487,-44.378,24.341,0.255,0.010
254.57,-43.837,24.220,0.0487,-44.331,24.343,0.255,0.006
254.77,-43.785,24.223,0.0488,-44.279,24.346,0.262,0.008
254.97,-43.735,24.225,0.0487,-44.228,24.348,0.267,0.009
255.17,-43.687,24.228,0.0487,-44.179,24.350,0.265,0.010
255.37,-43.637,24.230,0.0487,-44.129,24.353,0.269,0.053
255.57,-43.585,24.233,0.0487,-44.077,24.355,0.266,0.043
255.77,-43.533,24.236,0.0487,-44.025,24.358,0.261,0.041
255.97,-43.485,24.238,0.0489,-43.977,24.361,0.253,0.044
256.17,-43.436,24.241,0.0491,-43.929,24.364,0.247,0.045
256.37,-43.385,24.244,0.0491,-43.878,24.367,0.290,-0.019
256.57,-43.335,24.246,0.0492,-43.828,24.369,0.296,-0.009
256.77,-43.286,24.249,0.0493,-43.778,24.372,0.289,0.003
256.97,-43.235,24.251,0.0493,-43.727,24.374,0.277,0.007
257.17,-43.181,24.254,0.0492,-43.673,24.377,0.285,-0.003
257.37,-43.128,24.256,0.0493,-43.620,24.379,0.284,-0.001
257.57,-43.077,24.259,0.0493,-43.567,24.382,0.279,-0.001
257.77,-43.024,24.261,0.0493,-43.514,24.384,0.272,-0.001
257.97,-42.970,24.264,0.0493,-43.460,24.387,0.269,-0.003
258.17,-42.916,24.269,0.0493,-43.405,24.391,0.267,-0.003
258.37,-42.859,24.278,0.0492,-43.348,24.400,0.268,-0.005
258.57,-42.809,24.279,0.0495,-43.296,24.401,0.308,-0.015
258.77,-42.761,24.278,0.0498,-43.248,24.400,0.308,-0.013
258.97,-42.710,24.281,0.0498,-43.196,24.403,0.289,-0.014
259.17,-42.655,24.284,0.0499,-43.141,24.406,0.286,-0.012
259.37,-42.598,24.288,0.0500,-43.084,24.410,0.289,-0.010
259.57,-42.542,24.292,0.0502,-43.027,24.413,0.299,-0.012
259.77,-42.487,24.295,0.0504,-42.971,24.416,0.292,-0.012
259.97,-42.432,24.299,0.0506,-42.914,24.420,0.285,-0.013
260.17,-42.376,24.303,0.0507,-42.858,24.424,0.279,-0.014
260.37,-42.324,24.306,0.0507,-42.803,24.427,0.275,-0.014
260.57,-42.272,24.308,0.0508,-42.749,24.430,0.296,-0.016
260.77,-42.221,24.311,0.0509,-42.696,24.433,0.312,-0.025
260.97,-42.171,24.313,0.0510,-42.645,24.435,0.302,-0.019
261.17,-42.123,24.315,0.0511,-42.594,24.437,0.288,-0.016
261.37,-42.070,24.318,0.0512,-42.540,24.440,0.283,-0.015
261.57,-42.016,24.320,0.0513,-42.484,24.442,0.285,-0.015
261.77,-41.964,24.322,0.0514,-42.430,24.445,0.283,-0.015
261.97,-41.915,24.325,0.0515,-42.379,24.447,0.274,-0.016
262.17,-41.866,24.327,0.0516,-42.328,24.450,0.267,-0.017
262.37,-41.817,24.331,0.0517,-42.276,24.453,0.264,-0.018
262.57,-41.771,24.334,0.0517,-42.227,24.456,0.260,-0.019
262.77,-41.726,24.336,0.0517,-42.180,24.457,0.248,-0.020
262.97,-41.681,24.338,0.0518,-42.133,24.459,0.281,-0.025
263.17,-41.637,24.341,0.0518,-42.086,24.461,0.286,-0.027
263.37,-41.595,24.343,0.0519,-42.041,24.463,0.274,-0.021
263.57,-41.549,24.345,0.0519,-41.994,24.465,0.267,-0.019
263.77,-41.500,24.348,0.0520,-41.943,24.468,0.268,-0.019
263.97,-41.453,24.350,0.0520,-41.893,24.471,0.267,-0.019
264.17,-41.408,24.353,0.0521,-41.845,24.473,0.265,-0.020
264.37,-41.363,24.355,0.0522,-41.798,24.476,0.259,-0.021
264.57,-41.318,24.358,0.0523,-41.751,24.479,0.253,-0.022
264.77,-41.273,24.360,0.0523,-41.703,24.481,0.249,-0.022
264.97,-41.226,24.368,0.0518,-41.654,24.487,0.246,-0.025
265.17,-41.183,24.369,0.0520,-41.608,24.490,0.240,-0.026
265.37,-41.143,24.371,0.0523,-41.564,24.490,0.271,-0.026
265.57,-41.100,24.375,0.0520,-41.519,24.494,0.278,-0.032
265.77,-41.059,24.377,0.0522,-41.476,24.495,0.270,-0.026
265.97,-41.016,24.379,0.0525,-41.430,24.496,0.262,-0.024
266.17,-40.968,24.382,0.0525,-41.381,24.499,0.263,-0.023
266.37,-40.922,24.384,0.0526,-41.332,24.500,0.275,-0.024
266.57,-40.876,24.387,0.0527,-41.284,24.503,0.269,-0.025
266.77,-40.829,24.390,0.0525,-41.234,24.506,0.264,-0.026
266.97,-40.781,24.393,0.0524,-41.184,24.510,0.261,-0.027
267.17,-40.733,24.397,0.0523,-41.134,24.513,0.258,-0.028
267.37,-40.687,24.399,0.0523,-41.085,24.516,0.254,-0.029
267.57,-40.642,24.402,0.0522,-41.038,24.519,0.244,-0.032
267.77,-40.599,24.405,0.0521,-40.991,24.521,0.270,-0.025
267.97,-40.556,24.407,0.0520,-40.946,24.523,0.283,-0.040
268.17,-40.516,24.409,0.0519,-40.903,24.526,0.275,-0.034
268.37,-40.476,24.411,0.0517,-40.861,24.528,0.259,-0.029
268.57,-40.432,24.413,0.0516,-40.815,24.530,0.255,-0.026
268.77,-40.390,24.415,0.0516,-40.771,24.533,0.252,-0.027
268.97,-40.348,24.418,0.0516,-40.727,24.535,0.249,-0.028
269.17,-40.305,24.420,0.0514,-40.682,24.537,0.247,-0.028
269.37,-40.263,24.422,0.0513,-40.637,24.539,0.246,-0.029
269.57,-40.220,24.424,0.0511,-40.592,24.542,0.243,-0.031
269.77,-40.178,24.427,0.0508,-40.547,24.544,0.239,-0.032
269.97,-40.135,24.429,0.0506,-40.501,24.546,0.236,-0.034
270.17,-40.093,24.432,0.0505,-40.457,24.547,0.231,-0.035
270.37,-40.053,24.434,0.0504,-40.414,24.549,0.252,-0.020
270.57,-40.015,24.436,0.0504,-40.374,24.551,0.267,-0.037
270.77,-39.977,24.438,0.0504,-40.334,24.552,0.261,-0.036
270.97,-39.939,24.440,0.0502,-40.295,24.554,0.251,-0.031
271.17,-39.895,24.442,0.0501,-40.250,24.556,0.247,-0.031
271.37,-39.849,24.444,0.0499,-40.203,24.559,0.254,-0.030
271.57,-39.803,24.447,0.0497,-40.155,24.561,0.258,-0.029
271.77,-39.759,24.449,0.0496,-40.108,24.564,0.257,-0.029
271.97,-39.716,24.451,0.0495,-40.063,24.566,0.252,-0.032
272.17,-39.672,24.453,0.0495,-40.017,24.568,0.247,-0.036
272.37,-39.629,24.456,0.0495,-39.971,24.570,0.243,-0.038
272.57,-39.586,24.458,0.0495,-39.925,24.573,0.239,-0.040
272.77,-39.545,24.460,0.0495,-39.881,24.574,0.232,-0.041
272.97,-39.506,24.462,0.0496,-39.839,24.575,0.224,-0.041
273.17,-39.470,24.463,0.0498,-39.801,24.576,0.255,-0.033
273.37,-39.434,24.465,0.0500,-39.764,24.578,0.256,-0.042
273.57,-39.400,24.467,0.0502,-39.728,24.579,0.228,-0.026
273.77,-39.363,24.468,0.0503,-39.689,24.580,0.231,-0.030
273.97,-39.325,24.470,0.0504,-39.649,24.582,0.234,-0.032
274.17,-39.287,24.472,0.0505,-39.609,24.583,0.235,-0.034
274.37,-39.249,24.474,0.0506,-39.569,24.585,0.235,-0.035
274.57,-39.208,24.478,0.0502,-39.526,24.588,0.235,-0.037
274.77,-39.168,24.480,0.0503,-39.484,24.590,0.236,-0.038
274.97,-39.127,24.482,0.0504,-39.441,24.592,0.235,-0.039
275.17,-39.088,24.484,0.0506,-39.399,24.592,0.231,-0.040
275.37,-39.047,24.488,0.0503,-39.357,24.595,0.227,-0.042
275.57,-39.007,24.491,0.0505,-39.314,24.598,0.224,-0.044
275.77,-38.968,24.493,0.0508,-39.272,24.600,0.220,-0.045
275.97,-38.931,24.495,0.0511,-39.233,24.603,0.246,-0.028
276.17,-38.895,24.497,0.0515,-39.197,24.604,0.253,-0.040
276.37,-38.862,24.498,0.0519,-39.161,24.606,0.242,-0.036
276.57,-38.824,24.501,0.0522,-39.124,24.608,0.233,-0.035
276.77,-38.781,24.503,0.0525,-39.079,24.610,0.240,-0.038
276.97,-38.739,24.505,0.0528,-39.035,24.613,0.245,-0.037
277.17,-38.699,24.507,0.0531,-38.992,24.615,0.246,-0.040
277.37,-38.659,24.509,0.0534,-38.950,24.617,0.242,-0.042
277.57,-38.619,24.512,0.0536,-38.907,24.619,0.238,-0.044
277.77,-38.578,24.514,0.0539,-38.865,24.620,0.235,-0.044
277.97,-38.540,24.516,0.0542,-38.824,24.622,0.231,-0.044
278.17,-38.504,24.518,0.0544,-38.786,24.623,0.218,-0.046
278.37,-38.470,24.519,0.0538,-38.752,24.625,0.210,-0.044
278.57,-38.437,24.520,0.0539,-38.717,24.626,0.201,-0.047
278.77,-38.405,24.522,0.0542,-38.684,24.627,0.188,-0.048
278.97,-38.381,24.523,0.0546,-38.658,24.628,0.207,-0.031
279.17,-38.359,24.523,0.0552,-38.635,24.629,0.211,-0.044
279.37,-38.338,24.524,0.0557,-38.611,24.630,0.204,-0.052
279.57,-38.314,24.526,0.0561,-38.587,24.632,0.195,-0.045
279.77,-38.281,24.527,0.0562,-38.553,24.633,0.201,-0.043
279.97,-38.255,24.529,0.0566,-38.525,24.634,0.203,-0.038
280.17,-38.229,24.530,0.0565,-38.498,24.635,0.201,-0.038
280.37,-38.199,24.532,0.0559,-38.467,24.637,0.201,-0.039
280.57,-38.167,24.534,0.0555,-38.433,24.637,0.208,-0.045
280.77,-38.135,24.535,0.0553,-38.398,24.638,0.211,-0.046
280.97,-38.104,24.537,0.0549,-38.365,24.639,0.212,-0.049
281.17,-38.074,24.539,0.0544,-38.333,24.641,0.209,-0.047
281.37,-38.044,24.540,0.0535,-38.302,24.642,0.201,-0.046
281.57,-38.016,24.541,0.0526,-38.272,24.643,0.195,-0.048
281.77,-37.987,24.543,0.0517,-38.243,24.644,0.191,-0.047
281.97,-37.959,24.544,0.0509,-38.214,24.645,0.187,-0.045
282.17,-37.932,24.545,0.0502,-38.186,24.646,0.183,-0.044
282.37,-37.907,24.546,0.0493,-38.160,24.648,0.176,-0.040
282.57,-37.882,24.547,0.0485,-38.135,24.651,0.170,-0.038
282.77,-37.857,24.548,0.0477,-38.110,24.653,0.165,-0.037
282.97,-37.832,24.549,0.0473,-38.084,24.654,0.188,-0.018
283.17,-37.806,24.550,0.0470,-38.057,24.655,0.210,-0.041
283.37,-37.780,24.551,0.0467,-38.029,24.656,0.214,-0.049
283.57,-37.755,24.552,0.0463,-38.001,24.656,0.210,-0.044
283.77,-37.722,24.554,0.0461,-37.968,24.657,0.217,-0.037
283.97,-37.690,24.555,0.0453,-37.934,24.658,0.220,-0.037
284.17,-37.657,24.556,0.0448,-37.900,24.659,0.219,-0.040
284.37,-37.622,24.557,0.0444,-37.864,24.660,0.220,-0.043
284.57,-37.585,24.559,0.0441,-37.825,24.661,0.223,-0.045
284.77,-37.548,24.560,0.0437,-37.786,24.662,0.226,-0.046
284.97,-37.513,24.562,0.0432,-37.749,24.663,0.223,-0.051
285.17,-37.479,24.563,0.0425,-37.713,24.663,0.217,-0.052
285.37,-37.446,24.564,0.0417,-37.679,24.663,0.208,-0.051
285.57,-37.415,24.565,0.0408,-37.647,24.664,0.201,-0.052
285.77,-37.387,24.565,0.0398,-37.618,24.664,0.192,-0.053
285.97,-37.359,24.566,0.0388,-37.588,24.663,0.186,-0.057
286.17,-37.331,24.567,0.0378,-37.559,24.662,0.182,-0.060
286.37,-37.306,24.567,0.0367,-37.531,24.661,0.176,-0.064
286.57,-37.283,24.568,0.0352,-37.507,24.658,0.169,-0.069
286.77,-37.264,24.568,0.0337,-37.486,24.656,0.197,-0.058
286.97,-37.246,24.567,0.0309,-37.467,24.655,0.193,-0.063
287.17,-37.231,24.567,0.0278,-37.452,24.654,0.184,-0.063
287.37,-37.213,24.566,0.0252,-37.434,24.652,0.172,-0.062
287.57,-37.192,24.566,0.0233,-37.412,24.649,0.176,-0.060
287.77,-37.175,24.565,0.0200,-37.393,24.647,0.178,-0.057
287.97,-37.159,24.564,0.0170,-37.377,24.645,0.172,-0.052
288.17,-37.143,24.564,0.0143,-37.360,24.643,0.167,-0.046
288.37,-37.124,24.563,0.0124,-37.343,24.642,0.167,-0.041
288.57,-37.104,24.563,0.0111,-37.323,24.642,0.169,-0.031
288.77,-37.083,24.563,0.0103,-37.302,24.643,0.173,-0.025
288.97,-37.059,24.563,0.0098,-37.279,24.644,0.180,-0.022
289.17,-37.031,24.563,0.0096,-37.251,24.644,0.199,-0.026
289.37,-37.001,24.563,0.0096,-37.219,24.645,0.204,-0.028
289.57,-36.969,24.563,0.0094,-37.185,24.645,0.209,-0.032
289.77,-36.935,24.563,0.0093,-37.150,24.645,0.213,-0.034
289.97,-36.900,24.563,0.0092,-37.113,24.646,0.215,-0.035
290.17,-36.863,24.563,0.0091,-37.074,24.646,0.216,-0.036
290.37,-36.826,24.564,0.0089,-37.036,24.646,0.216,-0.036
290.57,-36.789,24.564,0.0087,-36.996,24.646,0.215,-0.038
290.77,-36.751,24.564,0.0085,-36.956,24.647,0.213,-0.039
290.97,-36.712,24.564,0.0082,-36.916,24.647,0.210,-0.041
291.17,-36.674,24.564,0.0080,-36.876,24.647,0.244,-0.022
291.37,-36.637,24.564,0.0078,-36.836,24.647,0.258,-0.040
291.57,-36.601,24.564,0.0075,-36.799,24.646,0.252,-0.041
291.77,-36.562,24.565,0.0073,-36.759,24.647,0.243,-0.038
291.97,-36.516,24.565,0.0071,-36.712,24.647,0.248,-0.035
292.17,-36.470,24.565,0.0069,-36.664,24.647,0.255,-0.034
292.37,-36.425,24.565,0.0066,-36.617,24.647,0.257,-0.037
292.57,-36.379,24.565,0.0064,-36.570,24.647,0.255,-0.038
292.77,-36.332,24.565,0.0062,-36.522,24.648,0.254,-0.037
292.97,-36.284,24.565,0.0059,-36.472,24.648,0.253,-0.038
293.17,-36.236,24.566,0.0057,-36.423,24.648,0.251,-0.040
293.37,-36.189,24.566,0.0055,-36.374,24.649,0.245,-0.042
293.57,-36.143,24.566,0.0052,-36.325,24.649,0.239,-0.046
293.77,-36.096,24.566,0.0049,-36.277,24.650,0.283,-0.034
293.97,-36.050,24.566,0.0045,-36.230,24.650,0.289,-0.044
294.17,-36.007,24.567,0.0039,-36.185,24.650,0.276,-0.041
294.37,-35.956,24.567,0.0037,-36.134,24.650,0.272,-0.038
294.57,-35.901,24.567,0.0033,-36.079,24.651,0.278,-0.039
294.77,-35.849,24.567,0.0030,-36.024,24.651,0.281,-0.040
294.97,-35.799,24.567,0.0029,-35.972,24.651,0.278,-0.041
295.17,-35.748,24.567,0.0027,-35.920,24.651,0.271,-0.040
295.37,-35.697,24.567,0.0025,-35.867,24.650,0.266,-0.041
295.57,-35.647,24.567,0.0022,-35.815,24.649,0.259,-0.046
295.77,-35.598,24.567,0.0021,-35.764,24.648,0.251,-0.050
295.97,-35.549,24.567,0.0017,-35.714,24.648,0.284,-0.029
296.17,-35.501,24.567,0.0011,-35.665,24.648,0.296,-0.044
296.37,-35.459,24.566,0.0004,-35.622,24.647,0.280,-0.042
296.57,-35.407,24.567,0.0001,-35.571,24.648,0.275,-0.037
296.77,-35.353,24.566,-0.0004,-35.516,24.647,0.280,-0.036
296.97,-35.299,24.566,-0.0006,-35.462,24.647,0.281,-0.035
297.17,-35.248,24.566,-0.0007,-35.409,24.648,0.278,-0.034
297.37,-35.194,24.566,-0.0009,-35.354,24.647,0.276,-0.035
297.57,-35.140,24.565,-0.0011,-35.300,24.647,0.273,-0.038
297.77,-35.087,24.564,-0.0012,-35.245,24.646,0.268,-0.040
297.97,-35.034,24.564,-0.0014,-35.192,24.646,0.262,-0.042
298.17,-34.982,24.563,-0.0017,-35.138,24.645,0.286,-0.018
298.37,-34.929,24.561,-0.0022,-35.084,24.644,0.309,-0.037
298.57,-34.878,24.560,-0.0026,-35.032,24.643,0.307,-0.039
298.77,-34.826,24.560,-0.0028,-34.980,24.643,0.294,-0.038
298.97,-34.768,24.560,-0.0030,-34.921,24.642,0.293,-0.034
299.17,-34.710,24.559,-0.0030,-34.862,24.642,0.296,-0.033
299.37,-34.655,24.559,-0.0030,-34.805,24.643,0.293,-0.034
299.57,-34.600,24.559,-0.0030,-34.749,24.643,0.286,-0.036
299.77,-34.544,24.559,-0.0030,-34.693,24.643,0.279,-0.038
299.97,-34.488,24.558,-0.0030,-34.636,24.643,0.274,-0.041
300.17,-34.434,24.558,-0.0031,-34.581,24.643,0.268,-0.043
300.37,-34.379,24.557,-0.0032,-34.526,24.642,0.301,-0.024
300.57,-34.324,24.554,-0.0036,-34.470,24.640,0.316,-0.038
300.77,-34.273,24.553,-0.0038,-34.417,24.639,0.304,-0.036
300.97,-34.216,24.553,-0.0039,-34.361,24.639,0.296,-0.035
301.17,-34.155,24.553,-0.0040,-34.300,24.639,0.298,-0.032
301.37,-34.095,24.553,-0.0041,-34.239,24.638,0.300,-0.033
301.57,-34.036,24.553,-0.0041,-34.180,24.638,0.296,-0.036
301.77,-33.977,24.552,-0.0042,-34.121,24.638,0.290,-0.038
301.97,-33.918,24.551,-0.0043,-34.061,24.637,0.285,-0.040
302.17,-33.858,24.550,-0.0044,-34.001,24.636,0.279,-0.042
302.37,-33.798,24.548,-0.0045,-33.941,24.634,0.316,-0.023
302.57,-33.739,24.547,-0.0046,-33.881,24.633,0.332,-0.037
302.77,-33.682,24.546,-0.0047,-33.824,24.632,0.326,-0.036
302.97,-33.628,24.545,-0.0048,-33.769,24.631,0.310,-0.033
303.17,-33.568,24.544,-0.0049,-33.709,24.630,0.301,-0.033
303.37,-33.506,24.544,-0.0049,-33.646,24.629,0.301,-0.034
303.57,-33.446,24.543,-0.0050,-33.585,24.628,0.301,-0.036
303.77,-33.388,24.543,-0.0051,-33.526,24.628,0.295,-0.037
303.97,-33.327,24.545,-0.0053,-33.464,24.630,0.288,-0.041
304.17,-33.268,24.545,-0.0053,-33.405,24.629,0.280,-0.044
304.37,-33.208,24.544,-0.0054,-33.345,24.629,0.326,-0.030
304.57,-33.149,24.543,-0.0054,-33.286,24.628,0.331,-0.036
304.77,-33.091,24.543,-0.0055,-33.228,24.628,0.321,-0.035
304.97,-33.031,24.542,-0.0056,-33.168,24.627,0.309,-0.033
305.17,-32.964,24.541,-0.0056,-33.102,24.626,0.311,-0.034
305.37,-32.901,24.541,-0.0057,-33.038,24.626,0.312,-0.035
305.57,-32.840,24.541,-0.0057,-32.975,24.626,0.307,-0.036
305.77,-32.779,24.543,-0.0056,-32.914,24.627,0.298,-0.038
305.97,-32.716,24.543,-0.0057,-32.852,24.628,0.291,-0.040
306.17,-32.653,24.543,-0.0057,-32.788,24.627,0.318,-0.018
306.37,-32.592,24.542,-0.0058,-32.726,24.627,0.343,-0.034
306.57,-32.532,24.541,-0.0059,-32.666,24.626,0.336,-0.036
306.77,-32.473,24.540,-0.0061,-32.606,24.626,0.323,-0.037
306.97,-32.407,24.540,-0.0061,-32.542,24.625,0.316,-0.037
307.17,-32.339,24.539,-0.0062,-32.473,24.625,0.320,-0.035
307.37,-32.273,24.538,-0.0062,-32.407,24.624,0.319,-0.034
307.57,-32.209,24.537,-0.0063,-32.343,24.623,0.310,-0.037
307.77,-32.148,24.537,-0.0064,-32.280,24.622,0.299,-0.038
307.97,-32.086,24.536,-0.0064,-32.218,24.622,0.289,-0.041
308.17,-32.023,24.536,-0.0065,-32.155,24.622,0.336,-0.028
308.37,-31.961,24.538,-0.0066,-32.093,24.623,0.342,-0.036
308.57,-31.900,24.538,-0.0068,-32.031,24.623,0.331,-0.035
308.77,-31.837,24.537,-0.0069,-31.970,24.623,0.318,-0.034
308.97,-31.769,24.537,-0.0070,-31.903,24.623,0.317,-0.034
309.17,-31.699,24.537,-0.0072,-31.833,24.623,0.318,-0.037
309.37,-31.632,24.536,-0.0073,-31.766,24.622,0.317,-0.038
309.57,-31.568,24.534,-0.0073,-31.701,24.621,0.308,-0.039
309.77,-31.505,24.533,-0.0074,-31.638,24.619,0.328,-0.018
309.97,-31.441,24.532,-0.0074,-31.575,24.619,0.348,-0.031
310.17,-31.378,24.532,-0.0075,-31.511,24.619,0.345,-0.034
310.37,-31.316,24.532,-0.0075,-31.449,24.619,0.332,-0.033
310.57,-31.249,24.532,-0.0075,-31.383,24.619,0.324,-0.031
310.77,-31.178,24.530,-0.0076,-31.313,24.617,0.325,-0.031
310.97,-31.108,24.527,-0.0076,-31.243,24.615,0.326,-0.034
311.17,-31.044,24.526,-0.0075,-31.177,24.613,0.319,-0.036
311.37,-30.980,24.526,-0.0076,-31.113,24.613,0.307,-0.038
311.57,-30.916,24.525,-0.0076,-31.049,24.613,0.296,-0.040
311.77,-30.851,24.525,-0.0077,-30.984,24.612,0.343,-0.026
311.97,-30.788,24.524,-0.0077,-30.921,24.611,0.347,-0.033
312.17,-30.728,24.524,-0.0078,-30.860,24.611,0.332,-0.031
312.37,-30.665,24.524,-0.0078,-30.798,24.611,0.319,-0.031
312.57,-30.597,24.524,-0.0079,-30.731,24.611,0.317,-0.032
312.77,-30.528,24.522,-0.0079,-30.662,24.609,0.319,-0.034
312.97,-30.462,24.522,-0.0080,-30.596,24.609,0.316,-0.035
313.17,-30.399,24.521,-0.0080,-30.532,24.608,0.307,-0.037
313.37,-30.335,24.521,-0.0081,-30.469,24.607,0.296,-0.039
313.57,-30.270,24.520,-0.0081,-30.405,24.607,0.342,-0.026
313.77,-30.206,24.519,-0.0082,-30.340,24.606,0.347,-0.032
313.97,-30.145,24.518,-0.0082,-30.279,24.604,0.338,-0.031
314.17,-30.083,24.517,-0.0083,-30.217,24.604,0.320,-0.031
314.37,-30.016,24.517,-0.0083,-30.151,24.603,0.317,-0.031
314.57,-29.949,24.516,-0.0084,-30.084,24.602,0.317,-0.031
314.77,-29.885,24.515,-0.0085,-30.019,24.602,0.312,-0.033
314.97,-29.821,24.516,-0.0085,-29.955,24.601,0.303,-0.035
315.17,-29.757,24.516,-0.0085,-29.891,24.601,0.295,-0.037
315.37,-29.694,24.515,-0.0085,-29.828,24.600,0.332,-0.020
315.57,-29.633,24.515,-0.0086,-29.766,24.600,0.345,-0.032
315.77,-29.573,24.514,-0.0086,-29.706,24.599,0.332,-0.030
315.97,-29.511,24.514,-0.0086,-29.645,24.599,0.319,-0.029
316.17,-29.444,24.513,-0.0087,-29.578,24.599,0.317,-0.029
316.37,-29.376,24.513,-0.0087,-29.511,24.598,0.318,-0.030
316.57,-29.312,24.512,-0.0087,-29.446,24.597,0.314,-0.031
316.77,-29.250,24.511,-0.0088,-29.383,24.596,0.305,-0.033
316.97,-29.187,24.511,-0.0088,-29.320,24.596,0.296,-0.035
317.17,-29.123,24.511,-0.0088,-29.256,24.596,0.331,-0.020
317.37,-29.061,24.512,-0.0088,-29.194,24.596,0.347,-0.032
317.57,-29.000,24.512,-0.0089,-29.133,24.597,0.337,-0.032
317.77,-28.937,24.511,-0.0089,-29.071,24.596,0.323,-0.029
317.97,-28.870,24.510,-0.0090,-29.004,24.595,0.319,-0.029
318.17,-28.804,24.509,-0.0091,-28.937,24.594,0.319,-0.029
318.37,-28.740,24.509,-0.0091,-28.872,24.594,0.315,-0.030
318.57,-28.677,24.508,-0.0092,-28.809,24.593,0.307,-0.032
318.77,-28.612,24.510,-0.0092,-28.744,24.594,0.299,-0.035
318.97,-28.549,24.508,-0.0092,-28.681,24.593,0.323,-0.015
319.17,-28.487,24.508,-0.0093,-28.619,24.592,0.346,-0.029
319.37,-28.425,24.508,-0.0093,-28.557,24.593,0.341,-0.031
319.57,-28.363,24.507,-0.0094,-28.495,24.592,0.324,-0.029
319.77,-28.294,24.507,-0.0095,-28.428,24.592,0.322,-0.029
319.97,-28.224,24.506,-0.0095,-28.358,24.591,0.325,-0.030
320.17,-28.155,24.505,-0.0096,-28.290,24.591,0.326,-0.031
320.37,-28.090,24.504,-0.0097,-28.224,24.590,0.317,-0.033
320.57,-28.026,24.503,-0.0097,-28.159,24.589,0.306,-0.034
320.77,-27.962,24.502,-0.0097,-28.095,24.588,0.328,-0.014
320.97,-27.899,24.501,-0.0097,-28.031,24.587,0.350,-0.028
321.17,-27.837,24.501,-0.0098,-27.969,24.587,0.339,-0.029
321.37,-27.776,24.500,-0.0098,-27.908,24.586,0.325,-0.027
321.57,-27.708,24.500,-0.0098,-27.841,24.586,0.321,-0.027
321.77,-27.638,24.499,-0.0098,-27.771,24.585,0.327,-0.027
321.97,-27.572,24.497,-0.0098,-27.704,24.583,0.323,-0.028
322.17,-27.508,24.496,-0.0099,-27.640,24.582,0.314,-0.030
322.37,-27.444,24.495,-0.0100,-27.576,24.581,0.302,-0.033
322.57,-27.380,24.493,-0.0101,-27.511,24.579,0.335,-0.019
322.77,-27.318,24.492,-0.0102,-27.448,24.578,0.349,-0.029
322.97,-27.258,24.492,-0.0103,-27.387,24.577,0.337,-0.027
323.17,-27.198,24.491,-0.0103,-27.327,24.576,0.322,-0.025
323.37,-27.131,24.490,-0.0104,-27.261,24.576,0.326,-0.025
323.57,-27.066,24.489,-0.0105,-27.196,24.575,0.326,-0.026
323.77,-27.003,24.488,-0.0106,-27.133,24.574,0.317,-0.028
323.97,-26.942,24.491,-0.0107,-27.071,24.576,0.305,-0.028
324.17,-26.875,24.490,-0.0107,-27.005,24.575,0.300,-0.030
324.37,-26.808,24.489,-0.0107,-26.939,24.574,0.328,-0.012
324.57,-26.743,24.488,-0.0108,-26.874,24.573,0.354,-0.027
324.77,-26.681,24.487,-0.0108,-26.812,24.572,0.347,-0.027
324.97,-26.622,24.486,-0.0108,-26.752,24.571,0.328,-0.024
325.17,-26.558,24.484,-0.0109,-26.690,24.570,0.317,-0.024
325.37,-26.491,24.483,-0.0109,-26.622,24.569,0.316,-0.024
325.57,-26.425,24.483,-0.0109,-26.555,24.568,0.317,-0.025
325.77,-26.362,24.482,-0.0109,-26.492,24.567,0.312,-0.026
325.97,-26.301,24.481,-0.0109,-26.430,24.566,0.301,-0.028
326.17,-26.239,24.480,-0.0110,-26.368,24.565,0.291,-0.029
326.37,-26.176,24.482,-0.0109,-26.305,24.565,0.336,-0.021
326.57,-26.111,24.482,-0.0110,-26.240,24.568,0.345,-0.028
326.77,-26.051,24.482,-0.0111,-26.180,24.566,0.335,-0.025
326.97,-25.987,24.481,-0.0111,-26.117,24.566,0.322,-0.024
327.17,-25.918,24.480,-0.0111,-26.048,24.564,0.319,-0.024
327.37,-25.849,24.480,-0.0112,-25.980,24.564,0.321,-0.025
327.57,-25.784,24.479,-0.0112,-25.914,24.563,0.316,-0.026
327.77,-25.719,24.478,-0.0112,-25.849,24.562,0.307,-0.028
327.97,-25.655,24.477,-0.0112,-25.785,24.562,0.300,-0.029
328.17,-25.589,24.479,-0.0113,-25.720,24.562,0.357,-0.026
328.37,-25.522,24.483,-0.0117,-25.652,24.566,0.352,-0.025
328.57,-25.453,24.483,-0.0117,-25.585,24.566,0.342,-0.024
328.77,-25.381,24.482,-0.0118,-25.513,24.566,0.339,-0.024
328.97,-25.308,24.481,-0.0119,-25.441,24.565,0.339,-0.026
329.17,-25.237,24.480,-0.0121,-25.370,24.564,0.334,-0.027
329.37,-25.168,24.479,-0.0121,-25.301,24.564,0.329,-0.028
329.57,-25.098,24.478,-0.0123,-25.232,24.563,0.318,-0.030
329.77,-25.027,24.479,-0.0126,-25.162,24.563,0.354,-0.018
329.97,-24.952,24.482,-0.0138,-25.088,24.566,0.376,-0.032
330.17,-24.882,24.482,-0.0140,-25.018,24.566,0.366,-0.029
330.37,-24.814,24.481,-0.0141,-24.951,24.566,0.350,-0.026
330.57,-24.738,24.481,-0.0142,-24.877,24.565,0.343,-0.026
330.77,-24.659,24.480,-0.0142,-24.800,24.565,0.345,-0.027
330.97,-24.584,24.479,-0.0142,-24.724,24.564,0.343,-0.028
331.17,-24.512,24.478,-0.0141,-24.652,24.564,0.335,-0.030
331.37,-24.439,24.479,-0.0148,-24.580,24.564,0.365,-0.018
331.57,-24.363,24.479,-0.0151,-24.506,24.565,0.344,-0.083
331.77,-24.289,24.478,-0.0155,-24.433,24.565,0.350,-0.117
331.97,-24.217,24.477,-0.0157,-24.361,24.564,0.351,-0.111
332.17,-24.138,24.476,-0.0159,-24.285,24.563,0.347,-0.104
332.37,-24.055,24.475,-0.0166,-24.202,24.563,0.349,-0.104
332.57,-23.968,24.473,-0.0182,-24.117,24.561,0.347,-0.117
332.77,-23.880,24.472,-0.0194,-24.028,24.560,0.346,-0.128
332.97,-23.782,24.474,-0.0200,-23.932,24.561,0.340,-0.126
333.17,-23.679,24.472,-0.0207,-23.828,24.559,0.339,-0.119
333.37,-23.568,24.470,-0.0216,-23.717,24.557,0.363,-0.107
333.57,-23.453,24.468,-0.0223,-23.600,24.555,0.374,-0.131
333.77,-23.341,24.465,-0.0226,-23.485,24.552,0.359,-0.146
333.97,-23.233,24.463,-0.0235,-23.375,24.549,0.316,-0.108
334.17,-23.118,24.460,-0.0245,-23.260,24.546,0.325,-0.108
334.37,-22.989,24.457,-0.0247,-23.130,24.543,0.348,-0.084
334.57,-22.861,24.454,-0.0249,-22.999,24.540,0.000,0.000
334.77,-22.775,24.470,0.0210,-22.904,24.553,0.206,0.097
334.97,-22.772,24.468,0.0284,-22.883,24.554,0.111,0.116
335.17,-22.771,24.464,0.0358,-22.877,24.549,-0.002,0.085
335.37,-22.771,24.464,0.0355,-22.876,24.548,-0.068,0.044
335.57,-22.771,24.464,0.0354,-22.877,24.548,-0.110,-0.000
335.77,-22.770,24.463,0.0370,-22.877,24.546,-0.119,-0.002
335.97,-22.771,24.463,0.0391,-22.877,24.545,-0.119,-0.004
336.17,-22.782,24.463,0.0392,-22.888,24.544,-0.125,0.003
336.37,-22.799,24.462,0.0392,-22.905,24.544,-0.144,-0.017
336.57,-22.817,24.461,0.0392,-22.926,24.543,-0.152,-0.023
336.77,-22.835,24.460,0.0392,-22.946,24.543,-0.152,-0.037
336.97,-22.856,24.460,0.0392,-22.969,24.542,-0.128,-0.058
337.17,-22.878,24.459,0.0392,-22.993,24.541,-0.117,-0.069
337.37,-22.900,24.458,0.0391,-23.017,24.540,-0.114,-0.066
337.57,-22.914,24.457,0.0385,-23.034,24.539,-0.104,-0.053
337.77,-22.920,24.455,0.0338,-23.042,24.536,-0.087,-0.059
337.97,-22.926,24.451,0.0223,-23.049,24.528,-0.075,-0.098
338.17,-22.933,24.448,0.0142,-23.056,24.521,-0.071,-0.111
338.37,-22.939,24.447,0.0120,-23.063,24.518,-0.070,-0.092
338.57,-22.935,24.446,0.0097,-23.062,24.514,-0.067,-0.090
338.77,-22.908,24.451,0.0215,-23.038,24.519,-0.037,-0.049
338.97,-22.876,24.458,0.0356,-23.006,24.527,0.005,-0.003
339.17,-22.850,24.463,0.0468,-22.978,24.534,0.006,0.026
339.37,-22.830,24.467,0.0538,-22.956,24.540,-0.022,0.028
339.57,-22.824,24.468,0.0540,-22.949,24.541,-0.055,0.015
339.77,-22.817,24.468,0.0540,-22.943,24.542,-0.074,-0.007
339.97,-22.813,24.468,0.0540,-22.941,24.542,-0.086,-0.014
340.17,-22.816,24.468,0.0540,-22.944,24.542,-0.100,-0.020
340.37,-22.824,24.468,0.0540,-22.953,24.542,-0.101,-0.031
340.57,-22.834,24.467,0.0540,-22.965,24.541,-0.097,-0.030
340.77,-22.845,24.466,0.0540,-22.978,24.540,-0.092,-0.027
340.97,-22.857,24.466,0.0539,-22.992,24.540,-0.089,-0.026
341.17,-22.868,24.465,0.0537,-23.006,24.539,-0.088,-0.029
341.37,-22.878,24.465,0.0537,-23.019,24.538,-0.087,-0.029
341.57,-22.888,24.464,0.0535,-23.030,24.537,-0.085,-0.030
341.77,-22.897,24.463,0.0535,-23.041,24.536,-0.083,-0.031
341.97,-22.906,24.463,0.0534,-23.052,24.535,-0.084,-0.030
342.17,-22.915,24.462,0.0533,-23.063,24.534,-0.087,-0.028
342.37,-22.923,24.462,0.0532,-23.074,24.533,-0.087,-0.024
342.57,-22.931,24.462,0.0531,-23.084,24.532,-0.086,-0.024
342.77,-22.939,24.461,0.0531,-23.094,24.531,-0.083,-0.026
342.97,-22.948,24.461,0.0530,-23.105,24.530,-0.078,-0.031
343.17,-22.957,24.460,0.0529,-23.116,24.529,-0.083,-0.043
343.37,-22.965,24.460,0.0529,-23.126,24.528,-0.080,-0.035
343.57,-22.972,24.459,0.0528,-23.136,24.527,-0.071,-0.033
343.77,-22.977,24.459,0.0524,-23.143,24.526,-0.063,-0.038
343.97,-22.983,24.458,0.0520,-23.149,24.524,-0.054,-0.041
344.17,-22.987,24.458,0.0519,-23.156,24.523,-0.049,-0.037
344.37,-22.990,24.458,0.0517,-23.161,24.522,-0.046,-0.030
344.57,-22.987,24.458,0.0525,-23.160,24.523,-0.039,-0.029
344.77,-22.985,24.459,0.0529,-23.158,24.523,-0.031,-0.037
344.97,-22.984,24.459,0.0529,-23.159,24.523,-0.029,-0.035
345.17,-22.983,24.459,0.0530,-23.160,24.523,-0.030,-0.040
345.37,-22.978,24.459,0.0533,-23.157,24.524,-0.030,-0.034
345.57,-22.973,24.460,0.0536,-23.153,24.524,-0.029,-0.026
345.77,-22.966,24.460,0.0550,-23.147,24.526,-0.028,-0.025
345.97,-22.959,24.461,0.0557,-23.142,24.528,-0.028,-0.022
346.17,-22.957,24.461,0.0557,-23.141,24.528,-0.032,-0.028
346.37,-22.954,24.461,0.0557,-23.140,24.528,-0.037,-0.036
346.57,-22.952,24.462,0.0557,-23.140,24.528,-0.040,-0.037
346.77,-22.950,24.462,0.0558,-23.140,24.528,-0.041,-0.038
346.97,-22.946,24.462,0.0563,-23.137,24.530,-0.041,-0.031
347.17,-22.941,24.463,0.0568,-23.134,24.532,-0.041,-0.018
347.37,-22.937,24.463,0.0572,-23.131,24.534,-0.043,-0.015
347.57,-22.937,24.463,0.0572,-23.132,24.534,-0.045,-0.028
347.77,-22.938,24.463,0.0572,-23.135,24.533,-0.046,-0.036
347.97,-22.940,24.463,0.0572,-23.138,24.533,-0.044,-0.040
348.17,-22.939,24.463,0.0572,-23.140,24.533,-0.043,-0.038
348.37,-22.935,24.464,0.0581,-23.138,24.533,-0.042,-0.034
348.57,-22.930,24.464,0.0593,-23.134,24.534,-0.040,-0.035
348.77,-22.928,24.465,0.0594,-23.132,24.534,-0.041,-0.029
348.97,-22.925,24.465,0.0595,-23.131,24.534,-0.044,-0.021
349.17,-22.923,24.465,0.0596,-23.129,24.534,-0.045,-0.024
349.37,-22.923,24.465,0.0596,-23.131,24.534,-0.047,-0.034
349.57,-22.924,24.465,0.0596,-23.134,24.534,-0.046,-0.042
349.77,-22.924,24.465,0.0595,-23.136,24.534,-0.046,-0.045
349.97,-22.923,24.465,0.0597,-23.137,24.534,-0.045,-0.043
350.17,-22.918,24.466,0.0610,-23.133,24.535,-0.042,-0.040
350.37,-22.911,24.467,0.0629,-23.127,24.538,-0.040,-0.033
350.57,-22.905,24.468,0.0641,-23.122,24.541,-0.041,-0.030
350.77,-22.900,24.468,0.0649,-23.118,24.542,-0.044,-0.026
350.97,-22.898,24.469,0.0650,-23.117,24.542,-0.050,-0.022
351.17,-22.898,24.469,0.0649,-23.118,24.542,-0.055,-0.030
351.37,-22.899,24.469,0.0649,-23.121,24.542,-0.058,-0.037
351.57,-22.902,24.468,0.0649,-23.125,24.542,-0.057,-0.039
351.77,-22.904,24.468,0.0647,-23.130,24.542,-0.054,-0.036
351.97,-22.905,24.468,0.0645,-23.133,24.541,-0.052,-0.037
352.17,-22.904,24.468,0.0650,-23.133,24.543,-0.049,-0.024
352.37,-22.903,24.468,0.0651,-23.134,24.544,-0.045,-0.020
352.57,-22.905,24.468,0.0651,-23.137,24.543,-0.043,-0.035
352.77,-22.907,24.468,0.0651,-23.141,24.543,-0.042,-0.038
352.97,-22.909,24.468,0.0651,-23.144,24.542,-0.041,-0.038
353.17,-22.909,24.468,0.0650,-23.147,24.542,-0.040,-0.041
353.37,-22.907,24.468,0.0653,-23.147,24.543,-0.039,-0.039
353.57,-22.902,24.469,0.0659,-23.144,24.544,-0.038,-0.025
353.77,-22.897,24.470,0.0670,-23.140,24.545,-0.036,-0.027
353.97,-22.891,24.471,0.0682,-23.135,24.548,-0.035,-0.027
354.17,-22.888,24.471,0.0684,-23.133,24.548,-0.038,-0.024
354.37,-22.887,24.471,0.0684,-23.133,24.548,-0.042,-0.034
354.57,-22.885,24.471,0.0684,-23.134,24.548,-0.044,-0.038
354.77,-22.885,24.471,0.0684,-23.135,24.548,-0.045,-0.039
354.97,-22.883,24.471,0.0684,-23.136,24.548,0.000,0.000
355.17,-22.880,24.472,0.0688,-23.134,24.548,0.033,-0.021
355.37,-22.876,24.472,0.0697,-23.131,24.549,0.027,-0.018
355.57,-22.866,24.473,0.0697,-23.124,24.549,0.017,-0.009
355.77,-22.854,24.474,0.0697,-23.114,24.550,0.017,-0.008
355.97,-22.843,24.475,0.0697,-23.105,24.551,0.015,-0.008
356.17,-22.834,24.475,0.0696,-23.097,24.551,0.013,-0.009
356.37,-22.825,24.476,0.0696,-23.090,24.552,0.013,-0.010
356.57,-22.816,24.477,0.0696,-23.083,24.552,0.014,-0.011
356.77,-22.808,24.477,0.0696,-23.076,24.552,0.017,-0.010
356.97,-22.799,24.478,0.0696,-23.070,24.553,0.035,-0.032
357.17,-22.791,24.478,0.0696,-23.063,24.553,0.073,-0.086
357.37,-22.781,24.479,0.0696,-23.056,24.553,0.091,-0.112
357.57,-22.772,24.479,0.0696,-23.049,24.554,0.094,-0.117
357.77,-22.767,24.480,0.0687,-23.043,24.554,0.084,-0.113
357.97,-22.770,24.486,0.0508,-23.046,24.563,0.068,-0.151
358.17,-22.774,24.495,0.0251,-23.052,24.575,0.052,-0.195
358.37,-22.778,24.505,-0.0005,-23.057,24.588,0.050,-0.229
358.57,-22.782,24.515,-0.0284,-23.062,24.601,0.055,-0.240
358.77,-22.787,24.529,-0.0657,-23.067,24.616,0.063,-0.258
358.97,-22.790,24.548,-0.0937,-23.070,24.637,0.068,-0.245
359.17,-22.792,24.570,-0.1242,-23.072,24.661,0.004,-0.073
359.37,-22.793,24.594,-0.1562,-23.072,24.688,0.010,-0.142
359.57,-22.792,24.619,-0.1886,-23.071,24.715,0.002,-0.163
359.77,-22.791,24.628,-0.2006,-23.070,24.730,-0.002,-0.142
359.97,-22.791,24.634,-0.2074,-23.069,24.738,-0.006,-0.063
360.17,-22.790,24.648,-0.2250,-23.067,24.754,-0.008,-0.076
360.37,-22.789,24.653,-0.2317,-23.065,24.764,-0.005,-0.083
360.57,-22.789,24.654,-0.2329,-23.064,24.765,0.003,-0.056
360.77,-22.789,24.655,-0.2342,-23.061,24.767,0.013,-0.032
360.97,-22.789,24.657,-0.2362,-23.059,24.770,0.022,-0.023
361.17,-22.788,24.658,-0.2372,-23.059,24.773,0.024,-0.028
361.37,-22.789,24.658,-0.2375,-23.058,24.774,0.025,-0.022
361.57,-22.789,24.658,-0.2375,-23.058,24.775,0.026,-0.021
361.77,-22.789,24.658,-0.2375,-23.059,24.776,0.026,-0.019
361.97,-22.789,24.658,-0.2375,-23.059,24.776,0.026,-0.016
362.17,-22.789,24.658,-0.2374,-23.059,24.776,0.026,-0.015
362.37,-22.788,24.658,-0.2374,-23.060,24.777,0.026,-0.016
362.57,-22.788,24.658,-0.2374,-23.060,24.778,0.028,-0.018
362.77,-22.788,24.658,-0.2374,-23.060,24.778,0.029,-0.017
362.97,-22.788,24.658,-0.2374,-23.060,24.778,0.030,-0.016
363.17,-22.788,24.658,-0.2374,-23.060,24.778,0.030,-0.017
363.37,-22.788,24.658,-0.2374,-23.060,24.778,0.030,-0.017
363.57,-22.788,24.658,-0.2374,-23.060,24.778,0.029,-0.016
363.77,-22.788,24.658,-0.2374,-23.060,24.778,0.029,-0.015
363.97,-22.788,24.658,-0.2374,-23.060,24.778,0.029,-0.016
364.17,-22.788,24.658,-0.2374,-23.060,24.778,0.029,-0.017
364.37,-22.788,24.658,-0.2374,-23.060,24.778,0.030,-0.017
364.57,-22.788,24.658,-0.2374,-23.060,24.778,0.030,-0.016
364.77,-22.788,24.658,-0.2374,-23.060,24.778,0.030,-0.016
364.97,-22.788,24.658,-0.2374,-23.060,24.778,0.030,-0.017
365.17,-22.788,24.658,-0.2374,-23.060,24.779,0.030,-0.017
365.37,-22.788,24.658,-0.2374,-23.060,24.778,0.030,-0.016
365.57,-22.788,24.658,-0.2374,-23.060,24.778,0.030,-0.015
365.77,-22.788,24.658,-0.2374,-23.060,24.778,0.029,-0.016
365.97,-22.788,24.658,-0.2374,-23.060,24.778,0.029,-0.015
366.17,-22.788,24.658,-0.2374,-23.060,24.778,0.029,-0.014
366.37,-22.788,24.658,-0.2374,-23.060,24.778,0.029,-0.013
366.57,-22.788,24.658,-0.2374,-23.060,24.777,0.029,-0.014
366.77,-22.788,24.658,-0.2374,-23.060,24.777,0.029,-0.015
366.97,-22.788,24.658,-0.2374,-23.060,24.777,0.029,-0.015
367.17,-22.788,24.658,-0.2374,-23.060,24.777,0.029,-0.014
367.37,-22.788,24.658,-0.2374,-23.060,24.777,0.029,-0.014
367.57,-22.788,24.658,-0.2374,-23.061,24.777,0.029,-0.015
367.77,-22.788,24.658,-0.2374,-23.061,24.777,0.029,-0.014
367.97,-22.788,24.658,-0.2374,-23.061,24.776,0.029,-0.014
368.17,-22.788,24.658,-0.2374,-23.061,24.776,0.030,-0.013
368.37,-22.788,24.658,-0.2374,-23.061,24.776,0.030,-0.013
368.57,-22.788,24.658,-0.2374,-23.061,24.776,0.031,-0.014
368.77,-22.788,24.658,-0.2374,-23.061,24.776,0.031,-0.014
368.97,-22.788,24.658,-0.2374,-23.060,24.776,0.031,-0.014
369.17,-22.788,24.658,-0.2374,-23.061,24.776,0.031,-0.014
369.37,-22.788,24.658,-0.2374,-23.060,24.776,0.031,-0.013
369.57,-22.788,24.658,-0.2374,-23.060,24.775,0.031,-0.012
369.77,-22.788,24.658,-0.2374,-23.060,24.775,0.031,-0.013
369.97,-22.788,24.658,-0.2374,-23.060,24.775,0.031,-0.014
370.17,-22.788,24.658,-0.2374,-23.060,24.775,0.031,-0.014
370.37,-22.788,24.658,-0.2374,-23.060,24.775,0.031,-0.014
370.57,-22.788,24.658,-0.2374,-23.060,24.775,0.031,-0.013
370.77,-22.788,24.658,-0.2374,-23.060,24.775,0.031,-0.014
370.97,-22.788,24.658,-0.2374,-23.060,24.775,0.031,-0.014
371.17,-22.788,24.658,-0.2374,-23.060,24.775,0.031,-0.014
371.37,-22.788,24.658,-0.2374,-23.060,24.775,0.031,-0.013
371.57,-22.788,24.658,-0.2374,-23.060,24.775,0.031,-0.013
371.77,-22.788,24.658,-0.2374,-23.060,24.775,0.031,-0.013
371.97,-22.788,24.658,-0.2374,-23.060,24.774,0.031,-0.013
372.17,-22.788,24.658,-0.2374,-23.060,24.774,0.031,-0.013
372.37,-22.788,24.658,-0.2374,-23.060,24.774,0.031,-0.013
372.57,-22.788,24.658,-0.2374,-23.060,24.774,0.031,-0.014
372.77,-22.788,24.658,-0.2374,-23.060,24.774,0.031,-0.014
372.97,-22.788,24.658,-0.2374,-23.060,24.774,0.031,-0.014
373.17,-22.788,24.658,-0.2374,-23.060,24.774,0.031,-0.014
373.37,-22.788,24.658,-0.2374,-23.060,24.774,0.031,-0.013
373.57,-22.788,24.658,-0.2374,-23.060,24.774,0.031,-0.012
373.77,-22.788,24.658,-0.2374,-23.060,24.774,0.031,-0.013
373.97,-22.788,24.658,-0.2374,-23.060,24.774,0.031,-0.013
374.17,-22.788,24.658,-0.2374,-23.060,24.774,0.031,-0.012
374.37,-22.788,24.658,-0.2374,-23.060,24.773,0.031,-0.012
374.57,-22.788,24.658,-0.2374,-23.060,24.773,0.031,-0.012
374.77,-22.788,24.658,-0.2374,-23.060,24.774,0.031,-0.013
374.97,-22.788,24.658,-0.2374,-23.060,24.774,0.031,-0.013
375.17,-22.788,24.658,-0.2374,-23.060,24.773,0.000,0.000
375.37,-22.788,24.658,-0.2374,-23.060,24.773,0.000,0.000
375.57,-22.788,24.658,-0.2374,-23.060,24.773,0.000,0.000
375.77,-22.788,24.658,-0.2374,-23.060,24.773,0.000,0.000
375.97,-22.788,24.658,-0.2374,-23.060,24.773,0.030,-0.004
376.17,-22.788,24.658,-0.2374,-23.060,24.773,0.045,-0.008
376.37,-22.788,24.658,-0.2374,-23.060,24.773,0.048,-0.013
376.57,-22.788,24.658,-0.2374,-23.060,24.772,0.046,-0.016
376.77,-22.788,24.658,-0.2374,-23.060,24.772,0.044,-0.016
376.97,-22.788,24.658,-0.2374,-23.060,24.772,0.043,-0.016
377.17,-22.788,24.658,-0.2374,-23.060,24.772,0.044,-0.015
377.37,-22.788,24.658,-0.2374,-23.060,24.771,0.044,-0.016
377.57,-22.788,24.658,-0.2374,-23.060,24.771,0.044,-0.016
377.77,-22.788,24.658,-0.2374,-23.060,24.771,0.044,-0.015
377.97,-22.788,24.658,-0.2374,-23.060,24.770,0.044,-0.015
378.17,-22.788,24.658,-0.2374,-23.060,24.770,0.044,-0.015
378.37,-22.788,24.658,-0.2374,-23.059,24.770,0.044,-0.015
378.57,-22.788,24.658,-0.2374,-23.059,24.770,0.045,-0.016
378.77,-22.788,24.658,-0.2374,-23.059,24.770,0.044,-0.016
378.97,-22.788,24.658,-0.2374,-23.059,24.770,0.044,-0.015
379.17,-22.788,24.658,-0.2374,-23.059,24.769,0.044,-0.015
379.37,-22.788,24.658,-0.2374,-23.059,24.769,0.044,-0.013
379.57,-22.788,24.658,-0.2374,-23.059,24.769,0.044,-0.014
379.77,-22.788,24.658,-0.2374,-23.059,24.769,0.044,-0.015
379.97,-22.788,24.658,-0.2374,-23.059,24.769,0.044,-0.014
380.17,-22.788,24.658,-0.2374,-23.058,24.769,0.044,-0.014
380.37,-22.788,24.658,-0.2374,-23.058,24.769,0.043,-0.014
380.57,-22.788,24.658,-0.2374,-23.058,24.769,0.043,-0.013
380.77,-22.788,24.658,-0.2374,-23.058,24.768,0.043,-0.014
380.97,-22.788,24.658,-0.2374,-23.058,24.768,0.043,-0.013
381.17,-22.788,24.658,-0.2374,-23.058,24.768,0.043,-0.013
381.37,-22.788,24.658,-0.2374,-23.058,24.768,0.043,-0.013
381.57,-22.788,24.658,-0.2374,-23.058,24.768,0.043,-0.013
381.77,-22.788,24.658,-0.2374,-23.058,24.767,0.044,-0.014
381.97,-22.788,24.658,-0.2374,-23.058,24.767,0.044,-0.014
382.17,-22.788,24.658,-0.2374,-23.058,24.767,0.044,-0.014
382.37,-22.788,24.658,-0.2374,-23.058,24.767,0.043,-0.014
382.57,-22.788,24.658,-0.2374,-23.058,24.767,0.044,-0.015
382.77,-22.788,24.658,-0.2374,-23.058,24.767,0.043,-0.013
382.97,-22.788,24.658,-0.2374,-23.057,24.767,0.043,-0.013
383.17,-22.788,24.658,-0.2374,-23.057,24.767,0.044,-0.014
383.37,-22.788,24.658,-0.2374,-23.057,24.767,0.044,-0.014
383.57,-22.788,24.658,-0.2374,-23.057,24.766,0.044,-0.014
383.77,-22.788,24.658,-0.2374,-23.057,24.766,0.044,-0.014
383.97,-22.788,24.658,-0.2374,-23.057,24.766,0.044,-0.013
384.17,-22.788,24.658,-0.2374,-23.057,24.766,0.044,-0.014
384.37,-22.788,24.658,-0.2374,-23.057,24.766,0.044,-0.014
384.57,-22.788,24.658,-0.2374,-23.057,24.766,0.044,-0.015
384.77,-22.788,24.658,-0.2374,-23.057,24.766,0.044,-0.015
384.97,-22.788,24.658,-0.2374,-23.056,24.766,0.043,-0.014
385.17,-22.788,24.658,-0.2374,-23.056,24.766,0.043,-0.013
385.37,-22.788,24.658,-0.2374,-23.056,24.766,0.043,-0.014
385.57,-22.788,24.658,-0.2374,-23.056,24.765,0.043,-0.013
385.77,-22.788,24.658,-0.2374,-23.056,24.765,0.043,-0.012
385.97,-22.788,24.658,-0.2374,-23.056,24.765,0.043,-0.013
386.17,-22.788,24.658,-0.2374,-23.056,24.765,0.043,-0.013
386.37,-22.788,24.658,-0.2374,-23.056,24.765,0.043,-0.013
386.57,-22.788,24.658,-0.2374,-23.056,24.765,0.043,-0.013
386.77,-22.788,24.658,-0.2374,-23.056,24.765,0.043,-0.012
386.97,-22.788,24.658,-0.2374,-23.056,24.765,0.043,-0.012
387.17,-22.788,24.658,-0.2374,-23.056,24.765,0.043,-0.012
387.37,-22.788,24.658,-0.2374,-23.056,24.765,0.043,-0.012
387.57,-22.788,24.658,-0.2374,-23.055,24.764,0.043,-0.012
387.77,-22.788,24.658,-0.2374,-23.055,24.764,0.043,-0.012
387.97,-22.788,24.658,-0.2374,-23.055,24.764,0.043,-0.012
388.17,-22.788,24.658,-0.2374,-23.055,24.764,0.043,-0.012
388.37,-22.788,24.658,-0.2374,-23.055,24.764,0.043,-0.012
388.57,-22.788,24.658,-0.2374,-23.055,24.764,0.043,-0.011
388.77,-22.788,24.658,-0.2374,-23.055,24.764,0.043,-0.012
388.97,-22.788,24.658,-0.2374,-23.055,24.764,0.043,-0.012
389.17,-22.788,24.658,-0.2374,-23.055,24.764,0.043,-0.012
389.37,-22.788,24.658,-0.2374,-23.055,24.763,0.043,-0.013
389.57,-22.788,24.658,-0.2374,-23.055,24.763,0.044,-0.013
389.77,-22.788,24.658,-0.2374,-23.055,24.763,0.043,-0.012
389.97,-22.788,24.658,-0.2374,-23.055,24.763,0.043,-0.012
390.17,-22.788,24.658,-0.2374,-23.055,24.763,0.043,-0.011
390.37,-22.788,24.658,-0.2374,-23.055,24.763,0.043,-0.012
390.57,-22.788,24.658,-0.2374,-23.055,24.763,0.043,-0.012
390.77,-22.788,24.658,-0.2374,-23.055,24.763,0.043,-0.012
390.97,-22.788,24.658,-0.2374,-23.055,24.763,0.043,-0.013
391.17,-22.788,24.658,-0.2374,-23.054,24.763,0.043,-0.013
391.37,-22.788,24.658,-0.2374,-23.054,24.763,0.043,-0.013
391.57,-22.788,24.658,-0.2374,-23.054,24.763,0.042,-0.012
391.77,-22.788,24.658,-0.2374,-23.054,24.763,0.043,-0.013
391.97,-22.788,24.658,-0.2374,-23.054,24.763,0.042,-0.012
392.17,-22.788,24.658,-0.2374,-23.054,24.763,0.042,-0.012
392.37,-22.788,24.658,-0.2374,-23.054,24.763,0.042,-0.012
392.57,-22.788,24.658,-0.2374,-23.054,24.764,0.042,-0.012
392.77,-22.788,24.658,-0.2374,-23.054,24.764,0.042,-0.013
392.97,-22.788,24.658,-0.2374,-23.054,24.764,0.042,-0.012
393.17,-22.788,24.658,-0.2374,-23.054,24.763,0.042,-0.012
393.37,-22.788,24.658,-0.2374,-23.054,24.763,0.042,-0.012
393.57,-22.788,24.658,-0.2374,-23.054,24.763,0.042,-0.011
393.77,-22.788,24.658,-0.2374,-23.054,24.764,0.042,-0.012
393.97,-22.788,24.658,-0.2374,-23.054,24.764,0.042,-0.012
394.17,-22.788,24.658,-0.2374,-23.054,24.764,0.043,-0.013
394.37,-22.788,24.658,-0.2374,-23.054,24.764,0.042,-0.013
394.57,-22.788,24.658,-0.2374,-23.054,24.764,0.042,-0.013
394.77,-22.788,24.658,-0.2374,-23.053,24.764,0.042,-0.012
394.97,-22.788,24.658,-0.2374,-23.053,24.764,0.042,-0.013
395.17,-22.788,24.658,-0.2374,-23.053,24.764,0.042,-0.013
395.37,-22.788,24.658,-0.2374,-23.053,24.764,0.042,-0.011
395.57,-22.788,24.658,-0.2374,-23.053,24.765,0.042,-0.012
395.77,-22.788,24.658,-0.2374,-23.053,24.765,0.042,-0.012
395.97,-22.788,24.658,-0.2374,-23.053,24.765,0.000,0.000
396.17,-22.788,24.658,-0.2374,-23.053,24.765,0.041,-0.030
396.37,-22.788,24.658,-0.2374,-23.053,24.765,0.046,-0.025
396.57,-22.788,24.658,-0.2374,-23.053,24.765,0.039,-0.028
396.77,-22.788,24.658,-0.2374,-23.053,24.765,0.031,-0.032
396.97,-22.788,24.658,-0.2374,-23.053,24.764,0.025,-0.034
397.17,-22.788,24.658,-0.2374,-23.053,24.764,0.023,-0.034
397.37,-22.788,24.658,-0.2374,-23.053,24.764,0.022,-0.035
397.57,-22.788,24.658,-0.2374,-23.053,24.765,0.021,-0.038
397.77,-22.788,24.658,-0.2374,-23.053,24.765,0.022,-0.040
397.97,-22.788,24.658,-0.2375,-23.053,24.766,0.022,-0.043
398.17,-22.788,24.658,-0.2375,-23.054,24.767,0.020,-0.044
398.37,-22.788,24.658,-0.2375,-23.054,24.768,0.019,-0.044
398.57,-22.788,24.658,-0.2376,-23.054,24.769,0.018,-0.046
398.77,-22.788,24.658,-0.2377,-23.054,24.769,0.018,-0.044
398.97,-22.788,24.658,-0.2377,-23.054,24.769,0.019,-0.040
399.17,-22.788,24.658,-0.2377,-23.054,24.769,0.019,-0.040
399.37,-22.788,24.658,-0.2377,-23.055,24.770,0.019,-0.042
399.57,-22.788,24.658,-0.2377,-23.055,24.771,0.020,-0.040
399.77,-22.788,24.658,-0.2377,-23.055,24.771,0.020,-0.044
399.97,-22.788,24.658,-0.2378,-23.056,24.772,0.020,-0.046
400.17,-22.788,24.658,-0.2378,-23.056,24.773,0.020,-0.045
400.37,-22.788,24.658,-0.2379,-23.056,24.773,0.020,-0.044
400.57,-22.788,24.658,-0.2379,-23.057,24.774,0.020,-0.045
400.77,-22.788,24.659,-0.2380,-23.057,24.775,0.020,-0.043
400.97,-22.788,24.659,-0.2380,-23.057,24.776,0.021,-0.042
401.17,-22.788,24.659,-0.2382,-23.057,24.777,0.020,-0.042
401.37,-22.788,24.659,-0.2383,-23.056,24.778,0.020,-0.044
401.57,-22.788,24.659,-0.2383,-23.056,24.778,0.020,-0.042
401.77,-22.788,24.659,-0.2383,-23.056,24.779,0.020,-0.040
401.97,-22.788,24.659,-0.2384,-23.056,24.779,0.020,-0.042
402.17,-22.788,24.659,-0.2385,-23.057,24.780,0.019,-0.041
402.37,-22.788,24.659,-0.2384,-23.058,24.781,0.019,-0.042
402.57,-22.788,24.659,-0.2384,-23.058,24.782,0.019,-0.042
402.77,-22.788,24.659,-0.2385,-23.059,24.783,0.018,-0.042
402.97,-22.788,24.659,-0.2385,-23.059,24.784,0.018,-0.043
403.17,-22.788,24.659,-0.2385,-23.059,24.784,0.019,-0.040
403.37,-22.788,24.659,-0.2385,-23.060,24.785,0.017,-0.041
403.57,-22.788,24.659,-0.2385,-23.060,24.785,0.018,-0.039
403.77,-22.788,24.659,-0.2385,-23.060,24.786,0.017,-0.044
403.97,-22.788,24.659,-0.2386,-23.060,24.787,0.016,-0.046
404.17,-22.788,24.659,-0.2386,-23.061,24.788,0.014,-0.047
404.37,-22.788,24.659,-0.2387,-23.061,24.789,0.013,-0.045
404.57,-22.788,24.659,-0.2388,-23.061,24.789,0.013,-0.042
404.77,-22.788,24.659,-0.2389,-23.061,24.790,0.013,-0.044
404.97,-22.788,24.659,-0.2391,-23.061,24.791,0.012,-0.046
405.17,-22.788,24.659,-0.2393,-23.061,24.792,0.010,-0.048
405.37,-22.788,24.660,-0.2393,-23.061,24.792,0.010,-0.047
405.57,-22.788,24.660,-0.2395,-23.060,24.793,0.009,-0.047
405.77,-22.788,24.660,-0.2396,-23.061,24.795,0.007,-0.049
405.97,-22.788,24.660,-0.2398,-23.060,24.795,0.007,-0.047
406.17,-22.789,24.660,-0.2401,-23.059,24.796,0.008,-0.048
406.37,-22.789,24.660,-0.2405,-23.058,24.799,0.010,-0.050
406.57,-22.789,24.660,-0.2408,-23.057,24.800,0.011,-0.053
406.77,-22.789,24.661,-0.2410,-23.057,24.801,0.010,-0.051
406.97,-22.789,24.661,-0.2416,-23.056,24.802,0.011,-0.051
407.17,-22.789,24.661,-0.2420,-23.055,24.804,-0.012,-0.033
407.37,-22.789,24.662,-0.2425,-23.053,24.805,-0.014,-0.033
407.57,-22.789,24.662,-0.2428,-23.053,24.807,-0.012,-0.036
407.77,-22.789,24.662,-0.2428,-23.053,24.808,-0.011,-0.035
407.97,-22.789,24.662,-0.2428,-23.053,24.809,-0.013,-0.034
408.17,-22.789,24.662,-0.2429,-23.054,24.810,-0.015,-0.034
408.37,-22.789,24.662,-0.2429,-23.054,24.812,-0.016,-0.034
408.57,-22.789,24.662,-0.2429,-23.054,24.813,-0.017,-0.033
408.77,-22.789,24.662,-0.2430,-23.055,24.814,-0.017,-0.034
408.97,-22.789,24.662,-0.2430,-23.055,24.815,-0.018,-0.034
409.17,-22.789,24.662,-0.2431,-23.056,24.816,-0.020,-0.033
409.37,-22.789,24.662,-0.2431,-23.057,24.817,-0.024,-0.033
409.57,-22.789,24.662,-0.2432,-23.058,24.819,-0.028,-0.036
409.77,-22.789,24.662,-0.2432,-23.058,24.820,-0.029,-0.023
409.97,-22.789,24.662,-0.2436,-23.057,24.821,-0.030,-0.026
410.17,-22.789,24.662,-0.2437,-23.058,24.823,-0.034,-0.016
410.37,-22.790,24.662,-0.2437,-23.060,24.824,-0.040,-0.012
410.57,-22.791,24.663,-0.2437,-23.062,24.826,-0.047,-0.013
410.77,-22.792,24.663,-0.2437,-23.065,24.826,-0.054,-0.014
410.97,-22.795,24.663,-0.2437,-23.068,24.827,-0.060,-0.016
411.17,-22.798,24.664,-0.2437,-23.073,24.828,-0.065,-0.015
411.37,-22.803,24.666,-0.2438,-23.079,24.830,-0.071,-0.013
411.57,-22.809,24.667,-0.2438,-23.085,24.833,-0.078,-0.009
411.77,-22.816,24.669,-0.2439,-23.093,24.836,-0.079,-0.008
411.97,-22.824,24.671,-0.2440,-23.103,24.840,-0.074,-0.008
412.17,-22.834,24.673,-0.2440,-23.114,24.843,-0.065,-0.007
412.37,-22.846,24.676,-0.2440,-23.126,24.846,-0.055,-0.009
412.57,-22.856,24.679,-0.2440,-23.138,24.849,-0.045,-0.013
412.77,-22.866,24.681,-0.2440,-23.149,24.853,-0.030,-0.022
412.97,-22.873,24.683,-0.2440,-23.158,24.856,-0.015,-0.004
413.17,-22.879,24.684,-0.2440,-23.165,24.858,-0.020,-0.038
413.37,-22.881,24.685,-0.2440,-23.170,24.859,-0.011,-0.051
413.57,-22.882,24.685,-0.2440,-23.173,24.860,-0.003,-0.044
413.77,-22.881,24.685,-0.2441,-23.173,24.860,0.003,-0.041
413.97,-22.874,24.684,-0.2432,-23.168,24.860,0.007,-0.038
414.17,-22.862,24.681,-0.2415,-23.156,24.860,0.019,-0.026
414.37,-22.851,24.679,-0.2404,-23.145,24.859,0.019,-0.012
414.57,-22.840,24.678,-0.2452,-23.134,24.860,0.015,-0.018
414.77,-22.831,24.677,-0.2473,-23.125,24.861,0.022,-0.079
414.97,-22.822,24.675,-0.2474,-23.117,24.860,0.013,-0.073
415.17,-22.815,24.673,-0.2474,-23.111,24.858,0.007,-0.062
415.37,-22.801,24.672,-0.2551,-23.100,24.859,0.005,-0.068
415.57,-22.792,24.674,-0.2627,-23.086,24.864,0.016,-0.106
415.77,-22.791,24.675,-0.2637,-23.082,24.871,-0.015,-0.071
415.97,-22.791,24.676,-0.2647,-23.080,24.874,-0.042,-0.058
416.17,-22.788,24.680,-0.2664,-23.074,24.882,0.037,-0.019
416.37,-22.786,24.683,-0.2692,-23.067,24.890,0.028,-0.045
416.57,-22.786,24.685,-0.2710,-23.066,24.893,0.013,-0.051
416.77,-22.786,24.685,-0.2713,-23.065,24.894,0.002,-0.043
416.97,-22.786,24.685,-0.2713,-23.065,24.894,-0.004,-0.036
417.17,-22.786,24.685,-0.2713,-23.065,24.895,-0.011,-0.034
417.37,-22.786,24.685,-0.2716,-23.064,24.895,-0.017,-0.035
417.57,-22.786,24.685,-0.2718,-23.065,24.896,-0.022,-0.038
417.77,-22.786,24.685,-0.2719,-23.065,24.897,-0.026,-0.039
417.97,-22.786,24.685,-0.2720,-23.065,24.898,-0.028,-0.039
418.17,-22.787,24.685,-0.2724,-23.065,24.899,-0.029,-0.039
418.37,-22.787,24.685,-0.2730,-23.064,24.900,-0.029,-0.038
418.57,-22.787,24.686,-0.2736,-23.064,24.902,-0.031,-0.040
418.77,-22.787,24.686,-0.2741,-23.064,24.905,-0.033,-0.045
418.97,-22.787,24.686,-0.2747,-23.064,24.908,-0.037,-0.044
419.17,-22.787,24.687,-0.2752,-23.063,24.908,-0.037,-0.033
419.37,-22.788,24.687,-0.2763,-23.063,24.911,-0.042,-0.014
419.57,-22.788,24.688,-0.2775,-23.063,24.914,-0.051,-0.023
419.77,-22.789,24.688,-0.2785,-23.063,24.916,-0.061,-0.031
419.97,-22.791,24.689,-0.2787,-23.065,24.918,-0.069,-0.030
420.17,-22.795,24.690,-0.2787,-23.070,24.919,-0.078,-0.024
420.37,-22.801,24.692,-0.2792,-23.077,24.923,-0.085,-0.024
420.57,-22.807,24.695,-0.2810,-23.084,24.927,-0.090,-0.034
420.77,-22.817,24.697,-0.2815,-23.094,24.932,-0.089,-0.040
420.97,-22.828,24.701,-0.2815,-23.106,24.937,-0.080,-0.029
421.17,-22.840,24.704,-0.2816,-23.119,24.942,-0.066,-0.023
421.37,-22.851,24.708,-0.2844,-23.130,24.949,-0.049,-0.052
421.57,-22.860,24.711,-0.2844,-23.141,24.954,-0.031,-0.013
421.77,-22.867,24.714,-0.2853,-23.150,24.959,-0.019,-0.010
421.97,-22.869,24.716,-0.2894,-23.153,24.963,-0.020,-0.037
422.17,-22.870,24.716,-0.2903,-23.154,24.965,-0.022,-0.019
422.37,-22.870,24.717,-0.2903,-23.156,24.967,-0.020,0.012
422.57,-22.869,24.716,-0.2904,-23.156,24.968,-0.017,0.026
422.77,-22.867,24.716,-0.2913,-23.154,24.969,-0.013,0.020
422.97,-22.867,24.716,-0.2912,-23.155,24.970,-0.009,0.014
423.17,-22.866,24.716,-0.2912,-23.154,24.971,-0.008,0.008
423.37,-22.864,24.715,-0.2912,-23.153,24.973,-0.005,0.004
423.57,-22.861,24.714,-0.2912,-23.151,24.974,-0.005,-0.000
423.77,-22.859,24.713,-0.2912,-23.149,24.975,-0.005,-0.003
423.97,-22.857,24.713,-0.2912,-23.148,24.976,-0.006,-0.002
424.17,-22.855,24.712,-0.2912,-23.147,24.977,-0.008,0.001
424.37,-22.853,24.712,-0.2913,-23.146,24.978,0.008,0.018
424.57,-22.852,24.711,-0.2913,-23.145,24.979,-0.009,0.012
424.77,-22.850,24.711,-0.2913,-23.144,24.980,-0.011,0.006
424.97,-22.847,24.710,-0.2912,-23.143,24.981,-0.006,0.012
425.17,-22.843,24.709,-0.2912,-23.139,24.981,0.006,-0.001
425.37,-22.841,24.708,-0.2912,-23.138,24.981,0.014,0.007
425.57,-22.837,24.707,-0.2912,-23.135,24.981,0.014,0.010
425.77,-22.835,24.706,-0.2912,-23.134,24.981,0.012,0.011
425.97,-22.830,24.705,-0.2912,-23.130,24.981,0.012,0.013
426.17,-22.823,24.703,-0.2912,-23.125,24.979,0.012,0.014
426.37,-22.817,24.701,-0.2911,-23.119,24.979,0.011,0.009
426.57,-22.810,24.699,-0.2911,-23.114,24.978,0.008,0.003
426.77,-22.803,24.697,-0.2910,-23.108,24.978,0.004,-0.001
426.97,-22.797,24.695,-0.2910,-23.102,24.978,0.001,-0.011
427.17,-22.793,24.694,-0.2910,-23.098,24.978,-0.030,-0.024
427.37,-22.793,24.694,-0.2910,-23.098,24.978,-0.057,-0.016
427.57,-22.793,24.694,-0.2910,-23.098,24.979,-0.065,-0.005
427.77,-22.793,24.694,-0.2911,-23.098,24.980,-0.067,-0.000
427.97,-22.797,24.695,-0.2911,-23.102,24.981,-0.069,-0.016
428.17,-22.805,24.697,-0.2911,-23.110,24.985,-0.055,-0.010
428.37,-22.814,24.700,-0.2911,-23.120,24.989,-0.041,-0.006
428.57,-22.824,24.703,-0.2912,-23.131,24.994,-0.028,-0.011
428.77,-22.833,24.705,-0.2912,-23.141,24.998,-0.019,-0.008
428.97,-22.840,24.707,-0.2912,-23.149,25.002,-0.011,-0.009
429.17,-22.843,24.708,-0.2912,-23.154,25.004,-0.030,0.018
429.37,-22.844,24.709,-0.2912,-23.156,25.005,-0.025,0.026
429.57,-22.843,24.708,-0.2912,-23.157,25.006,-0.018,0.030
429.77,-22.843,24.709,-0.2911,-23.158,25.007,-0.014,0.023
429.97,-22.844,24.709,-0.2912,-23.159,25.008,-0.011,0.015
430.17,-22.843,24.708,-0.2912,-23.160,25.009,-0.010,0.016
430.37,-22.841,24.708,-0.2911,-23.159,25.010,-0.008,0.015
430.57,-22.839,24.707,-0.2911,-23.157,25.011,0.000,0.008
430.77,-22.836,24.706,-0.2911,-23.156,25.011,0.012,-0.005
430.97,-22.833,24.705,-0.2911,-23.154,25.012,0.019,-0.017
431.17,-22.830,24.704,-0.2911,-23.151,25.012,0.022,-0.018
431.37,-22.825,24.703,-0.2911,-23.148,25.012,0.022,-0.014
431.57,-22.819,24.701,-0.2912,-23.143,25.011,0.024,-0.002
431.77,-22.810,24.698,-0.2913,-23.136,25.010,0.025,0.004
431.97,-22.801,24.696,-0.2913,-23.128,25.009,0.025,0.006
432.17,-22.794,24.694,-0.2913,-23.121,25.007,0.027,0.001
432.37,-22.794,24.694,-0.2912,-23.121,25.008,0.017,0.023
432.57,-22.794,24.694,-0.2912,-23.121,25.008,0.006,0.027
432.77,-22.794,24.694,-0.2912,-23.122,25.009,-0.002,0.020
432.97,-22.793,24.694,-0.2909,-23.123,25.010,-0.004,0.012
433.17,-22.793,24.694,-0.2903,-23.123,25.011,-0.003,0.002
433.37,-22.792,24.694,-0.2900,-23.124,25.012,-0.001,0.002
433.57,-22.792,24.694,-0.2900,-23.125,25.014,-0.000,-0.002
433.77,-22.792,24.694,-0.2900,-23.125,25.015,0.000,-0.002
433.97,-22.792,24.694,-0.2900,-23.124,25.016,0.001,0.003
434.17,-22.792,24.694,-0.2900,-23.124,25.017,0.001,0.006
434.37,-22.792,24.694,-0.2900,-23.123,25.018,0.001,0.009
434.57,-22.792,24.694,-0.2900,-23.124,25.018,0.002,0.011
434.77,-22.792,24.694,-0.2900,-23.124,25.018,0.003,0.012
434.97,-22.792,24.694,-0.2900,-23.125,25.018,0.003,0.011
435.17,-22.792,24.694,-0.2900,-23.125,25.018,0.003,0.010
435.37,-22.792,24.694,-0.2900,-23.125,25.019,-0.002,-0.015
435.57,-22.792,24.694,-0.2900,-23.124,25.020,0.003,-0.007
435.77,-22.792,24.694,-0.2900,-23.124,25.021,0.001,0.015
435.97,-22.792,24.694,-0.2900,-23.124,25.022,-0.001,0.016
436.17,-22.792,24.694,-0.2900,-23.125,25.023,0.000,0.800
436.37,-22.792,24.694,-0.2900,-23.125,25.023,0.000,0.800
436.57,-22.792,24.694,-0.2900,-23.127,25.023,0.000,0.800
436.77,-22.790,24.696,-0.2794,-23.128,25.023,0.000,0.800
436.97,-22.772,24.733,-0.1603,-23.108,25.053,0.000,0.800
437.17,-22.787,24.787,-0.0258,-23.113,25.111,0.000,0.800
437.37,-22.818,24.806,-0.0016,-23.145,25.135,0.000,0.800
437.57,-22.843,24.820,0.0181,-23.170,25.150,0.000,0.800
437.77,-22.860,24.809,0.0546,-23.193,25.143,0.000,0.800
437.97,-22.869,24.774,0.1083,-23.205,25.111,0.000,0.800
438.17,-22.878,24.737,0.1641,-23.216,25.072,0.000,0.800
438.37,-22.885,24.702,0.2165,-23.224,25.035,0.000,0.800
438.57,-22.891,24.668,0.2695,-23.230,24.998,0.000,0.800
438.77,-22.898,24.632,0.3282,-23.237,24.962,0.000,0.800
438.97,-22.926,24.582,0.4474,-23.264,24.914,0.000,0.800
439.17,-22.950,24.535,0.5603,-23.291,24.866,0.000,0.800
439.37,-22.960,24.512,0.6393,-23.304,24.839,0.000,0.800
439.57,-22.971,24.489,0.7075,-23.315,24.816,0.000,0.800
439.77,-22.981,24.465,0.7737,-23.328,24.791,0.000,0.800
439.97,-22.983,24.437,0.8408,-23.333,24.762,0.000,0.800
440.17,-22.985,24.410,0.9067,-23.339,24.734,0.000,0.800
440.37,-22.983,24.381,0.9650,-23.337,24.704,0.000,0.800
440.57,-22.973,24.347,1.0576,-23.331,24.668,0.000,0.800
440.77,-22.962,24.310,1.1416,-23.320,24.631,0.000,0.786
440.97,-22.946,24.279,1.2302,-23.305,24.596,0.000,0.491
441.17,-22.924,24.270,1.3043,-23.290,24.582,0.000,0.200
441.37,-22.906,24.282,1.3464,-23.267,24.590,-0.010,0.105
441.57,-22.896,24.306,1.3510,-23.254,24.612,0.018,0.043
441.77,-22.894,24.313,1.3512,-23.251,24.623,-0.012,-0.033
441.97,-22.895,24.313,1.3507,-23.252,24.625,-0.059,-0.080
442.17,-22.890,24.324,1.3566,-23.247,24.635,-0.077,-0.085
442.37,-22.885,24.335,1.3642,-23.241,24.647,-0.077,-0.071
442.57,-22.882,24.342,1.3676,-23.238,24.654,-0.080,-0.075
442.77,-22.881,24.345,1.3693,-23.236,24.659,-0.086,-0.085
442.97,-22.876,24.355,1.3750,-23.232,24.669,-0.086,-0.083
443.17,-22.873,24.364,1.3793,-23.227,24.679,-0.079,-0.081
443.37,-22.869,24.373,1.3834,-23.224,24.689,-0.071,-0.053
443.57,-22.871,24.371,1.3806,-23.226,24.689,-0.079,-0.069
443.77,-22.876,24.369,1.3699,-23.233,24.687,-0.095,-0.113
443.97,-22.878,24.375,1.3605,-23.239,24.692,-0.096,-0.135
444.17,-22.871,24.390,1.3688,-23.233,24.706,-0.084,-0.102
444.37,-22.866,24.402,1.3747,-23.226,24.719,-0.055,-0.064
444.57,-22.863,24.410,1.3773,-23.222,24.729,-0.055,-0.092
444.77,-22.858,24.422,1.3816,-23.217,24.741,-0.057,-0.079
444.97,-22.855,24.430,1.3836,-23.212,24.751,-0.062,-0.070
445.17,-22.853,24.435,1.3847,-23.209,24.757,-0.071,-0.076
445.37,-22.851,24.442,1.3860,-23.206,24.765,-0.078,-0.082
445.57,-22.848,24.448,1.3875,-23.202,24.772,-0.080,-0.083
445.77,-22.845,24.457,1.3903,-23.198,24.781,-0.079,-0.084
445.97,-22.842,24.464,1.3919,-23.194,24.789,-0.066,-0.093
446.17,-22.837,24.476,1.3938,-23.189,24.801,-0.030,-0.120
446.37,-22.828,24.494,1.3937,-23.180,24.818,-0.004,-0.125
446.57,-22.814,24.515,1.3811,-23.165,24.840,0.005,-0.140
446.77,-22.796,24.538,1.3641,-23.146,24.863,0.010,-0.162
446.97,-22.773,24.566,1.3443,-23.122,24.892,0.022,-0.179
447.17,-22.745,24.600,1.3217,-23.094,24.926,0.035,-0.192
447.37,-22.712,24.639,1.2962,-23.060,24.965,0.059,-0.204
447.57,-22.685,24.682,1.2637,-23.028,25.008,0.182,-0.156
447.77,-22.675,24.722,1.2205,-23.018,25.048,0.194,-0.162
447.97,-22.659,24.758,1.1828,-23.003,25.085,0.165,-0.173
448.17,-22.646,24.786,1.1406,-22.990,25.114,0.138,-0.190
448.37,-22.629,24.820,1.0850,-22.974,25.147,0.120,-0.222
448.57,-22.615,24.859,1.0295,-22.960,25.185,0.070,-0.331
448.77,-22.605,24.902,0.9759,-22.950,25.227,0.061,-0.328
448.97,-22.592,24.955,0.9173,-22.939,25.277,0.072,-0.305
449.17,-22.571,25.020,0.8459,-22.921,25.340,0.112,-0.318
449.37,-22.534,25.109,0.7500,-22.889,25.425,0.185,-0.382
449.57,-22.471,25.224,0.6171,-22.833,25.537,0.296,-0.454
449.77,-22.362,25.368,0.4341,-22.735,25.679,0.607,-0.803
449.97,-22.184,25.510,0.2179,-22.577,25.833,0.772,-0.877
450.17,-21.944,25.573,0.1008,-22.330,25.903,0.908,-0.662
450.37,-21.724,25.663,-0.1409,-22.117,25.992,0.909,-0.656
450.57,-21.456,25.717,-0.3896,-21.856,26.058,0.893,-0.871
450.77,-21.187,25.699,-0.6649,-21.587,26.052,0.906,-0.978
450.97,-20.962,25.589,-0.8894,-21.341,25.956,0.901,-0.877
451.17,-20.766,25.417,-1.1111,-21.137,25.789,0.901,-0.792
451.37,-20.615,25.205,-1.2100,-20.973,25.582,0.912,-0.610
451.57,-20.487,25.010,-1.4131,-20.847,25.386,0.899,-0.467
451.77,-20.366,24.800,-1.7344,-20.717,25.185,0.838,-0.997
451.97,-20.380,24.579,-1.8945,-20.713,24.948,0.865,-0.756
452.17,-20.440,24.433,-2.0891,-20.766,24.781,0.780,-0.649
452.37,-20.509,24.377,-2.1836,-20.846,24.701,0.569,-0.484
452.57,-20.503,24.375,-2.3570,-20.853,24.693,0.321,-0.540
452.77,-20.486,24.367,-2.6604,-20.834,24.685,-0.094,-1.017
452.97,-20.482,24.391,-3.0445,-20.836,24.701,-0.104,-1.017
453.17,-20.462,24.427,2.8978,-20.828,24.728,-0.128,-1.016
453.37,-20.352,24.464,2.6959,-20.738,24.774,-0.227,-0.938
453.57,-20.181,24.446,2.4900,-20.575,24.769,-0.253,-0.860
453.77,-19.983,24.333,2.3653,-20.377,24.674,-0.252,-0.664
453.97,-19.771,24.233,2.2633,-20.168,24.576,-0.250,-0.466
454.17,-19.556,24.121,2.1385,-19.953,24.466,-0.250,-0.375
454.37,-19.362,24.001,2.0102,-19.753,24.346,-0.250,-0.376
454.57,-19.205,23.899,1.8424,-19.586,24.239,-0.251,-0.408
454.77,-19.102,23.838,1.6175,-19.472,24.166,-0.255,-0.689
454.97,-19.097,23.780,1.5580,-19.458,24.090,-0.237,-0.555
455.17,-19.082,23.757,1.4792,-19.449,24.061,-0.177,-0.281
455.37,-19.017,23.739,1.3029,-19.390,24.044,-0.103,-0.442
455.57,-18.933,23.766,1.1303,-19.308,24.063,0.005,-0.656
455.77,-18.874,23.812,1.0503,-19.247,24.108,0.158,-0.532
455.97,-18.791,23.864,0.9432,-19.168,24.159,0.240,-0.398
456.17,-18.668,23.924,0.7973,-19.054,24.220,0.354,-0.467
456.37,-18.522,23.977,0.6525,-18.915,24.279,0.468,-0.550
456.57,-18.366,24.022,0.4975,-18.757,24.326,0.565,-0.601
456.77,-18.269,24.098,0.3606,-18.656,24.395,0.552,-0.630
456.97,-18.163,24.185,0.2182,-18.555,24.479,0.509,-0.604
457.17,-18.002,24.259,0.0692,-18.402,24.556,0.546,-0.732
457.37,-17.788,24.292,-0.0239,-18.190,24.589,0.785,-0.638
457.57,-17.596,24.335,-0.1931,-17.999,24.636,0.851,-0.789
457.77,-17.398,24.340,-0.3862,-17.799,24.650,0.829,-0.845
457.97,-17.212,24.325,-0.5850,-17.612,24.640,0.809,-0.802
458.17,-17.037,24.223,-0.6549,-17.431,24.543,0.814,-0.633
458.37,-16.872,24.144,-0.8254,-17.264,24.460,0.824,-0.530
458.57,-16.711,24.057,-1.0393,-17.102,24.380,0.773,-0.732
458.77,-16.616,23.926,-1.2319,-16.985,24.255,0.764,-0.861
458.97,-16.607,23.786,-1.3231,-16.961,24.111,0.710,-0.419
459.17,-16.622,23.671,-1.4262,-16.969,23.991,0.573,-0.226
459.37,-16.648,23.571,-1.5225,-16.989,23.890,0.404,-0.259
459.57,-16.681,23.476,-1.6167,-17.020,23.796,0.321,-0.282
459.77,-16.709,23.373,-1.6677,-17.050,23.695,0.308,-0.244
459.97,-16.726,23.288,-1.7003,-17.068,23.607,0.296,-0.153
460.17,-16.747,23.243,-1.7410,-17.090,23.557,0.229,-0.126
460.37,-16.759,23.221,-1.7630,-17.104,23.531,0.122,-0.067
460.57,-16.749,23.201,-1.8161,-17.096,23.512,0.063,-0.083
460.77,-16.738,23.169,-1.8606,-17.082,23.482,0.070,-0.171
460.97,-16.729,23.142,-1.8890,-17.070,23.455,0.076,-0.131
461.17,-16.729,23.127,-1.8988,-17.066,23.437,0.073,-0.058
461.37,-16.713,23.134,-1.9320,-17.050,23.440,0.042,-0.065
461.57,-16.693,23.155,-1.9615,-17.028,23.460,-0.014,-0.077
461.77,-16.684,23.165,-1.9751,-17.014,23.474,-0.047,-0.045
461.97,-16.685,23.163,-1.9830,-17.012,23.473,-0.021,-0.017
462.17,-16.679,23.170,-1.9894,-17.004,23.480,-0.008,0.008
462.37,-16.667,23.181,-1.9991,-16.989,23.491,-0.014,0.011
462.57,-16.662,23.189,-2.0000,-16.982,23.498,-0.021,0.024
462.77,-16.660,23.193,-2.0000,-16.980,23.503,-0.014,0.063
462.97,-16.659,23.197,-2.0000,-16.978,23.506,-0.004,0.086
463.17,-16.656,23.203,-1.9999,-16.976,23.511,-0.001,0.097
463.37,-16.645,23.216,-1.9857,-16.965,23.523,-0.008,0.103
463.57,-16.630,23.231,-1.9666,-16.949,23.538,-0.033,0.156
463.77,-16.617,23.246,-1.9498,-16.933,23.553,-0.038,0.169
463.97,-16.604,23.261,-1.9323,-16.917,23.569,-0.039,0.171
464.17,-16.586,23.281,-1.9071,-16.898,23.588,-0.045,0.178
464.37,-16.564,23.307,-1.8738,-16.875,23.613,-0.064,0.205
464.57,-16.541,23.337,-1.8368,-16.851,23.642,-0.079,0.220
464.77,-16.519,23.369,-1.7979,-16.826,23.674,-0.090,0.231
464.97,-16.497,23.402,-1.7582,-16.802,23.707,-0.093,0.238
465.17,-16.478,23.431,-1.7224,-16.782,23.737,-0.088,0.232
465.37,-16.463,23.457,-1.6909,-16.765,23.764,-0.071,0.216
465.57,-16.450,23.481,-1.6619,-16.751,23.787,-0.048,0.224
465.77,-16.439,23.505,-1.6331,-16.738,23.810,-0.033,0.239
465.97,-16.428,23.529,-1.6049,-16.725,23.834,-0.015,0.254
466.17,-16.418,23.553,-1.5770,-16.714,23.857,-0.039,0.287
466.37,-16.408,23.577,-1.5476,-16.702,23.881,-0.040,0.279
466.57,-16.397,23.604,-1.5152,-16.691,23.906,-0.041,0.286
466.77,-16.388,23.631,-1.4805,-16.680,23.934,-0.046,0.225
466.97,-16.379,23.660,-1.4463,-16.671,23.963,-0.048,0.186
467.17,-16.371,23.690,-1.4123,-16.663,23.993,-0.043,0.171
467.37,-16.364,23.719,-1.3800,-16.655,24.023,-0.037,0.163
467.57,-16.359,23.747,-1.3507,-16.649,24.052,-0.031,0.159
467.77,-16.355,23.774,-1.3250,-16.644,24.079,-0.024,0.155
467.97,-16.352,23.800,-1.2996,-16.640,24.106,-0.016,0.154
468.17,-16.350,23.829,-1.2707,-16.637,24.135,-0.009,0.166
468.37,-16.348,23.861,-1.2385,-16.634,24.168,-0.007,0.191
468.57,-16.348,23.899,-1.2025,-16.632,24.206,-0.012,0.213
468.77,-16.349,23.942,-1.1613,-16.631,24.250,-0.027,0.236
468.97,-16.353,23.991,-1.1136,-16.633,24.301,-0.043,0.249
469.17,-16.360,24.050,-1.0562,-16.639,24.361,-0.070,0.262
469.37,-16.372,24.115,-0.9924,-16.648,24.427,-0.094,0.284
469.57,-16.406,24.143,-0.9438,-16.680,24.463,-0.076,0.273
469.77,-16.440,24.163,-0.9018,-16.716,24.484,-0.024,0.226
469.97,-16.463,24.175,-0.8708,-16.741,24.499,-0.014,0.269
470.17,-16.473,24.184,-0.7857,-16.753,24.507,0.025,0.325
470.37,-16.482,24.196,-0.6749,-16.761,24.518,0.062,0.440
470.57,-16.494,24.204,-0.5859,-16.773,24.527,0.076,0.461
470.77,-16.494,24.215,-0.5088,-16.773,24.538,0.109,0.370
470.97,-16.482,24.247,-0.4153,-16.762,24.567,0.112,0.350
471.17,-16.480,24.279,-0.3126,-16.758,24.602,0.101,0.359
471.37,-16.487,24.305,-0.1997,-16.763,24.632,0.084,0.375
471.57,-16.516,24.298,-0.1588,-16.792,24.626,0.057,0.318
471.77,-16.547,24.290,-0.1223,-16.822,24.618,0.037,0.236
471.97,-16.579,24.280,-0.0843,-16.853,24.609,0.026,0.198
472.17,-16.610,24.270,-0.0470,-16.885,24.598,0.023,0.180
472.37,-16.638,24.260,-0.0153,-16.914,24.586,0.029,0.168
472.57,-16.663,24.250,0.0118,-16.939,24.574,0.040,0.150
472.77,-16.687,24.239,0.0379,-16.963,24.561,0.049,0.141
472.97,-16.710,24.228,0.0627,-16.986,24.548,0.054,0.135
473.17,-16.732,24.217,0.0862,-17.009,24.535,0.055,0.129
473.37,-16.750,24.208,0.1054,-17.027,24.523,0.063,0.109
473.57,-16.769,24.198,0.1252,-17.047,24.509,0.029,0.133
473.77,-16.788,24.187,0.1445,-17.066,24.495,0.027,0.109
473.97,-16.803,24.178,0.1599,-17.082,24.481,0.038,0.090
474.17,-16.819,24.166,0.1785,-17.098,24.467,0.045,0.100
474.37,-16.835,24.154,0.1956,-17.113,24.451,0.046,0.112
474.57,-16.850,24.147,0.2079,-17.128,24.438,0.049,0.098
474.77,-16.860,24.142,0.2182,-17.139,24.429,0.056,0.081
474.97,-16.871,24.134,0.2302,-17.150,24.417,0.064,0.064
475.17,-16.878,24.127,0.2400,-17.159,24.406,0.067,0.061
475.37,-16.873,24.127,0.2505,-17.156,24.401,0.087,0.048
475.57,-16.865,24.125,0.2617,-17.150,24.395,0.105,0.046
475.77,-16.856,24.120,0.2764,-17.141,24.388,0.116,0.052
475.97,-16.843,24.119,0.2828,-17.128,24.383,0.121,0.050
476.17,-16.827,24.124,0.2833,-17.113,24.385,0.135,0.005
476.37,-16.806,24.131,0.2843,-17.093,24.393,0.152,-0.040
476.57,-16.784,24.140,0.2846,-17.072,24.402,0.159,-0.037
476.77,-16.758,24.147,0.2846,-17.047,24.409,0.164,-0.046
476.97,-16.729,24.155,0.2845,-17.019,24.417,0.169,-0.050
477.17,-16.699,24.164,0.2845,-16.989,24.426,0.173,-0.052
477.37,-16.667,24.173,0.2843,-16.958,24.435,0.228,-0.078
477.57,-16.632,24.184,0.2832,-16.924,24.447,0.246,-0.087
477.77,-16.595,24.196,0.2815,-16.887,24.460,0.245,-0.081
477.97,-16.553,24.209,0.2786,-16.845,24.474,0.246,-0.082
478.17,-16.495,24.229,0.2689,-16.790,24.496,0.268,-0.101
478.37,-16.437,24.247,0.2612,-16.730,24.517,0.289,-0.114
478.57,-16.399,24.257,0.2600,-16.690,24.528,0.269,-0.099
478.77,-16.374,24.264,0.2595,-16.664,24.534,0.225,-0.081
478.97,-16.352,24.270,0.2585,-16.643,24.540,0.189,-0.071
479.17,-16.332,24.276,0.2567,-16.624,24.546,0.167,-0.074
479.37,-16.308,24.282,0.2557,-16.602,24.553,0.160,-0.075
479.57,-16.283,24.289,0.2553,-16.579,24.561,0.162,-0.081
479.77,-16.261,24.295,0.2548,-16.558,24.569,0.162,-0.083
479.97,-16.243,24.299,0.2543,-16.541,24.574,0.155,-0.083
480.17,-16.227,24.304,0.2529,-16.527,24.580,0.145,-0.081
480.37,-16.214,24.309,0.2501,-16.515,24.585,0.136,-0.083
480.57,-16.199,24.314,0.2448,-16.503,24.592,0.131,-0.096
480.77,-16.186,24.320,0.2381,-16.492,24.600,0.128,-0.108
480.97,-16.173,24.326,0.2320,-16.481,24.607,0.127,-0.113
481.17,-16.159,24.331,0.2184,-16.468,24.614,0.130,-0.142
481.37,-16.147,24.333,0.2108,-16.457,24.615,0.128,-0.128
481.57,-16.134,24.338,0.1919,-16.445,24.619,0.125,-0.155
481.77,-16.116,24.343,0.1729,-16.428,24.626,0.130,-0.166
481.97,-16.104,24.346,0.1516,-16.416,24.628,0.133,-0.148
482.17,-16.088,24.348,0.1369,-16.400,24.632,0.168,-0.169
482.37,-16.071,24.346,0.1210,-16.384,24.627,0.191,-0.186
482.57,-16.046,24.341,0.0996,-16.361,24.622,0.192,-0.143
482.77,-16.015,24.334,0.0718,-16.331,24.614,0.205,-0.128
482.97,-15.980,24.325,0.0407,-16.298,24.605,0.214,-0.139
483.17,-15.939,24.312,0.0057,-16.257,24.591,0.229,-0.164
483.37,-15.894,24.298,-0.0238,-16.213,24.576,0.243,-0.171
483.57,-15.850,24.281,-0.0585,-16.169,24.558,0.251,-0.176
483.77,-15.806,24.264,-0.0960,-16.125,24.539,0.252,-0.180
483.97,-15.767,24.244,-0.1339,-16.085,24.518,0.248,-0.180
484.17,-15.729,24.224,-0.1710,-16.048,24.497,0.240,-0.172
484.37,-15.692,24.203,-0.2076,-16.011,24.475,0.232,-0.164
484.57,-15.657,24.181,-0.2422,-15.977,24.453,0.223,-0.153
484.77,-15.624,24.160,-0.2746,-15.944,24.431,0.216,-0.144
484.97,-15.591,24.137,-0.3068,-15.912,24.407,0.209,-0.132
485.17,-15.559,24.113,-0.3384,-15.881,24.383,0.205,-0.125
485.37,-15.529,24.092,-0.3704,-15.852,24.360,0.199,-0.121
485.57,-15.512,24.085,-0.3857,-15.834,24.352,0.176,-0.119
485.77,-15.497,24.067,-0.4184,-15.820,24.335,0.161,-0.105
485.97,-15.479,24.041,-0.4556,-15.804,24.309,0.184,-0.118
486.17,-15.464,24.019,-0.4861,-15.791,24.284,0.204,-0.173
486.37,-15.451,24.002,-0.5052,-15.780,24.265,0.199,-0.148
486.57,-15.439,23.983,-0.5319,-15.770,24.244,0.187,-0.113
486.77,-15.425,23.962,-0.5581,-15.759,24.221,0.183,-0.110
486.97,-15.413,23.932,-0.6026,-15.747,24.192,0.188,-0.132
487.17,-15.397,23.901,-0.6354,-15.734,24.158,0.199,-0.134
487.37,-15.385,23.878,-0.6604,-15.723,24.132,0.196,-0.099
487.57,-15.375,23.856,-0.6874,-15.715,24.108,0.185,-0.084
487.77,-15.365,23.829,-0.7202,-15.707,24.080,0.179,-0.087
487.97,-15.355,23.803,-0.7506,-15.700,24.051,0.178,-0.093
488.17,-15.342,23.784,-0.7621,-15.690,24.030,0.173,-0.072
488.37,-15.330,23.773,-0.7623,-15.680,24.019,0.161,-0.011
488.57,-15.320,23.762,-0.7625,-15.671,24.008,0.146,0.029
488.77,-15.310,23.753,-0.7633,-15.663,24.000,0.136,0.037
488.97,-15.288,23.732,-0.7633,-15.644,23.981,0.146,0.038
489.17,-15.265,23.709,-0.7632,-15.622,23.959,0.168,0.045
489.37,-15.243,23.688,-0.7631,-15.600,23.938,0.180,0.049
489.57,-15.222,23.668,-0.7631,-15.579,23.918,0.181,0.052
489.77,-15.199,23.646,-0.7631,-15.557,23.896,0.181,0.053
489.97,-15.172,23.622,-0.7630,-15.532,23.872,0.184,0.055
490.17,-15.145,23.596,-0.7628,-15.505,23.847,0.190,0.060
490.37,-15.119,23.571,-0.7625,-15.479,23.823,0.189,0.062
490.57,-15.095,23.548,-0.7622,-15.455,23.800,0.184,0.065
490.77,-15.072,23.527,-0.7619,-15.432,23.780,0.176,0.064
490.97,-15.050,23.506,-0.7615,-15.410,23.760,0.166,0.064
491.17,-15.029,23.486,-0.7608,-15.390,23.742,0.159,0.066
491.37,-15.006,23.463,-0.7589,-15.368,23.719,0.156,0.070
491.57,-14.978,23.434,-0.7558,-15.341,23.691,0.164,0.085
491.77,-14.949,23.405,-0.7518,-15.312,23.660,0.175,0.097
491.97,-14.921,23.376,-0.7464,-15.284,23.629,0.180,0.106
492.17,-14.892,23.345,-0.7347,-15.256,23.596,0.210,0.021
492.37,-14.864,23.310,-0.7129,-15.229,23.559,0.241,0.101
492.57,-14.838,23.275,-0.6859,-15.204,23.523,0.262,0.147
492.77,-14.811,23.246,-0.6756,-15.178,23.491,0.267,0.171
492.97,-14.778,23.219,-0.6753,-15.146,23.464,0.253,0.110
493.17,-14.741,23.189,-0.6663,-15.110,23.433,0.249,0.084
493.37,-14.721,23.164,-0.6431,-15.088,23.408,0.232,0.130
493.57,-14.708,23.152,-0.6379,-15.077,23.394,0.195,0.134
493.77,-14.687,23.136,-0.6376,-15.059,23.381,0.173,0.092
493.97,-14.668,23.122,-0.6371,-15.040,23.367,0.170,0.066
494.17,-14.649,23.120,-0.6107,-15.024,23.365,0.158,0.115
494.37,-14.624,23.115,-0.5772,-14.999,23.362,0.161,0.170
494.57,-14.610,23.106,-0.5725,-14.985,23.356,0.159,0.163
494.77,-14.595,23.097,-0.5721,-14.971,23.348,0.153,0.096
494.97,-14.585,23.096,-0.5480,-14.962,23.346,0.141,0.102
495.17,-14.564,23.098,-0.4808,-14.943,23.349,0.146,0.227
495.37,-14.542,23.096,-0.4476,-14.922,23.348,0.154,0.258
495.57,-14.532,23.091,-0.4416,-14.912,23.344,0.156,0.201
495.77,-14.514,23.091,-0.3837,-14.897,23.345,0.150,0.184
495.97,-14.486,23.091,-0.2974,-14.872,23.344,0.159,0.291
496.17,-14.459,23.080,-0.2593,-14.843,23.337,0.182,0.265
496.37,-14.435,23.067,-0.2228,-14.820,23.324,0.189,0.180
496.57,-14.407,23.068,-0.1897,-14.792,23.323,0.190,0.181
496.77,-14.374,23.074,-0.1567,-14.760,23.330,0.192,0.175
496.97,-14.340,23.081,-0.1279,-14.727,23.337,0.195,0.156
497.17,-14.308,23.085,-0.1048,-14.694,23.344,0.195,0.142
497.37,-14.282,23.090,-0.0845,-14.668,23.349,0.186,0.110
497.57,-14.257,23.095,-0.0663,-14.644,23.355,0.176,0.107
497.77,-14.238,23.099,-0.0537,-14.624,23.360,0.215,0.091
497.97,-14.225,23.095,-0.0414,-14.613,23.359,0.197,0.059
498.17,-14.204,23.088,-0.0176,-14.594,23.350,0.186,0.095
498.37,-14.183,23.086,-0.0146,-14.576,23.346,0.183,0.075
498.57,-14.151,23.086,-0.0145,-14.547,23.345,0.193,0.026
498.77,-14.128,23.085,-0.0145,-14.524,23.344,0.201,-0.003
498.97,-14.112,23.084,-0.0122,-14.510,23.341,0.186,-0.006
499.17,-14.079,23.083,-0.0121,-14.482,23.341,0.184,-0.009
499.37,-14.039,23.083,-0.0120,-14.443,23.341,0.212,-0.018
499.57,-13.999,23.082,-0.0120,-14.403,23.340,0.228,-0.021
499.77,-13.961,23.081,-0.0120,-14.365,23.339,0.232,-0.022
499.97,-13.921,23.081,-0.0121,-14.326,23.339,0.232,-0.023
500.17,-13.876,23.080,-0.0121,-14.282,23.338,0.234,-0.023
500.37,-13.829,23.080,-0.0121,-14.235,23.338,0.240,-0.024
500.57,-13.781,23.079,-0.0120,-14.188,23.338,0.244,-0.025
500.77,-13.733,23.079,-0.0121,-14.140,23.337,0.245,-0.025
500.97,-13.684,23.078,-0.0121,-14.092,23.337,0.243,-0.027
501.17,-13.634,23.078,-0.0121,-14.042,23.336,0.266,-0.032
501.37,-13.584,23.078,-0.0121,-13.992,23.336,0.305,-0.045
501.57,-13.533,23.077,-0.0121,-13.942,23.335,0.300,-0.025
501.77,-13.482,23.077,-0.0121,-13.892,23.335,0.289,-0.019
501.97,-13.422,23.076,-0.0121,-13.833,23.334,0.291,-0.018
502.17,-13.359,23.076,-0.0121,-13.771,23.334,0.300,-0.019
502.37,-13.298,23.075,-0.0121,-13.710,23.333,0.303,-0.019
502.57,-13.238,23.074,-0.0121,-13.650,23.332,0.298,-0.021
502.77,-13.178,23.074,-0.0121,-13.591,23.332,0.293,-0.023
502.97,-13.116,23.073,-0.0121,-13.530,23.331,0.289,-0.025
503.17,-13.055,23.072,-0.0122,-13.468,23.330,0.285,-0.026
503.37,-12.995,23.071,-0.0122,-13.408,23.329,0.339,-0.045
503.57,-12.935,23.071,-0.0123,-13.349,23.329,0.342,-0.033
503.77,-12.877,23.070,-0.0123,-13.290,23.328,0.327,-0.021
503.97,-12.816,23.069,-0.0123,-13.230,23.327,0.312,-0.017
504.17,-12.747,23.069,-0.0124,-13.163,23.327,0.313,-0.017
504.37,-12.678,23.068,-0.0124,-13.095,23.326,0.320,-0.019
504.57,-12.614,23.067,-0.0124,-13.029,23.326,0.315,-0.021
504.77,-12.551,23.066,-0.0124,-12.966,23.325,0.309,-0.022
504.97,-12.488,23.066,-0.0125,-12.903,23.324,0.297,-0.023
505.17,-12.424,23.065,-0.0125,-12.840,23.324,0.349,-0.043
505.37,-12.359,23.066,-0.0124,-12.775,23.324,0.356,-0.032
505.57,-12.297,23.065,-0.0124,-12.712,23.324,0.342,-0.020
505.77,-12.233,23.064,-0.0124,-12.650,23.322,0.325,-0.015
505.97,-12.164,23.061,-0.0125,-12.581,23.320,0.324,-0.014
506.17,-12.094,23.061,-0.0125,-12.511,23.319,0.326,-0.015
506.37,-12.026,23.062,-0.0124,-12.443,23.320,0.325,-0.017
506.57,-11.962,23.059,-0.0125,-12.379,23.318,0.318,-0.020
506.77,-11.899,23.058,-0.0125,-12.315,23.316,0.302,-0.020
506.97,-11.831,23.061,-0.0125,-12.248,23.319,0.356,-0.041
507.17,-11.764,23.060,-0.0125,-12.182,23.318,0.364,-0.035
507.37,-11.701,23.059,-0.0125,-12.118,23.317,0.351,-0.021
507.57,-11.635,23.058,-0.0125,-12.054,23.316,0.333,-0.015
507.77,-11.562,23.057,-0.0126,-11.981,23.315,0.331,-0.014
507.97,-11.488,23.056,-0.0126,-11.909,23.314,0.336,-0.015
508.17,-11.420,23.055,-0.0126,-11.840,23.313,0.330,-0.016
508.37,-11.354,23.054,-0.0126,-11.773,23.312,0.318,-0.018
508.57,-11.289,23.053,-0.0127,-11.708,23.311,0.332,-0.026
508.77,-11.223,23.052,-0.0127,-11.642,23.310,0.365,-0.038
508.97,-11.160,23.051,-0.0127,-11.578,23.309,0.355,-0.022
509.17,-11.098,23.050,-0.0128,-11.515,23.308,0.336,-0.013
509.37,-11.032,23.050,-0.0129,-11.450,23.308,0.326,-0.010
509.57,-10.959,23.049,-0.0129,-11.378,23.306,0.328,-0.009
509.77,-10.890,23.048,-0.0130,-11.309,23.305,0.331,-0.009
509.97,-10.824,23.048,-0.0130,-11.242,23.305,0.324,-0.011
510.17,-10.760,23.047,-0.0131,-11.177,23.304,0.313,-0.013
510.37,-10.696,23.046,-0.0130,-11.113,23.303,0.327,-0.021
510.57,-10.632,23.045,-0.0130,-11.049,23.302,0.359,-0.034
510.77,-10.571,23.044,-0.0130,-10.987,23.301,0.348,-0.018
510.97,-10.511,23.043,-0.0129,-10.926,23.300,0.330,-0.009
511.17,-10.443,23.042,-0.0129,-10.859,23.299,0.324,-0.005
511.37,-10.375,23.041,-0.0129,-10.790,23.298,0.326,-0.004
511.57,-10.309,23.040,-0.0128,-10.724,23.297,0.324,-0.006
511.77,-10.244,23.039,-0.0128,-10.659,23.296,0.315,-0.008
511.97,-10.180,23.038,-0.0128,-10.595,23.295,0.306,-0.009
512.17,-10.116,23.038,-0.0128,-10.531,23.294,0.341,-0.024
512.37,-10.054,23.037,-0.0128,-10.468,23.294,0.357,-0.023
512.57,-9.994,23.037,-0.0128,-10.407,23.294,0.342,-0.007
512.77,-9.931,23.037,-0.0129,-10.344,23.294,0.327,-0.000
512.97,-9.861,23.036,-0.0129,-10.275,23.294,0.328,0.001
513.17,-9.792,23.036,-0.0130,-10.206,23.293,0.331,0.002
513.37,-9.727,23.035,-0.0130,-10.140,23.292,0.327,0.002
513.57,-9.664,23.034,-0.0130,-10.076,23.292,0.316,-0.001
513.77,-9.601,23.034,-0.0131,-10.012,23.292,0.306,-0.002
513.97,-9.537,23.033,-0.0132,-9.948,23.291,0.324,-0.010
514.17,-9.475,23.031,-0.0133,-9.885,23.290,0.355,-0.018
514.37,-9.414,23.030,-0.0134,-9.823,23.288,0.346,-0.003
514.57,-9.354,23.028,-0.0135,-9.763,23.287,0.328,0.007
514.77,-9.285,23.024,-0.0135,-9.694,23.283,0.325,0.011
514.97,-9.217,23.022,-0.0135,-9.626,23.282,0.328,0.012
515.17,-9.151,23.022,-0.0136,-9.560,23.281,0.326,0.012
515.37,-9.089,23.022,-0.0137,-9.496,23.281,0.314,0.012
515.57,-9.027,23.023,-0.0138,-9.434,23.282,0.306,0.009
515.77,-8.964,23.021,-0.0138,-9.370,23.281,0.319,0.000
515.97,-8.901,23.020,-0.0139,-9.307,23.280,0.350,-0.006
516.17,-8.840,23.018,-0.0139,-9.245,23.278,0.344,0.009
516.37,-8.778,23.012,-0.0135,-9.184,23.274,0.329,0.018
516.57,-8.713,23.010,-0.0134,-9.118,23.272,0.323,0.022
516.77,-8.645,23.009,-0.0134,-9.050,23.270,0.324,0.023
516.97,-8.577,23.008,-0.0133,-8.982,23.270,0.325,0.025
517.17,-8.511,23.007,-0.0132,-8.916,23.268,0.318,0.027
517.37,-8.446,23.008,-0.0131,-8.850,23.268,0.310,0.027
517.57,-8.380,23.007,-0.0130,-8.785,23.268,0.304,0.022
517.77,-8.315,23.007,-0.0129,-8.719,23.267,0.347,0.007
517.97,-8.251,23.006,-0.0128,-8.655,23.267,0.353,0.019
518.17,-8.190,23.005,-0.0127,-8.593,23.266,0.337,0.028
518.37,-8.126,23.004,-0.0127,-8.530,23.264,0.320,0.033
518.57,-8.055,23.002,-0.0126,-8.460,23.263,0.322,0.036
518.77,-7.986,23.001,-0.0125,-8.391,23.262,0.323,0.037
518.97,-7.921,23.000,-0.0123,-8.324,23.261,0.316,0.038
519.17,-7.857,22.999,-0.0123,-8.260,23.260,0.304,0.037
519.37,-7.792,22.998,-0.0121,-8.195,23.259,0.294,0.038
519.57,-7.728,22.998,-0.0120,-8.131,23.258,0.335,0.017
519.77,-7.665,22.998,-0.0118,-8.068,23.259,0.342,0.032
519.97,-7.605,22.997,-0.0119,-8.008,23.257,0.331,0.038
520.17,-7.543,22.997,-0.0120,-7.946,23.257,0.314,0.043
520.37,-7.475,22.996,-0.0120,-7.879,23.256,0.311,0.044
520.57,-7.408,22.996,-0.0120,-7.812,23.256,0.313,0.049
520.77,-7.344,22.996,-0.0119,-7.747,23.256,0.307,0.049
520.97,-7.282,22.996,-0.0119,-7.685,23.255,0.296,0.052
521.17,-7.220,22.995,-0.0118,-7.622,23.255,0.284,0.053
521.37,-7.162,22.995,-0.0115,-7.564,23.255,0.304,0.037
521.57,-7.105,22.994,-0.0112,-7.507,23.254,0.311,0.058
521.77,-7.047,22.993,-0.0107,-7.449,23.253,0.303,0.075
521.97,-6.988,22.992,-0.0101,-7.390,23.252,0.294,0.080
522.17,-6.926,22.991,-0.0095,-7.328,23.251,0.290,0.076
522.37,-6.863,22.990,-0.0071,-7.265,23.249,0.289,0.080
522.57,-6.799,22.988,-0.0025,-7.201,23.246,0.287,0.094
522.77,-6.733,22.986,0.0020,-7.135,23.243,0.286,0.079
522.97,-6.669,22.985,0.0067,-7.070,23.241,0.281,0.094
523.17,-6.608,22.984,0.0119,-7.007,23.238,0.275,0.100
523.37,-6.548,22.984,0.0160,-6.947,23.237,0.279,0.082
523.57,-6.486,22.987,0.0202,-6.885,23.238,0.277,0.093
523.77,-6.431,22.988,0.0243,-6.828,23.239,0.255,0.098
523.97,-6.377,22.988,0.0285,-6.775,23.238,0.232,0.102
524.17,-6.324,22.988,0.0328,-6.721,23.239,0.216,0.098
524.37,-6.272,22.988,0.0404,-6.669,23.237,0.204,0.102
524.57,-6.225,22.985,0.0541,-6.621,23.234,0.187,0.119
524.77,-6.188,22.981,0.0688,-6.583,23.229,0.160,0.132
524.97,-6.152,22.979,0.0831,-6.547,23.225,0.135,0.141
525.17,-6.119,22.974,0.1040,-6.514,23.219,0.111,0.155
525.37,-6.092,22.969,0.1261,-6.486,23.213,0.084,0.168
525.57,-6.071,22.966,0.1437,-6.465,23.208,0.058,0.140
525.77,-6.047,22.962,0.1646,-6.442,23.205,0.052,0.113
525.97,-6.022,22.958,0.1893,-6.417,23.199,0.068,0.108
526.17,-5.995,22.954,0.2148,-6.389,23.195,0.084,0.119
526.37,-5.969,22.951,0.2374,-6.362,23.191,0.087,0.130
526.57,-5.943,22.948,0.2602,-6.335,23.187,0.083,0.151
526.77,-5.916,22.947,0.2830,-6.307,23.183,0.077,0.169
526.97,-5.886,22.946,0.3093,-6.277,23.181,0.085,0.183
527.17,-5.852,22.945,0.3395,-6.243,23.178,0.091,0.194
527.37,-5.816,22.944,0.3742,-6.207,23.177,0.089,0.209
527.57,-5.776,22.945,0.4127,-6.167,23.176,0.081,0.221
527.77,-5.730,22.948,0.4572,-6.121,23.177,0.098,0.244
527.97,-5.678,22.953,0.5082,-6.069,23.180,0.114,0.277
528.17,-5.622,22.961,0.5633,-6.013,23.187,0.111,0.315
528.37,-5.632,22.962,0.5825,-6.015,23.190,0.029,0.212
528.57,-5.647,22.963,0.6225,-6.028,23.192,-0.016,0.199
528.77,-5.661,22.967,0.6919,-6.043,23.195,-0.029,0.193
528.97,-5.671,22.979,0.8173,-6.054,23.206,-0.009,0.407
529.17,-5.678,22.978,0.9092,-6.062,23.207,0.018,0.489
529.37,-5.682,22.972,0.9843,-6.067,23.202,0.032,0.433
529.57,-5.684,22.966,1.1307,-6.070,23.197,0.022,0.487
529.77,-5.678,22.956,1.3507,-6.066,23.186,-0.011,0.663
529.97,-5.668,22.937,1.5648,-6.057,23.169,-0.037,0.877
530.17,-5.691,22.959,1.6394,-6.077,23.186,-0.027,0.734
530.37,-5.708,22.988,1.6812,-6.093,23.214,0.015,0.386
530.57,-5.726,23.017,1.7323,-6.111,23.243,0.045,0.194
530.77,-5.743,23.044,1.7785,-6.129,23.269,0.058,0.162
530.97,-5.758,23.066,1.8232,-6.143,23.293,0.093,0.145
531.17,-5.776,23.089,1.8551,-6.162,23.316,0.105,0.119
531.37,-5.794,23.111,1.8823,-6.182,23.337,0.086,0.099
531.57,-5.809,23.130,1.9043,-6.199,23.357,0.109,0.104
531.77,-5.822,23.149,1.9221,-6.215,23.375,0.123,0.068
531.97,-5.833,23.165,1.9337,-6.227,23.390,0.138,0.047
532.17,-5.841,23.179,1.9426,-6.237,23.403,0.154,0.042
532.37,-5.849,23.192,1.9491,-6.245,23.415,0.163,0.034
532.57,-5.854,23.204,1.9498,-6.251,23.426,0.169,-0.018
532.77,-5.863,23.226,1.9498,-6.259,23.445,0.186,-0.054
532.97,-5.874,23.255,1.9499,-6.270,23.473,0.210,-0.080
533.17,-5.886,23.285,1.9499,-6.281,23.502,0.225,-0.098
533.37,-5.898,23.314,1.9499,-6.293,23.532,0.223,-0.110
533.57,-5.909,23.342,1.9496,-6.305,23.560,0.204,-0.117
533.77,-5.917,23.363,1.9491,-6.313,23.579,0.178,-0.116
533.97,-5.924,23.379,1.9470,-6.321,23.594,0.154,-0.117
534.17,-5.933,23.390,1.9360,-6.329,23.604,0.137,-0.141
534.37,-5.952,23.404,1.9034,-6.349,23.615,0.135,-0.191
534.57,-5.968,23.418,1.8739,-6.367,23.627,0.139,-0.259
534.77,-5.982,23.427,1.8367,-6.382,23.637,0.137,-0.297
534.97,-5.998,23.431,1.7807,-6.398,23.641,0.129,-0.339
535.17,-6.023,23.432,1.7164,-6.423,23.642,0.132,-0.389
535.37,-6.053,23.433,1.6405,-6.454,23.644,0.136,-0.417
535.57,-6.064,23.445,1.5875,-6.470,23.655,0.147,-0.378
535.77,-6.058,23.459,1.5547,-6.464,23.671,0.159,-0.295
535.97,-6.057,23.463,1.3811,-6.462,23.676,0.144,-0.549
536.17,-6.062,23.472,1.1769,-6.466,23.682,0.154,-0.812
536.37,-6.055,23.484,1.0285,-6.464,23.694,0.157,-0.801
536.57,-6.037,23.489,0.8620,-6.446,23.701,0.168,-0.714
536.77,-6.018,23.487,0.5587,-6.428,23.701,0.162,-0.894
536.97,-5.995,23.480,0.1338,-6.406,23.696,0.146,-1.019
537.17,-5.953,23.472,-0.2396,-6.369,23.692,0.134,-1.009
537.37,-5.921,23.455,-0.5719,-6.337,23.678,0.085,-1.017
537.57,-5.937,23.435,-0.7233,-6.346,23.658,0.020,-0.963
537.77,-5.942,23.470,-0.8825,-6.355,23.686,-0.052,-0.690
537.97,-5.939,23.392,-1.0382,-6.348,23.620,-0.017,-0.735
538.17,-5.933,23.297,-1.1450,-6.340,23.530,0.142,-0.583
538.37,-5.930,23.223,-1.2371,-6.332,23.457,0.185,-0.444
538.57,-5.938,23.157,-1.3161,-6.340,23.388,0.175,-0.376
538.77,-5.938,23.090,-1.4440,-6.339,23.322,0.159,-0.418
538.97,-5.929,23.031,-1.5391,-6.332,23.262,0.154,-0.421
539.17,-5.912,22.995,-1.5863,-6.316,23.223,0.115,-0.272
539.37,-5.898,22.960,-1.6300,-6.301,23.188,0.087,-0.143
539.57,-5.885,22.923,-1.6769,-6.287,23.152,0.083,-0.102
539.77,-5.873,22.881,-1.7265,-6.274,23.111,0.074,-0.085
539.97,-5.863,22.837,-1.7735,-6.263,23.067,0.072,-0.101
540.17,-5.858,22.796,-1.8095,-6.255,23.023,0.073,-0.106
540.37,-5.857,22.766,-1.8322,-6.251,22.990,0.062,-0.074
540.57,-5.855,22.740,-1.8537,-6.248,22.961,0.048,-0.042
540.77,-5.854,22.714,-1.8757,-6.245,22.934,0.028,-0.016
540.97,-5.861,22.700,-1.8865,-6.251,22.919,0.008,-0.009
541.17,-5.866,22.688,-1.8893,-6.259,22.907,-0.002,0.003
541.37,-5.868,22.680,-1.8893,-6.262,22.899,-0.010,0.045
541.57,-5.870,22.676,-1.8893,-6.263,22.894,-0.016,0.077
541.77,-5.870,22.676,-1.8892,-6.263,22.893,-0.023,0.089
541.97,-5.870,22.676,-1.8886,-6.264,22.893,-0.029,0.093
542.17,-5.870,22.677,-1.8692,-6.264,22.894,-0.028,0.144
542.37,-5.867,22.677,-1.8449,-6.262,22.894,-0.025,0.214
542.57,-5.862,22.674,-1.8257,-6.257,22.891,-0.020,0.245
542.77,-5.860,22.659,-1.8081,-6.254,22.878,-0.002,0.210
542.97,-5.854,22.630,-1.7773,-6.247,22.851,0.028,0.242
543.17,-5.847,22.596,-1.7412,-6.239,22.817,0.060,0.277
543.37,-5.837,22.557,-1.7018,-6.228,22.778,0.083,0.292
543.57,-5.826,22.518,-1.6605,-6.216,22.739,0.094,0.296
543.77,-5.812,22.479,-1.6177,-6.202,22.699,0.096,0.298
543.97,-5.797,22.441,-1.5751,-6.188,22.661,0.098,0.298
544.17,-5.781,22.406,-1.5335,-6.171,22.625,0.099,0.304
544.37,-5.764,22.370,-1.4920,-6.153,22.589,0.084,0.305
544.57,-5.745,22.336,-1.4511,-6.134,22.555,0.235,0.267
544.77,-5.725,22.304,-1.4107,-6.115,22.522,0.261,0.278
544.97,-5.716,22.286,-1.3811,-6.104,22.502,0.251,0.248
545.17,-5.702,22.264,-1.3526,-6.090,22.481,0.234,0.218
545.37,-5.684,22.238,-1.3207,-6.073,22.456,0.231,0.192
545.57,-5.673,22.209,-1.2812,-6.060,22.428,0.254,0.153
545.77,-5.675,22.175,-1.2477,-6.061,22.396,0.245,0.202
545.97,-5.676,22.134,-1.2094,-6.063,22.356,0.233,0.237
546.17,-5.673,22.088,-1.1708,-6.063,22.311,0.228,0.249
546.37,-5.668,22.040,-1.1299,-6.059,22.264,0.229,0.253
546.57,-5.662,21.989,-1.0818,-6.055,22.213,0.234,0.264
546.77,-5.654,21.935,-1.0294,-6.049,22.160,0.241,0.279
546.97,-5.641,21.881,-0.9755,-6.038,22.104,0.249,0.292
547.17,-5.630,21.836,-0.9278,-6.028,22.058,0.246,0.284
547.37,-5.620,21.796,-0.8837,-6.017,22.016,0.228,0.270
547.57,-5.609,21.763,-0.8463,-6.008,21.982,0.208,0.256
547.77,-5.596,21.730,-0.8094,-5.996,21.949,0.195,0.261
547.97,-5.581,21.696,-0.7710,-5.982,21.915,0.191,0.266
548.17,-5.564,21.662,-0.7313,-5.966,21.880,0.193,0.265
548.37,-5.546,21.626,-0.6889,-5.949,21.844,0.195,0.259
548.57,-5.525,21.588,-0.6441,-5.930,21.807,0.207,0.201
548.77,-5.501,21.550,-0.5963,-5.906,21.767,0.219,0.201
548.97,-5.474,21.514,-0.5414,-5.881,21.730,0.225,0.223
549.17,-5.444,21.493,-0.4872,-5.851,21.707,0.263,0.276
549.37,-5.420,21.488,-0.4652,-5.826,21.701,0.245,0.234
549.57,-5.394,21.484,-0.4419,-5.800,21.697,0.218,0.210
549.77,-5.365,21.481,-0.4143,-5.773,21.695,0.205,0.208
549.97,-5.336,21.479,-0.3852,-5.744,21.694,0.201,0.213
550.17,-5.305,21.477,-0.3557,-5.713,21.694,0.203,0.210
550.37,-5.274,21.477,-0.3281,-5.683,21.694,0.205,0.198
550.57,-5.243,21.477,-0.2999,-5.652,21.695,0.207,0.190
550.77,-5.215,21.477,-0.2743,-5.624,21.697,0.203,0.182
550.97,-5.185,21.479,-0.2478,-5.594,21.699,0.201,0.180
551.17,-5.158,21.480,-0.2262,-5.568,21.701,0.198,0.174
551.37,-5.133,21.480,-0.2067,-5.543,21.704,0.192,0.158
551.57,-5.111,21.482,-0.1898,-5.521,21.707,0.182,0.130
551.77,-5.090,21.483,-0.1728,-5.500,21.709,0.176,0.081
551.97,-5.068,21.485,-0.1571,-5.479,21.711,0.173,0.054
552.17,-5.046,21.486,-0.1422,-5.458,21.714,0.171,0.041
552.37,-5.025,21.487,-0.1323,-5.438,21.717,0.169,0.037
552.57,-5.004,21.485,-0.1314,-5.419,21.716,0.165,0.027
552.77,-4.975,21.481,-0.1313,-5.393,21.712,0.171,0.005
552.97,-4.942,21.476,-0.1312,-5.360,21.708,0.185,-0.006
553.17,-4.908,21.471,-0.1312,-5.326,21.703,0.194,-0.010
553.37,-4.875,21.466,-0.1312,-5.293,21.698,0.218,-0.006
553.57,-4.840,21.462,-0.1313,-5.259,21.694,0.251,-0.013
553.77,-4.805,21.457,-0.1313,-5.223,21.689,0.251,-0.002
553.97,-4.767,21.452,-0.1313,-5.185,21.684,0.245,0.009
554.17,-4.724,21.447,-0.1313,-5.143,21.679,0.246,0.013
554.37,-4.674,21.440,-0.1314,-5.094,21.672,0.258,0.014
554.57,-4.624,21.433,-0.1313,-5.044,21.665,0.271,0.014
554.77,-4.576,21.428,-0.1314,-4.996,21.660,0.270,0.014
554.97,-4.528,21.421,-0.1314,-4.948,21.653,0.266,0.014
555.17,-4.477,21.414,-0.1314,-4.897,21.647,0.266,0.014
555.37,-4.424,21.408,-0.1314,-4.844,21.640,0.267,0.015
555.57,-4.372,21.401,-0.1314,-4.792,21.633,0.267,0.016
555.77,-4.321,21.394,-0.1313,-4.740,21.626,0.264,0.014
555.97,-4.269,21.387,-0.1313,-4.688,21.619,0.292,0.016
556.17,-4.217,21.380,-0.1313,-4.636,21.612,0.309,0.018
556.37,-4.164,21.373,-0.1313,-4.584,21.605,0.302,0.026
556.57,-4.112,21.366,-0.1313,-4.531,21.598,0.292,0.032
556.77,-4.054,21.358,-0.1313,-4.474,21.591,0.290,0.033
556.97,-3.993,21.350,-0.1313,-4.414,21.583,0.295,0.035
557.17,-3.934,21.342,-0.1312,-4.354,21.575,0.297,0.035
557.37,-3.876,21.334,-0.1312,-4.296,21.567,0.291,0.036
557.57,-3.818,21.326,-0.1311,-4.238,21.559,0.278,0.094
557.77,-3.759,21.318,-0.1311,-4.179,21.551,0.274,0.107
557.97,-3.700,21.311,-0.1310,-4.120,21.543,0.266,0.085
558.17,-3.643,21.303,-0.1310,-4.063,21.535,0.270,0.058
558.37,-3.599,21.298,-0.1288,-4.016,21.530,0.276,0.079
558.57,-3.570,21.294,-0.1284,-3.988,21.526,0.237,0.097
558.77,-3.535,21.289,-0.1280,-3.955,21.521,0.205,0.094
558.97,-3.493,21.284,-0.1264,-3.916,21.516,0.193,0.088
559.17,-3.461,21.281,-0.1226,-3.883,21.514,0.196,0.100
559.37,-3.440,21.279,-0.1220,-3.862,21.513,0.181,0.105
559.57,-3.421,21.276,-0.1222,-3.846,21.510,0.155,0.088
559.77,-3.403,21.274,-0.1224,-3.831,21.508,0.139,0.081
559.97,-3.388,21.272,-0.1213,-3.817,21.505,0.130,0.077
560.17,-3.372,21.264,-0.1041,-3.803,21.496,0.126,0.104
560.37,-3.352,21.257,-0.0888,-3.786,21.487,0.136,0.164
560.57,-3.334,21.253,-0.0783,-3.770,21.481,0.141,0.184
560.77,-3.317,21.248,-0.0647,-3.753,21.475,0.140,0.176
560.97,-3.296,21.242,-0.0370,-3.734,21.468,0.147,0.195
561.17,-3.274,21.240,-0.0080,-3.713,21.465,0.154,0.167
561.37,-3.252,21.247,0.0117,-3.692,21.472,0.159,0.190
561.57,-3.227,21.256,0.0361,-3.668,21.482,0.169,0.213
561.77,-3.202,21.266,0.0592,-3.643,21.493,0.174,0.213
561.97,-3.178,21.276,0.0837,-3.620,21.505,0.175,0.212
562.17,-3.151,21.290,0.1128,-3.593,21.519,0.180,0.215
562.37,-3.122,21.306,0.1436,-3.564,21.536,0.187,0.217
562.57,-3.097,21.307,0.1757,-3.540,21.539,0.185,0.221
562.77,-3.070,21.304,0.2030,-3.514,21.535,0.180,0.223
562.97,-3.037,21.299,0.2362,-3.483,21.530,0.184,0.235
563.17,-2.995,21.295,0.2761,-3.442,21.525,0.246,0.208
563.37,-2.947,21.292,0.3229,-3.396,21.521,0.278,0.214
563.57,-2.892,21.290,0.3764,-3.342,21.518,0.293,0.240
563.77,-2.830,21.294,0.4361,-3.281,21.520,0.308,0.265
563.97,-2.764,21.301,0.4971,-3.215,21.524,0.327,0.280
564.17,-2.695,21.316,0.5712,-3.145,21.536,0.330,0.246
564.37,-2.648,21.338,0.6500,-3.094,21.557,0.318,0.275
564.57,-2.606,21.352,0.7289,-3.052,21.572,0.282,0.283
564.77,-2.555,21.369,0.8201,-3.004,21.589,0.254,0.327
564.97,-2.502,21.385,0.9191,-2.953,21.604,0.239,0.376
565.17,-2.455,21.394,1.0418,-2.905,21.615,0.262,0.405
565.37,-2.417,21.398,1.1771,-2.867,21.619,0.241,0.447
565.57,-2.368,21.394,1.3027,-2.819,21.616,0.196,0.453
565.77,-2.318,21.388,1.4302,-2.768,21.610,0.149,0.419
565.97,-2.264,21.388,1.5678,-2.713,21.610,0.118,0.423
566.17,-2.212,21.391,1.7022,-2.658,21.614,0.097,0.440
566.37,-2.196,21.408,1.8488,-2.636,21.633,0.089,0.434
566.57,-2.198,21.432,2.0310,-2.637,21.658,0.087,0.589
566.77,-2.204,21.457,2.2126,-2.641,21.682,0.080,0.671
566.97,-2.216,21.465,2.4045,-2.653,21.694,0.068,0.719
567.17,-2.235,21.458,2.6532,-2.669,21.694,0.055,0.861
567.37,-2.285,21.440,2.8498,-2.720,21.676,0.070,0.815
567.57,-2.298,21.427,-3.1256,-2.736,21.668,0.061,0.927
567.77,-2.297,21.423,-2.7731,-2.736,21.659,0.016,1.020
567.97,-2.285,21.426,-2.3612,-2.725,21.662,-0.034,1.010
568.17,-2.267,21.427,-1.9278,-2.711,21.662,-0.045,1.000
568.37,-2.243,21.424,-1.4319,-2.691,21.659,-0.029,1.000
568.57,-2.238,21.417,-1.0079,-2.689,21.658,-0.030,1.000
568.77,-2.241,21.407,-0.6238,-2.693,21.652,0.035,1.000
568.97,-2.230,21.390,-0.2071,-2.686,21.634,0.176,1.003
569.17,-2.213,21.386,0.0617,-2.671,21.628,0.232,1.016
569.37,-2.207,21.371,0.4407,-2.666,21.616,0.215,1.008
569.57,-2.190,21.364,0.9405,-2.652,21.608,0.147,1.003
569.77,-2.137,21.348,1.3647,-2.615,21.589,0.119,1.000
569.97,-2.097,21.378,1.5366,-2.566,21.613,0.153,0.903
570.17,-2.089,21.426,1.6321,-2.556,21.660,0.202,0.576
570.37,-2.073,21.473,1.6908,-2.539,21.709,0.216,0.318
570.57,-2.062,21.497,1.7441,-2.529,21.736,0.209,0.067
570.77,-2.040,21.516,2.0208,-2.510,21.756,0.168,0.723
570.97,-2.012,21.531,2.1546,-2.482,21.770,0.100,0.838
571.17,-2.017,21.555,2.1739,-2.481,21.794,0.071,0.437
571.37,-2.023,21.579,2.3216,-2.487,21.818,0.075,0.240
571.57,-1.989,21.619,2.5959,-2.460,21.848,0.044,0.891
571.77,-1.951,21.624,2.7594,-2.422,21.861,-0.017,0.821
571.97,-1.931,21.608,2.8073,-2.404,21.848,-0.066,0.532
572.17,-1.904,21.585,2.8583,-2.378,21.827,-0.102,0.238
572.37,-1.868,21.556,2.9152,-2.344,21.799,-0.131,0.163
572.57,-1.822,21.523,2.9800,-2.300,21.766,-0.163,0.174
572.77,-1.763,21.489,3.0457,-2.243,21.732,-0.200,0.194
572.97,-1.702,21.463,3.1039,-2.181,21.701,-0.234,0.193
573.17,-1.637,21.438,-3.1196,-2.115,21.673,-0.249,0.184
573.37,-1.569,21.418,-3.0602,-2.045,21.650,-0.252,0.190
573.57,-1.532,21.407,-3.0272,-2.001,21.636,-0.229,0.126
573.77,-1.524,21.416,-2.9976,-1.989,21.640,-0.190,0.082
573.97,-1.533,21.425,-2.9767,-1.996,21.653,-0.117,0.056
574.17,-1.534,21.427,-2.9640,-2.000,21.657,-0.064,0.006
574.37,-1.518,21.437,-2.9471,-1.988,21.669,-0.075,-0.008
574.57,-1.505,21.441,-2.9438,-1.975,21.675,-0.092,-0.026
574.77,-1.495,21.443,-2.9439,-1.964,21.678,-0.098,-0.062
574.97,-1.486,21.445,-2.9440,-1.954,21.680,-0.098,-0.088
575.17,-1.474,21.447,-2.9441,-1.941,21.682,-0.099,-0.093
575.37,-1.468,21.449,-2.9470,-1.935,21.684,-0.096,-0.097
575.57,-1.465,21.459,-2.9677,-1.931,21.695,-0.086,-0.153
575.77,-1.463,21.470,-2.9911,-1.930,21.708,-0.072,-0.215
575.97,-1.462,21.481,-3.0149,-1.930,21.722,-0.063,-0.234
576.17,-1.475,21.491,-3.0367,-1.940,21.735,-0.050,-0.235
576.37,-1.509,21.503,-3.0739,-1.971,21.749,-0.012,-0.246
576.57,-1.556,21.523,-3.1238,-2.018,21.768,0.043,-0.278
576.77,-1.601,21.546,3.1078,-2.066,21.792,0.088,-0.317
576.97,-1.634,21.563,3.0668,-2.101,21.812,0.085,-0.321
577.17,-1.664,21.578,3.0307,-2.132,21.827,0.065,-0.296
577.37,-1.699,21.600,2.9862,-2.167,21.847,0.064,-0.308
577.57,-1.739,21.626,2.9356,-2.206,21.873,0.076,-0.337
577.77,-1.782,21.659,2.8795,-2.249,21.905,0.093,-0.354
577.97,-1.830,21.699,2.8157,-2.297,21.945,0.125,-0.377
578.17,-1.881,21.749,2.7427,-2.348,21.993,0.154,-0.408
578.37,-1.923,21.795,2.6775,-2.391,22.039,0.165,-0.410
578.57,-1.962,21.847,2.6081,-2.432,22.091,0.169,-0.422
578.77,-1.989,21.888,2.5525,-2.461,22.136,0.155,-0.414
578.97,-2.007,21.916,2.5082,-2.481,22.167,0.124,-0.356
579.17,-2.013,21.932,2.4103,-2.489,22.185,0.076,-0.417
579.37,-2.014,21.950,2.2906,-2.491,22.201,0.071,-0.651
579.57,-2.016,21.971,2.2455,-2.492,22.221,0.072,-0.547
579.77,-2.016,21.986,2.1754,-2.493,22.237,0.083,-0.411
579.97,-2.005,21.996,1.9859,-2.484,22.249,0.075,-0.540
580.17,-2.008,21.999,1.7337,-2.483,22.252,0.088,-0.969
580.37,-1.982,22.043,1.6472,-2.464,22.289,0.103,-0.867
580.57,-1.959,22.103,1.5759,-2.443,22.346,0.163,-0.604
580.77,-1.926,22.163,1.4922,-2.412,22.406,0.228,-0.501
580.97,-1.887,22.223,1.4044,-2.375,22.467,0.277,-0.516
581.17,-1.845,22.278,1.3219,-2.334,22.523,0.289,-0.503
581.37,-1.801,22.327,1.2446,-2.291,22.574,0.293,-0.482
581.57,-1.756,22.372,1.1712,-2.246,22.619,0.286,-0.440
581.77,-1.701,22.419,1.0907,-2.193,22.666,0.288,-0.420
581.97,-1.648,22.457,1.0165,-2.140,22.706,0.286,-0.403
582.17,-1.589,22.493,0.9396,-2.082,22.743,0.289,-0.384
582.37,-1.526,22.526,0.8619,-2.020,22.776,0.291,-0.383
582.57,-1.459,22.555,0.7823,-1.954,22.806,0.297,-0.383
582.77,-1.395,22.577,0.7092,-1.890,22.829,0.294,-0.370
582.97,-1.324,22.596,0.6326,-1.820,22.849,0.292,-0.354
583.17,-1.237,22.614,0.5446,-1.737,22.867,0.365,-0.372
583.37,-1.139,22.625,0.4492,-1.641,22.880,0.410,-0.379
583.57,-1.031,22.627,0.3448,-1.534,22.884,0.427,-0.383
583.77,-0.913,22.619,0.2376,-1.419,22.879,0.437,-0.383
583.97,-0.782,22.598,0.1262,-1.289,22.860,0.460,-0.394
584.17,-0.685,22.617,0.0800,-1.189,22.871,0.493,-0.292
584.37,-0.599,22.657,-0.0199,-1.103,22.911,0.469,-0.261
584.57,-0.508,22.689,-0.1149,-1.012,22.944,0.412,-0.293
584.77,-0.429,22.724,-0.2312,-0.932,22.981,0.353,-0.320
584.97,-0.360,22.746,-0.3261,-0.861,23.007,0.297,-0.344
585.17,-0.308,22.769,-0.4272,-0.807,23.034,0.219,-0.382
585.37,-0.266,22.786,-0.5096,-0.762,23.050,0.163,-0.352
585.57,-0.226,22.797,-0.5859,-0.722,23.058,0.135,-0.258
585.77,-0.182,22.806,-0.6717,-0.678,23.069,0.129,-0.266
585.97,-0.138,22.812,-0.7579,-0.634,23.075,0.116,-0.311
586.17,-0.103,22.814,-0.8249,-0.596,23.079,0.103,-0.248
586.37,-0.078,22.814,-0.8766,-0.568,23.080,0.083,-0.180
586.57,-0.057,22.812,-0.9189,-0.546,23.079,0.065,-0.144
586.77,-0.042,22.812,-0.9619,-0.530,23.075,0.054,-0.102
586.97,-0.039,22.816,-1.0372,-0.524,23.081,0.026,-0.166
587.17,-0.041,22.808,-1.1083,-0.526,23.073,0.013,-0.270
587.37,-0.042,22.801,-1.1523,-0.527,23.066,0.008,-0.267
587.57,-0.044,22.797,-1.1880,-0.530,23.061,0.003,-0.205
587.77,-0.042,22.790,-1.2712,-0.529,23.055,0.001,-0.223
587.97,-0.036,22.782,-1.3903,-0.524,23.047,0.001,-0.363
588.17,-0.028,22.769,-1.4723,-0.516,23.036,0.004,-0.415
588.37,-0.017,22.749,-1.4977,-0.507,23.016,0.019,-0.255
588.57,-0.002,22.720,-1.5370,-0.492,22.989,0.029,-0.115
588.77,-0.010,22.737,-1.5700,-0.494,22.996,0.006,-0.086
588.97,-0.021,22.763,-1.6035,-0.506,23.019,-0.040,-0.117
589.17,-0.030,22.786,-1.6277,-0.517,23.043,-0.067,-0.132
589.37,-0.033,22.800,-1.6391,-0.524,23.059,-0.069,-0.090
589.57,-0.036,22.815,-1.6501,-0.529,23.074,-0.061,-0.062
589.77,-0.040,22.833,-1.6641,-0.535,23.090,-0.053,-0.062
589.97,-0.043,22.852,-1.6771,-0.541,23.108,-0.054,-0.067
590.17,-0.043,22.865,-1.6822,-0.544,23.122,-0.051,-0.043
590.37,-0.041,22.873,-1.6873,-0.542,23.130,-0.043,-0.002
590.57,-0.036,22.879,-1.6992,-0.535,23.136,-0.033,-0.006
590.77,-0.033,22.887,-1.7027,-0.531,23.143,-0.031,0.013
590.97,-0.032,22.895,-1.7026,-0.529,23.151,-0.034,0.048
591.17,-0.032,22.902,-1.7026,-0.528,23.158,-0.037,0.074
591.37,-0.031,22.908,-1.7026,-0.527,23.164,-0.041,0.074
591.57,-0.030,22.914,-1.7024,-0.527,23.170,-0.042,0.073
591.77,-0.029,22.919,-1.6974,-0.527,23.176,-0.042,0.088
591.97,-0.025,22.920,-1.6828,-0.522,23.178,-0.037,0.147
592.17,-0.024,22.916,-1.6777,-0.519,23.173,-0.025,0.159
592.37,-0.023,22.911,-1.6746,-0.516,23.167,-0.014,0.141
592.57,-0.019,22.897,-1.6623,-0.512,23.151,-0.003,0.130
592.77,-0.011,22.870,-1.6350,-0.503,23.124,0.024,0.152
592.97,-0.001,22.840,-1.6050,-0.492,23.093,0.039,0.188
593.17,0.009,22.812,-1.5783,-0.481,23.063,0.051,0.200
593.37,0.020,22.782,-1.5502,-0.467,23.031,0.050,0.213
593.57,0.036,22.746,-1.5136,-0.451,22.995,0.046,0.232
593.77,0.054,22.721,-1.4773,-0.431,22.964,0.024,0.253
593.97,0.049,22.743,-1.4472,-0.432,22.981,-0.032,0.226
594.17,0.034,22.765,-1.4182,-0.448,23.001,-0.075,0.235
594.37,0.018,22.789,-1.3862,-0.465,23.024,-0.091,0.250
594.57,0.001,22.813,-1.3543,-0.483,23.049,-0.103,0.263
594.77,-0.015,22.836,-1.3231,-0.501,23.072,-0.100,0.269
594.97,-0.033,22.860,-1.2904,-0.519,23.095,-0.091,0.276
595.17,-0.051,22.883,-1.2567,-0.539,23.118,-0.078,0.292
595.37,-0.071,22.906,-1.2227,-0.559,23.140,-0.078,0.300
595.57,-0.084,22.922,-1.1791,-0.574,23.157,-0.071,0.293
595.77,-0.095,22.930,-1.0794,-0.586,23.166,-0.045,0.385
595.97,-0.105,22.937,-0.9580,-0.596,23.173,-0.005,0.515
596.17,-0.117,22.946,-0.8367,-0.607,23.181,0.025,0.638
596.37,-0.110,22.956,-0.7346,-0.602,23.191,0.059,0.613
596.57,-0.096,22.935,-0.7040,-0.587,23.176,0.089,0.434
596.77,-0.082,22.880,-0.6328,-0.574,23.128,0.132,0.324
596.97,-0.054,22.808,-0.5260,-0.551,23.055,0.203,0.387
597.17,0.009,22.801,-0.4319,-0.490,23.039,0.261,0.502
597.37,0.074,22.801,-0.3649,-0.424,23.036,0.283,0.437
597.57,0.139,22.805,-0.3002,-0.358,23.040,0.273,0.389
597.77,0.207,22.814,-0.2293,-0.291,23.047,0.256,0.369
597.97,0.291,22.831,-0.1441,-0.210,23.062,0.257,0.381
598.17,0.381,22.856,-0.0550,-0.121,23.085,0.292,0.415
598.37,0.456,22.885,0.0220,-0.043,23.113,0.361,0.385
598.57,0.519,22.915,0.0906,0.022,23.143,0.364,0.331
598.77,0.571,22.945,0.1507,0.076,23.173,0.331,0.293
598.97,0.613,22.972,0.2025,0.120,23.202,0.296,0.247
599.17,0.634,22.984,0.2338,0.144,23.216,0.248,0.163
599.37,0.655,22.995,0.2617,0.165,23.227,0.213,0.148
599.57,0.678,22.997,0.2955,0.186,23.231,0.194,0.137
599.77,0.699,23.002,0.3192,0.205,23.234,0.182,0.150
599.97,0.720,23.003,0.3358,0.226,23.235,0.179,0.124
600.17,0.749,23.005,0.3580,0.252,23.236,0.185,0.104
600.37,0.785,23.007,0.3885,0.287,23.236,0.198,0.103
600.57,0.823,23.010,0.4198,0.324,23.238,0.218,0.110
600.77,0.863,23.017,0.4500,0.365,23.242,0.231,0.112
600.97,0.907,23.027,0.4785,0.409,23.249,0.235,0.108
601.17,0.938,23.034,0.5014,0.442,23.254,0.219,0.081
601.37,0.963,23.036,0.5279,0.468,23.255,0.189,0.079
601.57,0.991,23.039,0.5580,0.496,23.254,0.171,0.091
601.77,1.019,23.045,0.5846,0.524,23.255,0.164,0.092
601.97,1.041,23.057,0.5885,0.547,23.264,0.162,0.059
602.17,1.059,23.069,0.5886,0.565,23.274,0.154,-0.018
602.37,1.072,23.076,0.5927,0.577,23.280,0.165,-0.050
602.57,1.092,23.084,0.6034,0.596,23.284,0.192,-0.048
602.77,1.116,23.100,0.6034,0.619,23.300,0.205,-0.056
602.97,1.140,23.116,0.6033,0.643,23.316,0.210,-0.060
603.17,1.161,23.132,0.6031,0.664,23.330,0.207,-0.062
603.37,1.188,23.150,0.6029,0.690,23.348,0.207,-0.066
603.57,1.214,23.167,0.6027,0.716,23.364,0.208,-0.067
603.77,1.239,23.185,0.6025,0.740,23.381,0.205,-0.068
603.97,1.263,23.201,0.6023,0.763,23.396,0.200,-0.068
604.17,1.285,23.216,0.6021,0.785,23.410,0.191,-0.068
604.37,1.307,23.231,0.6020,0.806,23.424,0.186,-0.068
604.57,1.328,23.246,0.6017,0.827,23.438,0.182,-0.070
604.77,1.351,23.263,0.6012,0.849,23.452,0.180,-0.070
604.97,1.374,23.278,0.6009,0.870,23.466,0.178,-0.071
605.17,1.394,23.292,0.6005,0.889,23.480,0.173,-0.072
605.37,1.412,23.304,0.6002,0.906,23.492,0.166,-0.072
605.57,1.430,23.317,0.6001,0.922,23.505,0.160,-0.073
605.77,1.448,23.330,0.6000,0.938,23.517,0.158,-0.080
605.97,1.465,23.341,0.5997,0.953,23.530,0.154,-0.083
606.17,1.480,23.352,0.5993,0.967,23.541,0.146,-0.103
606.37,1.494,23.362,0.5987,0.979,23.551,0.139,-0.096
606.57,1.506,23.371,0.5965,0.989,23.560,0.132,-0.099
606.77,1.514,23.380,0.5858,0.996,23.569,0.125,-0.121
606.97,1.526,23.397,0.5631,1.006,23.587,0.128,-0.169
607.17,1.538,23.408,0.5485,1.017,23.598,0.131,-0.192
607.37,1.547,23.415,0.5417,1.025,23.605,0.126,-0.169
607.57,1.556,23.428,0.5014,1.033,23.617,0.125,-0.216
607.77,1.574,23.443,0.4637,1.050,23.634,0.137,-0.246
607.97,1.595,23.445,0.4433,1.071,23.638,0.191,-0.208
608.17,1.619,23.448,0.4212,1.095,23.641,0.210,-0.169
608.37,1.647,23.450,0.3910,1.124,23.643,0.210,-0.139
608.57,1.681,23.451,0.3575,1.157,23.644,0.215,-0.141
608.77,1.713,23.452,0.3285,1.189,23.643,0.218,-0.142
608.97,1.740,23.452,0.3065,1.217,23.642,0.213,-0.136
609.17,1.758,23.454,0.2941,1.236,23.642,0.197,-0.117
609.37,1.771,23.459,0.2847,1.249,23.645,0.178,-0.120
609.57,1.789,23.470,0.2604,1.264,23.656,0.169,-0.140
609.77,1.805,23.475,0.2514,1.280,23.661,0.170,-0.143
609.97,1.818,23.480,0.2382,1.292,23.666,0.163,-0.128
610.17,1.829,23.483,0.2315,1.303,23.669,0.158,-0.111
610.37,1.838,23.490,0.2031,1.311,23.676,0.152,-0.107
610.57,1.857,23.500,0.1775,1.328,23.686,0.160,-0.190
610.77,1.870,23.501,0.1707,1.341,23.688,0.162,-0.145
610.97,1.884,23.509,0.1562,1.353,23.693,0.159,-0.119
611.17,1.905,23.523,0.1114,1.372,23.708,0.165,-0.171
611.37,1.934,23.535,0.0655,1.399,23.719,0.185,-0.262
611.57,1.959,23.543,0.0376,1.423,23.727,0.191,-0.242
611.77,1.982,23.546,0.0099,1.447,23.732,0.190,-0.197
611.97,2.007,23.537,-0.0157,1.471,23.726,0.188,-0.138
612.17,2.037,23.524,-0.0494,1.500,23.713,0.195,-0.124
612.37,2.064,23.511,-0.0797,1.528,23.699,0.198,-0.118
612.57,2.088,23.501,-0.1019,1.552,23.688,0.194,-0.106
612.77,2.110,23.492,-0.1179,1.573,23.678,0.184,-0.092
612.97,2.134,23.483,-0.1343,1.595,23.667,0.178,-0.085
613.17,2.151,23.477,-0.1432,1.611,23.659,0.170,-0.079
613.37,2.162,23.476,-0.1461,1.620,23.657,0.152,-0.055
613.57,2.182,23.477,-0.1588,1.639,23.660,0.162,-0.063
613.77,2.196,23.475,-0.1590,1.651,23.658,0.185,-0.054
613.97,2.213,23.472,-0.1597,1.666,23.657,0.183,-0.028
614.17,2.230,23.469,-0.1597,1.682,23.654,0.180,-0.005
614.37,2.248,23.466,-0.1597,1.698,23.651,0.176,0.005
614.57,2.275,23.462,-0.1597,1.722,23.647,0.183,0.008
614.77,2.308,23.456,-0.1597,1.755,23.641,0.203,0.011
614.97,2.342,23.451,-0.1598,1.789,23.636,0.222,0.013
615.17,2.377,23.445,-0.1597,1.824,23.630,0.229,0.014
615.37,2.415,23.438,-0.1597,1.862,23.624,0.235,0.015
615.57,2.457,23.431,-0.1597,1.903,23.617,0.242,0.016
615.77,2.501,23.424,-0.1597,1.947,23.609,0.249,0.016
615.97,2.546,23.416,-0.1597,1.992,23.601,0.253,0.017
616.17,2.593,23.409,-0.1597,2.039,23.594,0.257,0.018
616.37,2.641,23.401,-0.1597,2.087,23.586,0.259,0.018
616.57,2.690,23.393,-0.1597,2.136,23.578,0.260,0.018
616.77,2.740,23.385,-0.1597,2.186,23.570,0.260,0.019
616.97,2.790,23.377,-0.1597,2.236,23.561,0.260,0.021
617.17,2.840,23.369,-0.1597,2.287,23.553,0.279,0.005
617.37,2.891,23.360,-0.1597,2.337,23.545,0.311,0.003
617.57,2.941,23.353,-0.1597,2.388,23.537,0.303,0.017
617.77,2.994,23.344,-0.1597,2.440,23.529,0.288,0.024
617.97,3.053,23.335,-0.1597,2.499,23.520,0.296,0.027
618.17,3.111,23.325,-0.1597,2.557,23.510,0.300,0.029
618.37,3.168,23.316,-0.1597,2.615,23.501,0.299,0.029
618.57,3.225,23.307,-0.1597,2.672,23.492,0.294,0.030
618.77,3.282,23.298,-0.1597,2.729,23.483,0.289,0.030
618.97,3.339,23.289,-0.1596,2.787,23.473,0.287,0.012
619.17,3.396,23.279,-0.1596,2.844,23.464,0.284,0.016
619.37,3.453,23.270,-0.1596,2.901,23.455,0.321,0.012
619.57,3.508,23.261,-0.1595,2.958,23.445,0.327,0.021
619.77,3.564,23.252,-0.1595,3.013,23.436,0.315,0.030
619.97,3.621,23.243,-0.1595,3.070,23.427,0.307,0.033
620.17,3.683,23.233,-0.1595,3.132,23.417,0.314,0.033
620.37,3.742,23.223,-0.1594,3.192,23.407,0.311,0.035
620.57,3.802,23.214,-0.1594,3.252,23.398,0.304,0.037
620.77,3.862,23.204,-0.1594,3.312,23.388,0.297,0.039
620.97,3.921,23.195,-0.1594,3.372,23.379,0.291,0.040
621.17,3.981,23.185,-0.1593,3.433,23.369,0.284,0.041
621.37,4.037,23.176,-0.1593,3.490,23.360,0.274,0.041
621.57,4.093,23.167,-0.1593,3.547,23.351,0.315,0.014
621.77,4.148,23.158,-0.1592,3.603,23.342,0.320,0.028
621.97,4.202,23.149,-0.1591,3.657,23.333,0.309,0.041
622.17,4.259,23.141,-0.1591,3.714,23.325,0.296,0.046
622.37,4.321,23.129,-0.1591,3.775,23.315,0.295,0.049
622.57,4.383,23.119,-0.1590,3.838,23.303,0.298,0.055
622.77,4.442,23.109,-0.1589,3.897,23.294,0.291,0.061
622.97,4.502,23.100,-0.1584,3.958,23.285,0.282,0.076
623.17,4.563,23.090,-0.1578,4.021,23.277,0.272,0.093
623.37,4.626,23.080,-0.1571,4.085,23.268,0.259,0.109
623.57,4.686,23.071,-0.1560,4.146,23.258,0.280,0.091
623.77,4.739,23.063,-0.1544,4.201,23.250,0.290,0.090
623.97,4.783,23.056,-0.1526,4.246,23.243,0.271,0.093
624.17,4.816,23.052,-0.1515,4.280,23.238,0.238,0.092
624.37,4.850,23.047,-0.1509,4.312,23.232,0.195,0.091
624.57,4.878,23.042,-0.1511,4.339,23.226,0.185,0.083
624.77,4.898,23.039,-0.1507,4.358,23.222,0.167,0.081
624.97,4.914,23.036,-0.1485,4.372,23.218,0.148,0.082
625.17,4.930,23.033,-0.1455,4.385,23.214,0.139,0.088
625.37,4.945,23.030,-0.1454,4.399,23.211,0.135,0.079
625.57,4.959,23.028,-0.1440,4.410,23.209,0.130,0.068
625.77,4.970,23.022,-0.1331,4.420,23.202,0.127,0.085
625.97,4.985,23.012,-0.1118,4.432,23.189,0.134,0.153
626.17,5.000,23.004,-0.0975,4.446,23.177,0.142,0.152
626.37,5.015,22.999,-0.0853,4.459,23.169,0.143,0.144
626.57,5.027,22.989,-0.0519,4.471,23.159,0.144,0.180
626.77,5.036,22.975,0.0066,4.479,23.145,0.142,0.256
626.97,5.042,22.959,0.0511,4.486,23.127,0.135,0.289
627.17,5.054,22.942,0.0945,4.496,23.109,0.161,0.246
627.37,5.082,22.923,0.1500,4.522,23.088,0.214,0.210
627.57,5.096,22.904,0.2728,4.539,23.069,0.214,0.348
627.77,5.104,22.886,0.3737,4.549,23.050,0.181,0.414
627.97,5.122,22.874,0.4625,4.564,23.037,0.167,0.379
628.17,5.143,22.865,0.5859,4.586,23.027,0.173,0.381
628.37,5.165,22.877,0.6964,4.608,23.033,0.182,0.456
628.57,5.179,22.901,0.7327,4.623,23.057,0.212,0.285
628.77,5.177,22.913,0.8041,4.625,23.070,0.194,0.181
628.97,5.156,22.921,0.9557,4.604,23.080,0.138,0.333
629.17,5.158,22.928,1.1031,4.602,23.085,0.110,0.524
629.37,5.177,22.948,1.1704,4.618,23.100,0.127,0.388
629.57,5.191,22.972,1.2165,4.631,23.123,0.151,0.233
629.77,5.189,23.002,1.2557,4.631,23.152,0.172,0.148
629.97,5.186,23.032,1.2940,4.628,23.182,0.174,0.117
630.17,5.182,23.058,1.3226,4.623,23.209,0.175,0.052
630.37,5.180,23.082,1.3444,4.621,23.233,0.167,-0.016
630.57,5.179,23.105,1.3615,4.618,23.256,0.152,-0.052
630.77,5.181,23.126,1.3696,4.617,23.276,0.135,-0.070
630.97,5.187,23.155,1.3698,4.622,23.303,0.133,-0.108
631.17,5.193,23.187,1.3698,4.628,23.334,0.142,-0.127
631.37,5.198,23.213,1.3692,4.634,23.361,0.139,-0.138
631.57,5.200,23.231,1.3631,4.635,23.380,0.126,-0.152
631.77,5.201,23.248,1.3520,4.635,23.397,0.108,-0.166
631.97,5.200,23.269,1.3362,4.634,23.416,0.100,-0.171
632.17,5.200,23.292,1.3170,4.632,23.439,0.122,-0.175
632.37,5.199,23.316,1.2952,4.630,23.463,0.142,-0.192
632.57,5.197,23.343,1.2685,4.628,23.489,0.147,-0.202
632.77,5.196,23.371,1.2418,4.626,23.517,0.147,-0.219
632.97,5.196,23.398,1.2151,4.625,23.545,0.138,-0.214
633.17,5.197,23.424,1.1881,4.626,23.572,0.134,-0.207
633.37,5.208,23.447,1.1606,4.635,23.596,0.135,-0.225
633.57,5.216,23.460,1.1204,4.644,23.610,0.130,-0.236
633.77,5.220,23.481,1.0500,4.648,23.629,0.132,-0.377
633.97,5.234,23.502,1.0181,4.661,23.649,0.150,-0.389
634.17,5.257,23.519,0.9897,4.683,23.666,0.170,-0.338
634.37,5.281,23.536,0.9572,4.708,23.682,0.186,-0.303
634.57,5.303,23.549,0.9176,4.731,23.695,0.188,-0.318
634.77,5.318,23.561,0.8593,4.748,23.707,0.172,-0.324
634.97,5.324,23.576,0.7274,4.755,23.720,0.157,-0.474
635.17,5.336,23.596,0.6371,4.764,23.740,0.155,-0.571
635.37,5.351,23.613,0.5952,4.778,23.757,0.162,-0.427
635.57,5.364,23.628,0.5469,4.791,23.773,0.167,-0.333
635.77,5.375,23.636,0.3226,4.801,23.783,0.163,-0.604
635.97,5.397,23.647,0.0990,4.820,23.794,0.158,-0.902
636.17,5.422,23.648,-0.0612,4.845,23.798,0.170,-0.807
636.37,5.440,23.637,-0.2305,4.865,23.790,0.173,-0.699
636.57,5.452,23.622,-0.5162,4.876,23.778,0.159,-0.872
636.77,5.462,23.643,-0.8663,4.889,23.806,0.110,-1.020
636.97,5.413,23.604,-1.0366,4.855,23.763,0.073,-0.948
637.17,5.370,23.575,-1.1795,4.814,23.733,0.066,-0.724
637.37,5.303,23.554,-1.3685,4.754,23.709,0.049,-0.676
637.57,5.216,23.548,-1.5973,4.668,23.699,0.007,-0.803
637.77,5.147,23.526,-1.7666,4.594,23.685,0.008,-0.761
637.97,5.124,23.495,-1.8134,4.566,23.659,0.034,-0.543
638.17,5.100,23.467,-1.8626,4.542,23.631,0.066,-0.260
638.37,5.079,23.442,-1.9061,4.520,23.607,0.081,-0.118
638.57,5.053,23.417,-1.9529,4.495,23.582,0.079,-0.118
638.77,5.023,23.389,-1.9984,4.465,23.554,0.080,-0.141
638.97,4.993,23.361,-2.0354,4.434,23.526,0.083,-0.133
639.17,4.969,23.338,-2.0610,4.407,23.502,0.080,-0.105
639.37,4.946,23.316,-2.0880,4.381,23.480,0.068,-0.078
639.57,4.927,23.301,-2.1102,4.360,23.464,0.052,-0.062
639.77,4.912,23.288,-2.1268,4.343,23.452,0.032,-0.043
639.97,4.905,23.279,-2.1369,4.334,23.442,0.018,-0.023
640.17,4.900,23.272,-2.1428,4.330,23.435,0.003,-0.007
640.37,4.894,23.266,-2.1463,4.322,23.430,-0.004,0.018
640.57,4.891,23.261,-2.1466,4.317,23.426,-0.009,0.041
640.77,4.889,23.258,-2.1467,4.315,23.423,-0.015,0.063
640.97,4.889,23.258,-2.1467,4.314,23.422,-0.021,0.074
641.17,4.889,23.259,-2.1466,4.315,23.423,-0.028,0.076
641.37,4.891,23.261,-2.1465,4.315,23.424,-0.031,0.080
641.57,4.892,23.265,-2.1413,4.317,23.429,-0.036,0.087
641.77,4.890,23.268,-2.1254,4.315,23.432,-0.039,0.129
641.97,4.887,23.268,-2.1158,4.310,23.434,-0.033,0.163
642.17,4.883,23.272,-2.0997,4.305,23.438,-0.030,0.175
642.37,4.877,23.276,-2.0664,4.299,23.442,-0.031,0.228
642.57,4.871,23.280,-2.0078,4.293,23.445,-0.029,0.304
642.77,4.867,23.282,-1.9410,4.288,23.448,-0.027,0.374
642.97,4.863,23.287,-1.8591,4.284,23.452,-0.029,0.420
643.17,4.865,23.297,-1.7502,4.286,23.460,-0.036,0.473
643.37,4.863,23.309,-1.5942,4.284,23.471,-0.032,0.599
643.57,4.844,23.335,-1.4301,4.270,23.496,-0.019,0.719
643.77,4.836,23.361,-1.2276,4.262,23.522,-0.002,0.834
643.97,4.821,23.386,-0.9981,4.248,23.546,-0.003,0.899
644.17,4.780,23.412,-0.8461,4.213,23.574,-0.010,0.853
644.37,4.730,23.431,-0.7797,4.164,23.595,-0.042,0.544
644.57,4.688,23.444,-0.7185,4.120,23.609,-0.035,0.364
644.77,4.654,23.455,-0.6665,4.085,23.620,-0.008,0.322
644.97,4.608,23.452,-0.5010,4.044,23.621,0.018,0.495
645.17,4.530,23.455,-0.4174,3.972,23.624,-0.039,0.489
645.37,4.433,23.454,-0.3246,3.877,23.623,-0.140,0.419
645.57,4.326,23.444,-0.2269,3.770,23.615,-0.189,0.389
645.77,4.215,23.420,-0.1171,3.660,23.595,-0.203,0.394
645.97,4.106,23.382,-0.0045,3.551,23.561,-0.221,0.422
646.17,4.001,23.334,0.1040,3.444,23.515,-0.213,0.419
646.37,3.916,23.304,0.1620,3.356,23.480,-0.186,0.325
646.57,3.841,23.303,0.1428,3.280,23.476,-0.144,0.094
646.77,3.754,23.301,0.1225,3.195,23.474,-0.148,-0.047
646.97,3.660,23.301,0.1413,3.100,23.472,-0.193,-0.070
647.17,3.598,23.313,0.2092,3.033,23.484,-0.149,0.104
647.37,3.566,23.306,0.2202,2.995,23.479,-0.056,0.126
647.57,3.533,23.298,0.2177,2.963,23.471,0.005,0.031
647.77,3.498,23.290,0.2169,2.929,23.463,0.020,-0.028
647.97,3.477,23.287,0.2270,2.907,23.459,0.042,-0.019
648.17,3.464,23.284,0.2389,2.892,23.456,0.072,0.031
648.37,3.463,23.283,0.2389,2.889,23.455,0.105,0.011
648.57,3.466,23.284,0.2389,2.892,23.455,0.130,-0.015
648.77,3.474,23.286,0.2389,2.900,23.457,0.142,-0.022
648.97,3.488,23.290,0.2389,2.913,23.460,0.159,-0.027
649.17,3.508,23.294,0.2389,2.933,23.465,0.177,-0.027
649.37,3.532,23.300,0.2389,2.957,23.471,0.193,-0.027
649.57,3.560,23.307,0.2389,2.985,23.477,0.206,-0.026
649.77,3.591,23.314,0.2389,3.015,23.485,0.216,-0.026
649.97,3.625,23.323,0.2389,3.049,23.494,0.225,-0.027
650.17,3.662,23.332,0.2388,3.086,23.503,0.232,-0.028
650.37,3.701,23.341,0.2388,3.126,23.512,0.238,-0.029
650.57,3.743,23.351,0.2388,3.168,23.522,0.242,-0.030
650.77,3.786,23.362,0.2387,3.211,23.533,0.245,-0.031
650.97,3.831,23.373,0.2387,3.256,23.544,0.247,-0.033
651.17,3.877,23.384,0.2387,3.302,23.555,0.246,-0.055
651.37,3.924,23.395,0.2386,3.349,23.567,0.246,-0.053
651.57,3.971,23.407,0.2386,3.396,23.578,0.244,-0.051
651.77,4.015,23.417,0.2383,3.440,23.589,0.279,-0.059
651.97,4.057,23.427,0.2380,3.482,23.598,0.296,-0.071
652.17,4.099,23.438,0.2377,3.524,23.608,0.283,-0.056
652.37,4.144,23.448,0.2373,3.567,23.618,0.270,-0.048
652.57,4.188,23.459,0.2368,3.610,23.627,0.265,-0.048
652.77,4.234,23.470,0.2363,3.655,23.637,0.259,-0.049
652.97,4.283,23.482,0.2360,3.702,23.648,0.260,-0.051
653.17,4.332,23.493,0.2359,3.751,23.659,0.262,-0.052
653.37,4.380,23.505,0.2357,3.800,23.670,0.263,-0.053
653.57,4.428,23.516,0.2355,3.847,23.681,0.259,-0.054
653.77,4.475,23.527,0.2353,3.893,23.691,0.253,-0.055
653.97,4.523,23.538,0.2348,3.941,23.702,0.247,-0.059
654.17,4.577,23.551,0.2340,3.994,23.715,0.273,-0.068
654.37,4.630,23.564,0.2330,4.049,23.729,0.320,-0.097
654.57,4.673,23.574,0.2326,4.093,23.740,0.317,-0.085
654.77,4.711,23.583,0.2322,4.131,23.749,0.284,-0.069
654.97,4.749,23.592,0.2316,4.167,23.758,0.251,-0.062
655.17,4.788,23.601,0.2310,4.204,23.767,0.239,-0.034
655.37,4.829,23.611,0.2305,4.243,23.777,0.237,-0.038
655.57,4.870,23.621,0.2301,4.282,23.787,0.238,-0.043
655.77,4.910,23.630,0.2299,4.320,23.797,0.235,-0.046
655.97,4.955,23.641,0.2298,4.365,23.807,0.241,-0.046
656.17,5.000,23.652,0.2298,4.410,23.818,0.245,-0.045
656.37,5.045,23.662,0.2297,4.456,23.829,0.246,-0.046
656.57,5.090,23.672,0.2296,4.501,23.839,0.245,-0.051
656.77,5.137,23.683,0.2295,4.548,23.850,0.243,-0.050
656.97,5.185,23.694,0.2294,4.596,23.862,0.243,-0.050
657.17,5.233,23.706,0.2293,4.644,23.873,0.242,-0.055
657.37,5.277,23.716,0.2290,4.689,23.883,0.235,-0.058
657.57,5.321,23.726,0.2288,4.733,23.893,0.281,-0.083
657.77,5.366,23.736,0.2286,4.777,23.902,0.284,-0.078
657.97,5.407,23.746,0.2281,4.817,23.912,0.262,-0.064
658.17,5.446,23.755,0.2273,4.855,23.919,0.247,-0.061
658.37,5.483,23.763,0.2267,4.892,23.926,0.234,-0.065
658.57,5.524,23.773,0.2261,4.930,23.935,0.228,-0.066
658.77,5.567,23.782,0.2256,4.972,23.944,0.228,-0.064
658.97,5.610,23.792,0.2251,5.013,23.953,0.229,-0.064
659.17,5.650,23.801,0.2241,5.052,23.962,0.225,-0.070
659.37,5.695,23.811,0.2229,5.096,23.972,0.227,-0.076
659.57,5.741,23.821,0.2220,5.142,23.982,0.230,-0.078
659.77,5.785,23.831,0.2212,5.186,23.992,0.228,-0.078
659.97,5.829,23.841,0.2194,5.229,24.003,0.224,-0.080
660.17,5.876,23.852,0.2164,5.275,24.014,0.221,-0.087
660.37,5.925,23.864,0.2132,5.324,24.027,0.278,-0.108
660.57,5.972,23.875,0.2100,5.372,24.038,0.293,-0.114
660.77,6.016,23.885,0.2063,5.416,24.050,0.279,-0.102
660.97,6.064,23.896,0.2022,5.463,24.061,0.267,-0.098
661.17,6.115,23.908,0.1952,5.513,24.074,0.264,-0.102
661.37,6.167,23.920,0.1885,5.564,24.087,0.266,-0.112
661.57,6.203,23.927,0.1868,5.602,24.095,0.250,-0.107
661.77,6.231,23.932,0.1865,5.628,24.100,0.215,-0.090
661.97,6.252,23.936,0.1863,5.649,24.105,0.184,-0.084
662.17,6.271,23.940,0.1846,5.666,24.110,0.162,-0.085
662.37,6.291,23.944,0.1835,5.683,24.114,0.150,-0.079
662.57,6.310,23.947,0.1833,5.700,24.119,0.147,-0.079
662.77,6.330,23.953,0.1835,5.717,24.123,0.144,-0.076
662.97,6.364,23.955,0.1737,5.748,24.124,0.157,-0.088
663.17,6.405,23.955,0.1564,5.789,24.120,0.178,-0.132
663.37,6.446,23.954,0.1385,5.832,24.115,0.200,-0.166
663.57,6.487,23.951,0.1201,5.875,24.109,0.245,-0.175
663.77,6.539,23.943,0.0864,5.926,24.099,0.285,-0.210
663.97,6.604,23.928,0.0373,5.990,24.082,0.299,-0.229
664.17,6.674,23.907,-0.0166,6.060,24.060,0.319,-0.254
664.37,6.744,23.881,-0.0729,6.131,24.034,0.332,-0.268
664.57,6.801,23.865,-0.1026,6.190,24.014,0.326,-0.231
664.77,6.842,23.864,-0.1002,6.232,24.011,0.284,-0.102
664.97,6.882,23.849,-0.1280,6.272,23.999,0.252,-0.086
665.17,6.929,23.823,-0.1765,6.317,23.975,0.242,-0.156
665.37,6.986,23.792,-0.2236,6.371,23.944,0.256,-0.197
665.57,7.047,23.770,-0.2411,6.432,23.917,0.276,-0.161
665.77,7.105,23.751,-0.2550,6.491,23.896,0.331,-0.105
665.97,7.138,23.736,-0.2912,6.529,23.879,0.308,-0.121
666.17,7.152,23.729,-0.3091,6.544,23.873,0.230,-0.112
666.37,7.176,23.705,-0.3485,6.564,23.849,0.191,-0.129
666.57,7.210,23.690,-0.3524,6.594,23.833,0.194,-0.088
666.77,7.236,23.681,-0.3532,6.620,23.822,0.198,-0.020
666.97,7.249,23.675,-0.3564,6.633,23.816,0.185,0.012
667.17,7.262,23.655,-0.3926,6.644,23.797,0.163,-0.032
667.37,7.288,23.641,-0.4007,6.666,23.781,0.167,-0.062
667.57,7.323,23.625,-0.4006,6.700,23.765,0.190,-0.008
667.77,7.354,23.612,-0.4006,6.732,23.752,0.204,0.024
667.97,7.374,23.603,-0.4011,6.753,23.742,0.196,0.031
668.17,7.399,23.592,-0.4012,6.775,23.733,0.178,0.036
668.37,7.435,23.577,-0.4011,6.809,23.718,0.187,0.039
668.57,7.474,23.560,-0.4011,6.847,23.701,0.202,0.041
668.77,7.510,23.545,-0.4011,6.883,23.686,0.208,0.042
668.97,7.543,23.531,-0.4011,6.917,23.671,0.204,0.042
669.17,7.579,23.516,-0.4011,6.952,23.656,0.239,0.009
669.37,7.617,23.500,-0.4011,6.989,23.640,0.257,0.018
669.57,7.655,23.483,-0.4010,7.028,23.624,0.257,0.035
669.77,7.696,23.466,-0.4010,7.067,23.607,0.252,0.040
669.97,7.742,23.447,-0.4010,7.112,23.588,0.254,0.042
670.17,7.790,23.427,-0.4010,7.160,23.568,0.262,0.043
670.37,7.837,23.407,-0.4009,7.207,23.548,0.267,0.044
670.57,7.884,23.387,-0.4009,7.254,23.528,0.265,0.046
670.77,7.932,23.366,-0.4009,7.301,23.508,0.263,0.045
670.97,7.981,23.345,-0.4008,7.350,23.487,0.261,0.048
671.17,8.030,23.325,-0.4008,7.399,23.467,0.261,0.038
671.37,8.079,23.304,-0.4007,7.448,23.446,0.258,0.043
671.57,8.127,23.284,-0.4007,7.496,23.425,0.253,0.046
671.77,8.175,23.263,-0.4006,7.544,23.405,0.245,0.051
671.97,8.222,23.243,-0.4005,7.592,23.385,0.260,0.059
672.17,8.270,23.222,-0.4004,7.639,23.364,0.264,0.073
672.37,8.317,23.202,-0.4002,7.687,23.344,0.251,0.105
672.57,8.363,23.183,-0.3999,7.733,23.325,0.231,0.114
672.77,8.402,23.166,-0.3993,7.772,23.308,0.211,0.115
672.97,8.431,23.154,-0.3985,7.801,23.296,0.173,0.113
673.17,8.448,23.147,-0.3984,7.818,23.290,0.132,0.110
673.37,8.462,23.145,-0.3896,7.830,23.289,0.091,0.115
673.57,8.484,23.147,-0.3610,7.850,23.292,0.092,0.156
673.77,8.504,23.150,-0.3321,7.870,23.297,0.111,0.213
673.97,8.519,23.149,-0.3141,7.886,23.297,0.127,0.210
674.17,8.530,23.149,-0.2909,7.897,23.297,0.126,0.190
674.37,8.540,23.150,-0.2183,7.906,23.298,0.129,0.268
674.57,8.550,23.158,-0.1253,7.916,23.305,0.132,0.332
674.77,8.556,23.171,-0.0420,7.922,23.317,0.133,0.388
674.97,8.557,23.177,0.0328,7.924,23.324,0.124,0.356
675.17,8.556,23.193,0.1602,7.924,23.339,0.113,0.425
675.37,8.549,23.226,0.2618,7.919,23.372,0.100,0.400
675.57,8.542,23.264,0.3597,7.913,23.412,0.103,0.354
675.77,8.536,23.303,0.4576,7.907,23.452,0.110,0.318
675.97,8.532,23.343,0.5976,7.903,23.494,0.123,0.402
676.17,8.526,23.357,0.7783,7.896,23.513,0.112,0.590
676.37,8.520,23.363,0.9409,7.889,23.519,0.086,0.657
676.57,8.513,23.373,1.1066,7.882,23.529,0.062,0.647
676.77,8.501,23.386,1.3376,7.872,23.541,0.054,0.807
676.97,8.480,23.398,1.5751,7.847,23.558,0.047,0.869
677.17,8.514,23.387,1.6994,7.876,23.544,0.009,0.702
677.37,8.565,23.386,1.8573,7.922,23.539,-0.022,0.613
677.57,8.623,23.393,2.0043,7.978,23.544,-0.041,0.565
677.77,8.685,23.389,2.1348,8.040,23.545,-0.062,0.557
677.97,8.737,23.356,2.2050,8.090,23.515,-0.154,0.360
678.17,8.793,23.326,2.2763,8.146,23.486,-0.186,0.288
678.37,8.839,23.307,2.3318,8.194,23.465,-0.193,0.232
678.57,8.878,23.293,2.3772,8.233,23.450,-0.174,0.157
678.77,8.911,23.280,2.4153,8.267,23.437,-0.152,0.095
678.97,8.940,23.268,2.4444,8.297,23.426,-0.137,0.052
679.17,8.957,23.258,2.4641,8.315,23.417,-0.117,0.033
679.37,8.977,23.249,2.4779,8.335,23.409,-0.105,0.045
679.57,8.993,23.238,2.4815,8.352,23.401,-0.095,0.013
679.77,9.013,23.223,2.4815,8.370,23.386,-0.095,-0.024
679.97,9.030,23.209,2.4815,8.388,23.373,-0.095,-0.073
680.17,9.046,23.197,2.4815,8.404,23.360,-0.090,-0.087
680.37,9.062,23.184,2.4815,8.420,23.348,-0.083,-0.092
680.57,9.077,23.173,2.4810,8.435,23.336,-0.076,-0.095
680.77,9.087,23.163,2.4748,8.444,23.325,-0.060,-0.120
680.97,9.096,23.153,2.4675,8.452,23.315,-0.046,-0.157
681.17,9.104,23.143,2.4602,8.460,23.305,-0.037,-0.172
681.37,9.115,23.129,2.4482,8.470,23.290,-0.032,-0.155
681.57,9.127,23.107,2.4262,8.482,23.269,-0.027,-0.159
681.77,9.140,23.082,2.3986,8.494,23.243,-0.021,-0.193
681.97,9.151,23.056,2.3705,8.506,23.216,-0.029,-0.225
682.17,9.161,23.032,2.3448,8.516,23.191,-0.055,-0.258
682.37,9.171,23.008,2.3180,8.526,23.165,-0.062,-0.239
682.57,9.180,22.979,2.2865,8.536,23.136,-0.057,-0.232
682.77,9.189,22.948,2.2500,8.545,23.105,-0.047,-0.236
682.97,9.198,22.914,2.2122,8.553,23.072,-0.050,-0.271
683.17,9.207,22.887,2.1737,8.560,23.042,-0.060,-0.281
683.37,9.214,22.888,2.0754,8.569,23.041,-0.019,-0.400
683.57,9.213,22.876,2.0158,8.568,23.028,0.013,-0.487
683.77,9.212,22.865,1.9081,8.566,23.018,0.034,-0.516
683.97,9.212,22.847,1.7985,8.566,23.002,0.037,-0.597
684.17,9.202,22.822,1.6428,8.559,22.978,0.031,-0.693
684.37,9.205,22.811,1.4989,8.560,22.966,0.050,-0.766
684.57,9.242,22.838,1.3369,8.594,22.992,0.109,-0.743
684.77,9.294,22.883,1.1936,8.642,23.038,0.183,-0.703
684.97,9.362,22.928,1.0267,8.706,23.084,0.275,-0.719
685.17,9.419,22.975,0.8832,8.766,23.128,0.335,-0.785
685.37,9.436,23.026,0.8151,8.786,23.178,0.340,-0.633
685.57,9.452,23.070,0.7563,8.804,23.223,0.300,-0.448
685.77,9.468,23.107,0.7035,8.821,23.262,0.274,-0.406
685.97,9.486,23.141,0.6547,8.838,23.296,0.241,-0.360
686.17,9.514,23.171,0.5832,8.863,23.329,0.226,-0.300
686.37,9.548,23.196,0.5114,8.896,23.357,0.230,-0.332
686.57,9.576,23.203,0.4733,8.926,23.369,0.227,-0.314
686.77,9.605,23.207,0.4370,8.954,23.372,0.208,-0.255
686.97,9.638,23.209,0.4002,8.987,23.374,0.199,-0.261
687.17,9.669,23.209,0.3642,9.018,23.373,0.196,-0.275
687.37,9.698,23.210,0.3303,9.046,23.373,0.192,-0.271
687.57,9.726,23.209,0.2992,9.074,23.371,0.188,-0.265
687.77,9.755,23.207,0.2672,9.103,23.369,0.188,-0.261
687.97,9.785,23.204,0.2340,9.132,23.365,0.188,-0.260
688.17,9.818,23.200,0.1977,9.164,23.360,0.192,-0.260
688.37,9.861,23.192,0.1546,9.206,23.352,0.206,-0.244
688.57,9.901,23.184,0.1186,9.247,23.346,0.215,-0.207
688.77,9.933,23.176,0.0852,9.279,23.337,0.208,-0.154
688.97,9.967,23.166,0.0501,9.312,23.327,0.201,-0.126
689.17,10.001,23.154,0.0158,9.346,23.315,0.196,-0.117
689.37,10.035,23.143,-0.0151,9.379,23.303,0.215,-0.115
689.57,10.071,23.131,-0.0421,9.414,23.290,0.240,-0.128
689.77,10.107,23.120,-0.0665,9.449,23.277,0.248,-0.112
689.97,10.144,23.109,-0.0881,9.485,23.264,0.237,-0.092
690.17,10.178,23.099,-0.1045,9.518,23.253,0.224,-0.088
690.37,10.209,23.090,-0.1169,9.548,23.243,0.219,-0.082
690.57,10.243,23.085,-0.1218,9.580,23.235,0.221,-0.051
690.77,10.279,23.078,-0.1250,9.615,23.229,0.225,-0.021
690.97,10.321,23.069,-0.1325,9.655,23.219,0.232,-0.015
691.17,10.369,23.061,-0.1380,9.703,23.209,0.249,-0.019
691.37,10.415,23.055,-0.1384,9.750,23.201,0.262,-0.001
691.57,10.460,23.049,-0.1384,9.795,23.195,0.263,0.021
691.77,10.506,23.042,-0.1384,9.841,23.188,0.264,0.031
691.97,10.557,23.036,-0.1384,9.891,23.181,0.268,0.035
692.17,10.609,23.029,-0.1384,9.943,23.174,0.273,0.036
692.37,10.661,23.021,-0.1383,9.994,23.167,0.313,0.015
692.57,10.713,23.014,-0.1383,10.047,23.160,0.320,0.023
692.77,10.766,23.007,-0.1383,10.100,23.153,0.305,0.040
692.97,10.824,22.998,-0.1382,10.157,23.144,0.298,0.046
693.17,10.888,22.989,-0.1382,10.219,23.135,0.301,0.056
693.37,10.950,22.979,-0.1382,10.282,23.126,0.302,0.031
693.57,11.010,22.971,-0.1381,10.343,23.117,0.295,0.034
693.77,11.072,22.962,-0.1375,10.405,23.109,0.294,0.030
693.97,11.135,22.953,-0.1372,10.469,23.100,0.305,0.021
694.17,11.194,22.944,-0.1372,10.529,23.092,0.356,0.001
694.37,11.253,22.936,-0.1372,10.588,23.083,0.359,-0.001
694.57,11.311,22.929,-0.1373,10.646,23.076,0.338,0.008
694.77,11.376,22.923,-0.1373,10.709,23.070,0.327,0.014
694.97,11.447,22.912,-0.1374,10.779,23.060,0.332,0.017
695.17,11.517,22.900,-0.1373,10.850,23.048,0.338,0.019
695.37,11.582,22.893,-0.1373,10.915,23.040,0.334,-0.004
695.57,11.645,22.885,-0.1373,10.979,23.032,0.322,-0.006
695.77,11.711,22.875,-0.1373,11.045,23.022,0.335,0.003
695.97,11.778,22.864,-0.1373,11.112,23.012,0.366,0.003
696.17,11.843,22.856,-0.1374,11.177,23.003,0.362,0.014
696.37,11.907,22.846,-0.1374,11.241,22.994,0.347,0.020
696.57,11.978,22.836,-0.1373,11.310,22.984,0.341,0.023
696.77,12.051,22.825,-0.1372,11.383,22.972,0.343,0.027
696.97,12.121,22.815,-0.1372,11.454,22.962,0.343,0.028
697.17,12.189,22.806,-0.1372,11.523,22.953,0.337,0.028
697.37,12.256,22.796,-0.1372,11.590,22.943,0.327,0.029
697.57,12.324,22.786,-0.1372,11.657,22.933,0.322,-0.082
697.77,12.391,22.777,-0.1372,11.725,22.924,0.314,-0.064
697.97,12.459,22.769,-0.1370,11.792,22.915,0.365,-0.046
698.17,12.528,22.759,-0.1385,11.861,22.906,0.371,-0.034
698.37,12.592,22.749,-0.1407,11.925,22.895,0.355,-0.032
698.57,12.661,22.739,-0.1409,11.994,22.885,0.343,-0.030
698.77,12.734,22.729,-0.1410,12.067,22.874,0.342,-0.024
698.97,12.806,22.719,-0.1411,12.139,22.865,0.342,-0.020
699.17,12.874,22.709,-0.1412,12.208,22.854,0.332,-0.019
699.37,12.942,22.700,-0.1412,12.275,22.845,0.322,-0.021
699.57,13.009,22.690,-0.1413,12.343,22.836,0.341,-0.020
699.77,13.076,22.681,-0.1413,12.410,22.827,0.371,-0.023
699.97,13.142,22.673,-0.1413,12.476,22.819,0.362,-0.014
700.17,13.207,22.664,-0.1413,12.540,22.810,0.342,-0.007
700.37,13.278,22.653,-0.1414,12.610,22.800,0.338,-0.004
700.57,13.350,22.643,-0.1414,12.682,22.789,0.340,-0.003
700.77,13.420,22.633,-0.1414,12.753,22.779,0.338,-0.004
700.97,13.486,22.624,-0.1414,12.819,22.769,0.328,-0.005
701.17,13.552,22.614,-0.1415,12.886,22.760,0.317,-0.007
701.37,13.619,22.605,-0.1415,12.953,22.751,0.363,-0.022
701.57,13.686,22.596,-0.1415,13.019,22.741,0.366,-0.011
701.77,13.749,22.587,-0.1415,13.083,22.732,0.345,0.004
701.97,13.816,22.577,-0.1415,13.150,22.722,0.335,0.007
702.17,13.887,22.566,-0.1416,13.221,22.712,0.336,0.008
702.37,13.957,22.556,-0.1416,13.291,22.702,0.336,0.009
702.57,14.025,22.546,-0.1415,13.360,22.692,0.333,0.008
702.77,14.092,22.536,-0.1415,13.427,22.682,0.323,0.009
702.97,14.159,22.526,-0.1415,13.494,22.672,0.315,0.008
703.17,14.226,22.516,-0.1415,13.561,22.662,0.367,-0.012
703.37,14.291,22.506,-0.1415,13.627,22.652,0.364,-0.001
703.57,14.355,22.497,-0.1415,13.691,22.642,0.342,0.014
703.77,14.422,22.486,-0.1415,13.758,22.632,0.332,0.017
703.97,14.494,22.476,-0.1415,13.829,22.622,0.333,0.018
704.17,14.564,22.466,-0.1416,13.899,22.611,0.334,0.020
704.37,14.631,22.456,-0.1416,13.967,22.602,0.328,0.021
704.57,14.696,22.446,-0.1417,14.033,22.592,0.316,0.023
704.77,14.763,22.437,-0.1418,14.099,22.583,0.347,-0.004
704.97,14.828,22.430,-0.1420,14.164,22.575,0.360,0.001
705.17,14.890,22.422,-0.1421,14.227,22.567,0.350,0.011
705.37,14.957,22.411,-0.1419,14.293,22.556,0.335,0.022
705.57,15.027,22.401,-0.1420,14.362,22.546,0.342,-0.103
705.77,15.097,22.391,-0.1420,14.433,22.537,0.345,-0.096
705.97,15.164,22.381,-0.1420,14.500,22.527,0.336,-0.070
706.17,15.226,22.371,-0.1456,14.563,22.516,0.320,-0.068
706.37,15.285,22.361,-0.1492,14.621,22.505,0.302,-0.080
706.57,15.344,22.352,-0.1505,14.680,22.495,0.326,-0.068
706.77,15.398,22.344,-0.1511,14.733,22.487,0.337,-0.066
706.97,15.445,22.337,-0.1521,14.780,22.481,0.310,-0.051
707.17,15.497,22.329,-0.1528,14.830,22.474,0.291,-0.044
707.37,15.554,22.321,-0.1534,14.884,22.466,0.287,-0.043
707.57,15.614,22.312,-0.1536,14.942,22.458,0.291,-0.044
707.77,15.671,22.303,-0.1540,15.001,22.447,0.297,-0.044
707.97,15.722,22.295,-0.1542,15.051,22.439,0.283,-0.043
708.17,15.773,22.287,-0.1544,15.102,22.430,0.274,-0.043
708.37,15.827,22.278,-0.1545,15.155,22.421,0.267,-0.043
708.57,15.880,22.270,-0.1545,15.208,22.412,0.264,-0.046
708.77,15.931,22.261,-0.1546,15.259,22.404,0.282,-0.035
708.97,15.982,22.253,-0.1547,15.310,22.396,0.314,-0.043
709.17,16.030,22.246,-0.1549,15.358,22.388,0.307,-0.033
709.37,16.078,22.238,-0.1551,15.405,22.380,0.289,-0.026
709.57,16.136,22.229,-0.1552,15.461,22.371,0.287,-0.023
709.77,16.195,22.220,-0.1553,15.520,22.362,0.294,-0.024
709.97,16.252,22.211,-0.1555,15.578,22.353,0.297,-0.024
710.17,16.307,22.203,-0.1556,15.634,22.344,0.291,-0.025
710.37,16.365,22.195,-0.1558,15.691,22.337,0.286,-0.027
710.57,16.424,22.185,-0.1558,15.749,22.327,0.285,-0.028
710.77,16.481,22.176,-0.1559,15.807,22.318,0.282,-0.029
710.97,16.537,22.167,-0.1559,15.863,22.309,0.317,-0.029
711.17,16.591,22.158,-0.1560,15.918,22.300,0.333,-0.029
711.37,16.645,22.150,-0.1560,15.973,22.291,0.321,-0.015
711.57,16.700,22.141,-0.1561,16.027,22.282,0.306,-0.008
711.77,16.760,22.131,-0.1563,16.087,22.272,0.302,-0.007
711.97,16.823,22.121,-0.1563,16.150,22.262,0.308,-0.008
712.17,16.883,22.112,-0.1564,16.211,22.253,0.307,-0.008
712.37,16.941,22.103,-0.1565,16.270,22.243,0.299,-0.010
712.57,16.999,22.094,-0.1565,16.328,22.234,0.291,-0.012
712.77,17.058,22.084,-0.1565,16.387,22.225,0.287,-0.013
712.97,17.116,22.075,-0.1566,16.446,22.216,0.334,-0.025
713.17,17.173,22.067,-0.1566,16.503,22.207,0.336,-0.014
713.37,17.228,22.059,-0.1567,16.559,22.199,0.321,-0.002
713.57,17.287,22.051,-0.1567,16.617,22.190,0.310,0.003
713.77,17.352,22.040,-0.1568,16.682,22.180,0.312,0.004
713.97,17.417,22.029,-0.1568,16.746,22.170,0.316,0.005
714.17,17.478,22.019,-0.1568,16.809,22.160,0.314,0.004
714.37,17.539,22.009,-0.1568,16.870,22.150,0.308,0.003
714.57,17.600,21.999,-0.1567,16.932,22.140,0.301,0.003
714.77,17.662,21.989,-0.1567,16.994,22.129,0.296,0.005
714.97,17.722,21.981,-0.1568,17.054,22.121,0.341,-0.015
715.17,17.781,21.971,-0.1567,17.115,22.111,0.343,-0.003
715.37,17.841,21.962,-0.1566,17.174,22.102,0.329,0.009
715.57,17.904,21.952,-0.1564,17.237,22.092,0.321,0.014
715.77,17.972,21.942,-0.1564,17.304,22.082,0.322,0.016
715.97,18.038,21.932,-0.1563,17.371,22.072,0.323,0.018
716.17,18.101,21.922,-0.1563,17.435,22.062,0.318,0.018
716.37,18.165,21.912,-0.1562,17.499,22.052,0.311,0.016
716.57,18.229,21.901,-0.1561,17.563,22.041,0.302,0.017
716.77,18.292,21.891,-0.1561,17.626,22.031,0.347,-0.008
716.97,18.353,21.881,-0.1560,17.688,22.021,0.350,0.005
717.17,18.414,21.871,-0.1560,17.749,22.011,0.339,0.014
717.37,18.476,21.861,-0.1559,17.811,22.001,0.324,0.022
717.57,18.547,21.853,-0.1556,17.880,21.992,0.324,0.025
717.77,18.618,21.844,-0.1555,17.951,21.982,0.329,0.028
717.97,18.682,21.833,-0.1555,18.017,21.972,0.322,0.029
718.17,18.745,21.823,-0.1555,18.080,21.962,0.312,0.028
718.37,18.808,21.813,-0.1555,18.144,21.952,0.301,0.029
718.57,18.871,21.803,-0.1555,18.207,21.942,0.334,0.001
718.77,18.933,21.793,-0.1555,18.269,21.932,0.356,-0.081
718.97,18.992,21.783,-0.1554,18.329,21.922,0.344,-0.097
719.17,19.054,21.773,-0.1554,18.390,21.912,0.330,-0.058
719.37,19.121,21.763,-0.1558,18.457,21.901,0.328,-0.046
719.57,19.173,21.754,-0.1570,18.510,21.892,0.318,-0.044
719.77,19.223,21.746,-0.1574,18.558,21.884,0.282,-0.046
719.97,19.283,21.737,-0.1575,18.616,21.874,0.278,-0.046
720.17,19.343,21.727,-0.1576,18.676,21.864,0.284,-0.046
720.37,19.398,21.719,-0.1578,18.732,21.855,0.281,-0.048
720.57,19.449,21.711,-0.1580,18.783,21.847,0.308,-0.040
720.77,19.505,21.703,-0.1581,18.839,21.838,0.325,-0.041
720.97,19.564,21.693,-0.1584,18.897,21.829,0.321,-0.029
721.17,19.623,21.684,-0.1586,18.956,21.819,0.315,-0.026
721.37,19.689,21.673,-0.1587,19.021,21.809,0.317,-0.026
721.57,19.753,21.662,-0.1588,19.085,21.798,0.321,-0.026
721.77,19.817,21.652,-0.1588,19.149,21.788,0.317,-0.026
721.97,19.879,21.642,-0.1588,19.212,21.777,0.312,-0.027
722.17,19.943,21.632,-0.1588,19.275,21.767,0.306,-0.028
722.37,20.006,21.621,-0.1588,19.339,21.757,0.301,-0.030
722.57,20.069,21.611,-0.1588,19.401,21.747,0.350,-0.029
722.77,20.130,21.602,-0.1589,19.463,21.737,0.348,-0.016
722.97,20.189,21.592,-0.1590,19.522,21.727,0.333,-0.008
723.17,20.254,21.582,-0.1590,19.586,21.717,0.323,-0.006
723.37,20.323,21.571,-0.1590,19.655,21.706,0.326,-0.005
723.57,20.391,21.561,-0.1591,19.723,21.695,0.330,-0.006
723.77,20.456,21.550,-0.1590,19.789,21.685,0.325,-0.008
723.97,20.520,21.539,-0.1591,19.853,21.674,0.316,-0.010
724.17,20.584,21.529,-0.1591,19.917,21.664,0.307,-0.011
724.37,20.648,21.518,-0.1591,19.981,21.653,0.353,-0.016
724.57,20.712,21.508,-0.1591,20.045,21.643,0.356,-0.005
724.77,20.776,21.501,-0.1589,20.108,21.635,0.342,-0.001
724.97,20.841,21.490,-0.1589,20.173,21.625,0.332,0.002
725.17,20.913,21.479,-0.1590,20.244,21.614,0.333,0.006
725.37,20.983,21.468,-0.1590,20.315,21.603,0.337,0.007
725.57,21.051,21.457,-0.1590,20.383,21.593,0.332,0.007
725.77,21.117,21.447,-0.1590,20.449,21.583,0.322,0.006
725.97,21.183,21.436,-0.1591,20.515,21.572,0.336,0.000
726.17,21.249,21.426,-0.1591,20.581,21.562,0.364,-0.005
726.37,21.313,21.415,-0.1592,20.646,21.551,0.357,0.009
726.57,21.376,21.405,-0.1592,20.708,21.541,0.341,0.016
726.77,21.443,21.393,-0.1592,20.774,21.530,0.330,0.018
726.97,21.515,21.383,-0.1592,20.845,21.519,0.330,0.021
727.17,21.584,21.372,-0.1592,20.915,21.508,0.333,0.021
727.37,21.650,21.361,-0.1592,20.982,21.498,0.327,0.023
727.57,21.715,21.351,-0.1593,21.047,21.487,0.317,0.023
727.77,21.781,21.340,-0.1593,21.112,21.477,0.327,0.011
727.97,21.846,21.330,-0.1593,21.177,21.467,0.354,0.008
728.17,21.909,21.319,-0.1593,21.241,21.456,0.347,0.020
728.37,21.971,21.310,-0.1592,21.303,21.446,0.331,0.029
728.57,22.037,21.299,-0.1592,21.367,21.436,0.322,0.033
728.77,22.106,21.288,-0.1592,21.436,21.425,0.323,0.035
728.97,22.175,21.277,-0.1591,21.505,21.414,0.322,0.035
729.17,22.240,21.267,-0.1591,21.571,21.404,0.318,0.036
729.37,22.304,21.256,-0.1591,21.635,21.393,0.306,0.037
729.57,22.369,21.246,-0.1591,21.700,21.383,0.318,0.022
729.77,22.433,21.235,-0.1591,21.763,21.373,0.344,0.022
729.97,22.496,21.226,-0.1591,21.826,21.363,0.345,-0.084
730.17,22.555,21.216,-0.1591,21.886,21.354,0.330,-0.057
730.37,22.620,21.205,-0.1591,21.950,21.343,0.323,-0.029
730.57,22.687,21.195,-0.1601,22.017,21.333,0.323,-0.021
730.77,22.748,21.185,-0.1613,22.078,21.322,0.319,-0.024
730.97,22.809,21.175,-0.1613,22.139,21.312,0.307,-0.027
731.17,22.872,21.164,-0.1613,22.201,21.302,0.302,-0.025
731.37,22.933,21.154,-0.1613,22.263,21.292,0.344,-0.003
731.57,22.992,21.144,-0.1613,22.323,21.282,0.346,0.004
731.77,23.051,21.135,-0.1613,22.382,21.273,0.332,0.011
731.97,23.118,21.125,-0.1613,22.448,21.263,0.328,0.013
732.17,23.186,21.114,-0.1613,22.515,21.251,0.332,-0.051
732.37,23.253,21.102,-0.1613,22.583,21.240,0.334,-0.047
732.57,23.318,21.092,-0.1613,22.648,21.229,0.328,-0.037
732.77,23.375,21.082,-0.1617,22.705,21.219,0.309,-0.036
732.97,23.434,21.072,-0.1619,22.763,21.209,0.297,-0.036
733.17,23.495,21.061,-0.1619,22.823,21.198,0.282,0.066
733.37,23.553,21.051,-0.1620,22.882,21.188,0.298,0.147
733.57,23.610,21.042,-0.1618,22.940,21.179,0.305,0.128
733.77,23.666,21.035,-0.1545,22.996,21.171,0.295,0.115
733.97,23.727,21.033,-0.1355,23.055,21.171,0.287,0.148
734.17,23.792,21.030,-0.1209,23.120,21.170,0.293,0.150
734.37,23.859,21.030,-0.1011,23.186,21.171,0.299,0.153
734.57,23.919,21.038,-0.0666,23.248,21.180,0.297,0.195
734.77,23.970,21.046,-0.0399,23.299,21.189,0.280,0.218
734.97,24.006,21.054,-0.0173,23.338,21.197,0.248,0.207
735.17,24.034,21.062,0.0055,23.366,21.206,0.209,0.180
735.37,24.059,21.070,0.0275,23.390,21.215,0.227,0.104
735.57,24.083,21.078,0.0483,23.414,21.224,0.215,0.107
735.77,24.109,21.084,0.0585,23.438,21.231,0.206,0.112
735.97,24.135,21.087,0.0620,23.462,21.235,0.200,0.107
736.17,24.159,21.092,0.0708,23.485,21.242,0.192,0.101
736.37,24.183,21.097,0.0784,23.507,21.248,0.190,0.104
736.57,24.203,21.101,0.0815,23.525,21.253,0.178,0.094
736.77,24.219,21.101,0.0854,23.540,21.254,0.170,0.079
736.97,24.243,21.096,0.1053,23.560,21.247,0.173,0.115
737.17,24.266,21.093,0.1209,23.582,21.243,0.181,0.144
737.37,24.289,21.090,0.1380,23.603,21.236,0.182,0.143
737.57,24.311,21.086,0.1572,23.625,21.231,0.184,0.144
737.77,24.337,21.082,0.1912,23.650,21.225,0.188,0.171
737.97,24.362,21.082,0.2215,23.675,21.224,0.202,0.192
738.17,24.378,21.087,0.2389,23.694,21.228,0.194,0.159
738.37,24.403,21.087,0.2730,23.717,21.227,0.187,0.148
738.57,24.430,21.087,0.3118,23.745,21.227,0.193,0.171
738.77,24.457,21.084,0.3589,23.772,21.223,0.198,0.184
738.97,24.488,21.077,0.4060,23.803,21.216,0.196,0.196
739.17,24.523,21.073,0.4467,23.838,21.209,0.200,0.194
739.37,24.561,21.068,0.4926,23.877,21.202,0.207,0.188
739.57,24.589,21.052,0.5670,23.908,21.186,0.209,0.247
739.77,24.617,21.043,0.6431,23.936,21.175,0.229,0.273
739.97,24.645,21.033,0.7129,23.965,21.164,0.200,0.269
740.17,24.676,21.025,0.7898,23.995,21.155,0.202,0.243
740.37,24.715,21.021,0.8979,24.034,21.149,0.201,0.301
740.57,24.748,21.036,1.0133,24.068,21.161,0.198,0.407
740.77,24.776,21.057,1.0499,24.098,21.181,0.212,0.281
740.97,24.796,21.076,1.0802,24.120,21.199,0.200,0.156
741.17,24.811,21.091,1.1155,24.137,21.215,0.186,0.098
741.37,24.815,21.105,1.2555,24.145,21.229,0.162,0.268
741.57,24.804,21.128,1.3567,24.135,21.250,0.137,0.399
741.77,24.796,21.152,1.3935,24.128,21.273,0.133,0.262
741.97,24.792,21.174,1.4211,24.121,21.295,0.141,0.142
742.17,24.781,21.190,1.5497,24.111,21.313,0.130,0.190
742.37,24.768,21.195,1.7269,24.098,21.319,0.085,0.555
742.57,24.750,21.192,1.8144,24.081,21.318,0.038,0.523
742.77,24.734,21.194,1.8540,24.063,21.318,0.035,0.296
742.97,24.700,21.198,2.0116,24.030,21.322,0.035,0.296
743.17,24.684,21.190,2.3027,24.010,21.315,0.035,0.296
743.37,24.700,21.205,2.4644,24.027,21.324,0.035,0.296
743.57,24.730,21.205,2.5117,24.055,21.330,0.035,0.296
743.77,24.762,21.198,2.5475,24.087,21.325,0.035,0.296
743.97,24.781,21.193,2.5727,24.109,21.320,-0.035,0.144
744.17,24.779,21.186,2.6140,24.110,21.313,-0.057,0.096
744.37,24.777,21.176,2.6373,24.107,21.302,-0.050,0.085
744.57,24.778,21.167,2.6586,24.106,21.292,-0.047,0.073
744.77,24.779,21.160,2.6747,24.106,21.283,-0.047,0.057
744.97,24.784,21.154,2.6831,24.107,21.274,-0.049,0.024
745.17,24.793,21.150,2.6834,24.115,21.268,-0.054,-0.020
745.37,24.802,21.145,2.6834,24.124,21.264,-0.059,-0.059
745.57,24.809,21.141,2.6813,24.130,21.259,-0.060,-0.080
745.77,24.811,21.133,2.6642,24.132,21.250,-0.050,-0.122
745.97,24.809,21.124,2.6325,24.130,21.241,-0.032,-0.202
746.17,24.802,21.115,2.5833,24.124,21.231,-0.020,-0.261
746.37,24.791,21.096,2.5241,24.114,21.213,-0.005,-0.319
746.57,24.777,21.071,2.4448,24.101,21.187,-0.003,-0.382
746.77,24.763,21.047,2.3705,24.085,21.162,0.001,-0.449
746.97,24.745,21.019,2.2868,24.067,21.135,0.002,-0.494
747.17,24.736,21.007,2.2067,24.054,21.121,0.006,-0.506
747.37,24.771,21.028,2.1000,24.082,21.142,0.018,-0.537
747.57,24.819,21.036,1.9739,24.129,21.154,0.021,-0.601
747.77,24.873,21.028,1.8372,24.184,21.149,0.010,-0.664
747.97,24.881,20.990,1.7283,24.204,21.114,-0.014,-0.685
748.17,24.866,20.950,1.6745,24.191,21.071,-0.043,-0.501
748.37,24.851,20.932,1.5654,24.179,21.049,-0.021,-0.381
748.57,24.823,20.929,1.2970,24.152,21.043,0.048,-0.803
748.77,24.802,20.923,1.0809,24.130,21.038,0.081,-0.974
748.97,24.792,20.917,0.8852,24.119,21.033,0.095,-0.885
749.17,24.795,20.909,0.5152,24.121,21.028,0.115,-0.999
749.37,24.798,20.882,0.0598,24.129,21.009,0.112,-1.007
749.57,24.764,20.892,-0.3100,24.096,21.007,0.047,-1.007
749.77,24.741,20.895,-0.7370,24.073,21.004,0.018,-1.001
749.97,24.718,20.981,-0.8779,24.039,21.088,-0.095,-0.921
750.17,24.699,21.011,-0.9352,24.018,21.121,-0.093,-0.576
750.37,24.706,21.050,-1.1289,24.020,21.160,-0.043,-0.532
750.57,24.728,21.100,-1.4479,24.037,21.211,-0.068,-0.964
750.77,24.744,21.160,-1.6487,24.052,21.267,-0.111,-1.002
750.97,24.761,21.199,-1.6961,24.067,21.307,-0.118,-0.628
751.17,24.787,21.211,-1.8944,24.092,21.324,-0.080,-0.496
751.37,24.801,21.207,-2.3126,24.107,21.322,-0.066,-0.933
751.57,24.817,21.198,-2.7585,24.122,21.316,-0.035,-1.009
751.77,24.839,21.187,-3.0521,24.141,21.308,-0.079,-1.010
751.97,24.847,21.178,2.8336,24.151,21.300,-0.080,-1.007
752.17,24.860,21.084,2.4861,24.177,21.218,-0.097,-1.008
752.37,24.884,21.047,2.1536,24.189,21.182,-0.109,-1.004
752.57,24.906,21.025,1.7961,24.209,21.160,-0.070,-1.000
752.77,24.889,20.964,1.7173,24.199,21.101,-0.086,-0.866
752.97,24.874,20.921,1.6541,24.184,21.055,-0.095,-0.579
753.17,24.857,20.898,1.5338,24.170,21.029,-0.064,-0.459
753.37,24.821,20.890,1.1590,24.137,21.017,0.011,-0.907
753.57,24.789,20.877,0.8053,24.106,21.005,0.061,-1.025
753.77,24.765,20.856,0.5645,24.086,20.987,0.051,-1.014
753.97,24.725,20.830,0.4684,24.049,20.962,0.009,-0.799
754.17,24.701,20.801,0.4147,24.024,20.933,-0.005,-0.466
754.37,24.678,20.776,0.3680,24.001,20.907,0.008,-0.283
754.57,24.655,20.755,0.3227,23.977,20.886,-0.008,-0.250
754.77,24.631,20.737,0.2781,23.954,20.867,-0.006,-0.244
754.97,24.607,20.717,0.2394,23.931,20.847,0.010,-0.234
755.17,24.582,20.698,0.2026,23.905,20.827,0.013,-0.222
755.37,24.557,20.681,0.1681,23.882,20.809,0.018,-0.219
755.57,24.529,20.663,0.1311,23.854,20.791,0.025,-0.207
755.77,24.501,20.644,0.0947,23.826,20.771,0.035,-0.180
755.97,24.465,20.626,0.0523,23.791,20.751,0.018,-0.173
756.17,24.423,20.607,0.0046,23.749,20.731,-0.010,-0.179
756.37,24.380,20.589,-0.0425,23.704,20.711,-0.030,-0.187
756.57,24.342,20.577,-0.0821,23.664,20.695,-0.041,-0.183
756.77,24.310,20.567,-0.1169,23.629,20.683,-0.021,-0.138
756.97,24.283,20.560,-0.1459,23.600,20.675,0.002,-0.111
757.17,24.261,20.555,-0.1688,23.577,20.669,0.023,-0.075
757.37,24.237,20.551,-0.1925,23.553,20.664,0.031,-0.038
757.57,24.216,20.547,-0.2129,23.529,20.660,0.032,-0.026
757.77,24.200,20.545,-0.2257,23.510,20.658,0.037,-0.012
757.97,24.198,20.544,-0.2297,23.503,20.656,0.053,0.006
758.17,24.204,20.543,-0.2297,23.508,20.655,0.086,0.028
758.37,24.212,20.541,-0.2297,23.514,20.653,0.110,0.048
758.57,24.220,20.539,-0.2297,23.522,20.651,0.122,0.057
758.77,24.233,20.536,-0.2297,23.534,20.648,0.129,0.060
758.97,24.253,20.532,-0.2297,23.553,20.644,0.142,0.061
759.17,24.273,20.527,-0.2295,23.572,20.639,0.154,0.068
759.37,24.296,20.521,-0.2264,23.593,20.632,0.160,0.081
759.57,24.326,20.511,-0.2195,23.622,20.619,0.176,0.109
759.77,24.359,20.501,-0.2120,23.654,20.606,0.189,0.123
759.97,24.391,20.490,-0.2022,23.687,20.594,0.196,0.133
760.17,24.418,20.480,-0.1883,23.715,20.581,0.196,0.147
760.37,24.432,20.480,-0.1836,23.728,20.581,0.163,0.136
760.57,24.441,20.477,-0.1800,23.737,20.579,0.142,0.076
760.77,24.462,20.461,-0.1520,23.754,20.563,0.136,0.090
760.97,24.493,20.445,-0.1342,23.782,20.545,0.168,0.143
761.17,24.524,20.440,-0.1362,23.813,20.537,0.184,0.092
761.37,24.554,20.436,-0.1331,23.844,20.534,0.189,0.066
761.57,24.579,20.440,-0.1159,23.870,20.538,0.182,0.096
761.77,24.602,20.442,-0.1041,23.892,20.542,0.173,0.131
761.97,24.626,20.440,-0.1035,23.914,20.541,0.164,0.111
762.17,24.655,20.436,-0.1034,23.941,20.537,0.162,0.071
762.37,24.689,20.434,-0.0999,23.974,20.534,0.203,0.053
762.57,24.714,20.437,-0.0838,23.999,20.539,0.212,0.096
762.77,24.737,20.438,-0.0776,24.021,20.542,0.200,0.125
762.97,24.767,20.437,-0.0776,24.047,20.540,0.192,0.100
763.17,24.801,20.433,-0.0776,24.079,20.537,0.198,0.077
763.37,24.836,20.429,-0.0774,24.113,20.533,0.205,0.065
763.57,24.863,20.430,-0.0709,24.141,20.534,0.205,0.077
763.77,24.884,20.429,-0.0701,24.161,20.533,0.189,0.093
763.97,24.911,20.427,-0.0698,24.184,20.531,0.172,0.064
764.17,24.936,20.424,-0.0691,24.208,20.526,0.174,0.063
764.37,24.958,20.422,-0.0690,24.229,20.523,0.170,0.064
764.57,24.981,20.421,-0.0690,24.249,20.522,0.165,0.060
764.77,25.007,20.419,-0.0691,24.273,20.520,0.165,0.060
764.97,25.033,20.417,-0.0690,24.297,20.517,0.168,0.061
765.17,25.061,20.415,-0.0689,24.322,20.515,0.178,0.012
765.37,25.092,20.412,-0.0686,24.352,20.513,0.185,-0.002
765.57,25.123,20.410,-0.0682,24.382,20.511,0.194,0.017
765.77,25.157,20.408,-0.0680,24.415,20.508,0.200,0.024
765.97,25.192,20.405,-0.0680,24.450,20.505,0.206,0.024
766.17,25.230,20.403,-0.0681,24.487,20.502,0.211,-0.009
766.37,25.269,20.400,-0.0682,24.526,20.499,0.214,-0.009
766.57,25.309,20.397,-0.0682,24.566,20.496,0.217,0.001
766.77,25.351,20.394,-0.0683,24.607,20.493,0.261,0.005
766.97,25.393,20.392,-0.0684,24.648,20.490,0.272,0.012
767.17,25.436,20.389,-0.0684,24.691,20.487,0.265,0.020
767.37,25.483,20.386,-0.0685,24.737,20.484,0.261,0.002
767.57,25.536,20.382,-0.0685,24.789,20.480,0.269,0.010
767.77,25.590,20.378,-0.0686,24.843,20.477,0.278,0.014
767.97,25.642,20.375,-0.0687,24.895,20.473,0.279,0.016
768.17,25.694,20.372,-0.0686,24.947,20.470,0.278,0.016
768.37,25.748,20.367,-0.0686,25.001,20.466,0.274,0.029
768.57,25.803,20.364,-0.0686,25.056,20.462,0.273,0.028
768.77,25.858,20.360,-0.0686,25.111,20.458,0.271,0.027
768.97,25.911,20.356,-0.0686,25.165,20.454,0.283,0.019
769.17,25.965,20.352,-0.0686,25.219,20.450,0.298,0.024
769.37,26.017,20.348,-0.0686,25.272,20.446,0.272,0.157
769.57,26.070,20.344,-0.0686,25.325,20.442,0.240,0.144
769.77,26.127,20.340,-0.0686,25.381,20.438,0.223,0.129
769.97,26.175,20.337,-0.0663,25.432,20.434,0.210,0.117
770.17,26.193,20.338,-0.0616,25.454,20.435,0.158,0.111
770.37,26.213,20.326,-0.0291,25.471,20.425,0.121,0.160
770.57,26.240,20.311,0.0134,25.496,20.408,0.123,0.261
770.77,26.272,20.306,0.0299,25.527,20.402,0.126,0.261
770.97,26.302,20.297,0.0560,25.557,20.392,0.121,0.234
771.17,26.335,20.287,0.0917,25.589,20.381,0.125,0.235
771.37,26.373,20.276,0.1351,25.626,20.369,0.144,0.187
771.57,26.417,20.265,0.1822,25.669,20.357,0.171,0.214
771.77,26.456,20.259,0.2258,25.709,20.349,0.177,0.245
771.97,26.494,20.253,0.2666,25.748,20.342,0.173,0.256
772.17,26.529,20.248,0.3014,25.784,20.337,0.165,0.246
772.37,26.564,20.246,0.3371,25.819,20.333,0.156,0.236
772.57,26.600,20.245,0.3753,25.855,20.331,0.152,0.223
772.77,26.637,20.246,0.4142,25.892,20.330,0.164,0.190
772.97,26.673,20.248,0.4521,25.928,20.331,0.167,0.192
773.17,26.708,20.252,0.4887,25.964,20.333,0.165,0.198
773.37,26.743,20.257,0.5234,25.999,20.337,0.138,0.142
773.57,26.779,20.264,0.5591,26.035,20.342,0.119,0.126
773.77,26.817,20.272,0.5972,26.073,20.349,0.108,0.135
773.97,26.855,20.282,0.6358,26.112,20.357,0.122,0.153
774.17,26.890,20.293,0.6679,26.148,20.367,0.136,0.159
774.37,26.918,20.304,0.6940,26.179,20.376,0.130,0.150
774.57,26.940,20.313,0.7154,26.204,20.384,0.119,0.138
774.77,26.960,20.322,0.7339,26.224,20.392,0.101,0.136
774.97,26.981,20.333,0.7535,26.245,20.400,0.089,0.146
775.17,26.999,20.343,0.7709,26.264,20.409,0.089,0.151
775.37,27.016,20.354,0.7860,26.282,20.417,0.091,0.149
775.57,27.033,20.364,0.8011,26.298,20.426,0.103,0.163
775.77,27.050,20.374,0.8172,26.316,20.434,0.119,0.166
775.97,27.067,20.385,0.8339,26.333,20.442,0.132,0.178
776.17,27.087,20.397,0.8540,26.353,20.452,0.142,0.192
776.37,27.107,20.411,0.8757,26.374,20.463,0.145,0.205
776.57,27.128,20.425,0.8990,26.395,20.476,0.139,0.209
776.77,27.150,20.440,0.9243,26.418,20.489,0.147,0.215
776.97,27.173,20.456,0.9516,26.441,20.503,0.154,0.222
777.17,27.196,20.472,0.9794,26.464,20.519,0.156,0.229
777.37,27.218,20.490,1.0078,26.487,20.534,0.147,0.233
777.57,27.239,20.507,1.0362,26.510,20.550,0.143,0.238
777.77,27.259,20.524,1.0693,26.531,20.567,0.136,0.237
777.97,27.276,20.544,1.1129,26.549,20.586,0.132,0.236
778.17,27.283,20.565,1.1420,26.558,20.608,0.159,0.211
778.37,27.284,20.593,1.1707,26.559,20.634,0.185,0.172
778.57,27.285,20.622,1.2017,26.560,20.663,0.206,0.154
778.77,27.285,20.651,1.2315,26.559,20.693,0.211,0.136
778.97,27.286,20.681,1.2580,26.559,20.723,0.211,0.124
779.17,27.286,20.707,1.2798,26.558,20.749,0.208,0.099
779.37,27.288,20.726,1.2924,26.559,20.769,0.197,0.064
779.57,27.295,20.740,1.3078,26.564,20.782,0.180,0.026
779.77,27.309,20.760,1.3307,26.578,20.799,0.175,0.051
779.97,27.315,20.784,1.3317,26.586,20.820,0.182,0.019
780.17,27.323,20.816,1.3318,26.594,20.851,0.195,-0.034
780.37,27.331,20.847,1.3319,26.602,20.883,0.204,-0.056
780.57,27.339,20.880,1.3319,26.610,20.915,0.208,-0.072
780.77,27.348,20.917,1.3318,26.618,20.951,0.219,-0.107
780.97,27.357,20.955,1.3311,26.628,20.990,0.237,-0.133
781.17,27.365,20.985,1.3304,26.635,21.019,0.233,-0.135
781.37,27.369,21.008,1.3257,26.640,21.043,0.216,-0.150
781.57,27.371,21.025,1.3176,26.642,21.060,0.196,-0.171
781.77,27.375,21.039,1.3113,26.644,21.073,0.178,-0.165
781.97,27.383,21.055,1.2899,26.651,21.087,0.171,-0.180
782.17,27.404,21.076,1.2417,26.671,21.107,0.178,-0.220
782.37,27.420,21.100,1.2011,26.690,21.132,0.202,-0.276
782.57,27.422,21.121,1.1801,26.694,21.153,0.196,-0.239
782.77,27.424,21.145,1.1534,26.696,21.176,0.186,-0.208
782.97,27.426,21.172,1.1242,26.699,21.203,0.191,-0.195
783.17,27.430,21.203,1.0917,26.702,21.233,0.202,-0.192
783.37,27.436,21.242,1.0539,26.706,21.271,0.217,-0.220
783.57,27.445,21.286,1.0127,26.713,21.314,0.232,-0.258
783.77,27.456,21.336,0.9660,26.723,21.363,0.256,-0.282
783.97,27.471,21.389,0.9135,26.736,21.416,0.282,-0.298
784.17,27.488,21.441,0.8612,26.752,21.469,0.287,-0.327
784.37,27.506,21.487,0.8110,26.768,21.517,0.277,-0.333
784.57,27.524,21.531,0.7630,26.786,21.562,0.282,-0.320
784.77,27.544,21.572,0.7159,26.805,21.603,0.255,-0.271
784.97,27.561,21.604,0.6759,26.822,21.637,0.222,-0.256
785.17,27.576,21.630,0.6404,26.837,21.664,0.188,-0.232
785.37,27.592,21.653,0.6099,26.853,21.688,0.167,-0.204
785.57,27.608,21.671,0.5815,26.869,21.708,0.155,-0.180
785.77,27.623,21.690,0.5553,26.885,21.727,0.146,-0.163
785.97,27.638,21.710,0.5297,26.901,21.746,0.142,-0.159
786.17,27.656,21.731,0.5044,26.918,21.767,0.162,-0.150
786.37,27.676,21.753,0.4771,26.937,21.789,0.203,-0.180
786.57,27.698,21.776,0.4488,26.958,21.813,0.215,-0.195
786.77,27.722,21.799,0.4191,26.981,21.837,0.215,-0.201
786.97,27.747,21.822,0.3902,27.005,21.861,0.215,-0.205
787.17,27.772,21.843,0.3613,27.029,21.883,0.213,-0.207
787.37,27.799,21.864,0.3297,27.055,21.905,0.212,-0.222
787.57,27.832,21.890,0.2916,27.086,21.929,0.220,-0.237
787.77,27.874,21.919,0.2452,27.125,21.959,0.238,-0.252
787.97,27.915,21.945,0.1986,27.166,21.988,0.248,-0.258
788.17,27.955,21.951,0.1630,27.208,21.995,0.250,-0.229
788.37,27.992,21.943,0.1273,27.245,21.988,0.237,-0.216
788.57,28.031,21.933,0.0890,27.284,21.979,0.228,-0.228
788.77,28.071,21.922,0.0497,27.324,21.967,0.216,-0.143
788.97,28.113,21.908,0.0107,27.364,21.953,0.218,-0.154
789.17,28.156,21.892,-0.0301,27.407,21.937,0.223,-0.168
789.37,28.196,21.875,-0.0681,27.447,21.920,0.224,-0.167
789.57,28.233,21.861,-0.0960,27.485,21.904,0.218,-0.144
789.77,28.265,21.848,-0.1216,27.517,21.890,0.251,-0.176
789.97,28.291,21.836,-0.1443,27.543,21.876,0.246,-0.158
790.17,28.313,21.827,-0.1610,27.565,21.866,0.217,-0.141
790.37,28.331,21.819,-0.1727,27.583,21.858,0.200,-0.121
790.57,28.347,21.815,-0.1862,27.597,21.851,0.179,-0.093
790.77,28.364,21.815,-0.2056,27.613,21.851,0.168,-0.069
790.97,28.391,21.821,-0.2397,27.637,21.857,0.170,-0.114
791.17,28.417,21.824,-0.2692,27.662,21.862,0.178,-0.161
791.37,28.437,21.820,-0.2718,27.681,21.860,0.178,-0.110
791.57,28.462,21.812,-0.2765,27.705,21.852,0.182,-0.042
791.77,28.493,21.790,-0.3057,27.733,21.832,0.194,-0.058
791.97,28.537,21.758,-0.3467,27.774,21.799,0.222,-0.113
792.17,28.579,21.735,-0.3630,27.817,21.770,0.246,-0.123
792.37,28.615,21.721,-0.3632,27.854,21.754,0.242,-0.040
792.57,28.659,21.702,-0.3694,27.897,21.734,0.240,-0.002
792.77,28.705,21.671,-0.3981,27.941,21.704,0.245,-0.050
792.97,28.756,21.641,-0.4156,27.991,21.669,0.255,-0.080
793.17,28.801,21.621,-0.4156,28.037,21.647,0.258,-0.037
793.37,28.846,21.601,-0.4157,28.082,21.627,0.242,0.026
793.57,28.894,21.580,-0.4179,28.130,21.605,0.274,0.041
793.77,28.942,21.559,-0.4186,28.177,21.583,0.282,0.054
793.97,28.987,21.539,-0.4186,28.223,21.562,0.274,0.060
794.17,29.034,21.518,-0.4186,28.269,21.542,0.262,0.060
794.37,29.085,21.495,-0.4184,28.320,21.519,0.258,0.063
794.57,29.140,21.471,-0.4176,28.374,21.494,0.264,0.072
794.77,29.192,21.448,-0.4167,28.427,21.471,0.267,0.076
794.97,29.236,21.429,-0.4161,28.472,21.451,0.257,0.070
795.17,29.274,21.412,-0.4156,28.510,21.435,0.232,0.069
795.37,29.310,21.396,-0.4153,28.545,21.420,0.207,0.066
795.57,29.346,21.380,-0.4149,28.580,21.406,0.191,0.066
795.77,29.380,21.366,-0.4146,28.613,21.393,0.182,0.066
795.97,29.411,21.353,-0.4142,28.643,21.381,0.171,0.066
796.17,29.437,21.341,-0.4140,28.669,21.370,0.160,0.064
796.37,29.460,21.331,-0.4137,28.691,21.361,0.147,0.065
796.57,29.482,21.322,-0.4135,28.712,21.353,0.133,0.064
796.77,29.501,21.313,-0.4134,28.730,21.345,0.126,0.064
796.97,29.519,21.305,-0.4131,28.748,21.338,0.178,-0.014
797.17,29.535,21.298,-0.4130,28.762,21.332,0.177,0.029
797.37,29.549,21.292,-0.4127,28.776,21.327,0.166,0.048
797.57,29.573,21.280,-0.4127,28.798,21.317,0.168,0.052
797.77,29.608,21.266,-0.4127,28.831,21.303,0.197,0.043
797.97,29.639,21.252,-0.4127,28.863,21.289,0.211,0.040
798.17,29.667,21.240,-0.4125,28.891,21.277,0.211,0.042
798.37,29.699,21.226,-0.4124,28.922,21.264,0.207,0.044
798.57,29.736,21.210,-0.4123,28.959,21.248,0.213,0.042
798.77,29.775,21.193,-0.4122,28.997,21.232,0.222,0.042
798.97,29.813,21.176,-0.4122,29.035,21.215,0.224,0.043
799.17,29.852,21.159,-0.4122,29.074,21.197,0.224,0.044
799.37,29.893,21.141,-0.4121,29.114,21.179,0.223,0.045
799.57,29.934,21.122,-0.4120,29.155,21.161,0.222,0.046
799.77,29.976,21.104,-0.4120,29.197,21.143,0.226,0.031
799.97,30.018,21.085,-0.4119,29.238,21.124,0.241,0.030
800.17,30.059,21.068,-0.4118,29.279,21.107,0.262,0.049
800.37,30.099,21.051,-0.4118,29.320,21.089,0.261,0.060
800.57,30.141,21.032,-0.4118,29.361,21.070,0.249,0.060
800.77,30.186,21.013,-0.4117,29.405,21.051,0.247,0.056
800.97,30.229,20.993,-0.4114,29.448,21.032,0.247,0.056
801.17,30.268,20.976,-0.4111,29.486,21.014,0.236,0.058
801.37,30.308,20.959,-0.4107,29.524,20.997,0.226,0.063
801.57,30.349,20.941,-0.4104,29.563,20.979,0.220,0.064
801.77,30.389,20.923,-0.4102,29.603,20.961,0.217,0.065
801.97,30.427,20.906,-0.4099,29.639,20.944,0.211,0.065
802.17,30.464,20.890,-0.4093,29.675,20.929,0.202,0.071
802.37,30.496,20.876,-0.4091,29.707,20.914,0.190,0.069
802.57,30.529,20.861,-0.4086,29.737,20.900,0.180,0.068
802.77,30.561,20.848,-0.4078,29.768,20.887,0.179,0.061
802.97,30.591,20.835,-0.4071,29.797,20.875,0.172,0.060
803.17,30.617,20.824,-0.4069,29.822,20.864,0.161,0.061
803.37,30.641,20.813,-0.4066,29.844,20.853,0.151,0.064
803.57,30.667,20.802,-0.4064,29.868,20.842,0.147,0.063
803.77,30.690,20.792,-0.4062,29.890,20.833,0.141,0.063
803.97,30.712,20.783,-0.4058,29.910,20.824,0.158,0.049
804.17,30.727,20.777,-0.4055,29.925,20.818,0.160,0.065
804.37,30.741,20.771,-0.4055,29.938,20.813,0.146,0.073
804.57,30.756,20.764,-0.4054,29.952,20.808,0.137,0.074
804.77,30.776,20.756,-0.4051,29.971,20.800,0.142,0.074
804.97,30.788,20.751,-0.4049,29.982,20.796,0.149,-0.007
805.17,30.797,20.748,-0.4040,29.989,20.793,0.143,0.008
805.37,30.807,20.744,-0.4018,29.998,20.791,0.139,0.031
805.57,30.829,20.735,-0.4017,30.018,20.783,0.152,0.040
805.77,30.855,20.724,-0.4017,30.043,20.773,0.175,0.037
805.97,30.880,20.714,-0.4017,30.068,20.763,0.184,0.035
806.17,30.905,20.703,-0.4016,30.094,20.752,0.190,0.032
806.37,30.935,20.690,-0.4016,30.123,20.740,0.195,0.032
806.57,30.968,20.676,-0.4016,30.156,20.727,0.205,0.033
806.77,31.002,20.662,-0.4016,30.190,20.712,0.211,0.034
806.97,31.037,20.647,-0.4016,30.225,20.698,0.217,0.016
807.17,31.073,20.632,-0.4016,30.261,20.682,0.220,0.019
807.37,31.111,20.616,-0.4015,30.298,20.666,0.222,0.026
807.57,31.149,20.599,-0.4015,30.337,20.650,0.224,0.030
807.77,31.188,20.582,-0.4015,30.376,20.633,0.238,0.035
807.97,31.227,20.565,-0.4015,30.415,20.615,0.260,0.045
808.17,31.268,20.547,-0.4014,30.456,20.598,0.263,0.051
808.37,31.311,20.531,-0.4014,30.498,20.581,0.258,0.052
808.57,31.355,20.511,-0.4014,30.542,20.562,0.255,0.050
808.77,31.405,20.493,-0.4014,30.591,20.544,0.260,0.051
808.97,31.449,20.476,-0.4013,30.636,20.527,0.258,0.051
809.17,31.491,20.458,-0.4011,30.677,20.510,0.248,0.053
809.37,31.534,20.440,-0.4010,30.719,20.493,0.237,0.055
809.57,31.577,20.422,-0.4007,30.761,20.475,0.232,0.056
809.77,31.617,20.402,-0.4002,30.801,20.456,0.228,0.058
809.97,31.659,20.385,-0.4000,30.842,20.439,0.226,0.048
810.17,31.700,20.368,-0.3997,30.883,20.422,0.223,0.055
810.37,31.743,20.350,-0.3990,30.924,20.405,0.219,0.060
810.57,31.787,20.331,-0.3987,30.968,20.386,0.220,0.061
810.77,31.832,20.312,-0.3980,31.013,20.366,0.220,0.063
810.97,31.879,20.292,-0.3966,31.061,20.345,0.240,0.056
811.17,31.925,20.274,-0.3949,31.108,20.326,0.267,0.076
811.37,31.972,20.255,-0.3924,31.157,20.309,0.269,0.096
811.57,32.020,20.236,-0.3897,31.207,20.291,0.264,0.101
811.77,32.070,20.215,-0.3885,31.258,20.271,0.260,0.093
811.97,32.120,20.196,-0.3859,31.308,20.252,0.256,0.090
812.17,32.169,20.178,-0.3811,31.357,20.234,0.250,0.097
812.37,32.219,20.161,-0.3742,31.407,20.217,0.244,0.108
812.57,32.269,20.145,-0.3665,31.458,20.203,0.240,0.119
812.77,32.314,20.129,-0.3610,31.505,20.188,0.232,0.129
812.97,32.356,20.110,-0.3606,31.547,20.170,0.264,-0.000
813.17,32.399,20.096,-0.3540,31.590,20.155,0.278,0.025
813.37,32.439,20.089,-0.3352,31.629,20.149,0.265,0.092
813.57,32.477,20.084,-0.3187,31.667,20.146,0.248,0.133
813.77,32.525,20.069,-0.3186,31.713,20.134,0.249,0.100
813.97,32.579,20.049,-0.3185,31.766,20.114,0.268,0.061
814.17,32.634,20.031,-0.3144,31.821,20.096,0.280,0.052
814.37,32.683,20.024,-0.2947,31.871,20.089,0.284,0.081
814.57,32.728,20.016,-0.2842,31.917,20.083,0.270,0.117
814.77,32.775,20.005,-0.2831,31.963,20.073,0.259,0.096
814.97,32.822,19.990,-0.2827,32.010,20.059,0.242,0.123
815.17,32.862,19.976,-0.2831,32.049,20.044,0.227,0.113
815.37,32.901,19.962,-0.2833,32.087,20.030,0.211,0.079
815.57,32.938,19.951,-0.2824,32.123,20.019,0.219,0.079
815.77,32.975,19.941,-0.2784,32.159,20.009,0.220,0.106
815.97,33.005,19.933,-0.2756,32.189,20.002,0.210,0.119
816.17,33.033,19.925,-0.2755,32.215,19.994,0.190,0.112
816.37,33.058,19.918,-0.2751,32.238,19.986,0.175,0.097
816.57,33.075,19.913,-0.2746,32.254,19.980,0.157,0.101
816.77,33.088,19.904,-0.2532,32.266,19.970,0.140,0.129
816.97,33.108,19.888,-0.2280,32.283,19.955,0.147,0.206
817.17,33.127,19.872,-0.1996,32.301,19.938,0.158,0.244
817.37,33.146,19.857,-0.1734,32.319,19.920,0.160,0.244
817.57,33.170,19.838,-0.1421,32.341,19.900,0.169,0.224
817.77,33.196,19.812,-0.0930,32.367,19.874,0.180,0.247
817.97,33.228,19.783,-0.0354,32.398,19.844,0.198,0.297
818.17,33.263,19.754,0.0268,32.433,19.813,0.216,0.331
818.37,33.300,19.751,0.0693,32.471,19.803,0.228,0.327
818.57,33.330,19.766,0.1029,32.503,19.817,0.227,0.270
818.77,33.355,19.779,0.1352,32.529,19.829,0.214,0.204
818.97,33.381,19.792,0.1703,32.555,19.843,0.202,0.176
819.17,33.406,19.807,0.2000,32.582,19.857,0.192,0.111
819.37,33.430,19.820,0.2231,32.605,19.871,0.189,0.107
819.57,33.451,19.832,0.2431,32.626,19.883,0.185,0.098
819.77,33.470,19.841,0.2536,32.644,19.894,0.177,0.090
819.97,33.484,19.846,0.2583,32.658,19.900,0.164,0.087
820.17,33.500,19.845,0.2698,32.671,19.900,0.152,0.090
820.37,33.521,19.845,0.2872,32.691,19.897,0.155,0.120
820.57,33.542,19.845,0.3020,32.712,19.895,0.161,0.131
820.77,33.562,19.845,0.3184,32.731,19.893,0.162,0.133
820.97,33.581,19.847,0.3348,32.750,19.893,0.163,0.137
821.17,33.594,19.854,0.3436,32.762,19.900,0.159,0.120
821.37,33.607,19.859,0.3551,32.774,19.906,0.152,0.114
821.57,33.621,19.866,0.3668,32.788,19.911,0.187,0.071
821.77,33.635,19.875,0.3775,32.802,19.921,0.205,0.077
821.97,33.645,19.878,0.3854,32.811,19.925,0.190,0.076
822.17,33.665,19.878,0.4048,32.829,19.922,0.181,0.102
822.37,33.688,19.888,0.4053,32.850,19.929,0.189,0.083
822.57,33.707,19.896,0.4057,32.869,19.937,0.194,0.047
822.77,33.722,19.902,0.4068,32.884,19.942,0.188,0.032
822.97,33.739,19.902,0.4237,32.900,19.940,0.178,0.071
823.17,33.763,19.912,0.4257,32.922,19.947,0.188,0.076
823.37,33.795,19.927,0.4257,32.954,19.961,0.211,0.046
823.57,33.823,19.939,0.4258,32.982,19.973,0.223,0.029
823.77,33.842,19.946,0.4266,33.001,19.978,0.208,0.032
823.97,33.865,19.958,0.4271,33.023,19.988,0.200,0.041
824.17,33.902,19.975,0.4271,33.058,20.004,0.215,0.034
824.37,33.941,19.993,0.4271,33.097,20.022,0.236,0.028
824.57,33.978,20.009,0.4272,33.134,20.039,0.246,0.025
824.77,34.014,20.025,0.4272,33.170,20.055,0.246,0.024
824.97,34.052,20.043,0.4273,33.208,20.072,0.241,-0.033
825.17,34.094,20.062,0.4273,33.251,20.091,0.273,-0.041
825.37,34.144,20.084,0.4273,33.298,20.113,0.304,0.001
825.57,34.202,20.111,0.4273,33.355,20.139,0.320,0.008
825.77,34.258,20.136,0.4274,33.412,20.165,0.331,0.011
825.97,34.313,20.161,0.4273,33.468,20.190,0.335,0.011
826.17,34.370,20.187,0.4273,33.524,20.216,0.334,0.011
826.37,34.429,20.214,0.4273,33.584,20.242,0.328,-0.022
826.57,34.490,20.241,0.4274,33.644,20.269,0.329,-0.017
826.77,34.551,20.270,0.4274,33.705,20.298,0.330,-0.014
826.97,34.611,20.297,0.4275,33.766,20.326,0.329,-0.015
827.17,34.670,20.324,0.4275,33.825,20.353,0.323,-0.015
827.37,34.730,20.354,0.4275,33.885,20.381,0.311,-0.044
827.57,34.791,20.381,0.4275,33.945,20.410,0.306,-0.046
827.77,34.849,20.408,0.4275,34.004,20.437,0.366,-0.076
827.97,34.906,20.434,0.4274,34.061,20.463,0.357,-0.060
828.17,34.962,20.460,0.4273,34.117,20.489,0.333,-0.051
828.37,35.017,20.485,0.4269,34.171,20.514,0.317,-0.052
828.57,35.075,20.511,0.4265,34.226,20.540,0.308,-0.055
828.77,35.134,20.538,0.4264,34.284,20.567,0.306,-0.055
828.97,35.191,20.564,0.4262,34.341,20.593,0.303,-0.057
829.17,35.245,20.590,0.4261,34.394,20.619,0.296,-0.059
829.37,35.295,20.612,0.4258,34.443,20.642,0.275,-0.087
829.57,35.347,20.637,0.4256,34.494,20.666,0.302,-0.087
829.77,35.400,20.662,0.4251,34.546,20.691,0.324,-0.102
829.97,35.458,20.687,0.4229,34.605,20.716,0.327,-0.094
830.17,35.515,20.712,0.4206,34.661,20.741,0.319,-0.092
830.37,35.570,20.736,0.4184,34.716,20.764,0.310,-0.091
830.57,35.623,20.759,0.4161,34.769,20.787,0.300,-0.093
830.77,35.672,20.781,0.4141,34.818,20.809,0.285,-0.093
830.97,35.718,20.801,0.4121,34.864,20.830,0.268,-0.095
831.17,35.761,20.820,0.4104,34.907,20.848,0.253,0.005
831.37,35.800,20.836,0.4088,34.945,20.865,0.247,0.002
831.57,35.834,20.851,0.4070,34.979,20.880,0.232,-0.030
831.77,35.865,20.865,0.4059,35.009,20.892,0.216,-0.043
831.97,35.910,20.884,0.4059,35.052,20.911,0.219,-0.040
832.17,35.955,20.903,0.4059,35.096,20.930,0.231,-0.032
832.37,35.996,20.921,0.4058,35.138,20.948,0.236,-0.028
832.57,36.034,20.938,0.4058,35.177,20.965,0.285,-0.060
832.77,36.075,20.955,0.4057,35.218,20.983,0.291,-0.054
832.97,36.119,20.974,0.4057,35.261,21.001,0.282,-0.038
833.17,36.165,20.994,0.4055,35.306,21.020,0.277,-0.034
833.37,36.217,21.016,0.4045,35.357,21.043,0.281,-0.039
833.57,36.273,21.040,0.4037,35.412,21.067,0.291,-0.047
833.77,36.327,21.063,0.4036,35.466,21.091,0.296,-0.045
833.97,36.380,21.086,0.4035,35.519,21.113,0.292,-0.041
834.17,36.436,21.109,0.4031,35.574,21.137,0.289,-0.042
834.37,36.492,21.133,0.4026,35.631,21.162,0.282,-0.078
834.57,36.548,21.157,0.4025,35.686,21.186,0.320,-0.078
834.77,36.602,21.180,0.4023,35.741,21.209,0.344,-0.089
834.97,36.653,21.202,0.4010,35.793,21.231,0.331,-0.080
835.17,36.704,21.223,0.3999,35.842,21.252,0.308,-0.076
835.37,36.756,21.245,0.3987,35.892,21.273,0.292,-0.076
835.57,36.815,21.270,0.3974,35.949,21.297,0.291,-0.077
835.77,36.879,21.296,0.3958,36.013,21.323,0.304,-0.080
835.97,36.941,21.322,0.3942,36.075,21.349,0.314,-0.083
836.17,36.996,21.345,0.3930,36.131,21.372,0.306,-0.086
836.37,37.057,21.370,0.3914,36.191,21.396,0.363,-0.009
836.57,37.122,21.396,0.3896,36.256,21.422,0.382,-0.023
836.77,37.185,21.421,0.3880,36.320,21.448,0.377,-0.016
836.97,37.248,21.447,0.3880,36.382,21.473,0.365,-0.005
837.17,37.318,21.475,0.3879,36.451,21.502,0.371,0.064
837.37,37.388,21.504,0.3879,36.521,21.530,0.389,0.072
837.57,37.457,21.532,0.3879,36.590,21.558,0.386,0.056
837.77,37.523,21.559,0.3881,36.657,21.585,0.374,0.051
837.97,37.589,21.586,0.3896,36.721,21.612,0.360,0.056
838.17,37.660,21.615,0.3906,36.791,21.641,0.349,0.003
838.37,37.733,21.645,0.3913,36.865,21.671,0.347,0.013
838.57,37.802,21.675,0.3924,36.935,21.703,0.399,0.010
838.77,37.871,21.704,0.3936,37.005,21.734,0.413,0.030
838.97,37.934,21.731,0.3937,37.069,21.761,0.394,0.036
839.17,38.001,21.759,0.3937,37.134,21.788,0.374,0.038
839.37,38.075,21.789,0.3937,37.207,21.819,0.373,0.038
839.57,38.149,21.820,0.3938,37.282,21.849,0.377,0.038
839.77,38.221,21.849,0.3939,37.354,21.879,0.373,0.038
839.97,38.289,21.878,0.3940,37.423,21.908,0.366,0.040
840.17,38.357,21.906,0.3941,37.491,21.936,0.353,0.041
840.37,38.426,21.934,0.3942,37.560,21.964,0.374,0.035
840.57,38.494,21.962,0.3942,37.628,21.992,0.392,0.042
840.77,38.561,21.990,0.3942,37.696,22.020,0.388,0.049
840.97,38.630,22.018,0.3942,37.764,22.048,0.371,0.051
841.17,38.703,22.049,0.3943,37.836,22.079,0.368,0.053
841.37,38.779,22.080,0.3946,37.911,22.111,0.372,0.058
841.57,38.853,22.111,0.3952,37.986,22.143,0.373,0.062
841.77,38.926,22.141,0.3958,38.060,22.174,0.367,0.067
841.97,39.000,22.172,0.3965,38.134,22.206,0.378,0.056
842.17,39.074,22.204,0.3977,38.208,22.238,0.403,0.069
842.37,39.151,22.236,0.3991,38.286,22.272,0.414,0.088
842.57,39.228,22.269,0.4009,38.363,22.307,0.412,0.096
842.77,39.306,22.303,0.4019,38.442,22.342,0.405,0.092
842.97,39.392,22.341,0.4045,38.528,22.381,0.408,0.091
843.17,39.474,22.379,0.4080,38.610,22.419,0.409,0.096
843.37,39.553,22.413,0.4118,38.690,22.454,0.422,0.064
843.57,39.632,22.447,0.4146,38.769,22.488,0.422,0.074
843.77,39.710,22.481,0.4172,38.848,22.522,0.410,0.080
843.97,39.784,22.515,0.4183,38.923,22.557,0.398,0.079
844.17,39.856,22.544,0.4201,38.994,22.585,0.378,0.076
844.37,39.932,22.578,0.4217,39.069,22.618,0.384,-0.038
844.57,40.011,22.614,0.4236,39.148,22.653,0.376,-0.046
844.77,40.091,22.652,0.4252,39.229,22.691,0.379,-0.024
844.97,40.164,22.685,0.4255,39.304,22.725,0.420,-0.047
845.17,40.239,22.719,0.4249,39.380,22.759,0.431,-0.064
845.37,40.308,22.749,0.4249,39.449,22.790,0.405,-0.053
845.57,40.377,22.780,0.4249,39.518,22.821,0.379,-0.046
845.77,40.444,22.812,0.4244,39.585,22.852,0.358,-0.048
845.97,40.510,22.842,0.4239,39.651,22.882,0.343,-0.051
846.17,40.577,22.872,0.4235,39.717,22.912,0.332,-0.055
846.37,40.647,22.904,0.4230,39.786,22.945,0.348,-0.085
846.57,40.715,22.935,0.4224,39.855,22.976,0.388,-0.106
846.77,40.781,22.964,0.4216,39.922,23.007,0.384,-0.097
846.97,40.845,22.994,0.4195,39.987,23.038,0.364,-0.090
847.17,40.913,23.025,0.4153,40.054,23.070,0.353,-0.096
847.37,40.984,23.056,0.4113,40.124,23.101,0.348,-0.103
847.57,41.046,23.083,0.4087,40.187,23.129,0.337,-0.101
847.77,41.103,23.108,0.4068,40.245,23.154,0.313,-0.101
847.97,41.153,23.128,0.4050,40.295,23.175,0.285,-0.097
848.17,41.197,23.148,0.4032,40.339,23.194,0.253,-0.097
848.37,41.239,23.167,0.4009,40.380,23.213,0.239,0.010
848.57,41.274,23.179,0.4006,40.416,23.226,0.221,-0.015
848.77,41.298,23.189,0.4005,40.440,23.235,0.217,-0.040
848.97,41.335,23.205,0.4005,40.473,23.250,0.246,-0.067
849.17,41.379,23.223,0.4004,40.516,23.268,0.264,-0.047
849.37,41.416,23.239,0.4004,40.555,23.284,0.264,-0.032
849.57,41.450,23.253,0.4001,40.589,23.298,0.251,-0.028
849.77,41.486,23.268,0.3998,40.622,23.311,0.238,-0.029
849.97,41.531,23.287,0.3997,40.666,23.329,0.245,-0.030
850.17,41.578,23.306,0.3997,40.713,23.349,0.257,-0.030
850.37,41.621,23.324,0.3997,40.758,23.368,0.259,-0.030
850.57,41.664,23.342,0.3997,40.801,23.385,0.255,-0.032
850.77,41.708,23.361,0.3996,40.845,23.404,0.252,-0.033
850.97,41.753,23.381,0.3996,40.890,23.424,0.250,-0.035
851.17,41.799,23.401,0.3995,40.935,23.445,0.248,-0.036
851.37,41.845,23.421,0.3995,40.982,23.464,0.286,-0.064
851.57,41.891,23.440,0.3995,41.028,23.484,0.309,-0.083
851.77,41.938,23.460,0.3994,41.074,23.503,0.300,-0.066
851.97,41.986,23.480,0.3989,41.121,23.523,0.288,-0.058
852.17,42.040,23.503,0.3967,41.174,23.545,0.284,-0.063
852.37,42.101,23.529,0.3948,41.234,23.571,0.301,-0.075
852.57,42.162,23.554,0.3932,41.295,23.599,0.312,-0.079
852.77,42.222,23.580,0.3913,41.356,23.625,0.314,-0.081
852.97,42.286,23.607,0.3884,41.421,23.654,0.315,-0.086
853.17,42.356,23.637,0.3849,41.491,23.684,0.321,-0.093
853.37,42.429,23.667,0.3807,41.565,23.716,0.368,-0.111
853.57,42.503,23.697,0.3766,41.640,23.748,0.401,-0.136
853.77,42.571,23.724,0.3725,41.712,23.777,0.397,-0.128
853.97,42.624,23.743,0.3693,41.767,23.796,0.361,-0.119
854.17,42.670,23.761,0.3668,41.814,23.814,0.299,-0.107
854.37,42.711,23.777,0.3654,41.854,23.830,0.256,0.011
854.57,42.746,23.791,0.3642,41.888,23.843,0.236,0.000
854.77,42.779,23.804,0.3632,41.919,23.856,0.222,-0.018
854.97,42.808,23.815,0.3626,41.945,23.866,0.207,-0.023
855.17,42.855,23.833,0.3626,41.989,23.883,0.220,-0.022
855.37,42.898,23.849,0.3626,42.033,23.900,0.248,0.050
855.57,42.937,23.864,0.3626,42.073,23.915,0.253,0.044
855.77,42.974,23.879,0.3625,42.111,23.929,0.244,0.035
855.97,43.016,23.895,0.3625,42.152,23.946,0.238,0.031
856.17,43.063,23.913,0.3626,42.197,23.963,0.241,0.033
856.37,43.109,23.931,0.3626,42.244,23.981,0.303,0.005
856.57,43.155,23.948,0.3627,42.290,23.998,0.308,0.019
856.77,43.201,23.966,0.3627,42.335,24.015,0.298,0.028
856.97,43.254,23.985,0.3627,42.387,24.035,0.295,0.033
857.17,43.311,24.007,0.3627,42.444,24.056,0.304,0.034
857.37,43.369,24.029,0.3626,42.501,24.077,0.311,0.030
857.57,43.425,24.050,0.3626,42.557,24.098,0.313,0.031
857.77,43.481,24.075,0.3627,42.614,24.122,0.310,0.033
857.97,43.536,24.096,0.3627,42.670,24.144,0.306,0.035
858.17,43.593,24.118,0.3628,42.726,24.166,0.302,0.035
858.37,43.649,24.139,0.3629,42.783,24.187,0.351,-0.021
858.57,43.704,24.160,0.3629,42.838,24.208,0.347,0.002
858.77,43.759,24.181,0.3629,42.894,24.229,0.333,0.014
858.97,43.820,24.204,0.3629,42.954,24.252,0.330,0.018
859.17,43.887,24.230,0.3629,43.019,24.277,0.339,0.020
859.37,43.951,24.254,0.3629,43.084,24.302,0.345,0.021
859.57,44.013,24.278,0.3629,43.146,24.326,0.340,0.021
859.77,44.074,24.301,0.3629,43.208,24.350,0.331,0.021
859.97,44.137,24.325,0.3630,43.270,24.373,0.325,0.022
860.17,44.200,24.349,0.3630,43.334,24.397,0.321,0.023
860.37,44.261,24.372,0.3630,43.396,24.421,0.343,0.006
860.57,44.322,24.395,0.3631,43.457,24.443,0.372,-0.012
860.77,44.381,24.417,0.3632,43.517,24.466,0.369,0.001
860.97,44.440,24.440,0.3632,43.576,24.488,0.346,0.022
861.17,44.506,24.465,0.3633,43.641,24.512,0.342,0.026
861.37,44.575,24.491,0.3633,43.709,24.538,0.358,0.074
861.57,44.640,24.515,0.3633,43.775,24.563,0.359,0.063
861.77,44.704,24.540,0.3632,43.840,24.587,0.347,0.055
861.97,44.770,24.565,0.3643,43.905,24.612,0.338,0.058
862.17,44.833,24.590,0.3657,43.968,24.638,0.329,0.068
862.37,44.891,24.612,0.3661,44.026,24.660,0.329,-0.016
862.57,44.947,24.633,0.3666,44.082,24.681,0.320,-0.185
862.77,44.998,24.653,0.3671,44.134,24.699,0.303,-0.143
862.97,45.051,24.673,0.3671,44.184,24.718,0.282,-0.111
863.17,45.099,24.690,0.3585,44.235,24.737,0.270,-0.119
863.37,45.119,24.694,0.3484,44.258,24.741,0.207,-0.148
863.57,45.136,24.702,0.3421,44.273,24.750,0.164,-0.145
863.77,45.157,24.710,0.3420,44.292,24.758,0.150,-0.128
863.97,45.169,24.717,0.3333,44.302,24.765,0.137,-0.109
864.17,45.178,24.738,0.2865,44.309,24.786,0.133,-0.206
864.37,45.189,24.753,0.2383,44.319,24.802,0.136,-0.297
864.57,45.205,24.766,0.2051,44.334,24.817,0.143,-0.294
864.77,45.219,24.777,0.1735,44.348,24.828,0.146,-0.271
864.97,45.222,24.790,0.0873,44.353,24.841,0.143,-0.315
865.17,45.207,24.811,0.0170,44.341,24.863,0.100,-0.406
865.37,45.176,24.805,0.0182,44.316,24.859,0.047,-0.235
865.57,45.107,24.803,0.0188,44.251,24.855,-0.054,-0.098
865.77,45.052,24.820,-0.0295,44.191,24.871,-0.112,-0.145
865.97,44.999,24.848,-0.0937,44.137,24.898,-0.097,-0.255
866.17,44.956,24.870,-0.1425,44.089,24.924,-0.079,-0.297
866.37,44.946,24.869,-0.1526,44.075,24.924,-0.001,-0.120
866.57,44.942,24.878,-0.2308,44.070,24.931,0.062,-0.195
866.77,44.944,24.889,-0.3591,44.071,24.943,0.100,-0.399
866.97,44.954,24.898,-0.4552,44.080,24.952,0.117,-0.455
867.17,44.961,24.900,-0.4854,44.087,24.956,0.122,-0.350
867.37,44.966,24.893,-0.5770,44.093,24.951,0.126,-0.240
867.57,44.965,24.870,-0.7287,44.092,24.926,0.126,-0.389
867.77,44.983,24.901,-0.8227,44.107,24.955,0.088,-0.424
867.97,44.984,24.897,-0.9446,44.112,24.957,0.070,-0.431
868.17,44.975,24.882,-1.0802,44.105,24.942,0.071,-0.452
868.37,44.959,24.879,-1.2911,44.091,24.937,0.043,-0.670
868.57,44.932,24.887,-1.4633,44.065,24.941,0.014,-0.757
868.77,44.906,24.909,-1.5531,44.039,24.961,-0.005,-0.601
868.97,44.893,24.941,-1.6026,44.024,24.991,-0.039,-0.333
869.17,44.879,24.978,-1.6523,44.010,25.028,-0.062,-0.197
869.37,44.878,25.027,-1.7353,44.007,25.075,-0.094,-0.234
869.57,44.900,25.064,-1.7887,44.027,25.116,-0.106,-0.235
869.77,44.919,25.090,-1.8224,44.047,25.144,-0.091,-0.179
869.97,44.936,25.114,-1.8511,44.066,25.168,-0.072,-0.132
870.17,44.954,25.137,-1.8812,44.086,25.191,-0.061,-0.124
870.37,44.972,25.160,-1.9074,44.105,25.214,-0.058,-0.122
870.57,44.985,25.179,-1.9247,44.121,25.232,-0.052,-0.102
870.77,45.001,25.198,-1.9450,44.139,25.251,-0.050,-0.079
870.97,45.016,25.216,-1.9640,44.156,25.269,-0.051,-0.057
871.17,45.026,25.230,-1.9740,44.169,25.282,-0.043,-0.044
871.37,45.033,25.240,-1.9799,44.177,25.292,-0.034,-0.005
871.57,45.036,25.246,-1.9808,44.182,25.298,-0.011,0.063
871.77,45.040,25.251,-1.9808,44.185,25.303,-0.004,0.089
871.97,45.042,25.256,-1.9808,44.188,25.308,0.001,0.102
872.17,45.043,25.260,-1.9796,44.189,25.313,0.005,0.104
872.37,45.040,25.262,-1.9616,44.187,25.316,0.008,0.158
872.57,45.031,25.252,-1.9477,44.178,25.308,0.028,0.188
872.77,45.017,25.236,-1.9278,44.162,25.291,0.060,0.191
872.97,44.999,25.216,-1.9029,44.144,25.271,0.079,0.208
873.17,44.979,25.191,-1.8698,44.122,25.247,0.093,0.228
873.37,44.957,25.163,-1.8328,44.099,25.220,0.107,0.256
873.57,44.939,25.136,-1.7936,44.079,25.192,0.112,0.269
873.77,44.936,25.111,-1.7614,44.073,25.165,0.104,0.260
873.97,44.941,25.083,-1.7327,44.076,25.138,0.098,0.219
874.17,44.947,25.055,-1.7024,44.082,25.109,0.095,0.198
874.37,44.955,25.025,-1.6704,44.089,25.080,0.094,0.190
874.57,44.963,24.995,-1.6384,44.097,25.049,0.096,0.190
874.77,44.973,24.964,-1.6083,44.107,25.019,0.098,0.197
874.97,44.983,24.936,-1.5804,44.117,24.990,0.098,0.205
875.17,44.992,24.909,-1.5545,44.128,24.963,0.098,0.201
875.37,45.002,24.883,-1.5286,44.138,24.937,0.096,0.194
875.57,45.013,24.856,-1.5017,44.149,24.910,0.095,0.190
875.77,45.026,24.829,-1.4732,44.162,24.883,0.096,0.191
875.97,45.041,24.800,-1.4422,44.178,24.854,0.098,0.204
876.17,45.056,24.774,-1.4138,44.194,24.827,0.141,0.174
876.37,45.069,24.752,-1.3893,44.208,24.805,0.146,0.184
876.57,45.082,24.730,-1.3654,44.222,24.784,0.140,0.232
876.77,45.096,24.707,-1.3408,44.238,24.761,0.141,0.257
876.97,45.107,24.688,-1.3222,44.251,24.744,0.135,0.242
877.17,45.121,24.668,-1.2988,44.266,24.724,0.133,0.241
877.37,45.127,24.647,-1.2678,44.275,24.703,0.135,0.238
877.57,45.126,24.623,-1.2385,44.275,24.680,0.134,0.197
877.77,45.126,24.595,-1.2082,44.275,24.652,0.135,0.169
877.97,45.126,24.564,-1.1756,44.275,24.622,0.141,0.165
878.17,45.128,24.537,-1.1463,44.276,24.593,0.146,0.159
878.37,45.130,24.507,-1.1176,44.278,24.564,0.147,0.160
878.57,45.134,24.478,-1.0895,44.281,24.534,0.148,0.166
878.77,45.138,24.446,-1.0597,44.284,24.503,0.150,0.175
878.97,45.145,24.409,-1.0247,44.289,24.466,0.161,0.206
879.17,45.153,24.372,-0.9887,44.296,24.428,0.170,0.230
879.37,45.162,24.334,-0.9510,44.304,24.390,0.174,0.239
879.57,45.173,24.299,-0.9076,44.313,24.353,0.177,0.247
879.77,45.191,24.281,-0.8772,44.329,24.330,0.166,0.227
879.97,45.206,24.271,-0.8531,44.345,24.318,0.144,0.178
880.17,45.201,24.259,-0.7763,44.345,24.308,0.123,0.255
880.37,45.183,24.241,-0.7088,44.327,24.291,0.106,0.365
880.57,45.160,24.241,-0.6755,44.303,24.286,0.076,0.337
880.77,45.133,24.249,-0.6458,44.275,24.293,0.034,0.258
880.97,45.092,24.257,-0.6001,44.235,24.300,0.009,0.149
881.17,45.041,24.265,-0.5443,44.185,24.308,-0.014,0.144
881.37,44.980,24.271,-0.4814,44.123,24.314,-0.061,0.228
881.57,44.935,24.274,-0.4375,44.075,24.318,-0.051,0.221
881.77,44.902,24.276,-0.4083,44.038,24.319,-0.019,0.185
881.97,44.864,24.276,-0.3718,43.999,24.319,0.020,0.330
882.17,44.816,24.274,-0.3247,43.952,24.316,-0.013,0.394
882.37,44.769,24.270,-0.2781,43.903,24.312,-0.044,0.318
882.57,44.732,24.265,-0.2419,43.863,24.305,-0.036,0.266
882.77,44.704,24.260,-0.2085,43.833,24.300,-0.019,0.235
882.97,44.668,24.251,-0.1662,43.799,24.292,-0.004,0.195
883.17,44.622,24.239,-0.1156,43.754,24.280,0.011,0.170
883.37,44.592,24.243,-0.0687,43.722,24.282,0.017,0.231
883.57,44.568,24.253,-0.0418,43.696,24.290,0.033,0.214
883.77,44.542,24.265,-0.0129,43.670,24.302,0.041,0.161
883.97,44.515,24.276,0.0187,43.642,24.315,0.043,0.151
884.17,44.486,24.288,0.0520,43.614,24.327,0.012,0.171
884.37,44.457,24.298,0.0841,43.584,24.339,0.015,0.164
884.57,44.434,24.304,0.1071,43.558,24.346,0.026,0.150
884.77,44.408,24.312,0.1343,43.532,24.355,0.039,0.143
884.97,44.376,24.319,0.1682,43.499,24.365,0.034,0.149
885.17,44.343,24.327,0.2030,43.465,24.374,0.024,0.181
885.37,44.313,24.333,0.2336,43.432,24.382,0.023,0.174
885.57,44.283,24.338,0.2626,43.400,24.388,0.028,0.159
885.77,44.251,24.341,0.2952,43.366,24.393,0.028,0.153
885.97,44.213,24.344,0.3326,43.328,24.398,0.021,0.159
886.17,44.174,24.346,0.3714,43.287,24.401,-0.018,0.174
886.37,44.139,24.347,0.4060,43.248,24.403,-0.017,0.169
886.57,44.104,24.346,0.4400,43.211,24.404,-0.002,0.152
886.77,44.066,24.343,0.4768,43.171,24.403,0.003,0.145
886.97,44.023,24.338,0.5186,43.128,24.399,-0.004,0.147
887.17,43.980,24.331,0.5606,43.081,24.394,-0.033,0.084
887.37,43.947,24.324,0.5932,43.044,24.388,-0.033,0.048
887.57,43.920,24.318,0.6204,43.014,24.382,-0.005,0.052
887.77,43.898,24.312,0.6425,42.989,24.377,0.017,0.043
887.97,43.885,24.306,0.6501,42.972,24.372,0.039,0.016
888.17,43.877,24.302,0.6530,42.963,24.370,0.061,-0.018
888.37,43.874,24.300,0.6549,42.957,24.369,0.079,-0.040
888.57,43.877,24.303,0.6554,42.959,24.371,0.096,-0.060
888.77,43.885,24.309,0.6554,42.965,24.376,0.113,-0.076
888.97,43.896,24.317,0.6554,42.975,24.384,0.128,-0.083
889.17,43.911,24.328,0.6544,42.990,24.395,0.141,-0.086
889.37,43.930,24.338,0.6464,43.009,24.403,0.151,-0.117
889.57,43.949,24.348,0.6368,43.030,24.411,0.156,-0.142
889.77,43.964,24.356,0.6319,43.045,24.417,0.152,-0.146
889.97,43.972,24.360,0.6232,43.053,24.421,0.136,-0.136
890.17,43.993,24.365,0.5924,43.071,24.424,0.135,-0.185
890.37,44.012,24.372,0.5659,43.090,24.431,0.143,-0.216
890.57,44.029,24.376,0.5417,43.106,24.434,0.142,-0.216
890.77,44.052,24.381,0.5207,43.128,24.438,0.145,-0.198
890.97,44.081,24.385,0.4917,43.158,24.441,0.157,-0.201
891.17,44.111,24.388,0.4621,43.188,24.443,0.166,-0.205
891.37,44.139,24.390,0.4349,43.217,24.445,0.169,-0.212
891.57,44.169,24.392,0.4072,43.246,24.446,0.171,-0.225
891.77,44.198,24.393,0.3794,43.276,24.446,0.171,-0.229
891.97,44.227,24.394,0.3509,43.305,24.446,0.171,-0.222
892.17,44.254,24.394,0.3245,43.332,24.444,0.167,-0.226
892.37,44.281,24.393,0.2971,43.359,24.442,0.164,-0.235
892.57,44.308,24.392,0.2705,43.386,24.440,0.211,-0.261
892.77,44.334,24.390,0.2439,43.413,24.436,0.218,-0.253
892.97,44.363,24.387,0.2139,43.441,24.432,0.210,-0.242
893.17,44.396,24.381,0.1803,43.473,24.426,0.207,-0.231
893.37,44.444,24.371,0.1332,43.518,24.416,0.220,-0.234
893.57,44.489,24.363,0.0981,43.563,24.409,0.238,-0.198
893.77,44.530,24.351,0.0568,43.604,24.396,0.240,-0.183
893.97,44.567,24.337,0.0183,43.643,24.383,0.234,-0.181
894.17,44.597,24.327,-0.0103,43.673,24.371,0.219,-0.163
894.37,44.623,24.321,-0.0351,43.699,24.362,0.201,-0.150
894.57,44.641,24.320,-0.0490,43.718,24.358,0.181,-0.109
894.77,44.660,24.319,-0.0659,43.734,24.359,0.164,-0.116
894.97,44.677,24.319,-0.0805,43.751,24.359,0.156,-0.100
895.17,44.693,24.320,-0.0895,43.765,24.362,0.150,-0.082
895.37,44.707,24.321,-0.0969,43.779,24.363,0.147,-0.068
895.57,44.717,24.320,-0.1000,43.789,24.364,0.142,-0.069
895.77,44.728,24.317,-0.1065,43.797,24.360,0.131,-0.047
895.97,44.745,24.313,-0.1087,43.811,24.356,0.135,-0.039
896.17,44.759,24.312,-0.1099,43.824,24.353,0.141,-0.009
896.37,44.781,24.310,-0.1099,43.844,24.350,0.147,-0.006
896.57,44.807,24.307,-0.1099,43.869,24.347,0.161,0.002
896.77,44.834,24.304,-0.1099,43.896,24.344,0.173,0.008
896.97,44.863,24.300,-0.1099,43.925,24.341,0.179,0.010
897.17,44.894,24.297,-0.1099,43.955,24.337,0.206,-0.005
897.37,44.926,24.293,-0.1099,43.988,24.334,0.243,-0.020
897.57,44.960,24.289,-0.1099,44.021,24.330,0.243,-0.002
897.77,45.000,24.285,-0.1099,44.060,24.326,0.241,0.011
897.97,45.047,24.279,-0.1099,44.106,24.321,0.251,0.017
898.17,45.094,24.273,-0.1099,44.154,24.315,0.259,0.018
898.37,45.140,24.268,-0.1099,44.200,24.311,0.261,0.017
898.57,45.188,24.263,-0.1099,44.249,24.305,0.269,-0.070
898.77,45.238,24.257,-0.1099,44.299,24.300,0.274,-0.098
898.97,45.289,24.252,-0.1099,44.350,24.294,0.271,-0.071
899.17,45.340,24.247,-0.1125,44.401,24.289,0.267,-0.064
899.37,45.390,24.242,-0.1165,44.450,24.286,0.259,-0.090
899.57,45.437,24.237,-0.1172,44.497,24.280,0.251,-0.084
899.77,45.478,24.231,-0.1179,44.539,24.275,0.259,-0.059
899.97,45.515,24.225,-0.1180,44.575,24.269,0.279,-0.066
900.17,45.542,24.222,-0.1180,44.602,24.265,0.254,-0.052
900.37,45.572,24.220,-0.1186,44.629,24.262,0.227,-0.039
900.57,45.613,24.215,-0.1189,44.667,24.258,0.227,-0.039
900.77,45.658,24.209,-0.1191,44.709,24.251,0.244,-0.040
900.97,45.704,24.203,-0.1191,44.754,24.245,0.250,-0.041
901.17,45.748,24.197,-0.1192,44.799,24.240,0.255,-0.042
901.37,45.792,24.192,-0.1192,44.843,24.234,0.254,-0.043
901.57,45.839,24.187,-0.1193,44.890,24.230,0.253,-0.045
901.77,45.889,24.181,-0.1193,44.940,24.224,0.256,-0.047
901.97,45.940,24.174,-0.1193,44.990,24.217,0.259,-0.049
902.17,45.988,24.169,-0.1195,45.039,24.211,0.255,-0.052
902.37,46.035,24.163,-0.1197,45.087,24.205,0.249,-0.057
902.57,46.080,24.158,-0.1199,45.132,24.200,0.264,-0.045
902.77,46.124,24.153,-0.1202,45.175,24.195,0.294,-0.054
902.97,46.165,24.148,-0.1207,45.217,24.191,0.280,-0.042
903.17,46.205,24.143,-0.1211,45.255,24.186,0.263,-0.036
903.37,46.254,24.137,-0.1216,45.302,24.181,0.259,-0.036
903.57,46.307,24.131,-0.1217,45.354,24.175,0.267,-0.037
903.77,46.361,24.124,-0.1217,45.408,24.168,0.276,-0.034
903.97,46.411,24.118,-0.1217,45.459,24.161,0.276,-0.034
904.17,46.462,24.111,-0.1217,45.510,24.155,0.271,-0.035
904.37,46.515,24.105,-0.1216,45.563,24.148,0.269,-0.036
904.57,46.568,24.098,-0.1216,45.617,24.141,0.267,-0.038
904.77,46.621,24.092,-0.1216,45.671,24.134,0.266,-0.039
904.97,46.673,24.085,-0.1216,45.723,24.127,0.285,-0.031
905.17,46.725,24.079,-0.1216,45.775,24.121,0.318,-0.040
905.37,46.778,24.074,-0.1215,45.828,24.115,0.313,-0.029
905.57,46.836,24.071,-0.1215,45.885,24.112,0.305,-0.024
905.77,46.898,24.063,-0.1215,45.946,24.105,0.306,-0.023
905.97,46.961,24.056,-0.1215,46.009,24.097,0.310,-0.023
906.17,47.022,24.048,-0.1215,46.070,24.090,0.308,-0.025
906.37,47.082,24.041,-0.1214,46.130,24.083,0.302,-0.026
906.57,47.141,24.033,-0.1214,46.190,24.076,0.295,-0.027
906.77,47.202,24.026,-0.1214,46.251,24.069,0.292,-0.028
906.97,47.262,24.019,-0.1214,46.311,24.061,0.311,-0.023
907.17,47.319,24.012,-0.1214,46.369,24.054,0.340,-0.030
907.37,47.375,24.005,-0.1214,46.425,24.047,0.331,-0.018
907.57,47.435,23.997,-0.1215,46.485,24.039,0.318,-0.010
907.77,47.503,23.991,-0.1216,46.552,24.032,0.320,-0.009
907.97,47.570,23.983,-0.1216,46.619,24.025,0.324,-0.009
908.17,47.634,23.975,-0.1216,46.683,24.017,0.321,-0.011
908.37,47.699,23.967,-0.1216,46.747,24.009,0.315,-0.012
908.57,47.764,23.959,-0.1215,46.812,24.001,0.310,-0.013
908.77,47.828,23.951,-0.1215,46.877,23.993,0.292,0.070
908.97,47.890,23.943,-0.1215,46.939,23.986,0.285,0.183
909.17,47.950,23.936,-0.1215,47.000,23.978,0.288,0.148
909.37,48.011,23.929,-0.1192,47.060,23.971,0.281,0.132
909.57,48.076,23.939,-0.0766,47.125,23.978,0.273,0.189
909.77,48.152,23.955,-0.0250,47.200,23.996,0.283,0.260
909.97,48.232,23.973,0.0191,47.281,24.017,0.307,0.295
910.17,48.307,23.996,0.0705,47.357,24.041,0.321,0.303
910.37,48.381,24.032,0.1425,47.432,24.075,0.339,0.353
910.57,48.449,24.073,0.2156,47.502,24.116,0.348,0.404
910.77,48.514,24.120,0.2903,47.567,24.162,0.346,0.420
910.97,48.563,24.158,0.3497,47.618,24.201,0.319,0.384
911.17,48.610,24.205,0.4181,47.666,24.247,0.301,0.367
911.37,48.657,24.259,0.4911,47.713,24.299,0.302,0.371
911.57,48.700,24.316,0.5636,47.756,24.355,0.305,0.372
911.77,48.738,24.374,0.6343,47.795,24.413,0.287,0.422
911.97,48.772,24.434,0.7041,47.829,24.472,0.276,0.409
912.17,48.801,24.495,0.7721,47.859,24.533,0.274,0.380
912.37,48.826,24.559,0.8418,47.884,24.596,0.272,0.365
912.57,48.851,24.638,0.9251,47.909,24.673,0.344,0.354
912.77,48.869,24.717,1.0043,47.929,24.751,0.365,0.373
912.97,48.880,24.797,1.0835,47.942,24.832,0.356,0.376
913.17,48.886,24.879,1.1621,47.949,24.913,0.306,0.275
913.37,48.888,24.965,1.2418,47.951,24.998,0.259,0.226
913.57,48.881,25.051,1.3206,47.946,25.084,0.231,0.236
913.77,48.868,25.143,1.4036,47.934,25.174,0.223,0.261
913.97,48.862,25.230,1.4686,47.925,25.264,0.243,0.259
914.17,48.888,25.288,1.5261,47.948,25.323,0.199,0.200
914.37,48.915,25.353,1.5928,47.976,25.388,0.157,0.185
914.57,48.929,25.423,1.6483,47.993,25.458,0.155,0.164
914.77,48.950,25.486,1.7078,48.014,25.521,0.181,0.201
914.97,48.963,25.554,1.7678,48.030,25.590,0.253,0.211
915.17,48.971,25.622,1.8284,48.042,25.659,0.272,0.164
915.37,48.974,25.691,1.8853,48.047,25.730,0.256,0.144
915.57,48.971,25.774,1.9562,48.048,25.811,0.266,0.187
915.77,48.959,25.867,2.0277,48.040,25.905,0.301,0.224
915.97,48.940,25.952,2.0864,48.024,25.994,0.309,0.210
916.17,48.917,26.033,2.1459,48.004,26.077,0.292,0.183
916.37,48.889,26.127,2.2275,47.979,26.171,0.290,0.216
916.57,48.844,26.224,2.3023,47.937,26.271,0.322,0.245
916.77,48.790,26.298,2.3302,47.879,26.348,0.338,0.131
916.97,48.759,26.359,2.3882,47.847,26.413,0.279,0.133
917.17,48.727,26.419,2.4505,47.816,26.474,0.222,0.177
917.37,48.686,26.475,2.5046,47.778,26.533,0.178,0.205
917.57,48.642,26.515,2.5227,47.734,26.576,0.199,0.135
917.77,48.623,26.534,2.5378,47.714,26.599,0.182,0.064
917.97,48.611,26.536,2.5817,47.702,26.605,0.132,0.037
918.17,48.591,26.528,2.6504,47.684,26.597,0.078,0.194
918.37,48.575,26.531,2.6625,47.669,26.596,0.056,0.134
918.57,48.554,26.542,2.6626,47.649,26.606,0.048,0.007
918.77,48.547,26.542,2.6974,47.641,26.609,0.037,-0.017
918.97,48.548,26.530,2.7577,47.639,26.597,0.020,0.131
919.17,48.554,26.524,2.7659,47.646,26.587,-0.002,0.119
919.37,48.545,26.528,2.7659,47.638,26.589,0.005,-0.019
919.57,48.543,26.529,2.7731,47.635,26.591,0.009,-0.062
919.77,48.552,26.520,2.8024,47.642,26.583,-0.001,-0.002
919.97,48.559,26.516,2.8062,47.651,26.577,-0.013,-0.011
920.17,48.553,26.519,2.8035,47.647,26.580,0.002,-0.085
920.37,48.547,26.522,2.8013,47.641,26.585,0.016,-0.117
920.57,48.548,26.522,2.8013,47.641,26.585,0.014,-0.113
920.77,48.548,26.523,2.8006,47.641,26.585,0.011,-0.109
920.97,48.534,26.533,2.7877,47.630,26.597,0.018,-0.136
921.17,48.512,26.551,2.7645,47.608,26.617,0.032,-0.178
921.37,48.490,26.570,2.7408,47.586,26.640,0.042,-0.206
921.57,48.469,26.589,2.7165,47.564,26.662,0.042,-0.213
921.77,48.442,26.618,2.6811,47.537,26.692,0.037,-0.221
921.97,48.410,26.655,2.6357,47.506,26.729,0.041,-0.257
922.17,48.374,26.701,2.5820,47.470,26.775,0.076,-0.298
922.37,48.337,26.753,2.5245,47.432,26.829,0.113,-0.332
922.57,48.302,26.807,2.4675,47.396,26.886,0.139,-0.348
922.77,48.278,26.854,2.4152,47.370,26.934,0.138,-0.342
922.97,48.259,26.896,2.3676,47.350,26.978,0.100,-0.337
923.17,48.246,26.933,2.3242,47.336,27.016,0.057,-0.317
923.37,48.233,26.971,2.2800,47.323,27.054,0.034,-0.314
923.57,48.224,27.003,2.2420,47.313,27.087,0.019,-0.307
923.77,48.215,27.033,2.2061,47.306,27.117,0.005,-0.297
923.97,48.208,27.067,2.1682,47.299,27.150,-0.010,-0.289
924.17,48.203,27.107,2.1259,47.293,27.189,-0.009,-0.279
924.37,48.199,27.149,2.0800,47.290,27.232,0.004,-0.276
924.57,48.196,27.189,2.0365,47.287,27.273,-0.003,-0.261
924.77,48.195,27.224,1.9904,47.286,27.310,0.000,0.000
924.97,48.182,27.241,1.9544,47.275,27.329,0.000,0.000
925.17,48.167,27.258,1.9247,47.260,27.346,0.000,0.000
925.37,48.152,27.275,1.8993,47.243,27.364,0.026,-0.129
925.57,48.152,27.276,1.8993,47.242,27.368,0.017,-0.195
925.77,48.152,27.275,1.8993,47.241,27.367,0.016,-0.153
925.97,48.150,27.276,1.8963,47.241,27.368,0.073,-0.116
926.17,48.141,27.287,1.8784,47.232,27.377,0.103,-0.185
926.37,48.122,27.310,1.8484,47.214,27.399,0.125,-0.217
926.57,48.104,27.335,1.8223,47.194,27.423,0.151,-0.260
926.77,48.087,27.360,1.7955,47.175,27.449,0.163,-0.272
926.97,48.070,27.387,1.7633,47.156,27.476,0.143,-0.296
927.17,48.051,27.418,1.7271,47.137,27.505,0.141,-0.307
927.37,48.033,27.449,1.6894,47.118,27.536,0.142,-0.313
927.57,48.076,27.352,1.6363,47.149,27.469,0.039,-0.286
927.77,48.111,27.267,1.5545,47.186,27.384,-0.178,-0.342
927.97,48.138,27.194,1.4791,47.214,27.308,-0.204,-0.368
928.17,48.157,27.129,1.4052,47.236,27.238,-0.172,-0.370
928.37,48.170,27.071,1.3420,47.251,27.178,-0.118,-0.345
928.57,48.178,27.018,1.2826,47.260,27.124,-0.072,-0.303
928.77,48.183,26.974,1.2319,47.267,27.077,-0.032,-0.271
928.97,48.185,26.937,1.1892,47.270,27.039,-0.021,-0.289
929.17,48.186,26.905,1.1513,47.272,27.005,0.000,-0.257
929.37,48.186,26.870,1.1128,47.273,26.970,0.014,-0.244
929.57,48.184,26.832,1.0707,47.271,26.932,0.019,-0.229
929.77,48.181,26.792,1.0267,47.269,26.892,0.012,-0.215
929.97,48.176,26.750,0.9815,47.266,26.849,0.000,0.000
930.17,48.166,26.702,0.9310,47.257,26.801,-0.076,-0.181
930.37,48.151,26.652,0.8799,47.244,26.749,-0.114,-0.273
930.57,48.141,26.635,0.8684,47.233,26.725,-0.102,-0.213
930.77,48.130,26.628,0.7987,47.222,26.716,-0.060,-0.227
930.97,48.109,26.618,0.6888,47.204,26.706,-0.022,-0.395
931.17,48.079,26.605,0.6286,47.174,26.694,-0.033,-0.373
931.37,48.065,26.584,0.5969,47.157,26.674,-0.038,-0.244
931.57,48.050,26.559,0.5593,47.141,26.650,-0.038,-0.118
931.77,48.030,26.532,0.5207,47.123,26.623,-0.040,-0.084
931.97,48.012,26.508,0.4887,47.104,26.597,-0.041,-0.101
932.17,47.998,26.493,0.4703,47.089,26.578,-0.033,-0.093
932.37,47.990,26.486,0.4627,47.081,26.568,-0.017,-0.058
932.57,47.987,26.487,0.4338,47.077,26.567,0.002,-0.095
932.77,47.988,26.492,0.4223,47.078,26.573,0.014,-0.111
932.97,47.993,26.495,0.4179,47.083,26.576,0.029,-0.051
933.17,47.999,26.502,0.4086,47.089,26.584,0.035,-0.016
933.37,48.011,26.509,0.4011,47.101,26.594,0.044,-0.001
933.57,48.017,26.512,0.4011,47.108,26.597,0.043,0.016
933.77,48.023,26.515,0.4012,47.114,26.600,0.038,0.043
933.97,48.031,26.518,0.4012,47.122,26.604,0.034,0.055
934.17,48.038,26.521,0.4012,47.129,26.607,0.031,0.058
934.37,48.044,26.524,0.4021,47.135,26.611,0.030,0.058
934.57,48.052,26.529,0.4050,47.144,26.618,0.030,0.072
934.77,48.061,26.534,0.4079,47.153,26.625,0.029,0.077
934.97,48.069,26.539,0.4125,47.162,26.633,0.028,0.077
935.17,48.076,26.544,0.4171,47.170,26.638,0.021,0.095
935.37,48.085,26.545,0.4214,47.180,26.639,0.020,0.081
935.57,48.094,26.545,0.4287,47.190,26.638,0.025,0.058
935.77,48.101,26.548,0.4467,47.197,26.640,0.030,0.100
935.97,48.107,26.552,0.4495,47.203,26.645,0.033,0.095
936.17,48.111,26.554,0.4663,47.208,26.648,0.028,0.079
936.37,48.112,26.549,0.4907,47.210,26.644,0.020,0.158
936.57,48.108,26.543,0.4967,47.206,26.636,0.009,0.113
936.77,48.099,26.533,0.5103,47.199,26.626,0.002,0.092
936.97,48.083,26.513,0.5332,47.184,26.605,-0.014,0.134
937.17,48.069,26.499,0.5486,47.171,26.586,-0.025,0.139
937.37,48.054,26.479,0.5696,47.155,26.566,-0.030,0.125
937.57,48.040,26.460,0.5896,47.140,26.545,-0.038,0.148
937.77,48.028,26.447,0.6017,47.128,26.530,-0.027,0.120
937.97,48.017,26.434,0.6147,47.116,26.515,-0.015,0.098
938.17,48.009,26.429,0.6357,47.107,26.508,-0.003,0.098
938.37,48.008,26.437,0.6592,47.103,26.516,0.021,0.166
938.57,48.017,26.449,0.6708,47.109,26.530,0.048,0.176
938.77,48.026,26.467,0.6905,47.116,26.549,0.068,0.183
938.97,48.038,26.489,0.7157,47.127,26.572,0.080,0.213
939.17,48.050,26.513,0.7422,47.138,26.598,0.089,0.239
939.37,48.062,26.538,0.7708,47.149,26.624,0.093,0.270
939.57,48.076,26.566,0.8037,47.161,26.652,0.084,0.281
939.77,48.089,26.600,0.8394,47.174,26.685,0.042,0.319
939.97,48.101,26.634,0.8778,47.186,26.721,0.029,0.283
940.17,48.110,26.666,0.9137,47.195,26.753,0.037,0.263
940.37,48.118,26.700,0.9520,47.202,26.787,0.038,0.253
940.57,48.125,26.737,0.9914,47.209,26.823,0.060,0.225
940.77,48.129,26.773,1.0307,47.213,26.861,0.057,0.221
940.97,48.132,26.802,1.0630,47.216,26.892,0.053,0.217
941.17,48.136,26.830,1.0938,47.218,26.921,0.046,0.222
941.37,48.138,26.859,1.1244,47.220,26.951,0.038,0.234
941.57,48.139,26.888,1.1545,47.220,26.980,0.029,0.236
941.77,48.139,26.918,1.1872,47.219,27.010,0.030,0.241
941.97,48.138,26.946,1.2193,47.217,27.040,0.044,0.236
942.17,48.135,26.974,1.2513,47.214,27.068,0.055,0.228
942.37,48.133,27.003,1.2837,47.211,27.097,0.055,0.221
942.57,48.129,27.032,1.3155,47.206,27.126,0.044,0.211
942.77,48.125,27.060,1.3464,47.201,27.155,0.032,0.210
942.97,48.119,27.088,1.3774,47.194,27.184,0.032,0.196
943.17,48.113,27.115,1.4074,47.187,27.211,0.030,0.189
943.37,48.105,27.145,1.4394,47.178,27.241,0.022,0.178
943.57,48.098,27.171,1.4676,47.170,27.268,0.020,0.159
943.77,48.089,27.198,1.4966,47.160,27.295,0.002,0.156
943.97,48.080,27.223,1.5240,47.150,27.322,-0.016,0.144
944.17,48.071,27.247,1.5494,47.139,27.347,-0.017,0.135
944.37,48.061,27.271,1.5754,47.127,27.372,-0.015,0.136
944.57,48.052,27.294,1.5995,47.115,27.396,-0.013,0.137
944.77,48.041,27.316,1.6234,47.103,27.420,-0.021,0.144
944.97,48.030,27.341,1.6493,47.089,27.446,-0.007,0.113
945.17,48.017,27.364,1.6748,47.073,27.472,-0.004,0.111
945.37,48.009,27.378,1.6910,47.062,27.488,-0.012,0.108
945.57,48.002,27.392,1.7052,47.052,27.502,-0.033,0.108
945.77,47.992,27.409,1.7222,47.039,27.519,-0.035,0.119
945.97,47.984,27.422,1.7368,47.027,27.534,-0.043,0.070
946.17,47.976,27.436,1.7528,47.014,27.547,-0.041,0.068
946.37,47.970,27.446,1.7631,47.004,27.559,-0.038,0.085
946.57,47.969,27.442,1.7720,47.002,27.558,-0.053,0.059
946.77,47.968,27.433,1.7888,47.000,27.551,-0.074,0.071
946.97,47.968,27.422,1.7962,46.997,27.540,-0.088,0.057
947.17,47.969,27.407,1.8025,46.994,27.526,-0.095,0.044
947.37,47.974,27.385,1.8024,46.998,27.505,-0.111,-0.006
947.57,47.979,27.364,1.8025,47.003,27.484,-0.123,-0.037
947.77,47.984,27.342,1.8025,47.009,27.462,-0.124,-0.050
947.97,47.990,27.319,1.8024,47.014,27.439,-0.111,-0.052
948.17,47.994,27.301,1.8023,47.017,27.420,-0.100,-0.053
948.37,47.998,27.285,1.8021,47.021,27.406,-0.083,-0.054
948.57,48.001,27.272,1.8018,47.024,27.393,-0.068,-0.058
948.77,48.003,27.262,1.8001,47.025,27.383,-0.054,-0.071
948.97,48.003,27.253,1.7922,47.023,27.374,-0.049,-0.093
949.17,47.999,27.241,1.7818,47.018,27.361,-0.048,-0.124
949.37,47.995,27.233,1.7486,47.013,27.352,-0.047,-0.181
949.57,47.988,27.232,1.6991,47.006,27.350,-0.038,-0.260
949.77,47.977,27.236,1.6202,46.995,27.352,-0.024,-0.351
949.97,47.964,27.249,1.5170,46.981,27.362,-0.010,-0.417
950.17,47.946,27.267,1.4039,46.963,27.379,0.014,-0.503
950.37,47.915,27.285,1.3085,46.934,27.395,0.018,-0.511
950.57,47.892,27.321,1.2180,46.905,27.426,0.021,-0.476
950.77,47.891,27.382,1.1487,46.899,27.483,0.052,-0.381
950.97,47.895,27.455,1.0700,46.900,27.554,0.113,-0.382
951.17,47.906,27.536,0.9839,46.909,27.634,0.126,-0.364
951.37,47.927,27.621,0.8912,46.927,27.719,0.157,-0.368
951.57,47.954,27.703,0.7997,46.952,27.803,0.230,-0.412
951.77,47.990,27.776,0.6911,46.986,27.881,0.199,-0.471
951.97,48.030,27.824,0.5791,47.028,27.933,0.189,-0.518
952.17,48.068,27.866,0.4695,47.066,27.977,0.146,-0.524
952.37,48.107,27.910,0.3525,47.104,28.020,0.123,-0.550
952.57,48.175,27.933,0.2687,47.149,28.055,0.136,-0.583
952.77,48.343,27.911,0.1111,47.321,28.032,0.000,0.000
952.97,48.409,27.910,0.0419,47.384,28.037,-0.040,-0.096
953.17,48.512,27.894,-0.0143,47.499,28.014,0.000,0.000
953.37,48.582,27.882,-0.0554,47.573,28.003,0.000,0.000
953.57,48.621,27.883,-0.0916,47.612,28.002,0.066,-0.135
953.77,48.760,27.849,-0.0792,47.722,27.974,0.239,-0.070
953.97,48.873,27.809,-0.0432,47.827,27.945,0.255,-0.032
954.17,48.988,27.782,-0.0265,47.937,27.916,0.232,-0.007
954.37,49.137,27.753,0.0417,48.101,27.869,0.000,0.000
954.57,49.272,27.718,0.1254,48.230,27.836,0.000,0.000
954.77,49.380,27.699,0.1853,48.334,27.817,0.000,0.000
954.97,49.470,27.693,0.2086,48.445,27.799,0.000,0.000
955.17,49.598,27.670,0.2802,48.562,27.776,0.000,0.000
955.37,49.722,27.660,0.3765,48.673,27.763,0.000,0.000
955.57,49.827,27.649,0.4629,48.772,27.753,0.000,0.000
955.77,49.922,27.646,0.5328,48.857,27.748,0.000,0.000
955.97,50.001,27.651,0.6086,48.943,27.747,0.000,0.000
956.17,50.066,27.660,0.6859,49.010,27.753,0.000,0.000
956.37,50.128,27.650,0.8413,49.068,27.746,0.000,0.000
956.57,50.168,27.642,0.9504,49.107,27.746,0.000,0.000
956.77,50.213,27.620,1.0828,49.158,27.715,0.000,0.000
956.97,50.266,27.587,1.2867,49.202,27.688,0.000,0.000
957.17,50.283,27.582,1.3394,49.216,27.684,0.000,0.000
957.37,50.314,27.575,1.4242,49.248,27.673,0.000,0.000
957.57,50.328,27.582,1.4653,49.266,27.679,0.000,0.000
957.77,50.328,27.582,1.4653,49.268,27.680,0.000,0.000
957.97,50.328,27.582,1.4653,49.268,27.680,0.000,0.000
958.17,50.328,27.582,1.4653,49.269,27.681,0.000,0.000
958.37,50.328,27.583,1.4653,49.269,27.681,0.000,0.000
958.57,50.328,27.583,1.4653,49.269,27.681,0.000,0.000
958.77,50.328,27.583,1.4653,49.269,27.681,0.000,0.000
958.97,50.328,27.583,1.4653,49.269,27.681,0.000,0.000
959.17,50.328,27.583,1.4653,49.270,27.681,0.000,0.000
959.37,50.328,27.583,1.4653,49.270,27.682,0.000,0.000
959.57,50.328,27.583,1.4653,49.270,27.682,0.000,0.000
959.77,50.328,27.583,1.4653,49.270,27.682,0.000,0.000
959.97,50.329,27.589,1.4653,49.270,27.686,0.064,-0.030
960.17,50.330,27.600,1.4607,49.271,27.696,0.109,-0.113
960.37,50.342,27.620,1.4289,49.281,27.714,0.151,-0.204
960.57,50.358,27.649,1.3955,49.298,27.741,0.204,-0.276
960.77,50.378,27.681,1.3563,49.317,27.772,0.248,-0.314
960.97,50.404,27.720,1.3099,49.342,27.809,0.277,-0.320
961.17,50.438,27.763,1.2559,49.375,27.851,0.300,-0.297
961.37,50.475,27.807,1.2011,49.411,27.895,0.305,-0.298
961.57,50.502,27.834,1.1635,49.439,27.923,0.278,-0.251
961.77,50.525,27.859,1.1308,49.464,27.948,0.251,-0.209
961.97,50.548,27.886,1.1054,49.486,27.971,0.261,-0.130
962.17,50.575,27.919,1.0834,49.514,28.002,0.281,-0.145
962.37,50.604,27.954,1.0577,49.543,28.035,0.293,-0.153
962.57,50.643,27.993,1.0247,49.580,28.072,0.307,-0.167
962.77,50.685,28.033,0.9879,49.622,28.111,0.327,-0.181
962.97,50.726,28.068,0.9492,49.664,28.145,0.257,-0.250
963.17,50.765,28.092,0.9040,49.704,28.170,0.256,-0.229
963.37,50.801,28.113,0.8646,49.741,28.192,0.252,-0.211
963.57,50.824,28.127,0.8390,49.767,28.206,0.262,-0.174
963.77,50.837,28.136,0.8272,49.781,28.214,0.241,-0.145
963.97,50.846,28.157,0.8007,49.789,28.231,0.222,-0.142
964.17,50.861,28.185,0.7771,49.801,28.257,0.233,-0.139
964.37,50.882,28.218,0.7509,49.819,28.290,0.250,-0.138
964.57,50.907,28.254,0.7231,49.841,28.326,0.267,-0.142
964.77,50.931,28.287,0.6975,49.864,28.360,0.275,-0.140
964.97,50.954,28.316,0.6760,49.885,28.390,0.270,-0.128
965.17,50.978,28.342,0.6615,49.907,28.416,0.265,-0.116
965.37,51.002,28.363,0.6560,49.929,28.438,0.253,-0.090
965.57,51.027,28.382,0.6555,49.953,28.455,0.235,-0.039
965.77,51.061,28.408,0.6553,49.984,28.479,0.237,-0.014
965.97,51.098,28.437,0.6553,50.021,28.507,0.234,0.022
966.17,51.134,28.465,0.6553,50.057,28.536,0.276,0.032
966.37,51.176,28.497,0.6553,50.097,28.567,0.308,0.034
966.57,51.224,28.534,0.6553,50.144,28.603,0.329,0.036
966.77,51.276,28.574,0.6554,50.195,28.642,0.341,0.037
966.97,51.329,28.615,0.6554,50.248,28.683,0.284,-0.051
967.17,51.380,28.654,0.6549,50.301,28.723,0.288,-0.024
967.37,51.426,28.690,0.6548,50.348,28.759,0.306,0.002
967.57,51.473,28.726,0.6548,50.394,28.795,0.342,0.011
967.77,51.524,28.765,0.6548,50.444,28.834,0.369,0.004
967.97,51.579,28.806,0.6549,50.498,28.875,0.379,0.005
968.17,51.639,28.852,0.6549,50.557,28.919,0.377,0.010
968.37,51.698,28.898,0.6549,50.617,28.966,0.376,0.013
968.57,51.757,28.944,0.6550,50.676,29.011,0.370,0.016
968.77,51.815,28.988,0.6550,50.734,29.056,0.364,0.016
968.97,51.873,29.033,0.6550,50.792,29.100,0.355,0.018
969.17,51.930,29.076,0.6551,50.849,29.144,0.346,0.018
969.37,51.985,29.119,0.6551,50.904,29.187,0.340,0.018
969.57,52.038,29.160,0.6551,50.958,29.228,0.329,0.021
969.77,52.090,29.200,0.6551,51.010,29.269,0.318,0.021
969.97,52.142,29.239,0.6552,51.062,29.308,0.351,0.016
970.17,52.198,29.282,0.6552,51.117,29.350,0.383,0.015
970.37,52.259,29.330,0.6552,51.177,29.397,0.400,0.017
970.57,52.322,29.378,0.6552,51.240,29.445,0.398,0.021
970.77,52.385,29.427,0.6553,51.303,29.494,0.392,0.024
970.97,52.446,29.474,0.6554,51.365,29.541,0.384,0.026
971.17,52.506,29.520,0.6554,51.425,29.587,0.393,-0.035
971.37,52.568,29.567,0.6554,51.487,29.634,0.410,-0.044
971.57,52.633,29.617,0.6553,51.551,29.683,0.414,-0.024
971.77,52.698,29.667,0.6553,51.616,29.733,0.410,-0.012
971.97,52.763,29.716,0.6553,51.681,29.783,0.402,-0.009
972.17,52.828,29.764,0.6553,51.746,29.831,0.416,0.058
972.37,52.892,29.813,0.6556,51.809,29.879,0.430,0.057
972.57,52.959,29.864,0.6558,51.875,29.929,0.427,0.045
972.77,53.027,29.915,0.6559,51.943,29.980,0.417,0.041
972.97,53.092,29.967,0.6560,52.009,30.031,0.405,0.040
973.17,53.152,30.015,0.6560,52.070,30.081,0.391,0.039
973.37,53.215,30.064,0.6560,52.132,30.130,0.412,-0.036
973.57,53.282,30.115,0.6559,52.198,30.180,0.424,-0.018
973.77,53.350,30.167,0.6558,52.266,30.232,0.419,-0.002
973.97,53.416,30.217,0.6558,52.332,30.282,0.409,0.002
974.17,53.479,30.264,0.6559,52.396,30.330,0.396,0.002
974.37,53.540,30.311,0.6565,52.458,30.377,0.414,0.069
974.57,53.598,30.356,0.6574,52.516,30.421,0.415,0.062
974.77,53.656,30.400,0.6579,52.572,30.465,0.395,0.053
974.97,53.714,30.445,0.6582,52.629,30.509,0.378,0.050
975.17,53.770,30.494,0.6584,52.685,30.558,0.369,0.048
975.37,53.827,30.539,0.6585,52.742,30.603,0.393,-0.025
975.57,53.888,30.586,0.6585,52.802,30.649,0.403,-0.007
975.77,53.951,30.636,0.6585,52.865,30.699,0.400,0.006
975.97,54.013,30.683,0.6585,52.928,30.747,0.394,0.009
976.17,54.074,30.730,0.6587,52.989,30.794,0.385,0.010
976.37,54.133,30.775,0.6588,53.049,30.840,0.397,0.069
976.57,54.188,30.817,0.6595,53.103,30.882,0.406,0.067
976.77,54.243,30.860,0.6600,53.157,30.923,0.394,0.059
976.97,54.299,30.904,0.6604,53.213,30.965,0.379,0.056
977.17,54.354,30.946,0.6607,53.268,31.007,0.368,0.056
977.37,54.409,30.988,0.6609,53.323,31.049,0.293,-0.034
977.57,54.454,31.024,0.6609,53.369,31.086,0.323,-0.011
977.77,54.502,31.063,0.6610,53.417,31.125,0.354,0.007
977.97,54.558,31.106,0.6610,53.471,31.167,0.375,0.013
978.17,54.616,31.150,0.6610,53.529,31.212,0.377,0.016
978.37,54.674,31.195,0.6609,53.587,31.257,0.373,0.018
978.57,54.732,31.240,0.6609,53.646,31.302,0.368,0.019
978.77,54.789,31.284,0.6610,53.704,31.346,0.361,0.021
978.97,54.846,31.328,0.6611,53.760,31.390,0.351,0.022
979.17,54.901,31.371,0.6612,53.816,31.433,0.343,0.022
979.37,54.955,31.413,0.6613,53.870,31.475,0.334,0.024
979.57,55.008,31.454,0.6614,53.924,31.517,0.325,0.026
979.77,55.059,31.494,0.6614,53.975,31.557,0.315,0.027
979.97,55.109,31.533,0.6615,54.025,31.595,0.346,0.020
980.17,55.161,31.574,0.6615,54.078,31.636,0.376,0.022
980.37,55.219,31.619,0.6615,54.135,31.680,0.392,0.021
980.57,55.281,31.667,0.6616,54.196,31.728,0.393,0.025
980.77,55.342,31.715,0.6617,54.258,31.776,0.387,0.030
980.97,55.403,31.763,0.6618,54.319,31.824,0.381,0.031
981.17,55.463,31.810,0.6619,54.379,31.871,0.376,0.032
981.37,55.522,31.856,0.6620,54.439,31.917,0.366,0.033
981.57,55.578,31.900,0.6621,54.496,31.962,0.356,0.034
981.77,55.634,31.943,0.6621,54.552,32.006,0.343,0.035
981.97,55.688,31.985,0.6621,54.606,32.049,0.334,0.036
982.17,55.740,32.026,0.6623,54.660,32.090,0.325,0.038
982.37,55.791,32.065,0.6623,54.711,32.130,0.354,0.023
982.57,55.841,32.105,0.6623,54.761,32.170,0.376,0.028
982.77,55.895,32.147,0.6624,54.814,32.211,0.382,0.032
982.97,55.953,32.192,0.6624,54.872,32.256,0.378,0.035
983.17,56.012,32.239,0.6626,54.931,32.303,0.376,0.037
983.37,56.072,32.285,0.6626,54.991,32.349,0.313,0.004
983.57,56.128,32.329,0.6622,55.048,32.395,0.347,0.051
983.77,56.175,32.369,0.6620,55.097,32.435,0.357,0.051
983.97,56.226,32.409,0.6622,55.147,32.475,0.340,0.046
984.17,56.276,32.448,0.6626,55.196,32.514,0.323,0.046
984.37,56.326,32.484,0.6629,55.246,32.550,0.343,0.059
984.57,56.375,32.522,0.6631,55.295,32.588,0.355,0.072
984.77,56.423,32.559,0.6636,55.341,32.625,0.354,0.082
984.97,56.468,32.597,0.6637,55.385,32.663,0.346,0.084
985.17,56.510,32.630,0.6643,55.425,32.695,0.329,0.089
985.37,56.551,32.663,0.6643,55.464,32.728,0.316,0.089
985.57,56.589,32.693,0.6653,55.501,32.758,0.298,0.092
985.77,56.628,32.724,0.6661,55.538,32.788,0.284,0.095
985.97,56.669,32.757,0.6678,55.578,32.820,0.277,0.098
986.17,56.715,32.792,0.6709,55.623,32.854,0.279,0.108
986.37,56.762,32.828,0.6753,55.670,32.890,0.284,0.116
986.57,56.800,32.860,0.6770,55.710,32.922,0.272,0.116
986.77,56.818,32.875,0.6772,55.730,32.939,0.230,0.103
986.97,56.831,32.884,0.6763,55.742,32.949,0.179,0.094
987.17,56.840,32.893,0.6803,55.749,32.956,0.145,0.092
987.37,56.851,32.911,0.6998,55.758,32.973,0.140,0.129
987.57,56.858,32.929,0.7271,55.765,32.991,0.143,0.180
987.77,56.854,32.947,0.7916,55.763,33.010,0.144,0.250
987.97,56.843,32.971,0.8645,55.752,33.034,0.000,0.000
