1790670750.2916811 [INFO] [launch]: All log files can be found below /home/qbotix-rover/.ros/log/2026-09-29-14-02-30-274485-qbotix-rover-55230
1790670750.2917604 [INFO] [launch]: Default logging verbosity is set to INFO
1790670750.9671524 [INFO] [robot_state_publisher-1]: process started with pid [55246]
1790670750.9673557 [INFO] [static_transform_publisher-2]: process started with pid [55247]
1790670750.9675434 [INFO] [ekf_node-3]: process started with pid [55248]
1790670750.9677792 [INFO] [static_transform_publisher-4]: process started with pid [55249]
1790670750.9679806 [INFO] [map_server-5]: process started with pid [55250]
1790670750.9681683 [INFO] [planner_server-6]: process started with pid [55251]
1790670750.9683490 [INFO] [controller_server-7]: process started with pid [55253]
1790670750.9685252 [INFO] [behavior_server-8]: process started with pid [55254]
1790670750.9688156 [INFO] [bt_navigator-9]: process started with pid [55255]
1790670750.9691861 [INFO] [lifecycle_manager-10]: process started with pid [55256]
1790670750.9693363 [INFO] [rviz2-11]: process started with pid [55257]
1790670750.9694490 [INFO] [bash-12]: process started with pid [55258]
1790670750.9695542 [INFO] [bash-13]: process started with pid [55259]
1790670750.9696455 [INFO] [bash-14]: process started with pid [55260]
1790670751.4974587 [bash-14] [viz] recording costmap / ekf / slam_graph -> /home/qbotix-rover/sih_ws/mission_recordings/report_1401 at 8 fps of sim time
1790670755.8775628 [planner_server-6] [INFO] [1790670755.877060150] [planner_server]: 
1790670755.8778050 [planner_server-6] 	planner_server lifecycle node launched. 
1790670755.8779080 [planner_server-6] 	Waiting on external lifecycle transitions to activate
1790670755.8779876 [planner_server-6] 	See https://design.ros2.org/articles/node_lifecycle.html for more information.
1790670755.9555659 [bt_navigator-9] [INFO] [1790670755.389268873] [bt_navigator]: 
1790670755.9558060 [bt_navigator-9] 	bt_navigator lifecycle node launched. 
1790670755.9559126 [bt_navigator-9] 	Waiting on external lifecycle transitions to activate
1790670755.9559848 [bt_navigator-9] 	See https://design.ros2.org/articles/node_lifecycle.html for more information.
1790670755.9750998 [static_transform_publisher-4] [INFO] [1790670755.220900348] [static_transform_publisher_L9yqHILy7xnZnVp9]: Spinning until stopped - publishing transform
1790670755.9753299 [static_transform_publisher-4] translation: ('0.000000', '0.000000', '0.000000')
1790670755.9754345 [static_transform_publisher-4] rotation: ('0.000000', '0.000000', '0.000000', '1.000000')
1790670755.9755220 [static_transform_publisher-4] from 'map' to 'odom'
1790670756.5190289 [static_transform_publisher-2] [INFO] [1790670755.294656789] [static_transform_publisher_z3nAdCUK49jD3yJS]: Spinning until stopped - publishing transform
1790670756.5192571 [static_transform_publisher-2] translation: ('0.000000', '0.000000', '0.450000')
1790670756.5193517 [static_transform_publisher-2] rotation: ('0.000000', '0.000000', '0.000000', '1.000000')
1790670756.5194235 [static_transform_publisher-2] from 'base_link' to 'lidar_link'
1790670756.8470302 [controller_server-7] [INFO] [1790670756.846883312] [controller_server]: 
1790670756.8471048 [controller_server-7] 	controller_server lifecycle node launched. 
1790670756.8471265 [controller_server-7] 	Waiting on external lifecycle transitions to activate
1790670756.8471432 [controller_server-7] 	See https://design.ros2.org/articles/node_lifecycle.html for more information.
1790670756.8618889 [behavior_server-8] [INFO] [1790670756.861799623] [behavior_server]: 
1790670756.8619313 [behavior_server-8] 	behavior_server lifecycle node launched. 
1790670756.8619485 [behavior_server-8] 	Waiting on external lifecycle transitions to activate
1790670756.8619649 [behavior_server-8] 	See https://design.ros2.org/articles/node_lifecycle.html for more information.
1790670757.6416132 [map_server-5] [INFO] [1790670757.640995698] [map_server]: 
1790670757.6419525 [map_server-5] 	map_server lifecycle node launched. 
1790670757.6421039 [map_server-5] 	Waiting on external lifecycle transitions to activate
1790670757.6422708 [map_server-5] 	See https://design.ros2.org/articles/node_lifecycle.html for more information.
1790670757.6428421 [map_server-5] [INFO] [1790670757.641262511] [map_server]: Creating
1790670758.7942145 [lifecycle_manager-10] [INFO] [1790670758.499225816] [lifecycle_manager_navigation]: Creating
1790670759.5188234 [lifecycle_manager-10] [INFO] [1790670759.518368515] [lifecycle_manager_navigation]: [34m[1mCreating and initializing lifecycle service clients[0m[0m
1790670759.6204135 [robot_state_publisher-1] [WARN] [1790670759.619703467] [kdl_parser]: The root link base_link has an inertia specified in the URDF, but KDL does not support a root link with an inertia.  As a workaround, you can add an extra dummy link to your URDF.
1790670759.6210222 [robot_state_publisher-1] [INFO] [1790670759.620180572] [robot_state_publisher]: Robot initialized
1790670760.6453176 [bt_navigator-9] [INFO] [1790670760.645092861] [bt_navigator]: Creating
1790670760.6455870 [planner_server-6] [INFO] [1790670760.645107543] [planner_server]: Creating
1790670760.6481161 [controller_server-7] [INFO] [1790670760.647813360] [controller_server]: Creating controller server
1790670760.7438335 [lifecycle_manager-10] [INFO] [1790670760.743341171] [lifecycle_manager_navigation]: [34m[1mStarting managed nodes bringup...[0m[0m
1790670760.7441218 [lifecycle_manager-10] [INFO] [1790670760.743448837] [lifecycle_manager_navigation]: [34m[1mConfiguring map_server[0m[0m
1790670760.8340638 [map_server-5] [INFO] [1790670760.833636379] [map_server]: Configuring
1790670760.8346481 [map_server-5] [INFO] [1790670760.833766125] [map_io]: Loading yaml file: /home/qbotix-rover/sih_ws/src/sih_isaac/generated/map.yaml
1790670760.8350079 [map_server-5] [INFO] [1790670760.834246122] [map_io]: resolution: 0.585938
1790670760.8351202 [map_server-5] [INFO] [1790670760.834260373] [map_io]: origin[0]: -75.293
1790670760.8352017 [map_server-5] [INFO] [1790670760.834268810] [map_io]: origin[1]: -75.293
1790670760.8352702 [map_server-5] [INFO] [1790670760.834275609] [map_io]: origin[2]: 0
1790670760.8353343 [map_server-5] [INFO] [1790670760.834282427] [map_io]: free_thresh: 0.25
1790670760.8353922 [map_server-5] [INFO] [1790670760.834288283] [map_io]: occupied_thresh: 0.65
1790670760.8354511 [map_server-5] [INFO] [1790670760.834295857] [map_io]: mode: trinary
1790670760.8355072 [map_server-5] [INFO] [1790670760.834303547] [map_io]: negate: 0
1790670761.2366984 [planner_server-6] [INFO] [1790670761.236144206] [global_costmap.global_costmap]: 
1790670761.2370162 [planner_server-6] 	global_costmap lifecycle node launched. 
1790670761.2371769 [planner_server-6] 	Waiting on external lifecycle transitions to activate
1790670761.2373195 [planner_server-6] 	See https://design.ros2.org/articles/node_lifecycle.html for more information.
1790670761.3241398 [controller_server-7] [INFO] [1790670761.323726594] [local_costmap.local_costmap]: 
1790670761.3243692 [controller_server-7] 	local_costmap lifecycle node launched. 
1790670761.3244381 [controller_server-7] 	Waiting on external lifecycle transitions to activate
1790670761.3244934 [controller_server-7] 	See https://design.ros2.org/articles/node_lifecycle.html for more information.
1790670761.5922055 [map_server-5] [INFO] [1790670761.591640936] [map_io]: Loading image_file: /home/qbotix-rover/sih_ws/src/sih_isaac/generated/map.pgm
1790670761.5961134 [map_server-5] [INFO] [1790670761.595739315] [map_io]: Read map /home/qbotix-rover/sih_ws/src/sih_isaac/generated/map.pgm: 257 X 257 map @ 0.585938 m/cell
1790670761.6306221 [lifecycle_manager-10] [INFO] [1790670761.630151218] [lifecycle_manager_navigation]: [34m[1mConfiguring planner_server[0m[0m
1790670763.0868850 [planner_server-6] [INFO] [1790670763.086237274] [global_costmap.global_costmap]: Creating Costmap
1790670763.0874031 [controller_server-7] [INFO] [1790670763.086248118] [local_costmap.local_costmap]: Creating Costmap
1790670763.0884981 [planner_server-6] [INFO] [1790670763.088263954] [planner_server]: Configuring
1790670763.0886543 [planner_server-6] [INFO] [1790670763.088302203] [global_costmap.global_costmap]: Configuring
1790670763.1430824 [planner_server-6] [INFO] [1790670763.142680354] [global_costmap.global_costmap]: Using plugin "static_layer"
1790670764.0073056 [planner_server-6] [INFO] [1790670764.006707509] [global_costmap.global_costmap]: Subscribing to the map topic (/prior_map) with transient local durability
1790670764.0110729 [planner_server-6] [INFO] [1790670764.010572200] [global_costmap.global_costmap]: Initialized plugin "static_layer"
1790670764.0113587 [planner_server-6] [INFO] [1790670764.010651985] [global_costmap.global_costmap]: Using plugin "obstacle_layer"
1790670764.0120032 [planner_server-6] [INFO] [1790670764.011735990] [global_costmap.global_costmap]: Subscribed to Topics: scan
1790670764.0197039 [planner_server-6] [INFO] [1790670764.019390889] [global_costmap.global_costmap]: Initialized plugin "obstacle_layer"
1790670764.0198898 [planner_server-6] [INFO] [1790670764.019437682] [global_costmap.global_costmap]: Using plugin "inflation_layer"
1790670764.0203154 [planner_server-6] [INFO] [1790670764.020126500] [global_costmap.global_costmap]: Initialized plugin "inflation_layer"
1790670766.5679858 [planner_server-6] [INFO] [1790670766.567769674] [planner_server]: Created global planner plugin GridBased of type nav2_smac_planner::SmacPlanner2D
1790670766.5681188 [planner_server-6] [INFO] [1790670766.567824499] [planner_server]: Configuring GridBased of type SmacPlanner2D
1790670766.5684695 [planner_server-6] [ERROR] [1790670766.568343710] [planner_server]: Inflation layer either not found or inflation is not set sufficiently for optimized non-circular collision checking capabilities. It is HIGHLY recommended to set the inflation radius to be at MINIMUM half of the robot's largest cross-section. See github.com/ros-planning/navigation2/tree/main/nav2_smac_planner#potential-fields for full instructions. This will substantially impact run-time performance.
1790670766.5696094 [planner_server-6] [INFO] [1790670766.569509727] [planner_server]: Configured plugin GridBased of type SmacPlanner2D with tolerance 0.50, maximum iterations 1000000, max on approach iterations 1000, and allowing unknown traversal.
1790670766.5697644 [planner_server-6] [INFO] [1790670766.569531601] [planner_server]: Planner Server has GridBased  planners available.
1790670766.6234362 [lifecycle_manager-10] [INFO] [1790670766.623151481] [lifecycle_manager_navigation]: [34m[1mConfiguring controller_server[0m[0m
1790670766.6238992 [controller_server-7] [INFO] [1790670766.623443966] [controller_server]: Configuring controller interface
1790670766.6239986 [controller_server-7] [INFO] [1790670766.623477805] [controller_server]: getting progress checker plugins..
1790670766.6240721 [controller_server-7] [INFO] [1790670766.623683797] [controller_server]: getting goal checker plugins..
1790670766.6243234 [controller_server-7] [INFO] [1790670766.623856967] [controller_server]: Controller frequency set to 15.0000Hz
1790670766.6243994 [controller_server-7] [INFO] [1790670766.623902170] [local_costmap.local_costmap]: Configuring
1790670766.6333706 [controller_server-7] [INFO] [1790670766.633085373] [local_costmap.local_costmap]: Using plugin "obstacle_layer"
1790670766.6373250 [controller_server-7] [INFO] [1790670766.637104900] [local_costmap.local_costmap]: Subscribed to Topics: scan
1790670766.6398611 [controller_server-7] [INFO] [1790670766.639705034] [local_costmap.local_costmap]: Initialized plugin "obstacle_layer"
1790670766.6399693 [controller_server-7] [INFO] [1790670766.639723281] [local_costmap.local_costmap]: Using plugin "inflation_layer"
1790670766.6402175 [controller_server-7] [INFO] [1790670766.640027318] [local_costmap.local_costmap]: Initialized plugin "inflation_layer"
1790670767.1935809 [controller_server-7] [INFO] [1790670767.192977361] [controller_server]: Created progress_checker : progress_checker of type nav2_controller::SimpleProgressChecker
1790670767.1943579 [controller_server-7] [INFO] [1790670767.193592921] [controller_server]: Controller Server has progress_checker  progress checkers available.
1790670767.1958406 [controller_server-7] [INFO] [1790670767.195457744] [controller_server]: Created goal checker : goal_checker of type nav2_controller::SimpleGoalChecker
1790670767.1967571 [controller_server-7] [INFO] [1790670767.196308756] [controller_server]: Controller Server has goal_checker  goal checkers available.
1790670767.7812321 [controller_server-7] [INFO] [1790670767.781101615] [controller_server]: Created controller : FollowPath of type nav2_mppi_controller::MPPIController
1790670767.7816432 [controller_server-7] [WARN] [1790670767.781588069] [controller_server]: Controller period is less then model dt, consider setting it equal
1790670768.4919603 [controller_server-7] [INFO] [1790670768.491709005] [controller_server]: ConstraintCritic instantiated with 1 power and 4.000000 weight.
1790670768.4921036 [controller_server-7] [INFO] [1790670768.491753006] [controller_server]: Critic loaded : mppi::critics::ConstraintCritic
1790670768.4923062 [controller_server-7] [INFO] [1790670768.491939115] [controller_server]: InflationCostCritic instantiated with 1 power and 300.000000 / 0.015000 weights. Critic will collision check based on circular cost.
1790670768.4923542 [controller_server-7] [INFO] [1790670768.491944246] [controller_server]: Critic loaded : mppi::critics::CostCritic
1790670768.4924750 [controller_server-7] [INFO] [1790670768.492011233] [controller_server]: GoalCritic instantiated with 1 power and 5.000000 weight.
1790670768.4925225 [controller_server-7] [INFO] [1790670768.492013534] [controller_server]: Critic loaded : mppi::critics::GoalCritic
1790670768.4925578 [controller_server-7] [INFO] [1790670768.492101844] [controller_server]: GoalAngleCritic instantiated with 1 power, 3.000000 weight, 0.500000 angular threshold and symmetric_yaw_tolerance disabled
1790670768.4925904 [controller_server-7] [INFO] [1790670768.492105192] [controller_server]: Critic loaded : mppi::critics::GoalAngleCritic
1790670768.4927592 [controller_server-7] [INFO] [1790670768.492236942] [controller_server]: ReferenceTrajectoryCritic instantiated with 1 power and 14.000000 weight
1790670768.4928105 [controller_server-7] [INFO] [1790670768.492239530] [controller_server]: Critic loaded : mppi::critics::PathAlignCritic
1790670768.4928305 [controller_server-7] [INFO] [1790670768.492331063] [controller_server]: Critic loaded : mppi::critics::PathFollowCritic
1790670768.4928463 [controller_server-7] [INFO] [1790670768.492448897] [controller_server]: PathAngleCritic instantiated with 1 power and 2.000000 weight. Mode set to: Forward Preference
1790670768.4928606 [controller_server-7] [INFO] [1790670768.492451845] [controller_server]: Critic loaded : mppi::critics::PathAngleCritic
1790670768.4928777 [controller_server-7] [INFO] [1790670768.492521066] [controller_server]: PreferForwardCritic instantiated with 1 power and 5.000000 weight.
1790670768.4928899 [controller_server-7] [INFO] [1790670768.492523170] [controller_server]: Critic loaded : mppi::critics::PreferForwardCritic
1790670768.4956915 [controller_server-7] [INFO] [1790670768.495584985] [controller_server]: Optimizer reset
1790670768.5570755 [controller_server-7] [INFO] [1790670768.556679399] [MPPIController]: Configured MPPI Controller: FollowPath
1790670768.5573120 [controller_server-7] [INFO] [1790670768.556736295] [controller_server]: Controller Server has FollowPath  controllers available.
1790670768.5681031 [lifecycle_manager-10] [INFO] [1790670768.567903145] [lifecycle_manager_navigation]: [34m[1mConfiguring behavior_server[0m[0m
1790670768.5684233 [behavior_server-8] [INFO] [1790670768.568168680] [behavior_server]: Configuring
1790670768.5728986 [behavior_server-8] [INFO] [1790670768.572700379] [behavior_server]: Creating behavior plugin spin of type nav2_behaviors::Spin
1790670769.0771298 [behavior_server-8] [INFO] [1790670769.076588787] [behavior_server]: Creating behavior plugin backup of type nav2_behaviors::BackUp
1790670769.1623495 [behavior_server-8] [INFO] [1790670769.161958501] [behavior_server]: Creating behavior plugin drive_on_heading of type nav2_behaviors::DriveOnHeading
1790670769.5180418 [behavior_server-8] [INFO] [1790670769.517822839] [behavior_server]: Creating behavior plugin wait of type nav2_behaviors::Wait
1790670769.9433634 [behavior_server-8] [INFO] [1790670769.943126550] [behavior_server]: Configuring spin
1790670769.9478424 [behavior_server-8] [INFO] [1790670769.947672786] [behavior_server]: Configuring backup
1790670769.9501903 [behavior_server-8] [INFO] [1790670769.950084623] [behavior_server]: Configuring drive_on_heading
1790670769.9547262 [behavior_server-8] [INFO] [1790670769.954599628] [behavior_server]: Configuring wait
1790670769.9572020 [lifecycle_manager-10] [INFO] [1790670769.957134618] [lifecycle_manager_navigation]: [34m[1mConfiguring bt_navigator[0m[0m
1790670769.9574094 [bt_navigator-9] [INFO] [1790670769.957296029] [bt_navigator]: Configuring
1790670769.9615037 [bt_navigator-9] [INFO] [1790670769.961403800] [bt_navigator]: Creating navigator id navigate_to_pose of type nav2_bt_navigator::NavigateToPoseNavigator
1790670770.7049205 [bt_navigator-9] [WARN] [1790670770.704752321] [bt_navigator]: Error_code parameters were not set. Using default values of: follow_path_error_code compute_path_error_code
1790670770.7050071 [bt_navigator-9] Make sure these match your BT and there are not other sources of error codes youreported to your application
1790670779.8239741 [rviz2-11] [INFO] [1790670779.823837410] [rviz2]: Stereo is NOT SUPPORTED
1790670779.8241367 [rviz2-11] [INFO] [1790670779.823885121] [rviz2]: OpenGl version: 4.6 (GLSL 4.6)
1790670780.7404420 [rviz2-11] [INFO] [1790670780.740307553] [rviz2]: Stereo is NOT SUPPORTED
1790670784.9520700 [bt_navigator-9] [INFO] [1790670784.951882314] [bt_navigator]: Creating navigator id navigate_through_poses of type nav2_bt_navigator::NavigateThroughPosesNavigator
1790670785.0853939 [lifecycle_manager-10] [INFO] [1790670785.085255258] [lifecycle_manager_navigation]: [34m[1mActivating map_server[0m[0m
1790670785.0855865 [map_server-5] [INFO] [1790670785.085317855] [map_server]: Activating
1790670785.0856192 [map_server-5] [INFO] [1790670785.085458265] [map_server]: Creating bond (map_server) to lifecycle manager.
1790670785.0857160 [planner_server-6] [INFO] [1790670785.085636970] [global_costmap.global_costmap]: StaticLayer: Resizing costmap to 257 X 257 at 0.585938 m/pix
1790670785.4348977 [lifecycle_manager-10] [INFO] [1790670785.434745983] [lifecycle_manager_navigation]: Server map_server connected with bond.
1790670785.4349761 [lifecycle_manager-10] [INFO] [1790670785.434772416] [lifecycle_manager_navigation]: [34m[1mActivating planner_server[0m[0m
1790670785.4351060 [planner_server-6] [INFO] [1790670785.434962096] [planner_server]: Activating
1790670785.4351315 [planner_server-6] [INFO] [1790670785.434998585] [global_costmap.global_costmap]: Activating
1790670785.4351485 [planner_server-6] [INFO] [1790670785.435008316] [global_costmap.global_costmap]: Checking transform
1790670785.4352193 [planner_server-6] [INFO] [1790670785.435111951] [global_costmap.global_costmap]: start
1790670786.4860654 [planner_server-6] [INFO] [1790670786.485897555] [planner_server]: Activating plugin GridBased of type SmacPlanner2D
1790670786.4868529 [planner_server-6] [INFO] [1790670786.486748784] [planner_server]: Creating bond (planner_server) to lifecycle manager.
1790670786.5891409 [lifecycle_manager-10] [INFO] [1790670786.588932407] [lifecycle_manager_navigation]: Server planner_server connected with bond.
1790670786.5892875 [lifecycle_manager-10] [INFO] [1790670786.588971209] [lifecycle_manager_navigation]: [34m[1mActivating controller_server[0m[0m
1790670786.5895104 [controller_server-7] [INFO] [1790670786.589248741] [controller_server]: Activating
1790670786.5895584 [controller_server-7] [INFO] [1790670786.589297285] [local_costmap.local_costmap]: Activating
1790670786.5895975 [controller_server-7] [INFO] [1790670786.589309833] [local_costmap.local_costmap]: Checking transform
1790670786.5897357 [controller_server-7] [INFO] [1790670786.589532303] [local_costmap.local_costmap]: start
1790670786.7407207 [controller_server-7] [WARN] [1790670786.740529593] [controller_server]: Parameter controller_server.verbose not found
1790670786.7439182 [controller_server-7] [INFO] [1790670786.743832949] [controller_server]: Optimizer reset
1790670786.7440815 [controller_server-7] [INFO] [1790670786.743968427] [MPPIController]: Activated MPPI Controller: FollowPath
1790670786.7441273 [controller_server-7] [INFO] [1790670786.743984386] [controller_server]: Creating bond (controller_server) to lifecycle manager.
1790670786.8470492 [lifecycle_manager-10] [INFO] [1790670786.846865166] [lifecycle_manager_navigation]: Server controller_server connected with bond.
1790670786.8471661 [lifecycle_manager-10] [INFO] [1790670786.846903829] [lifecycle_manager_navigation]: [34m[1mActivating behavior_server[0m[0m
1790670786.8473527 [behavior_server-8] [INFO] [1790670786.847101571] [behavior_server]: Activating
1790670786.8473933 [behavior_server-8] [INFO] [1790670786.847117793] [behavior_server]: Activating spin
1790670786.8474264 [behavior_server-8] [INFO] [1790670786.847123921] [behavior_server]: Activating backup
1790670786.8474567 [behavior_server-8] [INFO] [1790670786.847128261] [behavior_server]: Activating drive_on_heading
1790670786.8474867 [behavior_server-8] [INFO] [1790670786.847132236] [behavior_server]: Activating wait
1790670786.8475156 [behavior_server-8] [INFO] [1790670786.847140055] [behavior_server]: Creating bond (behavior_server) to lifecycle manager.
1790670786.9497318 [lifecycle_manager-10] [INFO] [1790670786.949590855] [lifecycle_manager_navigation]: Server behavior_server connected with bond.
1790670786.9498091 [lifecycle_manager-10] [INFO] [1790670786.949617173] [lifecycle_manager_navigation]: [34m[1mActivating bt_navigator[0m[0m
1790670786.9499292 [bt_navigator-9] [INFO] [1790670786.949776407] [bt_navigator]: Activating
1790670787.2083476 [bt_navigator-9] [INFO] [1790670787.208217753] [bt_navigator]: Creating bond (bt_navigator) to lifecycle manager.
1790670787.3102086 [lifecycle_manager-10] [INFO] [1790670787.310081639] [lifecycle_manager_navigation]: Server bt_navigator connected with bond.
1790670787.3102801 [lifecycle_manager-10] [INFO] [1790670787.310105669] [lifecycle_manager_navigation]: [34m[1mManaged nodes are active[0m[0m
1790670787.3103004 [lifecycle_manager-10] [INFO] [1790670787.310109555] [lifecycle_manager_navigation]: [34m[1mCreating bond timer...[0m[0m
1790670787.8387442 [rviz2-11] [INFO] [1790670787.838615984] [rviz2]: Stereo is NOT SUPPORTED
1790670787.8598969 [rviz2-11] [INFO] [1790670787.859761719] [rviz2]: Trying to create a map of size 93 x 93 using 1 swatches
1790670787.8600638 [rviz2-11] [INFO] [1790670787.859900045] [rviz2]: Trying to create a map of size 257 x 257 using 1 swatches
1790670787.8601413 [rviz2-11] [INFO] [1790670787.860048311] [rviz2]: Trying to create a map of size 257 x 257 using 1 swatches
1790670791.6058934 [bt_navigator-9] [INFO] [1790670791.605719679] [bt_navigator]: Begin navigating from current location (-61.99, 15.99) to (56.00, 34.00)
1790670791.6274836 [controller_server-7] [INFO] [1790670791.627177525] [controller_server]: Received a goal, begin computing control effort.
1790670791.6276703 [controller_server-7] [WARN] [1790670791.627247528] [controller_server]: No goal checker was specified in parameter 'current_goal_checker'. Server will use only plugin loaded goal_checker . This warning will appear once.
1790670791.6277235 [controller_server-7] [WARN] [1790670791.627263178] [controller_server]: No progress checker was specified in parameter 'current_progress_checker'. Server will use only plugin loaded progress_checker . This warning will appear once.
1790670792.6942022 [controller_server-7] [INFO] [1790670792.694066736] [controller_server]: Passing new path to controller.
1790670793.6942387 [controller_server-7] [INFO] [1790670793.694064759] [controller_server]: Passing new path to controller.
1790670794.7608943 [controller_server-7] [INFO] [1790670794.760739819] [controller_server]: Passing new path to controller.
1790670795.7609332 [controller_server-7] [INFO] [1790670795.760748456] [controller_server]: Passing new path to controller.
1790670796.8276916 [controller_server-7] [INFO] [1790670796.827415694] [controller_server]: Passing new path to controller.
1790670797.8276520 [controller_server-7] [INFO] [1790670797.827430208] [controller_server]: Passing new path to controller.
1790670798.8276074 [controller_server-7] [INFO] [1790670798.827411510] [controller_server]: Passing new path to controller.
1790670799.8942227 [controller_server-7] [INFO] [1790670799.894063692] [controller_server]: Passing new path to controller.
1790670800.8942294 [controller_server-7] [INFO] [1790670800.894071396] [controller_server]: Passing new path to controller.
1790670801.9609356 [controller_server-7] [INFO] [1790670801.960737706] [controller_server]: Passing new path to controller.
1790670802.9609623 [controller_server-7] [INFO] [1790670802.960745604] [controller_server]: Passing new path to controller.
1790670803.9608629 [controller_server-7] [INFO] [1790670803.960729169] [controller_server]: Passing new path to controller.
1790670805.0275495 [controller_server-7] [INFO] [1790670805.027407059] [controller_server]: Passing new path to controller.
1790670806.0275350 [controller_server-7] [INFO] [1790670806.027401578] [controller_server]: Passing new path to controller.
1790670807.0275588 [controller_server-7] [INFO] [1790670807.027395644] [controller_server]: Passing new path to controller.
1790670808.0942411 [controller_server-7] [INFO] [1790670808.094059774] [controller_server]: Passing new path to controller.
1790670809.0942585 [controller_server-7] [INFO] [1790670809.094058765] [controller_server]: Passing new path to controller.
1790670810.1609209 [controller_server-7] [INFO] [1790670810.160730933] [controller_server]: Passing new path to controller.
1790670811.1608572 [controller_server-7] [INFO] [1790670811.160725418] [controller_server]: Passing new path to controller.
1790670812.2275906 [controller_server-7] [INFO] [1790670812.227397785] [controller_server]: Passing new path to controller.
1790670813.2275498 [controller_server-7] [INFO] [1790670813.227402895] [controller_server]: Passing new path to controller.
1790670814.2275369 [controller_server-7] [INFO] [1790670814.227396787] [controller_server]: Passing new path to controller.
1790670815.2943144 [controller_server-7] [INFO] [1790670815.294074708] [controller_server]: Passing new path to controller.
1790670816.2942152 [controller_server-7] [INFO] [1790670816.294062332] [controller_server]: Passing new path to controller.
1790670817.3608661 [controller_server-7] [INFO] [1790670817.360731438] [controller_server]: Passing new path to controller.
1790670818.3608601 [controller_server-7] [INFO] [1790670818.360727406] [controller_server]: Passing new path to controller.
1790670819.3608887 [controller_server-7] [INFO] [1790670819.360747692] [controller_server]: Passing new path to controller.
1790670820.4278455 [controller_server-7] [INFO] [1790670820.427423778] [controller_server]: Passing new path to controller.
1790670821.4275355 [controller_server-7] [INFO] [1790670821.427400581] [controller_server]: Passing new path to controller.
1790670822.4942918 [controller_server-7] [INFO] [1790670822.494072286] [controller_server]: Passing new path to controller.
1790670823.4948804 [controller_server-7] [INFO] [1790670823.494680872] [controller_server]: Passing new path to controller.
1790670824.5610344 [controller_server-7] [INFO] [1790670824.560807225] [controller_server]: Passing new path to controller.
1790670825.5609086 [controller_server-7] [INFO] [1790670825.560743474] [controller_server]: Passing new path to controller.
1790670826.5609519 [controller_server-7] [INFO] [1790670826.560742847] [controller_server]: Passing new path to controller.
1790670827.6275237 [controller_server-7] [INFO] [1790670827.627396047] [controller_server]: Passing new path to controller.
1790670828.6275513 [controller_server-7] [INFO] [1790670828.627402992] [controller_server]: Passing new path to controller.
1790670829.6942415 [controller_server-7] [INFO] [1790670829.694062295] [controller_server]: Passing new path to controller.
1790670830.6943221 [controller_server-7] [INFO] [1790670830.694087941] [controller_server]: Passing new path to controller.
1790670831.6942632 [controller_server-7] [INFO] [1790670831.694061561] [controller_server]: Passing new path to controller.
1790670832.7608700 [controller_server-7] [INFO] [1790670832.760730978] [controller_server]: Passing new path to controller.
1790670833.7608993 [controller_server-7] [INFO] [1790670833.760734689] [controller_server]: Passing new path to controller.
1790670834.7608676 [controller_server-7] [INFO] [1790670834.760729524] [controller_server]: Passing new path to controller.
1790670836.8275259 [controller_server-7] [INFO] [1790670836.827393136] [controller_server]: Passing new path to controller.
1790670837.8942704 [controller_server-7] [INFO] [1790670837.894111245] [controller_server]: Passing new path to controller.
1790670838.8943443 [controller_server-7] [INFO] [1790670838.894089114] [controller_server]: Passing new path to controller.
1790670839.8942354 [controller_server-7] [INFO] [1790670839.894073482] [controller_server]: Passing new path to controller.
1790670840.9610043 [controller_server-7] [INFO] [1790670840.960747701] [controller_server]: Passing new path to controller.
1790670841.9608760 [controller_server-7] [INFO] [1790670841.960732931] [controller_server]: Passing new path to controller.
1790670843.0277560 [controller_server-7] [INFO] [1790670843.027424681] [controller_server]: Passing new path to controller.
1790670844.0275598 [controller_server-7] [INFO] [1790670844.027397754] [controller_server]: Passing new path to controller.
1790670845.0276256 [controller_server-7] [INFO] [1790670845.027413068] [controller_server]: Passing new path to controller.
1790670846.0941963 [controller_server-7] [INFO] [1790670846.094044962] [controller_server]: Passing new path to controller.
1790670847.0941968 [controller_server-7] [INFO] [1790670847.094061672] [controller_server]: Passing new path to controller.
1790670848.0942094 [controller_server-7] [INFO] [1790670848.094063278] [controller_server]: Passing new path to controller.
1790670849.1608853 [controller_server-7] [INFO] [1790670849.160731105] [controller_server]: Passing new path to controller.
1790670850.1608672 [controller_server-7] [INFO] [1790670850.160728159] [controller_server]: Passing new path to controller.
1790670851.2275808 [controller_server-7] [INFO] [1790670851.227451506] [controller_server]: Passing new path to controller.
1790670852.2275288 [controller_server-7] [INFO] [1790670852.227393307] [controller_server]: Passing new path to controller.
1790670853.2275383 [controller_server-7] [INFO] [1790670853.227396124] [controller_server]: Passing new path to controller.
1790670854.2942851 [controller_server-7] [INFO] [1790670854.294071785] [controller_server]: Passing new path to controller.
1790670855.2942352 [controller_server-7] [INFO] [1790670855.294058126] [controller_server]: Passing new path to controller.
1790670856.3609815 [controller_server-7] [INFO] [1790670856.360738199] [controller_server]: Passing new path to controller.
1790670857.3609531 [controller_server-7] [INFO] [1790670857.360741460] [controller_server]: Passing new path to controller.
1790670858.3610458 [controller_server-7] [INFO] [1790670858.360732168] [controller_server]: Passing new path to controller.
1790670859.4276037 [controller_server-7] [INFO] [1790670859.427408318] [controller_server]: Passing new path to controller.
1790670860.4275398 [controller_server-7] [INFO] [1790670860.427402644] [controller_server]: Passing new path to controller.
1790670861.4942946 [controller_server-7] [INFO] [1790670861.494064524] [controller_server]: Passing new path to controller.
1790670862.4942021 [controller_server-7] [INFO] [1790670862.494064467] [controller_server]: Passing new path to controller.
1790670863.4943676 [controller_server-7] [INFO] [1790670863.494075195] [controller_server]: Passing new path to controller.
1790670864.5608673 [controller_server-7] [INFO] [1790670864.560729088] [controller_server]: Passing new path to controller.
1790670865.5609074 [controller_server-7] [INFO] [1790670865.560736004] [controller_server]: Passing new path to controller.
1790670866.5609233 [controller_server-7] [INFO] [1790670866.560729503] [controller_server]: Passing new path to controller.
1790670867.6276538 [controller_server-7] [INFO] [1790670867.627456228] [controller_server]: Passing new path to controller.
1790670868.6282654 [controller_server-7] [INFO] [1790670868.627489660] [controller_server]: Passing new path to controller.
1790670869.6275411 [controller_server-7] [INFO] [1790670869.627394132] [controller_server]: Passing new path to controller.
1790670870.6943016 [controller_server-7] [INFO] [1790670870.694077661] [controller_server]: Passing new path to controller.
1790670871.6942129 [controller_server-7] [INFO] [1790670871.694064178] [controller_server]: Passing new path to controller.
1790670872.7622764 [controller_server-7] [INFO] [1790670872.760745573] [controller_server]: Passing new path to controller.
1790670873.7609699 [controller_server-7] [INFO] [1790670873.760748249] [controller_server]: Passing new path to controller.
1790670874.7608769 [controller_server-7] [INFO] [1790670874.760736469] [controller_server]: Passing new path to controller.
1790670875.8275740 [controller_server-7] [INFO] [1790670875.827413010] [controller_server]: Passing new path to controller.
1790670876.8276002 [controller_server-7] [INFO] [1790670876.827407227] [controller_server]: Passing new path to controller.
1790670877.8942628 [controller_server-7] [INFO] [1790670877.894073764] [controller_server]: Passing new path to controller.
1790670878.8942122 [controller_server-7] [INFO] [1790670878.894071080] [controller_server]: Passing new path to controller.
1790670879.9609540 [controller_server-7] [INFO] [1790670879.960737896] [controller_server]: Passing new path to controller.
1790670880.9609029 [controller_server-7] [INFO] [1790670880.960734604] [controller_server]: Passing new path to controller.
1790670881.9608710 [controller_server-7] [INFO] [1790670881.960733880] [controller_server]: Passing new path to controller.
1790670883.0275669 [controller_server-7] [INFO] [1790670883.027401949] [controller_server]: Passing new path to controller.
1790670884.0275445 [controller_server-7] [INFO] [1790670884.027400583] [controller_server]: Passing new path to controller.
1790670885.0942068 [controller_server-7] [INFO] [1790670885.094062064] [controller_server]: Passing new path to controller.
1790670886.0941951 [controller_server-7] [INFO] [1790670886.094061966] [controller_server]: Passing new path to controller.
1790670887.1609373 [controller_server-7] [INFO] [1790670887.160738570] [controller_server]: Passing new path to controller.
1790670888.1609337 [controller_server-7] [INFO] [1790670888.160745443] [controller_server]: Passing new path to controller.
1790670889.1608741 [controller_server-7] [INFO] [1790670889.160727462] [controller_server]: Passing new path to controller.
1790670890.2275372 [controller_server-7] [INFO] [1790670890.227403633] [controller_server]: Passing new path to controller.
1790670891.2275326 [controller_server-7] [INFO] [1790670891.227395500] [controller_server]: Passing new path to controller.
1790670892.2942419 [controller_server-7] [INFO] [1790670892.294074411] [controller_server]: Passing new path to controller.
1790670893.2942293 [controller_server-7] [INFO] [1790670893.294070864] [controller_server]: Passing new path to controller.
1790670894.3608713 [controller_server-7] [INFO] [1790670894.360731644] [controller_server]: Passing new path to controller.
1790670895.3608816 [controller_server-7] [INFO] [1790670895.360735469] [controller_server]: Passing new path to controller.
1790670896.3609502 [controller_server-7] [INFO] [1790670896.360740009] [controller_server]: Passing new path to controller.
1790670897.4275892 [controller_server-7] [INFO] [1790670897.427412728] [controller_server]: Passing new path to controller.
1790670898.4276378 [controller_server-7] [INFO] [1790670898.427413784] [controller_server]: Passing new path to controller.
1790670899.4276106 [controller_server-7] [INFO] [1790670899.427403898] [controller_server]: Passing new path to controller.
1790670900.4941959 [controller_server-7] [INFO] [1790670900.494062292] [controller_server]: Passing new path to controller.
1790670901.4943445 [controller_server-7] [INFO] [1790670901.494085837] [controller_server]: Passing new path to controller.
1790670902.5608726 [controller_server-7] [INFO] [1790670902.560732689] [controller_server]: Passing new path to controller.
1790670903.5614717 [controller_server-7] [INFO] [1790670903.560843874] [controller_server]: Passing new path to controller.
1790670904.5609124 [controller_server-7] [INFO] [1790670904.560735231] [controller_server]: Passing new path to controller.
1790670905.6276040 [controller_server-7] [INFO] [1790670905.627406471] [controller_server]: Passing new path to controller.
1790670906.6275358 [controller_server-7] [INFO] [1790670906.627404188] [controller_server]: Passing new path to controller.
1790670907.6943479 [controller_server-7] [INFO] [1790670907.694073120] [controller_server]: Passing new path to controller.
1790670908.6942892 [controller_server-7] [INFO] [1790670908.694062838] [controller_server]: Passing new path to controller.
1790670909.6942608 [controller_server-7] [INFO] [1790670909.694065240] [controller_server]: Passing new path to controller.
1790670910.7613175 [controller_server-7] [INFO] [1790670910.760775723] [controller_server]: Passing new path to controller.
1790670911.7610464 [controller_server-7] [INFO] [1790670911.760761930] [controller_server]: Passing new path to controller.
1790670912.8276501 [controller_server-7] [INFO] [1790670912.827455296] [controller_server]: Passing new path to controller.
1790670913.8276491 [controller_server-7] [INFO] [1790670913.827414935] [controller_server]: Passing new path to controller.
1790670914.8943195 [controller_server-7] [INFO] [1790670914.894083977] [controller_server]: Passing new path to controller.
1790670915.8942714 [controller_server-7] [INFO] [1790670915.894087376] [controller_server]: Passing new path to controller.
1790670916.9608569 [controller_server-7] [INFO] [1790670916.960724483] [controller_server]: Passing new path to controller.
1790670917.9612644 [controller_server-7] [INFO] [1790670917.960768514] [controller_server]: Passing new path to controller.
1790670918.9608905 [controller_server-7] [INFO] [1790670918.960732884] [controller_server]: Passing new path to controller.
1790670920.0276244 [controller_server-7] [INFO] [1790670920.027413089] [controller_server]: Passing new path to controller.
1790670921.0276070 [controller_server-7] [INFO] [1790670921.027407194] [controller_server]: Passing new path to controller.
1790670922.0942845 [controller_server-7] [INFO] [1790670922.094068062] [controller_server]: Passing new path to controller.
1790670923.0943086 [controller_server-7] [INFO] [1790670923.094079000] [controller_server]: Passing new path to controller.
1790670924.1609602 [controller_server-7] [INFO] [1790670924.160746670] [controller_server]: Passing new path to controller.
1790670925.1609285 [controller_server-7] [INFO] [1790670925.160732387] [controller_server]: Passing new path to controller.
1790670926.1609485 [controller_server-7] [INFO] [1790670926.160739715] [controller_server]: Passing new path to controller.
1790670927.2276092 [controller_server-7] [INFO] [1790670927.227407587] [controller_server]: Passing new path to controller.
1790670928.2275267 [controller_server-7] [INFO] [1790670928.227393913] [controller_server]: Passing new path to controller.
1790670929.2942142 [controller_server-7] [INFO] [1790670929.294074538] [controller_server]: Passing new path to controller.
1790670930.2942708 [controller_server-7] [INFO] [1790670930.294070635] [controller_server]: Passing new path to controller.
1790670931.2943075 [controller_server-7] [INFO] [1790670931.294068830] [controller_server]: Passing new path to controller.
1790670932.3609338 [controller_server-7] [INFO] [1790670932.360735699] [controller_server]: Passing new path to controller.
1790670933.3609312 [controller_server-7] [INFO] [1790670933.360740152] [controller_server]: Passing new path to controller.
1790670934.4276133 [controller_server-7] [INFO] [1790670934.427404266] [controller_server]: Passing new path to controller.
1790670935.4275970 [controller_server-7] [INFO] [1790670935.427408180] [controller_server]: Passing new path to controller.
1790670936.4275312 [controller_server-7] [INFO] [1790670936.427393154] [controller_server]: Passing new path to controller.
1790670937.4942272 [controller_server-7] [INFO] [1790670937.494060292] [controller_server]: Passing new path to controller.
1790670938.4942119 [controller_server-7] [INFO] [1790670938.494069693] [controller_server]: Passing new path to controller.
1790670939.5608733 [controller_server-7] [INFO] [1790670939.560736023] [controller_server]: Passing new path to controller.
1790670940.5609543 [controller_server-7] [INFO] [1790670940.560746499] [controller_server]: Passing new path to controller.
1790670941.5609145 [controller_server-7] [INFO] [1790670941.560735717] [controller_server]: Passing new path to controller.
1790670942.6279612 [controller_server-7] [INFO] [1790670942.627432944] [controller_server]: Passing new path to controller.
1790670943.6275694 [controller_server-7] [INFO] [1790670943.627401303] [controller_server]: Passing new path to controller.
1790670944.6276517 [controller_server-7] [INFO] [1790670944.627407949] [controller_server]: Passing new path to controller.
1790670945.6942935 [controller_server-7] [INFO] [1790670945.694073059] [controller_server]: Passing new path to controller.
1790670946.6942306 [controller_server-7] [INFO] [1790670946.694058304] [controller_server]: Passing new path to controller.
1790670947.7608724 [controller_server-7] [INFO] [1790670947.760731423] [controller_server]: Passing new path to controller.
1790670948.7608993 [controller_server-7] [INFO] [1790670948.760742116] [controller_server]: Passing new path to controller.
1790670949.7609329 [controller_server-7] [INFO] [1790670949.760734243] [controller_server]: Passing new path to controller.
1790670950.8276222 [controller_server-7] [INFO] [1790670950.827414527] [controller_server]: Passing new path to controller.
1790670951.8276117 [controller_server-7] [INFO] [1790670951.827403917] [controller_server]: Passing new path to controller.
1790670952.8942509 [controller_server-7] [INFO] [1790670952.894064221] [controller_server]: Passing new path to controller.
1790670953.8942904 [controller_server-7] [INFO] [1790670953.894069059] [controller_server]: Passing new path to controller.
1790670954.8944657 [controller_server-7] [INFO] [1790670954.894046167] [controller_server]: Passing new path to controller.
1790670955.9608629 [controller_server-7] [INFO] [1790670955.960728138] [controller_server]: Passing new path to controller.
1790670956.9609191 [controller_server-7] [INFO] [1790670956.960737006] [controller_server]: Passing new path to controller.
1790670958.0276709 [controller_server-7] [INFO] [1790670958.027415175] [controller_server]: Passing new path to controller.
1790670959.0299087 [controller_server-7] [INFO] [1790670959.027407138] [controller_server]: Passing new path to controller.
1790670960.0275936 [controller_server-7] [INFO] [1790670960.027399353] [controller_server]: Passing new path to controller.
1790670961.0942814 [controller_server-7] [INFO] [1790670961.094073753] [controller_server]: Passing new path to controller.
1790670962.0942643 [controller_server-7] [INFO] [1790670962.094062745] [controller_server]: Passing new path to controller.
1790670963.1608841 [controller_server-7] [INFO] [1790670963.160728551] [controller_server]: Passing new path to controller.
1790670964.1608794 [controller_server-7] [INFO] [1790670964.160736921] [controller_server]: Passing new path to controller.
1790670965.1609859 [controller_server-7] [INFO] [1790670965.160751450] [controller_server]: Passing new path to controller.
1790670966.2275515 [controller_server-7] [INFO] [1790670966.227399288] [controller_server]: Passing new path to controller.
1790670967.2276089 [controller_server-7] [INFO] [1790670967.227447392] [controller_server]: Passing new path to controller.
1790670968.2275579 [controller_server-7] [INFO] [1790670968.227392248] [controller_server]: Passing new path to controller.
1790670969.2945840 [controller_server-7] [INFO] [1790670969.294105070] [controller_server]: Passing new path to controller.
1790670970.2942777 [controller_server-7] [INFO] [1790670970.294072350] [controller_server]: Passing new path to controller.
1790670971.3608761 [controller_server-7] [INFO] [1790670971.360736351] [controller_server]: Passing new path to controller.
1790670972.3611016 [controller_server-7] [INFO] [1790670972.360748523] [controller_server]: Passing new path to controller.
1790670973.4275253 [controller_server-7] [INFO] [1790670973.427397388] [controller_server]: Passing new path to controller.
1790670974.4275472 [controller_server-7] [INFO] [1790670974.427400894] [controller_server]: Passing new path to controller.
1790670975.4275544 [controller_server-7] [INFO] [1790670975.427406004] [controller_server]: Passing new path to controller.
1790670976.4942484 [controller_server-7] [INFO] [1790670976.494061045] [controller_server]: Passing new path to controller.
1790670977.4942133 [controller_server-7] [INFO] [1790670977.494067627] [controller_server]: Passing new path to controller.
1790670978.5611567 [controller_server-7] [INFO] [1790670978.560771507] [controller_server]: Passing new path to controller.
1790670979.5609837 [controller_server-7] [INFO] [1790670979.560748858] [controller_server]: Passing new path to controller.
1790670980.5609088 [controller_server-7] [INFO] [1790670980.560742147] [controller_server]: Passing new path to controller.
1790670981.6275907 [controller_server-7] [INFO] [1790670981.627402262] [controller_server]: Passing new path to controller.
1790670982.6275413 [controller_server-7] [INFO] [1790670982.627399396] [controller_server]: Passing new path to controller.
1790670983.6942554 [controller_server-7] [INFO] [1790670983.694069106] [controller_server]: Passing new path to controller.
1790670984.6942956 [controller_server-7] [INFO] [1790670984.694065259] [controller_server]: Passing new path to controller.
1790670985.6942809 [controller_server-7] [INFO] [1790670985.694072982] [controller_server]: Passing new path to controller.
1790670986.7613361 [controller_server-7] [INFO] [1790670986.760784245] [controller_server]: Passing new path to controller.
1790670987.7609551 [controller_server-7] [INFO] [1790670987.760745275] [controller_server]: Passing new path to controller.
1790670988.8275869 [controller_server-7] [INFO] [1790670988.827401476] [controller_server]: Passing new path to controller.
1790670989.8276746 [controller_server-7] [INFO] [1790670989.827418301] [controller_server]: Passing new path to controller.
1790670990.8276961 [controller_server-7] [INFO] [1790670990.827545069] [controller_server]: Passing new path to controller.
1790670991.8941910 [controller_server-7] [INFO] [1790670991.894062911] [controller_server]: Passing new path to controller.
1790670992.8942518 [controller_server-7] [INFO] [1790670992.894066145] [controller_server]: Passing new path to controller.
1790670993.8943100 [controller_server-7] [INFO] [1790670993.894074850] [controller_server]: Passing new path to controller.
1790670994.9608791 [controller_server-7] [INFO] [1790670994.960735716] [controller_server]: Passing new path to controller.
1790670995.9609311 [controller_server-7] [INFO] [1790670995.960744233] [controller_server]: Passing new path to controller.
1790670997.0298393 [controller_server-7] [INFO] [1790670997.027438899] [controller_server]: Passing new path to controller.
1790670998.0281093 [controller_server-7] [INFO] [1790670998.027503408] [controller_server]: Passing new path to controller.
1790670999.0275776 [controller_server-7] [INFO] [1790670999.027404087] [controller_server]: Passing new path to controller.
1790671000.0942078 [controller_server-7] [INFO] [1790671000.094058882] [controller_server]: Passing new path to controller.
1790671001.0943086 [controller_server-7] [INFO] [1790671001.094062478] [controller_server]: Passing new path to controller.
1790671002.1608651 [controller_server-7] [INFO] [1790671002.160727004] [controller_server]: Passing new path to controller.
1790671003.1608686 [controller_server-7] [INFO] [1790671003.160734118] [controller_server]: Passing new path to controller.
1790671004.2275774 [controller_server-7] [INFO] [1790671004.227390541] [controller_server]: Passing new path to controller.
1790671005.2276037 [controller_server-7] [INFO] [1790671005.227405956] [controller_server]: Passing new path to controller.
1790671006.2275290 [controller_server-7] [INFO] [1790671006.227395794] [controller_server]: Passing new path to controller.
1790671007.2942922 [controller_server-7] [INFO] [1790671007.294070142] [controller_server]: Passing new path to controller.
1790671008.2948718 [controller_server-7] [INFO] [1790671008.294065927] [controller_server]: Passing new path to controller.
1790671009.3609354 [controller_server-7] [INFO] [1790671009.360739292] [controller_server]: Passing new path to controller.
1790671010.3608596 [controller_server-7] [INFO] [1790671010.360729364] [controller_server]: Passing new path to controller.
1790671011.3608587 [controller_server-7] [INFO] [1790671011.360724520] [controller_server]: Passing new path to controller.
1790671012.4275572 [controller_server-7] [INFO] [1790671012.427400429] [controller_server]: Passing new path to controller.
1790671013.4275579 [controller_server-7] [INFO] [1790671013.427404294] [controller_server]: Passing new path to controller.
1790671014.4942381 [controller_server-7] [INFO] [1790671014.494071660] [controller_server]: Passing new path to controller.
1790671015.4942255 [controller_server-7] [INFO] [1790671015.494064726] [controller_server]: Passing new path to controller.
1790671016.5611112 [controller_server-7] [INFO] [1790671016.560773528] [controller_server]: Passing new path to controller.
1790671017.5608633 [controller_server-7] [INFO] [1790671017.560728699] [controller_server]: Passing new path to controller.
1790671018.5608697 [controller_server-7] [INFO] [1790671018.560729995] [controller_server]: Passing new path to controller.
1790671019.6276834 [controller_server-7] [INFO] [1790671019.627419193] [controller_server]: Passing new path to controller.
1790671020.6276135 [controller_server-7] [INFO] [1790671020.627401706] [controller_server]: Passing new path to controller.
1790671021.6943140 [controller_server-7] [INFO] [1790671021.694083020] [controller_server]: Passing new path to controller.
1790671022.6942642 [controller_server-7] [INFO] [1790671022.694063756] [controller_server]: Passing new path to controller.
1790671023.6942980 [controller_server-7] [INFO] [1790671023.694069132] [controller_server]: Passing new path to controller.
1790671024.7615783 [controller_server-7] [INFO] [1790671024.760819297] [controller_server]: Passing new path to controller.
1790671025.7609315 [controller_server-7] [INFO] [1790671025.760728009] [controller_server]: Passing new path to controller.
1790671026.8276300 [controller_server-7] [INFO] [1790671026.827416450] [controller_server]: Passing new path to controller.
1790671027.8276153 [controller_server-7] [INFO] [1790671027.827400701] [controller_server]: Passing new path to controller.
1790671028.8275437 [controller_server-7] [INFO] [1790671028.827394012] [controller_server]: Passing new path to controller.
1790671029.8942671 [controller_server-7] [INFO] [1790671029.894065253] [controller_server]: Passing new path to controller.
1790671030.8943145 [controller_server-7] [INFO] [1790671030.894079661] [controller_server]: Passing new path to controller.
1790671031.9609447 [controller_server-7] [INFO] [1790671031.960741069] [controller_server]: Passing new path to controller.
1790671032.9609561 [controller_server-7] [INFO] [1790671032.960743161] [controller_server]: Passing new path to controller.
1790671034.0282354 [controller_server-7] [INFO] [1790671034.027524845] [controller_server]: Passing new path to controller.
1790671035.0276031 [controller_server-7] [INFO] [1790671035.027404930] [controller_server]: Passing new path to controller.
1790671036.0276098 [controller_server-7] [INFO] [1790671036.027401311] [controller_server]: Passing new path to controller.
1790671037.0943153 [controller_server-7] [INFO] [1790671037.094079645] [controller_server]: Passing new path to controller.
1790671038.0942123 [controller_server-7] [INFO] [1790671038.094064402] [controller_server]: Passing new path to controller.
1790671039.1608541 [controller_server-7] [INFO] [1790671039.160731167] [controller_server]: Passing new path to controller.
1790671040.1609435 [controller_server-7] [INFO] [1790671040.160743878] [controller_server]: Passing new path to controller.
1790671041.2276127 [controller_server-7] [INFO] [1790671041.227408816] [controller_server]: Passing new path to controller.
1790671042.2275395 [controller_server-7] [INFO] [1790671042.227396427] [controller_server]: Passing new path to controller.
1790671043.2275550 [controller_server-7] [INFO] [1790671043.227392699] [controller_server]: Passing new path to controller.
1790671044.2942784 [controller_server-7] [INFO] [1790671044.294070929] [controller_server]: Passing new path to controller.
1790671045.2942545 [controller_server-7] [INFO] [1790671045.294065542] [controller_server]: Passing new path to controller.
1790671046.3609412 [controller_server-7] [INFO] [1790671046.360738038] [controller_server]: Passing new path to controller.
1790671047.3608644 [controller_server-7] [INFO] [1790671047.360697359] [controller_server]: Passing new path to controller.
1790671048.4276505 [controller_server-7] [INFO] [1790671048.427436137] [controller_server]: Passing new path to controller.
1790671049.4275565 [controller_server-7] [INFO] [1790671049.427392712] [controller_server]: Passing new path to controller.
1790671050.4276164 [controller_server-7] [INFO] [1790671050.427400732] [controller_server]: Passing new path to controller.
1790671051.4942083 [controller_server-7] [INFO] [1790671051.494063582] [controller_server]: Passing new path to controller.
1790671052.4941967 [controller_server-7] [INFO] [1790671052.494066777] [controller_server]: Passing new path to controller.
1790671053.5609331 [controller_server-7] [INFO] [1790671053.560700530] [controller_server]: Passing new path to controller.
1790671054.5609579 [controller_server-7] [INFO] [1790671054.560738610] [controller_server]: Passing new path to controller.
1790671055.5608940 [controller_server-7] [INFO] [1790671055.560740603] [controller_server]: Passing new path to controller.
1790671056.6279364 [controller_server-7] [INFO] [1790671056.627434437] [controller_server]: Passing new path to controller.
1790671057.6275523 [controller_server-7] [INFO] [1790671057.627404218] [controller_server]: Passing new path to controller.
1790671058.6942122 [controller_server-7] [INFO] [1790671058.694067941] [controller_server]: Passing new path to controller.
1790671059.6942050 [controller_server-7] [INFO] [1790671059.694063702] [controller_server]: Passing new path to controller.
1790671060.6942699 [controller_server-7] [INFO] [1790671060.694069474] [controller_server]: Passing new path to controller.
1790671061.7609267 [controller_server-7] [INFO] [1790671061.760750009] [controller_server]: Passing new path to controller.
1790671062.7609248 [controller_server-7] [INFO] [1790671062.760732593] [controller_server]: Passing new path to controller.
1790671063.7609487 [controller_server-7] [INFO] [1790671063.760741086] [controller_server]: Passing new path to controller.
1790671064.8277059 [controller_server-7] [INFO] [1790671064.827409609] [controller_server]: Passing new path to controller.
1790671065.8275898 [controller_server-7] [INFO] [1790671065.827399846] [controller_server]: Passing new path to controller.
1790671066.8974385 [controller_server-7] [INFO] [1790671066.894070871] [controller_server]: Passing new path to controller.
1790671067.8942521 [controller_server-7] [INFO] [1790671067.894064652] [controller_server]: Passing new path to controller.
1790671068.8942847 [controller_server-7] [INFO] [1790671068.894073845] [controller_server]: Passing new path to controller.
1790671069.9608886 [controller_server-7] [INFO] [1790671069.960737833] [controller_server]: Passing new path to controller.
1790671070.9609678 [controller_server-7] [INFO] [1790671070.960735717] [controller_server]: Passing new path to controller.
1790671072.0276122 [controller_server-7] [INFO] [1790671072.027401136] [controller_server]: Passing new path to controller.
1790671073.0276253 [controller_server-7] [INFO] [1790671073.027409980] [controller_server]: Passing new path to controller.
1790671074.0275371 [controller_server-7] [INFO] [1790671074.027395762] [controller_server]: Passing new path to controller.
1790671075.0947022 [controller_server-7] [INFO] [1790671075.094120725] [controller_server]: Passing new path to controller.
1790671076.0942686 [controller_server-7] [INFO] [1790671076.094064775] [controller_server]: Passing new path to controller.
1790671077.1608787 [controller_server-7] [INFO] [1790671077.160733384] [controller_server]: Passing new path to controller.
1790671078.1609328 [controller_server-7] [INFO] [1790671078.160732636] [controller_server]: Passing new path to controller.
1790671079.1608701 [controller_server-7] [INFO] [1790671079.160737250] [controller_server]: Passing new path to controller.
1790671080.2275908 [controller_server-7] [INFO] [1790671080.227393826] [controller_server]: Passing new path to controller.
1790671081.2276199 [controller_server-7] [INFO] [1790671081.227414642] [controller_server]: Passing new path to controller.
1790671082.2942886 [controller_server-7] [INFO] [1790671082.294068670] [controller_server]: Passing new path to controller.
1790671083.2941906 [controller_server-7] [INFO] [1790671083.294059148] [controller_server]: Passing new path to controller.
1790671084.3608291 [controller_server-7] [INFO] [1790671084.360688423] [controller_server]: Passing new path to controller.
1790671085.3609378 [controller_server-7] [INFO] [1790671085.360734513] [controller_server]: Passing new path to controller.
1790671086.3608654 [controller_server-7] [INFO] [1790671086.360724165] [controller_server]: Passing new path to controller.
1790671087.4279881 [controller_server-7] [INFO] [1790671087.427453926] [controller_server]: Passing new path to controller.
1790671088.4276319 [controller_server-7] [INFO] [1790671088.427402474] [controller_server]: Passing new path to controller.
1790671089.4942241 [controller_server-7] [INFO] [1790671089.494060365] [controller_server]: Passing new path to controller.
1790671090.4942021 [controller_server-7] [INFO] [1790671090.494062831] [controller_server]: Passing new path to controller.
1790671091.4942052 [controller_server-7] [INFO] [1790671091.494061778] [controller_server]: Passing new path to controller.
1790671092.5609353 [controller_server-7] [INFO] [1790671092.560733410] [controller_server]: Passing new path to controller.
1790671093.5608997 [controller_server-7] [INFO] [1790671093.560730311] [controller_server]: Passing new path to controller.
1790671094.6278799 [controller_server-7] [INFO] [1790671094.627436410] [controller_server]: Passing new path to controller.
1790671095.6275697 [controller_server-7] [INFO] [1790671095.627402470] [controller_server]: Passing new path to controller.
1790671096.6942253 [controller_server-7] [INFO] [1790671096.694069656] [controller_server]: Passing new path to controller.
1790671097.6942613 [controller_server-7] [INFO] [1790671097.694066547] [controller_server]: Passing new path to controller.
1790671098.6942582 [controller_server-7] [INFO] [1790671098.694066737] [controller_server]: Passing new path to controller.
1790671099.7609212 [controller_server-7] [INFO] [1790671099.760729075] [controller_server]: Passing new path to controller.
1790671100.7608881 [controller_server-7] [INFO] [1790671100.760732128] [controller_server]: Passing new path to controller.
1790671101.7611485 [controller_server-7] [INFO] [1790671101.760726172] [controller_server]: Passing new path to controller.
1790671102.8276675 [controller_server-7] [INFO] [1790671102.827411369] [controller_server]: Passing new path to controller.
1790671103.8276091 [controller_server-7] [INFO] [1790671103.827408610] [controller_server]: Passing new path to controller.
1790671104.8942120 [controller_server-7] [INFO] [1790671104.894063898] [controller_server]: Passing new path to controller.
1790671105.8942409 [controller_server-7] [INFO] [1790671105.894079814] [controller_server]: Passing new path to controller.
1790671106.8942416 [controller_server-7] [INFO] [1790671106.894058803] [controller_server]: Passing new path to controller.
1790671107.9609041 [controller_server-7] [INFO] [1790671107.960736343] [controller_server]: Passing new path to controller.
1790671108.9611385 [controller_server-7] [INFO] [1790671108.960751448] [controller_server]: Passing new path to controller.
1790671110.0276515 [controller_server-7] [INFO] [1790671110.027426404] [controller_server]: Passing new path to controller.
1790671111.0276036 [controller_server-7] [INFO] [1790671111.027406947] [controller_server]: Passing new path to controller.
1790671112.0275826 [controller_server-7] [INFO] [1790671112.027402862] [controller_server]: Passing new path to controller.
1790671113.0941970 [controller_server-7] [INFO] [1790671113.094058710] [controller_server]: Passing new path to controller.
1790671114.0942235 [controller_server-7] [INFO] [1790671114.094068155] [controller_server]: Passing new path to controller.
1790671115.1608212 [controller_server-7] [INFO] [1790671115.160684769] [controller_server]: Passing new path to controller.
1790671116.1611335 [controller_server-7] [INFO] [1790671116.160746828] [controller_server]: Passing new path to controller.
1790671117.2277074 [controller_server-7] [INFO] [1790671117.227411678] [controller_server]: Passing new path to controller.
1790671118.2275205 [controller_server-7] [INFO] [1790671118.227391625] [controller_server]: Passing new path to controller.
1790671119.2275419 [controller_server-7] [INFO] [1790671119.227403234] [controller_server]: Passing new path to controller.
1790671120.2942827 [controller_server-7] [INFO] [1790671120.294075659] [controller_server]: Passing new path to controller.
1790671121.2942674 [controller_server-7] [INFO] [1790671121.294065775] [controller_server]: Passing new path to controller.
1790671122.3611968 [controller_server-7] [INFO] [1790671122.360731316] [controller_server]: Passing new path to controller.
1790671123.3609016 [controller_server-7] [INFO] [1790671123.360736918] [controller_server]: Passing new path to controller.
1790671124.3608687 [controller_server-7] [INFO] [1790671124.360727368] [controller_server]: Passing new path to controller.
1790671125.4276192 [controller_server-7] [INFO] [1790671125.427407894] [controller_server]: Passing new path to controller.
1790671126.4275858 [controller_server-7] [INFO] [1790671126.427403392] [controller_server]: Passing new path to controller.
1790671127.4941936 [controller_server-7] [INFO] [1790671127.494060383] [controller_server]: Passing new path to controller.
1790671128.4942710 [controller_server-7] [INFO] [1790671128.494070725] [controller_server]: Passing new path to controller.
1790671129.4946074 [controller_server-7] [INFO] [1790671129.494108349] [controller_server]: Passing new path to controller.
1790671130.5610404 [controller_server-7] [INFO] [1790671130.560697273] [controller_server]: Passing new path to controller.
1790671131.5609155 [controller_server-7] [INFO] [1790671131.560685620] [controller_server]: Passing new path to controller.
1790671132.6276078 [controller_server-7] [INFO] [1790671132.627409893] [controller_server]: Passing new path to controller.
1790671133.6275451 [controller_server-7] [INFO] [1790671133.627405589] [controller_server]: Passing new path to controller.
1790671134.6275291 [controller_server-7] [INFO] [1790671134.627395867] [controller_server]: Passing new path to controller.
1790671135.6942611 [controller_server-7] [INFO] [1790671135.694073722] [controller_server]: Passing new path to controller.
1790671136.6942835 [controller_server-7] [INFO] [1790671136.694077558] [controller_server]: Passing new path to controller.
1790671137.6947663 [controller_server-7] [INFO] [1790671137.694115116] [controller_server]: Passing new path to controller.
1790671138.7609522 [controller_server-7] [INFO] [1790671138.760736490] [controller_server]: Passing new path to controller.
1790671139.7608578 [controller_server-7] [INFO] [1790671139.760724608] [controller_server]: Passing new path to controller.
1790671140.8276386 [controller_server-7] [INFO] [1790671140.827411118] [controller_server]: Passing new path to controller.
1790671141.8276231 [controller_server-7] [INFO] [1790671141.827398391] [controller_server]: Passing new path to controller.
1790671142.8276062 [controller_server-7] [INFO] [1790671142.827399960] [controller_server]: Passing new path to controller.
1790671143.8942580 [controller_server-7] [INFO] [1790671143.894076438] [controller_server]: Passing new path to controller.
1790671144.8946080 [controller_server-7] [INFO] [1790671144.894117481] [controller_server]: Passing new path to controller.
1790671145.8942254 [controller_server-7] [INFO] [1790671145.894061029] [controller_server]: Passing new path to controller.
1790671146.9609313 [controller_server-7] [INFO] [1790671146.960703169] [controller_server]: Passing new path to controller.
1790671147.9608395 [controller_server-7] [INFO] [1790671147.960687730] [controller_server]: Passing new path to controller.
1790671148.9609032 [controller_server-7] [INFO] [1790671148.960698268] [controller_server]: Passing new path to controller.
1790671150.0275810 [controller_server-7] [INFO] [1790671150.027395791] [controller_server]: Passing new path to controller.
1790671151.0275390 [controller_server-7] [INFO] [1790671151.027394170] [controller_server]: Passing new path to controller.
1790671152.0947113 [controller_server-7] [INFO] [1790671152.094121439] [controller_server]: Passing new path to controller.
1790671153.0942595 [controller_server-7] [INFO] [1790671153.094063584] [controller_server]: Passing new path to controller.
1790671154.1610560 [controller_server-7] [INFO] [1790671154.160859117] [controller_server]: Passing new path to controller.
1790671155.1609235 [controller_server-7] [INFO] [1790671155.160694799] [controller_server]: Passing new path to controller.
1790671156.1609070 [controller_server-7] [INFO] [1790671156.160733754] [controller_server]: Passing new path to controller.
1790671157.2276287 [controller_server-7] [INFO] [1790671157.227409367] [controller_server]: Passing new path to controller.
1790671158.2276347 [controller_server-7] [INFO] [1790671158.227437055] [controller_server]: Passing new path to controller.
1790671159.2275283 [controller_server-7] [INFO] [1790671159.227392176] [controller_server]: Passing new path to controller.
1790671160.2942469 [controller_server-7] [INFO] [1790671160.294047614] [controller_server]: Passing new path to controller.
1790671161.2942901 [controller_server-7] [INFO] [1790671161.294074378] [controller_server]: Passing new path to controller.
1790671162.3609853 [controller_server-7] [INFO] [1790671162.360727455] [controller_server]: Passing new path to controller.
1790671163.3608637 [controller_server-7] [INFO] [1790671163.360727026] [controller_server]: Passing new path to controller.
1790671164.3608286 [controller_server-7] [INFO] [1790671164.360676841] [controller_server]: Passing new path to controller.
1790671165.4285743 [controller_server-7] [INFO] [1790671165.427399728] [controller_server]: Passing new path to controller.
1790671166.4277976 [controller_server-7] [INFO] [1790671166.427417715] [controller_server]: Passing new path to controller.
1790671167.4942658 [controller_server-7] [INFO] [1790671167.494060881] [controller_server]: Passing new path to controller.
1790671168.4942527 [controller_server-7] [INFO] [1790671168.494059401] [controller_server]: Passing new path to controller.
1790671169.4942739 [controller_server-7] [INFO] [1790671169.494068370] [controller_server]: Passing new path to controller.
1790671170.5608275 [controller_server-7] [INFO] [1790671170.560689224] [controller_server]: Passing new path to controller.
1790671171.5609217 [controller_server-7] [INFO] [1790671171.560703726] [controller_server]: Passing new path to controller.
1790671172.5608141 [controller_server-7] [INFO] [1790671172.560677031] [controller_server]: Passing new path to controller.
1790671173.6275573 [controller_server-7] [INFO] [1790671173.627399116] [controller_server]: Passing new path to controller.
1790671174.6275976 [controller_server-7] [INFO] [1790671174.627404153] [controller_server]: Passing new path to controller.
1790671175.6942101 [controller_server-7] [INFO] [1790671175.694063896] [controller_server]: Passing new path to controller.
1790671176.6941912 [controller_server-7] [INFO] [1790671176.694059969] [controller_server]: Passing new path to controller.
1790671177.7609315 [controller_server-7] [INFO] [1790671177.760698785] [controller_server]: Passing new path to controller.
1790671178.7608757 [controller_server-7] [INFO] [1790671178.760686183] [controller_server]: Passing new path to controller.
1790671179.7608216 [controller_server-7] [INFO] [1790671179.760684405] [controller_server]: Passing new path to controller.
1790671180.8275585 [controller_server-7] [INFO] [1790671180.827402333] [controller_server]: Passing new path to controller.
1790671181.8276136 [controller_server-7] [INFO] [1790671181.827408805] [controller_server]: Passing new path to controller.
1790671182.8942027 [controller_server-7] [INFO] [1790671182.894059444] [controller_server]: Passing new path to controller.
1790671183.8942916 [controller_server-7] [INFO] [1790671183.894076261] [controller_server]: Passing new path to controller.
1790671184.8942382 [controller_server-7] [INFO] [1790671184.894065553] [controller_server]: Passing new path to controller.
1790671185.9608438 [controller_server-7] [INFO] [1790671185.960689833] [controller_server]: Passing new path to controller.
1790671186.9612215 [controller_server-7] [INFO] [1790671186.960752113] [controller_server]: Passing new path to controller.
1790671187.9609590 [controller_server-7] [INFO] [1790671187.960745302] [controller_server]: Passing new path to controller.
1790671189.0276392 [controller_server-7] [INFO] [1790671189.027411128] [controller_server]: Passing new path to controller.
1790671190.0275931 [controller_server-7] [INFO] [1790671190.027398541] [controller_server]: Passing new path to controller.
1790671191.0942888 [controller_server-7] [INFO] [1790671191.094059487] [controller_server]: Passing new path to controller.
1790671192.0942633 [controller_server-7] [INFO] [1790671192.094063898] [controller_server]: Passing new path to controller.
1790671193.0942128 [controller_server-7] [INFO] [1790671193.094067128] [controller_server]: Passing new path to controller.
1790671194.1609280 [controller_server-7] [INFO] [1790671194.160738669] [controller_server]: Passing new path to controller.
1790671195.1609311 [controller_server-7] [INFO] [1790671195.160735617] [controller_server]: Passing new path to controller.
1790671196.2275884 [controller_server-7] [INFO] [1790671196.227397665] [controller_server]: Passing new path to controller.
1790671197.2275655 [controller_server-7] [INFO] [1790671197.227402314] [controller_server]: Passing new path to controller.
1790671198.2276003 [controller_server-7] [INFO] [1790671198.227402337] [controller_server]: Passing new path to controller.
1790671199.2942224 [controller_server-7] [INFO] [1790671199.294069785] [controller_server]: Passing new path to controller.
1790671200.2942743 [controller_server-7] [INFO] [1790671200.294070938] [controller_server]: Passing new path to controller.
1790671201.3608758 [controller_server-7] [INFO] [1790671201.360681344] [controller_server]: Passing new path to controller.
1790671202.3608258 [controller_server-7] [INFO] [1790671202.360686930] [controller_server]: Passing new path to controller.
1790671203.3608696 [controller_server-7] [INFO] [1790671203.360682288] [controller_server]: Passing new path to controller.
1790671204.4275811 [controller_server-7] [INFO] [1790671204.427401809] [controller_server]: Passing new path to controller.
1790671205.4276066 [controller_server-7] [INFO] [1790671205.427403004] [controller_server]: Passing new path to controller.
1790671206.4946816 [controller_server-7] [INFO] [1790671206.494068665] [controller_server]: Passing new path to controller.
1790671207.4942126 [controller_server-7] [INFO] [1790671207.494073780] [controller_server]: Passing new path to controller.
1790671208.5608847 [controller_server-7] [INFO] [1790671208.560688846] [controller_server]: Passing new path to controller.
1790671209.5609226 [controller_server-7] [INFO] [1790671209.560733144] [controller_server]: Passing new path to controller.
1790671210.5609257 [controller_server-7] [INFO] [1790671210.560775854] [controller_server]: Passing new path to controller.
1790671211.6276562 [controller_server-7] [INFO] [1790671211.627419991] [controller_server]: Passing new path to controller.
1790671212.6275804 [controller_server-7] [INFO] [1790671212.627389285] [controller_server]: Passing new path to controller.
1790671213.6942098 [controller_server-7] [INFO] [1790671213.694064958] [controller_server]: Passing new path to controller.
1790671214.6947057 [controller_server-7] [INFO] [1790671214.694161164] [controller_server]: Passing new path to controller.
1790671215.6941984 [controller_server-7] [INFO] [1790671215.694060711] [controller_server]: Passing new path to controller.
1790671216.7609417 [controller_server-7] [INFO] [1790671216.760740212] [controller_server]: Passing new path to controller.
1790671217.7608953 [controller_server-7] [INFO] [1790671217.760691010] [controller_server]: Passing new path to controller.
1790671218.8275476 [controller_server-7] [INFO] [1790671218.827400617] [controller_server]: Passing new path to controller.
1790671219.8276126 [controller_server-7] [INFO] [1790671219.827406188] [controller_server]: Passing new path to controller.
1790671220.8275299 [controller_server-7] [INFO] [1790671220.827392397] [controller_server]: Passing new path to controller.
1790671221.8942363 [controller_server-7] [INFO] [1790671221.894074378] [controller_server]: Passing new path to controller.
1790671222.8942187 [controller_server-7] [INFO] [1790671222.894066292] [controller_server]: Passing new path to controller.
1790671223.9608195 [controller_server-7] [INFO] [1790671223.960677050] [controller_server]: Passing new path to controller.
1790671224.9608362 [controller_server-7] [INFO] [1790671224.960689628] [controller_server]: Passing new path to controller.
1790671225.9609425 [controller_server-7] [INFO] [1790671225.960738027] [controller_server]: Passing new path to controller.
1790671227.0275428 [controller_server-7] [INFO] [1790671227.027400994] [controller_server]: Passing new path to controller.
1790671228.0276005 [controller_server-7] [INFO] [1790671228.027405966] [controller_server]: Passing new path to controller.
1790671229.0942345 [controller_server-7] [INFO] [1790671229.094072111] [controller_server]: Passing new path to controller.
1790671230.0942163 [controller_server-7] [INFO] [1790671230.094062149] [controller_server]: Passing new path to controller.
1790671231.0943084 [controller_server-7] [INFO] [1790671231.094107132] [controller_server]: Passing new path to controller.
1790671232.1608300 [controller_server-7] [INFO] [1790671232.160688558] [controller_server]: Passing new path to controller.
1790671233.1608617 [controller_server-7] [INFO] [1790671233.160701092] [controller_server]: Passing new path to controller.
1790671234.2275317 [controller_server-7] [INFO] [1790671234.227396190] [controller_server]: Passing new path to controller.
1790671235.2275341 [controller_server-7] [INFO] [1790671235.227391230] [controller_server]: Passing new path to controller.
1790671236.2275419 [controller_server-7] [INFO] [1790671236.227397471] [controller_server]: Passing new path to controller.
1790671237.2941968 [controller_server-7] [INFO] [1790671237.294060307] [controller_server]: Passing new path to controller.
1790671238.2947931 [controller_server-7] [INFO] [1790671238.294112018] [controller_server]: Passing new path to controller.
1790671239.3608387 [controller_server-7] [INFO] [1790671239.360685585] [controller_server]: Passing new path to controller.
1790671240.3608267 [controller_server-7] [INFO] [1790671240.360688259] [controller_server]: Passing new path to controller.
1790671241.3608260 [controller_server-7] [INFO] [1790671241.360685303] [controller_server]: Passing new path to controller.
1790671242.4276450 [controller_server-7] [INFO] [1790671242.427407301] [controller_server]: Passing new path to controller.
1790671243.4275334 [controller_server-7] [INFO] [1790671243.427394851] [controller_server]: Passing new path to controller.
1790671244.4275994 [controller_server-7] [INFO] [1790671244.427403633] [controller_server]: Passing new path to controller.
1790671245.4943266 [controller_server-7] [INFO] [1790671245.494080512] [controller_server]: Passing new path to controller.
1790671246.4942267 [controller_server-7] [INFO] [1790671246.494063560] [controller_server]: Passing new path to controller.
1790671247.5609183 [controller_server-7] [INFO] [1790671247.560701377] [controller_server]: Passing new path to controller.
1790671248.5608885 [controller_server-7] [INFO] [1790671248.560689094] [controller_server]: Passing new path to controller.
1790671249.5608857 [controller_server-7] [INFO] [1790671249.560687687] [controller_server]: Passing new path to controller.
1790671250.6275835 [controller_server-7] [INFO] [1790671250.627406572] [controller_server]: Passing new path to controller.
1790671251.6276243 [controller_server-7] [INFO] [1790671251.627409175] [controller_server]: Passing new path to controller.
1790671252.6275303 [controller_server-7] [INFO] [1790671252.627390315] [controller_server]: Passing new path to controller.
1790671253.6942141 [controller_server-7] [INFO] [1790671253.694058601] [controller_server]: Passing new path to controller.
1790671254.6941962 [controller_server-7] [INFO] [1790671254.694057132] [controller_server]: Passing new path to controller.
1790671255.7608125 [controller_server-7] [INFO] [1790671255.760679745] [controller_server]: Passing new path to controller.
1790671256.7608604 [controller_server-7] [INFO] [1790671256.760689686] [controller_server]: Passing new path to controller.
1790671257.8275249 [controller_server-7] [INFO] [1790671257.827390979] [controller_server]: Passing new path to controller.
1790671258.8275261 [controller_server-7] [INFO] [1790671258.827394166] [controller_server]: Passing new path to controller.
1790671259.8275342 [controller_server-7] [INFO] [1790671259.827395246] [controller_server]: Passing new path to controller.
1790671260.8942738 [controller_server-7] [INFO] [1790671260.894066221] [controller_server]: Passing new path to controller.
1790671261.8942606 [controller_server-7] [INFO] [1790671261.894085183] [controller_server]: Passing new path to controller.
1790671262.8944561 [controller_server-7] [INFO] [1790671262.894081651] [controller_server]: Passing new path to controller.
1790671263.9609489 [controller_server-7] [INFO] [1790671263.960742814] [controller_server]: Passing new path to controller.
1790671264.9611104 [controller_server-7] [INFO] [1790671264.960761930] [controller_server]: Passing new path to controller.
1790671266.0275829 [controller_server-7] [INFO] [1790671266.027392945] [controller_server]: Passing new path to controller.
1790671267.0276108 [controller_server-7] [INFO] [1790671267.027406169] [controller_server]: Passing new path to controller.
1790671268.0275838 [controller_server-7] [INFO] [1790671268.027391018] [controller_server]: Passing new path to controller.
1790671269.0941951 [controller_server-7] [INFO] [1790671269.094055561] [controller_server]: Passing new path to controller.
1790671270.0944967 [controller_server-7] [INFO] [1790671270.094089284] [controller_server]: Passing new path to controller.
1790671271.1608584 [controller_server-7] [INFO] [1790671271.160722482] [controller_server]: Passing new path to controller.
1790671272.1608844 [controller_server-7] [INFO] [1790671272.160693574] [controller_server]: Passing new path to controller.
1790671273.2276583 [controller_server-7] [INFO] [1790671273.227409021] [controller_server]: Passing new path to controller.
1790671274.2275386 [controller_server-7] [INFO] [1790671274.227394594] [controller_server]: Passing new path to controller.
1790671275.2276006 [controller_server-7] [INFO] [1790671275.227398951] [controller_server]: Passing new path to controller.
1790671276.2942665 [controller_server-7] [INFO] [1790671276.294069411] [controller_server]: Passing new path to controller.
1790671277.2942469 [controller_server-7] [INFO] [1790671277.294071292] [controller_server]: Passing new path to controller.
1790671278.2942710 [controller_server-7] [INFO] [1790671278.294067384] [controller_server]: Passing new path to controller.
1790671279.3609717 [controller_server-7] [INFO] [1790671279.360748218] [controller_server]: Passing new path to controller.
1790671280.3608925 [controller_server-7] [INFO] [1790671280.360702464] [controller_server]: Passing new path to controller.
1790671281.4275477 [controller_server-7] [INFO] [1790671281.427402062] [controller_server]: Passing new path to controller.
1790671282.4275343 [controller_server-7] [INFO] [1790671282.427397869] [controller_server]: Passing new path to controller.
1790671283.4275863 [controller_server-7] [INFO] [1790671283.427410046] [controller_server]: Passing new path to controller.
1790671284.4941962 [controller_server-7] [INFO] [1790671284.494062196] [controller_server]: Passing new path to controller.
1790671285.4942298 [controller_server-7] [INFO] [1790671285.494064862] [controller_server]: Passing new path to controller.
1790671286.5609646 [controller_server-7] [INFO] [1790671286.560713768] [controller_server]: Passing new path to controller.
1790671287.5608113 [controller_server-7] [INFO] [1790671287.560678754] [controller_server]: Passing new path to controller.
1790671288.5608084 [controller_server-7] [INFO] [1790671288.560673484] [controller_server]: Passing new path to controller.
1790671289.6275606 [controller_server-7] [INFO] [1790671289.627399249] [controller_server]: Passing new path to controller.
1790671290.6275797 [controller_server-7] [INFO] [1790671290.627397719] [controller_server]: Passing new path to controller.
1790671291.6942811 [controller_server-7] [INFO] [1790671291.694069626] [controller_server]: Passing new path to controller.
1790671292.6946468 [controller_server-7] [INFO] [1790671292.694092361] [controller_server]: Passing new path to controller.
1790671293.7609646 [controller_server-7] [INFO] [1790671293.760747551] [controller_server]: Passing new path to controller.
1790671294.7609339 [controller_server-7] [INFO] [1790671294.760702381] [controller_server]: Passing new path to controller.
1790671295.7608373 [controller_server-7] [INFO] [1790671295.760676252] [controller_server]: Passing new path to controller.
1790671296.8275917 [controller_server-7] [INFO] [1790671296.827398178] [controller_server]: Passing new path to controller.
1790671297.8276055 [controller_server-7] [INFO] [1790671297.827409920] [controller_server]: Passing new path to controller.
1790671298.8943865 [controller_server-7] [INFO] [1790671298.894082729] [controller_server]: Passing new path to controller.
1790671299.8945210 [controller_server-7] [INFO] [1790671299.894097574] [controller_server]: Passing new path to controller.
1790671300.8942552 [controller_server-7] [INFO] [1790671300.894059352] [controller_server]: Passing new path to controller.
1790671301.9609444 [controller_server-7] [INFO] [1790671301.960691444] [controller_server]: Passing new path to controller.
1790671302.9608700 [controller_server-7] [INFO] [1790671302.960687058] [controller_server]: Passing new path to controller.
1790671304.0275989 [controller_server-7] [INFO] [1790671304.027405436] [controller_server]: Passing new path to controller.
1790671305.0276027 [controller_server-7] [INFO] [1790671305.027385746] [controller_server]: Passing new path to controller.
1790671306.0275846 [controller_server-7] [INFO] [1790671306.027398098] [controller_server]: Passing new path to controller.
1790671307.0945275 [controller_server-7] [INFO] [1790671307.094081481] [controller_server]: Passing new path to controller.
1790671308.0942554 [controller_server-7] [INFO] [1790671308.094060282] [controller_server]: Passing new path to controller.
1790671309.1608312 [controller_server-7] [INFO] [1790671309.160679537] [controller_server]: Passing new path to controller.
1790671310.1608527 [controller_server-7] [INFO] [1790671310.160681744] [controller_server]: Passing new path to controller.
1790671311.1608799 [controller_server-7] [INFO] [1790671311.160688103] [controller_server]: Passing new path to controller.
1790671312.2275586 [controller_server-7] [INFO] [1790671312.227394803] [controller_server]: Passing new path to controller.
1790671313.2274911 [controller_server-7] [INFO] [1790671313.227349026] [controller_server]: Passing new path to controller.
1790671314.2275608 [controller_server-7] [INFO] [1790671314.227395366] [controller_server]: Passing new path to controller.
1790671315.2945516 [controller_server-7] [INFO] [1790671315.294091964] [controller_server]: Passing new path to controller.
1790671316.2941971 [controller_server-7] [INFO] [1790671316.294057858] [controller_server]: Passing new path to controller.
1790671317.3608718 [controller_server-7] [INFO] [1790671317.360717800] [controller_server]: Passing new path to controller.
1790671318.3609087 [controller_server-7] [INFO] [1790671318.360705439] [controller_server]: Passing new path to controller.
1790671319.3608947 [controller_server-7] [INFO] [1790671319.360694174] [controller_server]: Passing new path to controller.
1790671320.4275498 [controller_server-7] [INFO] [1790671320.427397599] [controller_server]: Passing new path to controller.
1790671321.4275982 [controller_server-7] [INFO] [1790671321.427400023] [controller_server]: Passing new path to controller.
1790671322.4941864 [controller_server-7] [INFO] [1790671322.494057911] [controller_server]: Passing new path to controller.
1790671323.4942896 [controller_server-7] [INFO] [1790671323.494070742] [controller_server]: Passing new path to controller.
1790671324.5608354 [controller_server-7] [INFO] [1790671324.560684113] [controller_server]: Passing new path to controller.
1790671325.5609047 [controller_server-7] [INFO] [1790671325.560699253] [controller_server]: Passing new path to controller.
1790671326.5608335 [controller_server-7] [INFO] [1790671326.560686055] [controller_server]: Passing new path to controller.
1790671327.6276331 [controller_server-7] [INFO] [1790671327.627412135] [controller_server]: Passing new path to controller.
1790671328.6275990 [controller_server-7] [INFO] [1790671328.627398402] [controller_server]: Passing new path to controller.
1790671329.6275198 [controller_server-7] [INFO] [1790671329.627388338] [controller_server]: Passing new path to controller.
1790671330.6942348 [controller_server-7] [INFO] [1790671330.694064897] [controller_server]: Passing new path to controller.
1790671331.6942632 [controller_server-7] [INFO] [1790671331.694065985] [controller_server]: Passing new path to controller.
1790671332.7612641 [controller_server-7] [INFO] [1790671332.760775053] [controller_server]: Passing new path to controller.
1790671333.7609894 [controller_server-7] [INFO] [1790671333.760744792] [controller_server]: Passing new path to controller.
1790671334.7608738 [controller_server-7] [INFO] [1790671334.760675905] [controller_server]: Passing new path to controller.
1790671335.8276052 [controller_server-7] [INFO] [1790671335.827404882] [controller_server]: Passing new path to controller.
1790671336.8276033 [controller_server-7] [INFO] [1790671336.827409163] [controller_server]: Passing new path to controller.
1790671337.8942065 [controller_server-7] [INFO] [1790671337.894059153] [controller_server]: Passing new path to controller.
1790671338.8942227 [controller_server-7] [INFO] [1790671338.894064018] [controller_server]: Passing new path to controller.
1790671339.8944330 [controller_server-7] [INFO] [1790671339.894079749] [controller_server]: Passing new path to controller.
1790671340.9608366 [controller_server-7] [INFO] [1790671340.960678729] [controller_server]: Passing new path to controller.
1790671341.9609277 [controller_server-7] [INFO] [1790671341.960740975] [controller_server]: Passing new path to controller.
1790671342.9608939 [controller_server-7] [INFO] [1790671342.960694164] [controller_server]: Passing new path to controller.
1790671344.0279331 [controller_server-7] [INFO] [1790671344.027407033] [controller_server]: Passing new path to controller.
1790671345.0276017 [controller_server-7] [INFO] [1790671345.027404693] [controller_server]: Passing new path to controller.
1790671346.0943048 [controller_server-7] [INFO] [1790671346.094076134] [controller_server]: Passing new path to controller.
1790671347.0942760 [controller_server-7] [INFO] [1790671347.094062095] [controller_server]: Passing new path to controller.
1790671348.0942512 [controller_server-7] [INFO] [1790671348.094055659] [controller_server]: Passing new path to controller.
1790671349.1608729 [controller_server-7] [INFO] [1790671349.160730318] [controller_server]: Passing new path to controller.
1790671350.1611414 [controller_server-7] [INFO] [1790671350.160708376] [controller_server]: Passing new path to controller.
1790671351.2275312 [controller_server-7] [INFO] [1790671351.227395166] [controller_server]: Passing new path to controller.
1790671352.2275293 [controller_server-7] [INFO] [1790671352.227394226] [controller_server]: Passing new path to controller.
1790671353.2275994 [controller_server-7] [INFO] [1790671353.227405355] [controller_server]: Passing new path to controller.
1790671354.2942667 [controller_server-7] [INFO] [1790671354.294065111] [controller_server]: Passing new path to controller.
1790671355.2942605 [controller_server-7] [INFO] [1790671355.294067603] [controller_server]: Passing new path to controller.
1790671356.3608806 [controller_server-7] [INFO] [1790671356.360726919] [controller_server]: Passing new path to controller.
1790671357.3611207 [controller_server-7] [INFO] [1790671357.360712114] [controller_server]: Passing new path to controller.
1790671358.3609054 [controller_server-7] [INFO] [1790671358.360692309] [controller_server]: Passing new path to controller.
1790671359.4276373 [controller_server-7] [INFO] [1790671359.427414883] [controller_server]: Passing new path to controller.
1790671360.4275939 [controller_server-7] [INFO] [1790671360.427395319] [controller_server]: Passing new path to controller.
1790671361.4276562 [controller_server-7] [INFO] [1790671361.427397200] [controller_server]: Passing new path to controller.
1790671362.4941988 [controller_server-7] [INFO] [1790671362.494057521] [controller_server]: Passing new path to controller.
1790671363.4943519 [controller_server-7] [INFO] [1790671363.494082905] [controller_server]: Passing new path to controller.
1790671364.5608468 [controller_server-7] [INFO] [1790671364.560689136] [controller_server]: Passing new path to controller.
1790671365.5608935 [controller_server-7] [INFO] [1790671365.560691851] [controller_server]: Passing new path to controller.
1790671366.5608315 [controller_server-7] [INFO] [1790671366.560692163] [controller_server]: Passing new path to controller.
1790671367.6275737 [controller_server-7] [INFO] [1790671367.627395624] [controller_server]: Passing new path to controller.
1790671368.6276157 [controller_server-7] [INFO] [1790671368.627405892] [controller_server]: Passing new path to controller.
1790671369.6275356 [controller_server-7] [INFO] [1790671369.627390419] [controller_server]: Passing new path to controller.
1790671370.6942344 [controller_server-7] [INFO] [1790671370.694058849] [controller_server]: Passing new path to controller.
1790671371.6942241 [controller_server-7] [INFO] [1790671371.694058123] [controller_server]: Passing new path to controller.
1790671372.7608387 [controller_server-7] [INFO] [1790671372.760687624] [controller_server]: Passing new path to controller.
1790671373.7608724 [controller_server-7] [INFO] [1790671373.760679556] [controller_server]: Passing new path to controller.
1790671374.8275888 [controller_server-7] [INFO] [1790671374.827399751] [controller_server]: Passing new path to controller.
1790671375.8276761 [controller_server-7] [INFO] [1790671375.827411218] [controller_server]: Passing new path to controller.
1790671376.8275373 [controller_server-7] [INFO] [1790671376.827390600] [controller_server]: Passing new path to controller.
1790671377.8942659 [controller_server-7] [INFO] [1790671377.894069054] [controller_server]: Passing new path to controller.
1790671378.8942087 [controller_server-7] [INFO] [1790671378.894059151] [controller_server]: Passing new path to controller.
1790671379.9608235 [controller_server-7] [INFO] [1790671379.960687193] [controller_server]: Passing new path to controller.
1790671380.9621599 [controller_server-7] [INFO] [1790671380.960740035] [controller_server]: Passing new path to controller.
1790671382.0275295 [controller_server-7] [INFO] [1790671382.027391956] [controller_server]: Passing new path to controller.
1790671383.0275311 [controller_server-7] [INFO] [1790671383.027393870] [controller_server]: Passing new path to controller.
1790671384.0275433 [controller_server-7] [INFO] [1790671384.027394413] [controller_server]: Passing new path to controller.
1790671385.0942736 [controller_server-7] [INFO] [1790671385.094063777] [controller_server]: Passing new path to controller.
1790671386.0942037 [controller_server-7] [INFO] [1790671386.094055167] [controller_server]: Passing new path to controller.
1790671387.1608624 [controller_server-7] [INFO] [1790671387.160690511] [controller_server]: Passing new path to controller.
1790671388.1610913 [controller_server-7] [INFO] [1790671388.160707999] [controller_server]: Passing new path to controller.
1790671389.1609037 [controller_server-7] [INFO] [1790671389.160693829] [controller_server]: Passing new path to controller.
1790671390.2275891 [controller_server-7] [INFO] [1790671390.227391854] [controller_server]: Passing new path to controller.
1790671391.2276065 [controller_server-7] [INFO] [1790671391.227405297] [controller_server]: Passing new path to controller.
1790671392.2275865 [controller_server-7] [INFO] [1790671392.227389873] [controller_server]: Passing new path to controller.
1790671393.2941961 [controller_server-7] [INFO] [1790671393.294056319] [controller_server]: Passing new path to controller.
1790671394.2942781 [controller_server-7] [INFO] [1790671394.294071405] [controller_server]: Passing new path to controller.
1790671395.3608129 [controller_server-7] [INFO] [1790671395.360676182] [controller_server]: Passing new path to controller.
1790671396.3608603 [controller_server-7] [INFO] [1790671396.360691361] [controller_server]: Passing new path to controller.
1790671397.3608191 [controller_server-7] [INFO] [1790671397.360677884] [controller_server]: Passing new path to controller.
1790671398.4275455 [controller_server-7] [INFO] [1790671398.427398069] [controller_server]: Passing new path to controller.
1790671399.4278114 [controller_server-7] [INFO] [1790671399.427444713] [controller_server]: Passing new path to controller.
1790671400.4942224 [controller_server-7] [INFO] [1790671400.494067621] [controller_server]: Passing new path to controller.
1790671401.4942777 [controller_server-7] [INFO] [1790671401.494072934] [controller_server]: Passing new path to controller.
1790671402.4942658 [controller_server-7] [INFO] [1790671402.494060889] [controller_server]: Passing new path to controller.
1790671403.5608881 [controller_server-7] [INFO] [1790671403.560695492] [controller_server]: Passing new path to controller.
1790671404.5608873 [controller_server-7] [INFO] [1790671404.560689627] [controller_server]: Passing new path to controller.
1790671405.6275513 [controller_server-7] [INFO] [1790671405.627399214] [controller_server]: Passing new path to controller.
1790671406.6275644 [controller_server-7] [INFO] [1790671406.627399894] [controller_server]: Passing new path to controller.
1790671407.6275926 [controller_server-7] [INFO] [1790671407.627400598] [controller_server]: Passing new path to controller.
1790671408.6942601 [controller_server-7] [INFO] [1790671408.694056085] [controller_server]: Passing new path to controller.
1790671409.6942613 [controller_server-7] [INFO] [1790671409.694068079] [controller_server]: Passing new path to controller.
1790671410.7608933 [controller_server-7] [INFO] [1790671410.760693909] [controller_server]: Passing new path to controller.
1790671411.7609129 [controller_server-7] [INFO] [1790671411.760692932] [controller_server]: Passing new path to controller.
1790671412.7608550 [controller_server-7] [INFO] [1790671412.760687504] [controller_server]: Passing new path to controller.
1790671413.8278966 [controller_server-7] [INFO] [1790671413.827422258] [controller_server]: Passing new path to controller.
1790671414.8275218 [controller_server-7] [INFO] [1790671414.827394697] [controller_server]: Passing new path to controller.
1790671415.8942685 [controller_server-7] [INFO] [1790671415.894073434] [controller_server]: Passing new path to controller.
1790671416.8941884 [controller_server-7] [INFO] [1790671416.894059221] [controller_server]: Passing new path to controller.
1790671417.8944759 [controller_server-7] [INFO] [1790671417.894078845] [controller_server]: Passing new path to controller.
1790671418.9608488 [controller_server-7] [INFO] [1790671418.960693009] [controller_server]: Passing new path to controller.
1790671419.9609251 [controller_server-7] [INFO] [1790671419.960681019] [controller_server]: Passing new path to controller.
1790671420.9612577 [controller_server-7] [INFO] [1790671420.960723629] [controller_server]: Passing new path to controller.
1790671422.0276017 [controller_server-7] [INFO] [1790671422.027399271] [controller_server]: Passing new path to controller.
1790671423.0275893 [controller_server-7] [INFO] [1790671423.027395788] [controller_server]: Passing new path to controller.
1790671424.0942588 [controller_server-7] [INFO] [1790671424.094054942] [controller_server]: Passing new path to controller.
1790671425.0942712 [controller_server-7] [INFO] [1790671425.094060852] [controller_server]: Passing new path to controller.
1790671426.0942016 [controller_server-7] [INFO] [1790671426.094055119] [controller_server]: Passing new path to controller.
1790671427.1609023 [controller_server-7] [INFO] [1790671427.160690429] [controller_server]: Passing new path to controller.
1790671428.1614313 [controller_server-7] [INFO] [1790671428.160752072] [controller_server]: Passing new path to controller.
1790671429.2275267 [controller_server-7] [INFO] [1790671429.227390946] [controller_server]: Passing new path to controller.
1790671430.2275257 [controller_server-7] [INFO] [1790671430.227389411] [controller_server]: Passing new path to controller.
1790671431.2275796 [controller_server-7] [INFO] [1790671431.227401243] [controller_server]: Passing new path to controller.
1790671432.2941952 [controller_server-7] [INFO] [1790671432.294057663] [controller_server]: Passing new path to controller.
1790671433.2944629 [controller_server-7] [INFO] [1790671433.294117141] [controller_server]: Passing new path to controller.
1790671434.3608110 [controller_server-7] [INFO] [1790671434.360677165] [controller_server]: Passing new path to controller.
1790671435.3612156 [controller_server-7] [INFO] [1790671435.360725681] [controller_server]: Passing new path to controller.
1790671436.3608592 [controller_server-7] [INFO] [1790671436.360692978] [controller_server]: Passing new path to controller.
1790671437.4275527 [controller_server-7] [INFO] [1790671437.427397766] [controller_server]: Passing new path to controller.
1790671438.4275398 [controller_server-7] [INFO] [1790671438.427398832] [controller_server]: Passing new path to controller.
1790671439.4275367 [controller_server-7] [INFO] [1790671439.427390219] [controller_server]: Passing new path to controller.
1790671440.4943333 [controller_server-7] [INFO] [1790671440.494084293] [controller_server]: Passing new path to controller.
1790671441.4943037 [controller_server-7] [INFO] [1790671441.494068361] [controller_server]: Passing new path to controller.
1790671442.4945350 [controller_server-7] [INFO] [1790671442.494098207] [controller_server]: Passing new path to controller.
1790671443.5608368 [controller_server-7] [INFO] [1790671443.560691441] [controller_server]: Passing new path to controller.
1790671444.5608916 [controller_server-7] [INFO] [1790671444.560689561] [controller_server]: Passing new path to controller.
1790671445.5608406 [controller_server-7] [INFO] [1790671445.560698597] [controller_server]: Passing new path to controller.
1790671446.6275725 [controller_server-7] [INFO] [1790671446.627396160] [controller_server]: Passing new path to controller.
1790671447.6275995 [controller_server-7] [INFO] [1790671447.627401524] [controller_server]: Passing new path to controller.
1790671448.6943407 [controller_server-7] [INFO] [1790671448.694075277] [controller_server]: Passing new path to controller.
1790671449.6941972 [controller_server-7] [INFO] [1790671449.694057020] [controller_server]: Passing new path to controller.
1790671450.7608900 [controller_server-7] [INFO] [1790671450.760701615] [controller_server]: Passing new path to controller.
1790671451.7608976 [controller_server-7] [INFO] [1790671451.760692935] [controller_server]: Passing new path to controller.
1790671452.7609200 [controller_server-7] [INFO] [1790671452.760690022] [controller_server]: Passing new path to controller.
1790671453.8275902 [controller_server-7] [INFO] [1790671453.827388094] [controller_server]: Passing new path to controller.
1790671454.8276792 [controller_server-7] [INFO] [1790671454.827410486] [controller_server]: Passing new path to controller.
1790671455.8943162 [controller_server-7] [INFO] [1790671455.894078826] [controller_server]: Passing new path to controller.
1790671456.8942761 [controller_server-7] [INFO] [1790671456.894070537] [controller_server]: Passing new path to controller.
1790671457.8942559 [controller_server-7] [INFO] [1790671457.894055444] [controller_server]: Passing new path to controller.
1790671458.9608974 [controller_server-7] [INFO] [1790671458.960686085] [controller_server]: Passing new path to controller.
1790671459.9608622 [controller_server-7] [INFO] [1790671459.960725979] [controller_server]: Passing new path to controller.
1790671460.9608419 [controller_server-7] [INFO] [1790671460.960677344] [controller_server]: Passing new path to controller.
1790671462.0277181 [controller_server-7] [INFO] [1790671462.027409383] [controller_server]: Passing new path to controller.
1790671463.0275896 [controller_server-7] [INFO] [1790671463.027398926] [controller_server]: Passing new path to controller.
1790671464.0942273 [controller_server-7] [INFO] [1790671464.094059780] [controller_server]: Passing new path to controller.
1790671465.0942461 [controller_server-7] [INFO] [1790671465.094067491] [controller_server]: Passing new path to controller.
1790671466.0942142 [controller_server-7] [INFO] [1790671466.094053815] [controller_server]: Passing new path to controller.
1790671467.1609702 [controller_server-7] [INFO] [1790671467.160746908] [controller_server]: Passing new path to controller.
1790671468.1608236 [controller_server-7] [INFO] [1790671468.160681790] [controller_server]: Passing new path to controller.
1790671469.2277946 [controller_server-7] [INFO] [1790671469.227432823] [controller_server]: Passing new path to controller.
1790671470.2278447 [controller_server-7] [INFO] [1790671470.227682161] [controller_server]: Passing new path to controller.
1790671471.2275357 [controller_server-7] [INFO] [1790671471.227395562] [controller_server]: Passing new path to controller.
1790671472.2943602 [controller_server-7] [INFO] [1790671472.294073910] [controller_server]: Passing new path to controller.
1790671473.2942014 [controller_server-7] [INFO] [1790671473.294066122] [controller_server]: Passing new path to controller.
1790671474.2942197 [controller_server-7] [INFO] [1790671474.294055877] [controller_server]: Passing new path to controller.
1790671475.3609483 [controller_server-7] [INFO] [1790671475.360697189] [controller_server]: Passing new path to controller.
1790671476.3610990 [controller_server-7] [INFO] [1790671476.360708600] [controller_server]: Passing new path to controller.
1790671477.4275341 [controller_server-7] [INFO] [1790671477.427393668] [controller_server]: Passing new path to controller.
1790671478.4275937 [controller_server-7] [INFO] [1790671478.427395408] [controller_server]: Passing new path to controller.
1790671479.4275990 [controller_server-7] [INFO] [1790671479.427401245] [controller_server]: Passing new path to controller.
1790671480.4941964 [controller_server-7] [INFO] [1790671480.494055862] [controller_server]: Passing new path to controller.
1790671481.4941843 [controller_server-7] [INFO] [1790671481.494057065] [controller_server]: Passing new path to controller.
1790671482.4942620 [controller_server-7] [INFO] [1790671482.494057503] [controller_server]: Passing new path to controller.
1790671483.5608535 [controller_server-7] [INFO] [1790671483.560694393] [controller_server]: Passing new path to controller.
1790671484.5609040 [controller_server-7] [INFO] [1790671484.560696842] [controller_server]: Passing new path to controller.
1790671485.6274962 [controller_server-7] [INFO] [1790671485.627365204] [controller_server]: Passing new path to controller.
1790671486.6276088 [controller_server-7] [INFO] [1790671486.627404683] [controller_server]: Passing new path to controller.
1790671487.6275225 [controller_server-7] [INFO] [1790671487.627391712] [controller_server]: Passing new path to controller.
1790671488.6942413 [controller_server-7] [INFO] [1790671488.694070939] [controller_server]: Passing new path to controller.
1790671489.6943421 [controller_server-7] [INFO] [1790671489.694067871] [controller_server]: Passing new path to controller.
1790671490.6942325 [controller_server-7] [INFO] [1790671490.694055776] [controller_server]: Passing new path to controller.
1790671491.7608440 [controller_server-7] [INFO] [1790671491.760682873] [controller_server]: Passing new path to controller.
1790671492.7608993 [controller_server-7] [INFO] [1790671492.760692218] [controller_server]: Passing new path to controller.
1790671493.8275607 [controller_server-7] [INFO] [1790671493.827398059] [controller_server]: Passing new path to controller.
1790671494.8275275 [controller_server-7] [INFO] [1790671494.827394680] [controller_server]: Passing new path to controller.
1790671495.8281739 [controller_server-7] [INFO] [1790671495.827432361] [controller_server]: Passing new path to controller.
1790671496.8941941 [controller_server-7] [INFO] [1790671496.894055319] [controller_server]: Passing new path to controller.
1790671497.8942800 [controller_server-7] [INFO] [1790671497.894066170] [controller_server]: Passing new path to controller.
1790671498.9608960 [controller_server-7] [INFO] [1790671498.960691216] [controller_server]: Passing new path to controller.
1790671499.9608812 [controller_server-7] [INFO] [1790671499.960682038] [controller_server]: Passing new path to controller.
1790671500.9608140 [controller_server-7] [INFO] [1790671500.960672911] [controller_server]: Passing new path to controller.
1790671502.0275619 [controller_server-7] [INFO] [1790671502.027395339] [controller_server]: Passing new path to controller.
1790671503.0275919 [controller_server-7] [INFO] [1790671503.027393252] [controller_server]: Passing new path to controller.
1790671504.0942087 [controller_server-7] [INFO] [1790671504.094064546] [controller_server]: Passing new path to controller.
1790671505.0943058 [controller_server-7] [INFO] [1790671505.094075877] [controller_server]: Passing new path to controller.
1790671506.1609309 [controller_server-7] [INFO] [1790671506.160730210] [controller_server]: Passing new path to controller.
1790671507.1608770 [controller_server-7] [INFO] [1790671507.160686247] [controller_server]: Passing new path to controller.
1790671508.1608346 [controller_server-7] [INFO] [1790671508.160682080] [controller_server]: Passing new path to controller.
1790671509.2280955 [controller_server-7] [INFO] [1790671509.227466101] [controller_server]: Passing new path to controller.
1790671510.2276282 [controller_server-7] [INFO] [1790671510.227406783] [controller_server]: Passing new path to controller.
1790671511.2943010 [controller_server-7] [INFO] [1790671511.294066438] [controller_server]: Passing new path to controller.
1790671512.2941895 [controller_server-7] [INFO] [1790671512.294055167] [controller_server]: Passing new path to controller.
1790671513.3608382 [controller_server-7] [INFO] [1790671513.360675794] [controller_server]: Passing new path to controller.
1790671514.3608799 [controller_server-7] [INFO] [1790671514.360690916] [controller_server]: Passing new path to controller.
1790671515.3609724 [controller_server-7] [INFO] [1790671515.360732934] [controller_server]: Passing new path to controller.
1790671516.4275758 [controller_server-7] [INFO] [1790671516.427365194] [controller_server]: Passing new path to controller.
1790671517.4279757 [controller_server-7] [INFO] [1790671517.427433557] [controller_server]: Passing new path to controller.
1790671518.4942160 [controller_server-7] [INFO] [1790671518.494062185] [controller_server]: Passing new path to controller.
1790671519.4942124 [controller_server-7] [INFO] [1790671519.494057319] [controller_server]: Passing new path to controller.
1790671520.4942269 [controller_server-7] [INFO] [1790671520.494062352] [controller_server]: Passing new path to controller.
1790671521.5609071 [controller_server-7] [INFO] [1790671521.560698028] [controller_server]: Passing new path to controller.
1790671522.5608308 [controller_server-7] [INFO] [1790671522.560680343] [controller_server]: Passing new path to controller.
1790671523.5608034 [controller_server-7] [INFO] [1790671523.560680157] [controller_server]: Passing new path to controller.
1790671524.6276016 [controller_server-7] [INFO] [1790671524.627405846] [controller_server]: Passing new path to controller.
1790671525.6277480 [controller_server-7] [INFO] [1790671525.627437899] [controller_server]: Passing new path to controller.
1790671526.6942573 [controller_server-7] [INFO] [1790671526.694058484] [controller_server]: Passing new path to controller.
1790671527.6942623 [controller_server-7] [INFO] [1790671527.694060396] [controller_server]: Passing new path to controller.
1790671528.6941822 [controller_server-7] [INFO] [1790671528.694054404] [controller_server]: Passing new path to controller.
1790671529.7608850 [controller_server-7] [INFO] [1790671529.760684166] [controller_server]: Passing new path to controller.
1790671530.7614012 [controller_server-7] [INFO] [1790671530.760790860] [controller_server]: Passing new path to controller.
1790671531.8275442 [controller_server-7] [INFO] [1790671531.827400170] [controller_server]: Passing new path to controller.
1790671532.8276219 [controller_server-7] [INFO] [1790671532.827400057] [controller_server]: Passing new path to controller.
1790671533.8275814 [controller_server-7] [INFO] [1790671533.827393563] [controller_server]: Passing new path to controller.
1790671534.8942909 [controller_server-7] [INFO] [1790671534.894070365] [controller_server]: Passing new path to controller.
1790671535.8942280 [controller_server-7] [INFO] [1790671535.894061707] [controller_server]: Passing new path to controller.
1790671536.8942859 [controller_server-7] [INFO] [1790671536.894068948] [controller_server]: Passing new path to controller.
1790671537.9611981 [controller_server-7] [INFO] [1790671537.960720567] [controller_server]: Passing new path to controller.
1790671538.9609928 [controller_server-7] [INFO] [1790671538.960710219] [controller_server]: Passing new path to controller.
1790671540.0275307 [controller_server-7] [INFO] [1790671540.027398064] [controller_server]: Passing new path to controller.
1790671541.0275257 [controller_server-7] [INFO] [1790671541.027392212] [controller_server]: Passing new path to controller.
1790671542.0276096 [controller_server-7] [INFO] [1790671542.027391155] [controller_server]: Passing new path to controller.
1790671543.0942564 [controller_server-7] [INFO] [1790671543.094060835] [controller_server]: Passing new path to controller.
1790671544.0942547 [controller_server-7] [INFO] [1790671544.094061442] [controller_server]: Passing new path to controller.
1790671545.1608908 [controller_server-7] [INFO] [1790671545.160680947] [controller_server]: Passing new path to controller.
1790671546.1608648 [controller_server-7] [INFO] [1790671546.160692773] [controller_server]: Passing new path to controller.
1790671547.1608517 [controller_server-7] [INFO] [1790671547.160688411] [controller_server]: Passing new path to controller.
1790671548.2275486 [controller_server-7] [INFO] [1790671548.227396450] [controller_server]: Passing new path to controller.
1790671549.2276790 [controller_server-7] [INFO] [1790671549.227399190] [controller_server]: Passing new path to controller.
1790671550.2942004 [controller_server-7] [INFO] [1790671550.294056238] [controller_server]: Passing new path to controller.
1790671551.2942829 [controller_server-7] [INFO] [1790671551.294065687] [controller_server]: Passing new path to controller.
1790671552.3608625 [controller_server-7] [INFO] [1790671552.360720103] [controller_server]: Passing new path to controller.
1790671553.3608332 [controller_server-7] [INFO] [1790671553.360680949] [controller_server]: Passing new path to controller.
1790671554.3608220 [controller_server-7] [INFO] [1790671554.360677424] [controller_server]: Passing new path to controller.
1790671555.4275970 [controller_server-7] [INFO] [1790671555.427401992] [controller_server]: Passing new path to controller.
1790671556.4279733 [controller_server-7] [INFO] [1790671556.427428845] [controller_server]: Passing new path to controller.
1790671557.4943030 [controller_server-7] [INFO] [1790671557.494074565] [controller_server]: Passing new path to controller.
1790671558.4942634 [controller_server-7] [INFO] [1790671558.494069659] [controller_server]: Passing new path to controller.
1790671559.4942560 [controller_server-7] [INFO] [1790671559.494059708] [controller_server]: Passing new path to controller.
1790671560.5608773 [controller_server-7] [INFO] [1790671560.560692663] [controller_server]: Passing new path to controller.
1790671561.5609543 [controller_server-7] [INFO] [1790671561.560705999] [controller_server]: Passing new path to controller.
1790671562.5608239 [controller_server-7] [INFO] [1790671562.560684412] [controller_server]: Passing new path to controller.
1790671563.6275525 [controller_server-7] [INFO] [1790671563.627369500] [controller_server]: Passing new path to controller.
1790671564.6275783 [controller_server-7] [INFO] [1790671564.627396837] [controller_server]: Passing new path to controller.
1790671565.6942782 [controller_server-7] [INFO] [1790671565.694070772] [controller_server]: Passing new path to controller.
1790671566.6942544 [controller_server-7] [INFO] [1790671566.694070449] [controller_server]: Passing new path to controller.
1790671567.7608228 [controller_server-7] [INFO] [1790671567.760687587] [controller_server]: Passing new path to controller.
1790671568.7608562 [controller_server-7] [INFO] [1790671568.760689782] [controller_server]: Passing new path to controller.
1790671569.7608349 [controller_server-7] [INFO] [1790671569.760679857] [controller_server]: Passing new path to controller.
1790671570.8275485 [controller_server-7] [INFO] [1790671570.827398395] [controller_server]: Passing new path to controller.
1790671571.8275461 [controller_server-7] [INFO] [1790671571.827396164] [controller_server]: Passing new path to controller.
1790671572.8275516 [controller_server-7] [INFO] [1790671572.827390979] [controller_server]: Passing new path to controller.
1790671573.8941886 [controller_server-7] [INFO] [1790671573.894054856] [controller_server]: Passing new path to controller.
1790671574.8942678 [controller_server-7] [INFO] [1790671574.894054587] [controller_server]: Passing new path to controller.
1790671575.9608331 [controller_server-7] [INFO] [1790671575.960685785] [controller_server]: Passing new path to controller.
1790671576.9612734 [controller_server-7] [INFO] [1790671576.960776758] [controller_server]: Passing new path to controller.
1790671577.9608369 [controller_server-7] [INFO] [1790671577.960681947] [controller_server]: Passing new path to controller.
1790671579.0277467 [controller_server-7] [INFO] [1790671579.027414353] [controller_server]: Passing new path to controller.
1790671580.0276012 [controller_server-7] [INFO] [1790671580.027396177] [controller_server]: Passing new path to controller.
1790671581.0942533 [controller_server-7] [INFO] [1790671581.094058808] [controller_server]: Passing new path to controller.
1790671582.0942008 [controller_server-7] [INFO] [1790671582.094062960] [controller_server]: Passing new path to controller.
1790671583.0942547 [controller_server-7] [INFO] [1790671583.094060776] [controller_server]: Passing new path to controller.
1790671584.1608074 [controller_server-7] [INFO] [1790671584.160676478] [controller_server]: Passing new path to controller.
1790671585.1609197 [controller_server-7] [INFO] [1790671585.160696682] [controller_server]: Passing new path to controller.
1790671586.2275476 [controller_server-7] [INFO] [1790671586.227395118] [controller_server]: Passing new path to controller.
1790671587.2275863 [controller_server-7] [INFO] [1790671587.227394425] [controller_server]: Passing new path to controller.
1790671588.2275760 [controller_server-7] [INFO] [1790671588.227377494] [controller_server]: Passing new path to controller.
1790671589.2942557 [controller_server-7] [INFO] [1790671589.294058239] [controller_server]: Passing new path to controller.
1790671590.2946336 [controller_server-7] [INFO] [1790671590.294104646] [controller_server]: Passing new path to controller.
1790671591.3608847 [controller_server-7] [INFO] [1790671591.360681181] [controller_server]: Passing new path to controller.
1790671592.3608153 [controller_server-7] [INFO] [1790671592.360679429] [controller_server]: Passing new path to controller.
1790671593.3608880 [controller_server-7] [INFO] [1790671593.360681214] [controller_server]: Passing new path to controller.
1790671594.4276423 [controller_server-7] [INFO] [1790671594.427408132] [controller_server]: Passing new path to controller.
1790671595.4275889 [controller_server-7] [INFO] [1790671595.427402475] [controller_server]: Passing new path to controller.
1790671596.4275901 [controller_server-7] [INFO] [1790671596.427388003] [controller_server]: Passing new path to controller.
1790671597.4941921 [controller_server-7] [INFO] [1790671597.494053922] [controller_server]: Passing new path to controller.
1790671598.4941983 [controller_server-7] [INFO] [1790671598.494057028] [controller_server]: Passing new path to controller.
1790671599.5609207 [controller_server-7] [INFO] [1790671599.560691782] [controller_server]: Passing new path to controller.
1790671600.5608547 [controller_server-7] [INFO] [1790671600.560722182] [controller_server]: Passing new path to controller.
1790671601.5616031 [controller_server-7] [INFO] [1790671601.560860587] [controller_server]: Passing new path to controller.
1790671602.6276031 [controller_server-7] [INFO] [1790671602.627391731] [controller_server]: Passing new path to controller.
1790671603.6276095 [controller_server-7] [INFO] [1790671603.627407852] [controller_server]: Passing new path to controller.
1790671604.6276104 [controller_server-7] [INFO] [1790671604.627406128] [controller_server]: Passing new path to controller.
1790671605.6942658 [controller_server-7] [INFO] [1790671605.694061343] [controller_server]: Passing new path to controller.
1790671606.6942863 [controller_server-7] [INFO] [1790671606.694092901] [controller_server]: Passing new path to controller.
1790671607.7608788 [controller_server-7] [INFO] [1790671607.760684925] [controller_server]: Passing new path to controller.
1790671608.7609520 [controller_server-7] [INFO] [1790671608.760702813] [controller_server]: Passing new path to controller.
1790671609.7608213 [controller_server-7] [INFO] [1790671609.760676099] [controller_server]: Passing new path to controller.
1790671610.8275192 [controller_server-7] [INFO] [1790671610.827387278] [controller_server]: Passing new path to controller.
1790671611.8275220 [controller_server-7] [INFO] [1790671611.827392885] [controller_server]: Passing new path to controller.
1790671612.8941984 [controller_server-7] [INFO] [1790671612.894057128] [controller_server]: Passing new path to controller.
1790671613.8942080 [controller_server-7] [INFO] [1790671613.894060830] [controller_server]: Passing new path to controller.
1790671614.8942635 [controller_server-7] [INFO] [1790671614.894086735] [controller_server]: Passing new path to controller.
1790671615.9608445 [controller_server-7] [INFO] [1790671615.960696274] [controller_server]: Passing new path to controller.
1790671616.9608290 [controller_server-7] [INFO] [1790671616.960682558] [controller_server]: Passing new path to controller.
1790671617.9608383 [controller_server-7] [INFO] [1790671617.960686877] [controller_server]: Passing new path to controller.
1790671619.0275483 [controller_server-7] [INFO] [1790671619.027400520] [controller_server]: Passing new path to controller.
1790671620.0275910 [controller_server-7] [INFO] [1790671620.027393925] [controller_server]: Passing new path to controller.
1790671621.0944366 [controller_server-7] [INFO] [1790671621.094071381] [controller_server]: Passing new path to controller.
1790671622.0942848 [controller_server-7] [INFO] [1790671622.094066299] [controller_server]: Passing new path to controller.
1790671623.1609204 [controller_server-7] [INFO] [1790671623.160693580] [controller_server]: Passing new path to controller.
1790671624.1608269 [controller_server-7] [INFO] [1790671624.160683431] [controller_server]: Passing new path to controller.
1790671625.1608336 [controller_server-7] [INFO] [1790671625.160676118] [controller_server]: Passing new path to controller.
1790671626.2276189 [controller_server-7] [INFO] [1790671626.227407055] [controller_server]: Passing new path to controller.
1790671627.2288573 [controller_server-7] [INFO] [1790671627.227398380] [controller_server]: Passing new path to controller.
1790671628.2278380 [controller_server-7] [INFO] [1790671628.227420911] [controller_server]: Passing new path to controller.
1790671629.2941864 [controller_server-7] [INFO] [1790671629.294055854] [controller_server]: Passing new path to controller.
1790671630.2942045 [controller_server-7] [INFO] [1790671630.294056222] [controller_server]: Passing new path to controller.
1790671631.3608172 [controller_server-7] [INFO] [1790671631.360679249] [controller_server]: Passing new path to controller.
1790671632.3608301 [controller_server-7] [INFO] [1790671632.360681512] [controller_server]: Passing new path to controller.
1790671633.3608882 [controller_server-7] [INFO] [1790671633.360688660] [controller_server]: Passing new path to controller.
1790671634.4275942 [controller_server-7] [INFO] [1790671634.427395898] [controller_server]: Passing new path to controller.
1790671635.4276087 [controller_server-7] [INFO] [1790671635.427401812] [controller_server]: Passing new path to controller.
1790671636.4275768 [controller_server-7] [INFO] [1790671636.427390348] [controller_server]: Passing new path to controller.
1790671637.4942799 [controller_server-7] [INFO] [1790671637.494068376] [controller_server]: Passing new path to controller.
1790671638.4723907 [planner_server-6] [WARN] [1790671638.472243210] [planner_server]: GridBased plugin failed to plan from (-1.98, 21.87) to (56.00, 34.00): "no valid path found"
1790671638.4724684 [planner_server-6] [WARN] [1790671638.472281903] [planner_server]: [compute_path_to_pose] [ActionServer] Aborting handle.
1790671638.4864151 [planner_server-6] [INFO] [1790671638.486276792] [global_costmap.global_costmap]: Received request to clear entirely the global_costmap
1790671639.4942994 [controller_server-7] [INFO] [1790671639.494074883] [controller_server]: Passing new path to controller.
1790671640.4942575 [controller_server-7] [INFO] [1790671640.494071559] [controller_server]: Passing new path to controller.
1790671641.5611691 [controller_server-7] [INFO] [1790671641.560788824] [controller_server]: Passing new path to controller.
1790671642.5608454 [controller_server-7] [INFO] [1790671642.560692598] [controller_server]: Passing new path to controller.
1790671643.6275179 [controller_server-7] [INFO] [1790671643.627386533] [controller_server]: Passing new path to controller.
1790671644.6276011 [controller_server-7] [INFO] [1790671644.627412890] [controller_server]: Passing new path to controller.
1790671645.6275637 [controller_server-7] [INFO] [1790671645.627399924] [controller_server]: Passing new path to controller.
1790671646.6942697 [controller_server-7] [INFO] [1790671646.694062905] [controller_server]: Passing new path to controller.
1790671647.6942155 [controller_server-7] [INFO] [1790671647.694060987] [controller_server]: Passing new path to controller.
1790671648.6946037 [controller_server-7] [INFO] [1790671648.694108001] [controller_server]: Passing new path to controller.
1790671649.7609010 [controller_server-7] [INFO] [1790671649.760694538] [controller_server]: Passing new path to controller.
1790671650.7608571 [controller_server-7] [INFO] [1790671650.760679175] [controller_server]: Passing new path to controller.
1790671651.8276491 [controller_server-7] [INFO] [1790671651.827396362] [controller_server]: Passing new path to controller.
1790671652.8275919 [controller_server-7] [INFO] [1790671652.827395480] [controller_server]: Passing new path to controller.
1790671653.8276110 [controller_server-7] [INFO] [1790671653.827395541] [controller_server]: Passing new path to controller.
1790671654.8942568 [controller_server-7] [INFO] [1790671654.894063139] [controller_server]: Passing new path to controller.
1790671655.8942926 [controller_server-7] [INFO] [1790671655.894067762] [controller_server]: Passing new path to controller.
1790671656.9608781 [controller_server-7] [INFO] [1790671656.960728531] [controller_server]: Passing new path to controller.
1790671657.9608731 [controller_server-7] [INFO] [1790671657.960693508] [controller_server]: Passing new path to controller.
1790671658.9608467 [controller_server-7] [INFO] [1790671658.960693336] [controller_server]: Passing new path to controller.
1790671660.0276194 [controller_server-7] [INFO] [1790671660.027408114] [controller_server]: Passing new path to controller.
1790671661.0275795 [controller_server-7] [INFO] [1790671661.027394374] [controller_server]: Passing new path to controller.
1790671662.0942681 [controller_server-7] [INFO] [1790671662.094067653] [controller_server]: Passing new path to controller.
1790671663.0942569 [controller_server-7] [INFO] [1790671663.094058332] [controller_server]: Passing new path to controller.
1790671664.0942087 [controller_server-7] [INFO] [1790671664.094052258] [controller_server]: Passing new path to controller.
1790671665.1608753 [controller_server-7] [INFO] [1790671665.160692718] [controller_server]: Passing new path to controller.
1790671666.1608834 [controller_server-7] [INFO] [1790671666.160685818] [controller_server]: Passing new path to controller.
1790671667.2275469 [controller_server-7] [INFO] [1790671667.227395225] [controller_server]: Passing new path to controller.
1790671668.2275279 [controller_server-7] [INFO] [1790671668.227390425] [controller_server]: Passing new path to controller.
1790671669.2276027 [controller_server-7] [INFO] [1790671669.227401960] [controller_server]: Passing new path to controller.
1790671670.2942233 [controller_server-7] [INFO] [1790671670.294056144] [controller_server]: Passing new path to controller.
1790671671.2947145 [controller_server-7] [INFO] [1790671671.294162049] [controller_server]: Passing new path to controller.
1790671672.2943881 [controller_server-7] [INFO] [1790671672.294105182] [controller_server]: Passing new path to controller.
1790671673.3608239 [controller_server-7] [INFO] [1790671673.360678350] [controller_server]: Passing new path to controller.
1790671674.3608766 [controller_server-7] [INFO] [1790671674.360682891] [controller_server]: Passing new path to controller.
1790671675.3608093 [controller_server-7] [INFO] [1790671675.360675344] [controller_server]: Passing new path to controller.
1790671676.4275849 [controller_server-7] [INFO] [1790671676.427398682] [controller_server]: Passing new path to controller.
1790671677.4276044 [controller_server-7] [INFO] [1790671677.427399326] [controller_server]: Passing new path to controller.
1790671678.4944458 [controller_server-7] [INFO] [1790671678.494086261] [controller_server]: Passing new path to controller.
1790671679.4941785 [controller_server-7] [INFO] [1790671679.494053355] [controller_server]: Passing new path to controller.
1790671680.5609009 [controller_server-7] [INFO] [1790671680.560694943] [controller_server]: Passing new path to controller.
1790671681.5608523 [controller_server-7] [INFO] [1790671681.560686295] [controller_server]: Passing new path to controller.
1790671682.5609262 [controller_server-7] [INFO] [1790671682.560695187] [controller_server]: Passing new path to controller.
1790671683.6275506 [controller_server-7] [INFO] [1790671683.627397270] [controller_server]: Passing new path to controller.
1790671684.6276374 [controller_server-7] [INFO] [1790671684.627400916] [controller_server]: Passing new path to controller.
1790671685.6942203 [controller_server-7] [INFO] [1790671685.694054875] [controller_server]: Passing new path to controller.
1790671686.6945984 [controller_server-7] [INFO] [1790671686.694098739] [controller_server]: Passing new path to controller.
1790671687.7609010 [controller_server-7] [INFO] [1790671687.760677598] [controller_server]: Passing new path to controller.
1790671688.7608283 [controller_server-7] [INFO] [1790671688.760682551] [controller_server]: Passing new path to controller.
1790671689.7608075 [controller_server-7] [INFO] [1790671689.760675249] [controller_server]: Passing new path to controller.
1790671690.8276579 [controller_server-7] [INFO] [1790671690.827397180] [controller_server]: Passing new path to controller.
1790671691.8276539 [controller_server-7] [INFO] [1790671691.827409863] [controller_server]: Passing new path to controller.
1790671692.8281939 [controller_server-7] [INFO] [1790671692.827397564] [controller_server]: Passing new path to controller.
1790671693.8942583 [controller_server-7] [INFO] [1790671693.894067828] [controller_server]: Passing new path to controller.
1790671694.8942373 [controller_server-7] [INFO] [1790671694.894039917] [controller_server]: Passing new path to controller.
1790671695.9608698 [controller_server-7] [INFO] [1790671695.960673618] [controller_server]: Passing new path to controller.
1790671696.9608572 [controller_server-7] [INFO] [1790671696.960687811] [controller_server]: Passing new path to controller.
1790671697.9609632 [controller_server-7] [INFO] [1790671697.960693472] [controller_server]: Passing new path to controller.
1790671699.0276120 [controller_server-7] [INFO] [1790671699.027403388] [controller_server]: Passing new path to controller.
1790671700.0275264 [controller_server-7] [INFO] [1790671700.027387433] [controller_server]: Passing new path to controller.
1790671701.0943325 [controller_server-7] [INFO] [1790671701.094071638] [controller_server]: Passing new path to controller.
1790671702.0943182 [controller_server-7] [INFO] [1790671702.094081787] [controller_server]: Passing new path to controller.
1790671703.0942838 [controller_server-7] [INFO] [1790671703.094061422] [controller_server]: Passing new path to controller.
1790671704.1609292 [controller_server-7] [INFO] [1790671704.160696788] [controller_server]: Passing new path to controller.
1790671705.1609309 [controller_server-7] [INFO] [1790671705.160706648] [controller_server]: Passing new path to controller.
1790671706.1612780 [controller_server-7] [INFO] [1790671706.160709773] [controller_server]: Passing new path to controller.
1790671707.2276556 [controller_server-7] [INFO] [1790671707.227408686] [controller_server]: Passing new path to controller.
1790671708.2276132 [controller_server-7] [INFO] [1790671708.227404280] [controller_server]: Passing new path to controller.
1790671709.2275891 [controller_server-7] [INFO] [1790671709.227417738] [controller_server]: Passing new path to controller.
1790671710.2942624 [controller_server-7] [INFO] [1790671710.294063015] [controller_server]: Passing new path to controller.
1790671711.2943087 [controller_server-7] [INFO] [1790671711.294065238] [controller_server]: Passing new path to controller.
1790671712.3608582 [controller_server-7] [INFO] [1790671712.360695174] [controller_server]: Passing new path to controller.
1790671713.3611746 [controller_server-7] [INFO] [1790671713.360737206] [controller_server]: Passing new path to controller.
1790671714.4275229 [controller_server-7] [INFO] [1790671714.427386424] [controller_server]: Passing new path to controller.
1790671715.4275994 [controller_server-7] [INFO] [1790671715.427403403] [controller_server]: Passing new path to controller.
1790671716.4276066 [controller_server-7] [INFO] [1790671716.427398591] [controller_server]: Passing new path to controller.
1790671717.4942260 [controller_server-7] [INFO] [1790671717.494064274] [controller_server]: Passing new path to controller.
1790671718.4942071 [controller_server-7] [INFO] [1790671718.494060988] [controller_server]: Passing new path to controller.
1790671719.5608835 [controller_server-7] [INFO] [1790671719.560684823] [controller_server]: Passing new path to controller.
1790671720.5609562 [controller_server-7] [INFO] [1790671720.560693639] [controller_server]: Passing new path to controller.
1790671721.5608714 [controller_server-7] [INFO] [1790671721.560680366] [controller_server]: Passing new path to controller.
1790671722.6275861 [controller_server-7] [INFO] [1790671722.627390191] [controller_server]: Passing new path to controller.
1790671723.6276031 [controller_server-7] [INFO] [1790671723.627399115] [controller_server]: Passing new path to controller.
1790671724.6942520 [controller_server-7] [INFO] [1790671724.694062654] [controller_server]: Passing new path to controller.
1790671725.6945858 [controller_server-7] [INFO] [1790671725.694094602] [controller_server]: Passing new path to controller.
1790671726.6941822 [controller_server-7] [INFO] [1790671726.694050958] [controller_server]: Passing new path to controller.
1790671727.7609696 [controller_server-7] [INFO] [1790671727.760773900] [controller_server]: Passing new path to controller.
1790671728.7609050 [controller_server-7] [INFO] [1790671728.760689543] [controller_server]: Passing new path to controller.
1790671729.8275645 [controller_server-7] [INFO] [1790671729.827394167] [controller_server]: Passing new path to controller.
1790671730.8275328 [controller_server-7] [INFO] [1790671730.827394417] [controller_server]: Passing new path to controller.
1790671731.8275948 [controller_server-7] [INFO] [1790671731.827390080] [controller_server]: Passing new path to controller.
1790671732.8942618 [controller_server-7] [INFO] [1790671732.894063357] [controller_server]: Passing new path to controller.
1790671733.8941958 [controller_server-7] [INFO] [1790671733.894058019] [controller_server]: Passing new path to controller.
1790671734.9608860 [controller_server-7] [INFO] [1790671734.960691463] [controller_server]: Passing new path to controller.
1790671735.9608202 [controller_server-7] [INFO] [1790671735.960681804] [controller_server]: Passing new path to controller.
1790671736.9608912 [controller_server-7] [INFO] [1790671736.960689061] [controller_server]: Passing new path to controller.
1790671738.0275302 [controller_server-7] [INFO] [1790671738.027384949] [controller_server]: Passing new path to controller.
1790671739.0276976 [controller_server-7] [INFO] [1790671739.027429906] [controller_server]: Passing new path to controller.
1790671740.0942838 [controller_server-7] [INFO] [1790671740.094065710] [controller_server]: Passing new path to controller.
1790671741.0941839 [controller_server-7] [INFO] [1790671741.094050489] [controller_server]: Passing new path to controller.
1790671742.1613355 [controller_server-7] [INFO] [1790671742.160738939] [controller_server]: Passing new path to controller.
1790671743.1608081 [controller_server-7] [INFO] [1790671743.160681239] [controller_server]: Passing new path to controller.
1790671744.1608377 [controller_server-7] [INFO] [1790671744.160672930] [controller_server]: Passing new path to controller.
1790671745.2275569 [controller_server-7] [INFO] [1790671745.227404643] [controller_server]: Passing new path to controller.
1790671746.2275469 [controller_server-7] [INFO] [1790671746.227392617] [controller_server]: Passing new path to controller.
1790671747.2942388 [controller_server-7] [INFO] [1790671747.294071036] [controller_server]: Passing new path to controller.
1790671748.2942479 [controller_server-7] [INFO] [1790671748.294061058] [controller_server]: Passing new path to controller.
1790671749.2942512 [controller_server-7] [INFO] [1790671749.294056230] [controller_server]: Passing new path to controller.
1790671750.3610911 [controller_server-7] [INFO] [1790671750.360713000] [controller_server]: Passing new path to controller.
1790671751.3608930 [controller_server-7] [INFO] [1790671751.360687289] [controller_server]: Passing new path to controller.
1790671752.4276135 [controller_server-7] [INFO] [1790671752.427401117] [controller_server]: Passing new path to controller.
1790671753.4275787 [controller_server-7] [INFO] [1790671753.427401272] [controller_server]: Passing new path to controller.
1790671754.4276457 [controller_server-7] [INFO] [1790671754.427411328] [controller_server]: Passing new path to controller.
1790671755.4943116 [controller_server-7] [INFO] [1790671755.494075363] [controller_server]: Passing new path to controller.
1790671756.4942672 [controller_server-7] [INFO] [1790671756.494060536] [controller_server]: Passing new path to controller.
1790671757.4946444 [controller_server-7] [INFO] [1790671757.494156616] [controller_server]: Passing new path to controller.
1790671758.5608246 [controller_server-7] [INFO] [1790671758.560685771] [controller_server]: Passing new path to controller.
1790671759.5608928 [controller_server-7] [INFO] [1790671759.560694793] [controller_server]: Passing new path to controller.
1790671760.6275351 [controller_server-7] [INFO] [1790671760.627395095] [controller_server]: Passing new path to controller.
1790671761.6276162 [controller_server-7] [INFO] [1790671761.627402733] [controller_server]: Passing new path to controller.
1790671762.6275861 [controller_server-7] [INFO] [1790671762.627387084] [controller_server]: Passing new path to controller.
1790671763.6941843 [controller_server-7] [INFO] [1790671763.694051794] [controller_server]: Passing new path to controller.
1790671764.6943817 [controller_server-7] [INFO] [1790671764.694041637] [controller_server]: Passing new path to controller.
1790671765.7608364 [controller_server-7] [INFO] [1790671765.760686959] [controller_server]: Passing new path to controller.
1790671766.7608466 [controller_server-7] [INFO] [1790671766.760682345] [controller_server]: Passing new path to controller.
1790671767.7608230 [controller_server-7] [INFO] [1790671767.760676349] [controller_server]: Passing new path to controller.
1790671768.8276050 [controller_server-7] [INFO] [1790671768.827403911] [controller_server]: Passing new path to controller.
1790671769.8275564 [controller_server-7] [INFO] [1790671769.827384836] [controller_server]: Passing new path to controller.
1790671770.8942778 [controller_server-7] [INFO] [1790671770.894070983] [controller_server]: Passing new path to controller.
1790671771.8943124 [controller_server-7] [INFO] [1790671771.894085927] [controller_server]: Passing new path to controller.
1790671772.9609392 [controller_server-7] [INFO] [1790671772.960702086] [controller_server]: Passing new path to controller.
1790671773.9609556 [controller_server-7] [INFO] [1790671773.960731189] [controller_server]: Passing new path to controller.
1790671774.9608519 [controller_server-7] [INFO] [1790671774.960683981] [controller_server]: Passing new path to controller.
1790671776.0275226 [controller_server-7] [INFO] [1790671776.027391282] [controller_server]: Passing new path to controller.
1790671777.0275819 [controller_server-7] [INFO] [1790671777.027395552] [controller_server]: Passing new path to controller.
1790671778.0943551 [controller_server-7] [INFO] [1790671778.094093578] [controller_server]: Passing new path to controller.
1790671779.0942540 [controller_server-7] [INFO] [1790671779.094061201] [controller_server]: Passing new path to controller.
1790671780.0942657 [controller_server-7] [INFO] [1790671780.094024789] [controller_server]: Passing new path to controller.
1790671781.1608975 [controller_server-7] [INFO] [1790671781.160697842] [controller_server]: Passing new path to controller.
1790671782.1608200 [controller_server-7] [INFO] [1790671782.160685494] [controller_server]: Passing new path to controller.
1790671783.1609504 [controller_server-7] [INFO] [1790671783.160699374] [controller_server]: Passing new path to controller.
1790671784.2275229 [controller_server-7] [INFO] [1790671784.227390673] [controller_server]: Passing new path to controller.
1790671785.2275276 [controller_server-7] [INFO] [1790671785.227386576] [controller_server]: Passing new path to controller.
1790671786.2944057 [controller_server-7] [INFO] [1790671786.294074782] [controller_server]: Passing new path to controller.
1790671787.2941816 [controller_server-7] [INFO] [1790671787.294055625] [controller_server]: Passing new path to controller.
1790671788.2941821 [controller_server-7] [INFO] [1790671788.294051593] [controller_server]: Passing new path to controller.
1790671789.3608198 [controller_server-7] [INFO] [1790671789.360680086] [controller_server]: Passing new path to controller.
1790671790.3609254 [controller_server-7] [INFO] [1790671790.360701619] [controller_server]: Passing new path to controller.
1790671791.3608475 [controller_server-7] [INFO] [1790671791.360684008] [controller_server]: Passing new path to controller.
1790671792.4275358 [controller_server-7] [INFO] [1790671792.427396436] [controller_server]: Passing new path to controller.
1790671793.4278181 [controller_server-7] [INFO] [1790671793.427422300] [controller_server]: Passing new path to controller.
1790671794.4276073 [controller_server-7] [INFO] [1790671794.427410094] [controller_server]: Passing new path to controller.
1790671795.4942155 [controller_server-7] [INFO] [1790671795.494057321] [controller_server]: Passing new path to controller.
1790671796.4942982 [controller_server-7] [INFO] [1790671796.494071580] [controller_server]: Passing new path to controller.
1790671797.5609257 [controller_server-7] [INFO] [1790671797.560697127] [controller_server]: Passing new path to controller.
1790671798.5609455 [controller_server-7] [INFO] [1790671798.560703496] [controller_server]: Passing new path to controller.
1790671799.5608988 [controller_server-7] [INFO] [1790671799.560684372] [controller_server]: Passing new path to controller.
1790671800.6275589 [controller_server-7] [INFO] [1790671800.627390043] [controller_server]: Passing new path to controller.
1790671801.6276052 [controller_server-7] [INFO] [1790671801.627395041] [controller_server]: Passing new path to controller.
1790671802.6941893 [controller_server-7] [INFO] [1790671802.694053782] [controller_server]: Passing new path to controller.
1790671803.6941996 [controller_server-7] [INFO] [1790671803.694053988] [controller_server]: Passing new path to controller.
1790671804.7612505 [controller_server-7] [INFO] [1790671804.760782558] [controller_server]: Passing new path to controller.
1790671805.7608500 [controller_server-7] [INFO] [1790671805.760690805] [controller_server]: Passing new path to controller.
1790671806.7608750 [controller_server-7] [INFO] [1790671806.760674523] [controller_server]: Passing new path to controller.
1790671807.8276048 [controller_server-7] [INFO] [1790671807.827401188] [controller_server]: Passing new path to controller.
1790671808.8275681 [controller_server-7] [INFO] [1790671808.827398356] [controller_server]: Passing new path to controller.
1790671809.8948243 [controller_server-7] [INFO] [1790671809.894131455] [controller_server]: Passing new path to controller.
1790671810.8942482 [controller_server-7] [INFO] [1790671810.894057753] [controller_server]: Passing new path to controller.
1790671811.8942773 [controller_server-7] [INFO] [1790671811.894065468] [controller_server]: Passing new path to controller.
1790671812.9608183 [controller_server-7] [INFO] [1790671812.960679633] [controller_server]: Passing new path to controller.
1790671813.9609218 [controller_server-7] [INFO] [1790671813.960704047] [controller_server]: Passing new path to controller.
1790671814.9608550 [controller_server-7] [INFO] [1790671814.960699270] [controller_server]: Passing new path to controller.
1790671816.0275285 [controller_server-7] [INFO] [1790671816.027389826] [controller_server]: Passing new path to controller.
1790671817.0296950 [controller_server-7] [INFO] [1790671817.027434287] [controller_server]: Passing new path to controller.
1790671818.0949738 [controller_server-7] [INFO] [1790671818.094156643] [controller_server]: Passing new path to controller.
1790671819.0942776 [controller_server-7] [INFO] [1790671819.094068390] [controller_server]: Passing new path to controller.
1790671820.1609166 [controller_server-7] [INFO] [1790671820.160699907] [controller_server]: Passing new path to controller.
1790671821.1608808 [controller_server-7] [INFO] [1790671821.160680693] [controller_server]: Passing new path to controller.
1790671822.1608725 [controller_server-7] [INFO] [1790671822.160724332] [controller_server]: Passing new path to controller.
1790671823.2276011 [controller_server-7] [INFO] [1790671823.227400210] [controller_server]: Passing new path to controller.
1790671824.2276020 [controller_server-7] [INFO] [1790671824.227388094] [controller_server]: Passing new path to controller.
1790671825.2942772 [controller_server-7] [INFO] [1790671825.294065260] [controller_server]: Passing new path to controller.
1790671826.2942812 [controller_server-7] [INFO] [1790671826.294064500] [controller_server]: Passing new path to controller.
1790671827.3608119 [controller_server-7] [INFO] [1790671827.360679627] [controller_server]: Passing new path to controller.
1790671828.3608358 [controller_server-7] [INFO] [1790671828.360689869] [controller_server]: Passing new path to controller.
1790671829.3608677 [controller_server-7] [INFO] [1790671829.360680649] [controller_server]: Passing new path to controller.
1790671830.4275393 [controller_server-7] [INFO] [1790671830.427403050] [controller_server]: Passing new path to controller.
1790671831.4275548 [controller_server-7] [INFO] [1790671831.427394323] [controller_server]: Passing new path to controller.
1790671832.4942260 [controller_server-7] [INFO] [1790671832.494064465] [controller_server]: Passing new path to controller.
1790671833.4942195 [controller_server-7] [INFO] [1790671833.494058535] [controller_server]: Passing new path to controller.
1790671834.4946353 [controller_server-7] [INFO] [1790671834.494091652] [controller_server]: Passing new path to controller.
1790671835.5608468 [controller_server-7] [INFO] [1790671835.560681726] [controller_server]: Passing new path to controller.
1790671836.5608630 [controller_server-7] [INFO] [1790671836.560684728] [controller_server]: Passing new path to controller.
1790671837.5608516 [controller_server-7] [INFO] [1790671837.560679254] [controller_server]: Passing new path to controller.
1790671838.6275320 [controller_server-7] [INFO] [1790671838.627395257] [controller_server]: Passing new path to controller.
1790671839.6275730 [controller_server-7] [INFO] [1790671839.627395944] [controller_server]: Passing new path to controller.
1790671840.6276000 [controller_server-7] [INFO] [1790671840.627395675] [controller_server]: Passing new path to controller.
1790671841.6944149 [controller_server-7] [INFO] [1790671841.694080236] [controller_server]: Passing new path to controller.
1790671842.6942019 [controller_server-7] [INFO] [1790671842.694065101] [controller_server]: Passing new path to controller.
1790671843.7608476 [controller_server-7] [INFO] [1790671843.760683104] [controller_server]: Passing new path to controller.
1790671844.7608123 [controller_server-7] [INFO] [1790671844.760681300] [controller_server]: Passing new path to controller.
1790671845.7608957 [controller_server-7] [INFO] [1790671845.760686347] [controller_server]: Passing new path to controller.
1790671846.8275659 [controller_server-7] [INFO] [1790671846.827396937] [controller_server]: Passing new path to controller.
1790671847.8275943 [controller_server-7] [INFO] [1790671847.827396615] [controller_server]: Passing new path to controller.
1790671848.8945603 [controller_server-7] [INFO] [1790671848.894088804] [controller_server]: Passing new path to controller.
1790671849.8941932 [controller_server-7] [INFO] [1790671849.894063407] [controller_server]: Passing new path to controller.
1790671850.8942857 [controller_server-7] [INFO] [1790671850.894081840] [controller_server]: Passing new path to controller.
1790671851.9608386 [controller_server-7] [INFO] [1790671851.960686043] [controller_server]: Passing new path to controller.
1790671852.9608524 [controller_server-7] [INFO] [1790671852.960682480] [controller_server]: Passing new path to controller.
1790671853.9608796 [controller_server-7] [INFO] [1790671853.960684167] [controller_server]: Passing new path to controller.
1790671855.0276086 [controller_server-7] [INFO] [1790671855.027400622] [controller_server]: Passing new path to controller.
1790671856.0276000 [controller_server-7] [INFO] [1790671856.027390965] [controller_server]: Passing new path to controller.
1790671857.0942576 [controller_server-7] [INFO] [1790671857.094076377] [controller_server]: Passing new path to controller.
1790671858.0943053 [controller_server-7] [INFO] [1790671858.094083179] [controller_server]: Passing new path to controller.
1790671859.0942612 [controller_server-7] [INFO] [1790671859.094059235] [controller_server]: Passing new path to controller.
1790671860.1608870 [controller_server-7] [INFO] [1790671860.160688421] [controller_server]: Passing new path to controller.
1790671861.1609054 [controller_server-7] [INFO] [1790671861.160693854] [controller_server]: Passing new path to controller.
1790671862.2275894 [controller_server-7] [INFO] [1790671862.227386922] [controller_server]: Passing new path to controller.
1790671863.2280710 [controller_server-7] [INFO] [1790671863.227875127] [controller_server]: Passing new path to controller.
1790671864.2275946 [controller_server-7] [INFO] [1790671864.227394427] [controller_server]: Passing new path to controller.
1790671865.2941997 [controller_server-7] [INFO] [1790671865.294061309] [controller_server]: Passing new path to controller.
1790671866.2941849 [controller_server-7] [INFO] [1790671866.294050841] [controller_server]: Passing new path to controller.
1790671867.2941947 [controller_server-7] [INFO] [1790671867.294051280] [controller_server]: Passing new path to controller.
1790671868.3609393 [controller_server-7] [INFO] [1790671868.360698980] [controller_server]: Passing new path to controller.
1790671869.3608272 [controller_server-7] [INFO] [1790671869.360679669] [controller_server]: Passing new path to controller.
1790671870.4275155 [controller_server-7] [INFO] [1790671870.427383692] [controller_server]: Passing new path to controller.
1790671871.4275527 [controller_server-7] [INFO] [1790671871.427386944] [controller_server]: Passing new path to controller.
1790671872.4275305 [controller_server-7] [INFO] [1790671872.427389374] [controller_server]: Passing new path to controller.
1790671873.4942634 [controller_server-7] [INFO] [1790671873.494069742] [controller_server]: Passing new path to controller.
1790671874.4942846 [controller_server-7] [INFO] [1790671874.494066476] [controller_server]: Passing new path to controller.
1790671875.4942410 [controller_server-7] [INFO] [1790671875.494051583] [controller_server]: Passing new path to controller.
1790671876.5609260 [controller_server-7] [INFO] [1790671876.560701395] [controller_server]: Passing new path to controller.
1790671877.5608478 [controller_server-7] [INFO] [1790671877.560680442] [controller_server]: Passing new path to controller.
1790671878.5608523 [controller_server-7] [INFO] [1790671878.560677615] [controller_server]: Passing new path to controller.
1790671879.6276045 [controller_server-7] [INFO] [1790671879.627398690] [controller_server]: Passing new path to controller.
1790671880.6278005 [controller_server-7] [INFO] [1790671880.627413353] [controller_server]: Passing new path to controller.
1790671881.6275182 [controller_server-7] [INFO] [1790671881.627384104] [controller_server]: Passing new path to controller.
1790671882.6942658 [controller_server-7] [INFO] [1790671882.694063950] [controller_server]: Passing new path to controller.
1790671883.6949229 [controller_server-7] [INFO] [1790671883.694072935] [controller_server]: Passing new path to controller.
1790671884.7608836 [controller_server-7] [INFO] [1790671884.760679342] [controller_server]: Passing new path to controller.
1790671885.7608385 [controller_server-7] [INFO] [1790671885.760686143] [controller_server]: Passing new path to controller.
1790671886.8275368 [controller_server-7] [INFO] [1790671886.827389296] [controller_server]: Passing new path to controller.
1790671887.8278503 [controller_server-7] [INFO] [1790671887.827456762] [controller_server]: Passing new path to controller.
1790671888.8276346 [controller_server-7] [INFO] [1790671888.827399232] [controller_server]: Passing new path to controller.
1790671889.8942516 [controller_server-7] [INFO] [1790671889.894065134] [controller_server]: Passing new path to controller.
1790671890.8942101 [controller_server-7] [INFO] [1790671890.894055119] [controller_server]: Passing new path to controller.
1790671891.8942699 [controller_server-7] [INFO] [1790671891.894061045] [controller_server]: Passing new path to controller.
1790671892.9608183 [controller_server-7] [INFO] [1790671892.960680404] [controller_server]: Passing new path to controller.
1790671893.9608767 [controller_server-7] [INFO] [1790671893.960682400] [controller_server]: Passing new path to controller.
1790671894.9608490 [controller_server-7] [INFO] [1790671894.960697348] [controller_server]: Passing new path to controller.
1790671896.0276051 [controller_server-7] [INFO] [1790671896.027378668] [controller_server]: Passing new path to controller.
1790671897.0276957 [controller_server-7] [INFO] [1790671897.027419856] [controller_server]: Passing new path to controller.
1790671898.0942543 [controller_server-7] [INFO] [1790671898.094057799] [controller_server]: Passing new path to controller.
1790671899.0942767 [controller_server-7] [INFO] [1790671899.094054470] [controller_server]: Passing new path to controller.
1790671900.0942280 [controller_server-7] [INFO] [1790671900.094065723] [controller_server]: Passing new path to controller.
1790671901.1608782 [controller_server-7] [INFO] [1790671901.160694028] [controller_server]: Passing new path to controller.
1790671902.1608505 [controller_server-7] [INFO] [1790671902.160687191] [controller_server]: Passing new path to controller.
1790671903.1608281 [controller_server-7] [INFO] [1790671903.160679090] [controller_server]: Passing new path to controller.
1790671904.2275555 [controller_server-7] [INFO] [1790671904.227394523] [controller_server]: Passing new path to controller.
1790671905.2276309 [controller_server-7] [INFO] [1790671905.227406363] [controller_server]: Passing new path to controller.
1790671906.2942622 [controller_server-7] [INFO] [1790671906.294061255] [controller_server]: Passing new path to controller.
1790671907.2942166 [controller_server-7] [INFO] [1790671907.294067039] [controller_server]: Passing new path to controller.
1790671908.3608479 [controller_server-7] [INFO] [1790671908.360686527] [controller_server]: Passing new path to controller.
1790671909.3610950 [controller_server-7] [INFO] [1790671909.360704951] [controller_server]: Passing new path to controller.
1790671910.3608284 [controller_server-7] [INFO] [1790671910.360683104] [controller_server]: Passing new path to controller.
1790671911.4275253 [controller_server-7] [INFO] [1790671911.427387367] [controller_server]: Passing new path to controller.
1790671912.4275553 [controller_server-7] [INFO] [1790671912.427391059] [controller_server]: Passing new path to controller.
1790671913.4276116 [controller_server-7] [INFO] [1790671913.427395178] [controller_server]: Passing new path to controller.
1790671914.4941864 [controller_server-7] [INFO] [1790671914.494052779] [controller_server]: Passing new path to controller.
1790671915.4943962 [controller_server-7] [INFO] [1790671915.494076606] [controller_server]: Passing new path to controller.
1790671916.4947884 [controller_server-7] [INFO] [1790671916.494111391] [controller_server]: Passing new path to controller.
1790671917.5608821 [controller_server-7] [INFO] [1790671917.560683452] [controller_server]: Passing new path to controller.
1790671918.5608850 [controller_server-7] [INFO] [1790671918.560684843] [controller_server]: Passing new path to controller.
1790671919.5609291 [controller_server-7] [INFO] [1790671919.560704642] [controller_server]: Passing new path to controller.
1790671920.6276555 [controller_server-7] [INFO] [1790671920.627417086] [controller_server]: Passing new path to controller.
1790671921.6275289 [controller_server-7] [INFO] [1790671921.627390168] [controller_server]: Passing new path to controller.
1790671922.6943011 [controller_server-7] [INFO] [1790671922.694066535] [controller_server]: Passing new path to controller.
1790671923.6947274 [controller_server-7] [INFO] [1790671923.694153590] [controller_server]: Passing new path to controller.
1790671924.6941907 [controller_server-7] [INFO] [1790671924.694055393] [controller_server]: Passing new path to controller.
1790671925.7608159 [controller_server-7] [INFO] [1790671925.760680044] [controller_server]: Passing new path to controller.
1790671926.7608171 [controller_server-7] [INFO] [1790671926.760685226] [controller_server]: Passing new path to controller.
1790671927.7608490 [controller_server-7] [INFO] [1790671927.760685855] [controller_server]: Passing new path to controller.
1790671928.8275542 [controller_server-7] [INFO] [1790671928.827392620] [controller_server]: Passing new path to controller.
1790671929.8276172 [controller_server-7] [INFO] [1790671929.827452949] [controller_server]: Passing new path to controller.
1790671930.8279374 [controller_server-7] [INFO] [1790671930.827410642] [controller_server]: Passing new path to controller.
1790671931.8943255 [controller_server-7] [INFO] [1790671931.894083745] [controller_server]: Passing new path to controller.
1790671932.8941956 [controller_server-7] [INFO] [1790671932.894050178] [controller_server]: Passing new path to controller.
1790671933.9608362 [controller_server-7] [INFO] [1790671933.960687457] [controller_server]: Passing new path to controller.
1790671934.9609420 [controller_server-7] [INFO] [1790671934.960702741] [controller_server]: Passing new path to controller.
1790671936.0276287 [controller_server-7] [INFO] [1790671936.027403035] [controller_server]: Passing new path to controller.
1790671937.0275223 [controller_server-7] [INFO] [1790671937.027384919] [controller_server]: Passing new path to controller.
1790671938.0275233 [controller_server-7] [INFO] [1790671938.027388756] [controller_server]: Passing new path to controller.
1790671939.0941970 [controller_server-7] [INFO] [1790671939.094055547] [controller_server]: Passing new path to controller.
1790671940.0941985 [controller_server-7] [INFO] [1790671940.094052273] [controller_server]: Passing new path to controller.
1790671941.0942030 [controller_server-7] [INFO] [1790671941.094055089] [controller_server]: Passing new path to controller.
1790671942.1608503 [controller_server-7] [INFO] [1790671942.160687568] [controller_server]: Passing new path to controller.
1790671943.1609526 [controller_server-7] [INFO] [1790671943.160706514] [controller_server]: Passing new path to controller.
1790671944.2275767 [controller_server-7] [INFO] [1790671944.227385266] [controller_server]: Passing new path to controller.
1790671945.2275970 [controller_server-7] [INFO] [1790671945.227396037] [controller_server]: Passing new path to controller.
1790671946.2275567 [controller_server-7] [INFO] [1790671946.227387829] [controller_server]: Passing new path to controller.
1790671947.2942400 [controller_server-7] [INFO] [1790671947.294069077] [controller_server]: Passing new path to controller.
1790671948.2942193 [controller_server-7] [INFO] [1790671948.294052766] [controller_server]: Passing new path to controller.
1790671949.2942646 [controller_server-7] [INFO] [1790671949.294055616] [controller_server]: Passing new path to controller.
1790671950.3609283 [controller_server-7] [INFO] [1790671950.360692998] [controller_server]: Passing new path to controller.
1790671951.3608234 [controller_server-7] [INFO] [1790671951.360685446] [controller_server]: Passing new path to controller.
1790671952.3608251 [controller_server-7] [INFO] [1790671952.360681019] [controller_server]: Passing new path to controller.
1790671953.4275665 [controller_server-7] [INFO] [1790671953.427391006] [controller_server]: Passing new path to controller.
1790671954.4276035 [controller_server-7] [INFO] [1790671954.427394332] [controller_server]: Passing new path to controller.
1790671955.4276698 [controller_server-7] [INFO] [1790671955.427416194] [controller_server]: Passing new path to controller.
1790671956.4942832 [controller_server-7] [INFO] [1790671956.494069307] [controller_server]: Passing new path to controller.
1790671957.4942276 [controller_server-7] [INFO] [1790671957.494062092] [controller_server]: Passing new path to controller.
1790671958.5608780 [controller_server-7] [INFO] [1790671958.560685764] [controller_server]: Passing new path to controller.
1790671959.5608304 [controller_server-7] [INFO] [1790671959.560685469] [controller_server]: Passing new path to controller.
1790671960.5608413 [controller_server-7] [INFO] [1790671960.560686331] [controller_server]: Passing new path to controller.
1790671961.6275804 [controller_server-7] [INFO] [1790671961.627391747] [controller_server]: Passing new path to controller.
1790671962.6275980 [controller_server-7] [INFO] [1790671962.627391790] [controller_server]: Passing new path to controller.
1790671963.6948073 [controller_server-7] [INFO] [1790671963.694090692] [controller_server]: Passing new path to controller.
1790671964.6942866 [controller_server-7] [INFO] [1790671964.694057300] [controller_server]: Passing new path to controller.
1790671965.7608867 [controller_server-7] [INFO] [1790671965.760686890] [controller_server]: Passing new path to controller.
1790671966.7608364 [controller_server-7] [INFO] [1790671966.760687879] [controller_server]: Passing new path to controller.
1790671967.7608302 [controller_server-7] [INFO] [1790671967.760678112] [controller_server]: Passing new path to controller.
1790671968.8275380 [controller_server-7] [INFO] [1790671968.827384188] [controller_server]: Passing new path to controller.
1790671969.8275888 [controller_server-7] [INFO] [1790671969.827397041] [controller_server]: Passing new path to controller.
1790671970.8944874 [controller_server-7] [INFO] [1790671970.894098512] [controller_server]: Passing new path to controller.
1790671971.8942530 [controller_server-7] [INFO] [1790671971.894054234] [controller_server]: Passing new path to controller.
1790671972.9609025 [controller_server-7] [INFO] [1790671972.960696535] [controller_server]: Passing new path to controller.
1790671973.9608059 [controller_server-7] [INFO] [1790671973.960678900] [controller_server]: Passing new path to controller.
1790671974.9609437 [controller_server-7] [INFO] [1790671974.960694421] [controller_server]: Passing new path to controller.
1790671976.0275302 [controller_server-7] [INFO] [1790671976.027388354] [controller_server]: Passing new path to controller.
1790671977.0276027 [controller_server-7] [INFO] [1790671977.027396348] [controller_server]: Passing new path to controller.
1790671978.0942211 [controller_server-7] [INFO] [1790671978.094060468] [controller_server]: Passing new path to controller.
1790671979.0941868 [controller_server-7] [INFO] [1790671979.094050815] [controller_server]: Passing new path to controller.
1790671980.1608267 [controller_server-7] [INFO] [1790671980.160684626] [controller_server]: Passing new path to controller.
1790671981.1608233 [controller_server-7] [INFO] [1790671981.160686039] [controller_server]: Passing new path to controller.
1790671982.1608124 [controller_server-7] [INFO] [1790671982.160676303] [controller_server]: Passing new path to controller.
1790671983.2276793 [controller_server-7] [INFO] [1790671983.227406536] [controller_server]: Passing new path to controller.
1790671984.2278907 [controller_server-7] [INFO] [1790671984.227422217] [controller_server]: Passing new path to controller.
1790671985.2942810 [controller_server-7] [INFO] [1790671985.294069773] [controller_server]: Passing new path to controller.
1790671986.2943616 [controller_server-7] [INFO] [1790671986.294077912] [controller_server]: Passing new path to controller.
1790671987.2942069 [controller_server-7] [INFO] [1790671987.294049824] [controller_server]: Passing new path to controller.
1790671988.3609190 [controller_server-7] [INFO] [1790671988.360692645] [controller_server]: Passing new path to controller.
1790671989.3609102 [controller_server-7] [INFO] [1790671989.360692469] [controller_server]: Passing new path to controller.
1790671990.4276171 [controller_server-7] [INFO] [1790671990.427400506] [controller_server]: Passing new path to controller.
1790671991.4279501 [controller_server-7] [INFO] [1790671991.427492770] [controller_server]: Passing new path to controller.
1790671992.4275610 [controller_server-7] [INFO] [1790671992.427397085] [controller_server]: Passing new path to controller.
1790671993.4941840 [controller_server-7] [INFO] [1790671993.494050545] [controller_server]: Passing new path to controller.
1790671994.4942820 [controller_server-7] [INFO] [1790671994.494060886] [controller_server]: Passing new path to controller.
1790671995.4943538 [controller_server-7] [INFO] [1790671995.494079159] [controller_server]: Passing new path to controller.
1790671996.5608208 [controller_server-7] [INFO] [1790671996.560681572] [controller_server]: Passing new path to controller.
1790671997.5608134 [controller_server-7] [INFO] [1790671997.560680649] [controller_server]: Passing new path to controller.
1790671998.6275237 [controller_server-7] [INFO] [1790671998.627383713] [controller_server]: Passing new path to controller.
1790671999.6275485 [controller_server-7] [INFO] [1790671999.627395542] [controller_server]: Passing new path to controller.
1790672000.6276250 [controller_server-7] [INFO] [1790672000.627397104] [controller_server]: Passing new path to controller.
1790672001.6942749 [controller_server-7] [INFO] [1790672001.694058440] [controller_server]: Passing new path to controller.
1790672002.6943133 [controller_server-7] [INFO] [1790672002.694057039] [controller_server]: Passing new path to controller.
1790672003.7608261 [controller_server-7] [INFO] [1790672003.760686761] [controller_server]: Passing new path to controller.
1790672004.7608514 [controller_server-7] [INFO] [1790672004.760683189] [controller_server]: Passing new path to controller.
1790672005.7608850 [controller_server-7] [INFO] [1790672005.760687341] [controller_server]: Passing new path to controller.
1790672006.8275166 [controller_server-7] [INFO] [1790672006.827384596] [controller_server]: Passing new path to controller.
1790672007.8278332 [controller_server-7] [INFO] [1790672007.827421396] [controller_server]: Passing new path to controller.
1790672008.8942573 [controller_server-7] [INFO] [1790672008.894050411] [controller_server]: Passing new path to controller.
1790672009.8942308 [controller_server-7] [INFO] [1790672009.894048189] [controller_server]: Passing new path to controller.
1790672010.9608908 [controller_server-7] [INFO] [1790672010.960693059] [controller_server]: Passing new path to controller.
1790672011.9609585 [controller_server-7] [INFO] [1790672011.960699446] [controller_server]: Passing new path to controller.
1790672012.9608767 [controller_server-7] [INFO] [1790672012.960677003] [controller_server]: Passing new path to controller.
1790672014.0275180 [controller_server-7] [INFO] [1790672014.027385398] [controller_server]: Passing new path to controller.
1790672015.0275738 [controller_server-7] [INFO] [1790672015.027384493] [controller_server]: Passing new path to controller.
1790672016.0942760 [controller_server-7] [INFO] [1790672016.094071121] [controller_server]: Passing new path to controller.
1790672017.0942762 [controller_server-7] [INFO] [1790672017.094067646] [controller_server]: Passing new path to controller.
1790672018.0942655 [controller_server-7] [INFO] [1790672018.094053729] [controller_server]: Passing new path to controller.
1790672019.1608870 [controller_server-7] [INFO] [1790672019.160686553] [controller_server]: Passing new path to controller.
1790672020.1608906 [controller_server-7] [INFO] [1790672020.160692619] [controller_server]: Passing new path to controller.
1790672021.2275987 [controller_server-7] [INFO] [1790672021.227398056] [controller_server]: Passing new path to controller.
1790672022.2275844 [controller_server-7] [INFO] [1790672022.227385935] [controller_server]: Passing new path to controller.
1790672023.2275290 [controller_server-7] [INFO] [1790672023.227382965] [controller_server]: Passing new path to controller.
1790672024.2941937 [controller_server-7] [INFO] [1790672024.294053022] [controller_server]: Passing new path to controller.
1790672025.2942536 [controller_server-7] [INFO] [1790672025.294061917] [controller_server]: Passing new path to controller.
1790672026.3608909 [controller_server-7] [INFO] [1790672026.360689915] [controller_server]: Passing new path to controller.
1790672027.3608878 [controller_server-7] [INFO] [1790672027.360687135] [controller_server]: Passing new path to controller.
1790672028.3608851 [controller_server-7] [INFO] [1790672028.360675790] [controller_server]: Passing new path to controller.
1790672029.4276297 [controller_server-7] [INFO] [1790672029.427389854] [controller_server]: Passing new path to controller.
1790672030.4276104 [controller_server-7] [INFO] [1790672030.427396348] [controller_server]: Passing new path to controller.
1790672031.4276175 [controller_server-7] [INFO] [1790672031.427385854] [controller_server]: Passing new path to controller.
1790672032.4942083 [controller_server-7] [INFO] [1790672032.494058326] [controller_server]: Passing new path to controller.
1790672033.4942591 [controller_server-7] [INFO] [1790672033.494054191] [controller_server]: Passing new path to controller.
1790672034.5608890 [controller_server-7] [INFO] [1790672034.560693813] [controller_server]: Passing new path to controller.
1790672035.5609231 [controller_server-7] [INFO] [1790672035.560730950] [controller_server]: Passing new path to controller.
1790672036.6276131 [controller_server-7] [INFO] [1790672036.627403045] [controller_server]: Passing new path to controller.
1790672037.6275375 [controller_server-7] [INFO] [1790672037.627390133] [controller_server]: Passing new path to controller.
1790672038.6275332 [controller_server-7] [INFO] [1790672038.627396128] [controller_server]: Passing new path to controller.
1790672039.6942194 [controller_server-7] [INFO] [1790672039.694057651] [controller_server]: Passing new path to controller.
1790672040.6942673 [controller_server-7] [INFO] [1790672040.694067453] [controller_server]: Passing new path to controller.
1790672041.7608454 [controller_server-7] [INFO] [1790672041.760689332] [controller_server]: Passing new path to controller.
1790672042.7609861 [controller_server-7] [INFO] [1790672042.760712122] [controller_server]: Passing new path to controller.
1790672043.7611058 [controller_server-7] [INFO] [1790672043.760715933] [controller_server]: Passing new path to controller.
1790672044.8275955 [controller_server-7] [INFO] [1790672044.827392811] [controller_server]: Passing new path to controller.
1790672045.8275979 [controller_server-7] [INFO] [1790672045.827400930] [controller_server]: Passing new path to controller.
1790672046.8275948 [controller_server-7] [INFO] [1790672046.827384531] [controller_server]: Passing new path to controller.
1790672047.8941836 [controller_server-7] [INFO] [1790672047.894052661] [controller_server]: Passing new path to controller.
1790672048.8941948 [controller_server-7] [INFO] [1790672048.894053276] [controller_server]: Passing new path to controller.
1790672049.9608812 [controller_server-7] [INFO] [1790672049.960688411] [controller_server]: Passing new path to controller.
1790672050.9611223 [controller_server-7] [INFO] [1790672050.960717665] [controller_server]: Passing new path to controller.
1790672052.0275838 [controller_server-7] [INFO] [1790672052.027388115] [controller_server]: Passing new path to controller.
1790672053.0275290 [controller_server-7] [INFO] [1790672053.027391177] [controller_server]: Passing new path to controller.
1790672054.0275750 [controller_server-7] [INFO] [1790672054.027426602] [controller_server]: Passing new path to controller.
1790672055.0941846 [controller_server-7] [INFO] [1790672055.094046849] [controller_server]: Passing new path to controller.
1790672056.0942070 [controller_server-7] [INFO] [1790672056.094059994] [controller_server]: Passing new path to controller.
1790672057.1608155 [controller_server-7] [INFO] [1790672057.160676720] [controller_server]: Passing new path to controller.
1790672058.1608829 [controller_server-7] [INFO] [1790672058.160688363] [controller_server]: Passing new path to controller.
1790672059.1609018 [controller_server-7] [INFO] [1790672059.160686324] [controller_server]: Passing new path to controller.
1790672060.2275865 [controller_server-7] [INFO] [1790672060.227395025] [controller_server]: Passing new path to controller.
1790672061.2275949 [controller_server-7] [INFO] [1790672061.227396837] [controller_server]: Passing new path to controller.
1790672062.2275481 [controller_server-7] [INFO] [1790672062.227386759] [controller_server]: Passing new path to controller.
1790672063.2942646 [controller_server-7] [INFO] [1790672063.294052622] [controller_server]: Passing new path to controller.
1790672064.2941899 [controller_server-7] [INFO] [1790672064.294049607] [controller_server]: Passing new path to controller.
1790672065.3609538 [controller_server-7] [INFO] [1790672065.360704223] [controller_server]: Passing new path to controller.
1790672066.3610198 [controller_server-7] [INFO] [1790672066.360703612] [controller_server]: Passing new path to controller.
1790672067.4275265 [controller_server-7] [INFO] [1790672067.427385947] [controller_server]: Passing new path to controller.
1790672068.4275770 [controller_server-7] [INFO] [1790672068.427393635] [controller_server]: Passing new path to controller.
1790672069.4275782 [controller_server-7] [INFO] [1790672069.427386950] [controller_server]: Passing new path to controller.
1790672070.4942508 [controller_server-7] [INFO] [1790672070.494050126] [controller_server]: Passing new path to controller.
1790672071.4942477 [controller_server-7] [INFO] [1790672071.494054694] [controller_server]: Passing new path to controller.
1790672072.4943149 [controller_server-7] [INFO] [1790672072.494065360] [controller_server]: Passing new path to controller.
1790672073.5609412 [controller_server-7] [INFO] [1790672073.560703242] [controller_server]: Passing new path to controller.
1790672074.5609133 [controller_server-7] [INFO] [1790672074.560697229] [controller_server]: Passing new path to controller.
1790672075.5608854 [controller_server-7] [INFO] [1790672075.560682756] [controller_server]: Passing new path to controller.
1790672076.6275525 [controller_server-7] [INFO] [1790672076.627385849] [controller_server]: Passing new path to controller.
1790672077.6276000 [controller_server-7] [INFO] [1790672077.627396179] [controller_server]: Passing new path to controller.
1790672078.6275353 [controller_server-7] [INFO] [1790672078.627384655] [controller_server]: Passing new path to controller.
1790672079.6942718 [controller_server-7] [INFO] [1790672079.694061545] [controller_server]: Passing new path to controller.
1790672080.6942022 [controller_server-7] [INFO] [1790672080.694051071] [controller_server]: Passing new path to controller.
1790672081.7608671 [controller_server-7] [INFO] [1790672081.760681557] [controller_server]: Passing new path to controller.
1790672082.7612488 [controller_server-7] [INFO] [1790672082.760731035] [controller_server]: Passing new path to controller.
1790672083.8275263 [controller_server-7] [INFO] [1790672083.827390080] [controller_server]: Passing new path to controller.
1790672084.8275285 [controller_server-7] [INFO] [1790672084.827389886] [controller_server]: Passing new path to controller.
1790672085.8276744 [controller_server-7] [INFO] [1790672085.827404072] [controller_server]: Passing new path to controller.
1790672086.8943064 [controller_server-7] [INFO] [1790672086.894070000] [controller_server]: Passing new path to controller.
1790672087.8942480 [controller_server-7] [INFO] [1790672087.894066519] [controller_server]: Passing new path to controller.
1790672088.9608231 [controller_server-7] [INFO] [1790672088.960680733] [controller_server]: Passing new path to controller.
1790672089.9612339 [controller_server-7] [INFO] [1790672089.960708156] [controller_server]: Passing new path to controller.
1790672090.9608846 [controller_server-7] [INFO] [1790672090.960689327] [controller_server]: Passing new path to controller.
1790672092.0275328 [controller_server-7] [INFO] [1790672092.027386315] [controller_server]: Passing new path to controller.
1790672093.0275779 [controller_server-7] [INFO] [1790672093.027398055] [controller_server]: Passing new path to controller.
1790672094.0275848 [controller_server-7] [INFO] [1790672094.027389504] [controller_server]: Passing new path to controller.
1790672095.0941980 [controller_server-7] [INFO] [1790672095.094056624] [controller_server]: Passing new path to controller.
1790672096.0942259 [controller_server-7] [INFO] [1790672096.094014486] [controller_server]: Passing new path to controller.
1790672097.1608024 [controller_server-7] [INFO] [1790672097.160672567] [controller_server]: Passing new path to controller.
1790672098.1609037 [controller_server-7] [INFO] [1790672098.160687970] [controller_server]: Passing new path to controller.
1790672099.2275269 [controller_server-7] [INFO] [1790672099.227358043] [controller_server]: Passing new path to controller.
1790672100.2275836 [controller_server-7] [INFO] [1790672100.227387282] [controller_server]: Passing new path to controller.
1790672101.2275152 [controller_server-7] [INFO] [1790672101.227385357] [controller_server]: Passing new path to controller.
1790672102.2941830 [controller_server-7] [INFO] [1790672102.294053144] [controller_server]: Passing new path to controller.
1790672103.2941978 [controller_server-7] [INFO] [1790672103.294054265] [controller_server]: Passing new path to controller.
1790672104.2942238 [controller_server-7] [INFO] [1790672104.294061799] [controller_server]: Passing new path to controller.
1790672105.3608191 [controller_server-7] [INFO] [1790672105.360680759] [controller_server]: Passing new path to controller.
1790672106.3609068 [controller_server-7] [INFO] [1790672106.360695013] [controller_server]: Passing new path to controller.
1790672107.4275942 [controller_server-7] [INFO] [1790672107.427397071] [controller_server]: Passing new path to controller.
1790672108.4276388 [controller_server-7] [INFO] [1790672108.427433401] [controller_server]: Passing new path to controller.
1790672109.4276581 [controller_server-7] [INFO] [1790672109.427399507] [controller_server]: Passing new path to controller.
1790672110.4947586 [controller_server-7] [INFO] [1790672110.494102586] [controller_server]: Passing new path to controller.
1790672111.4942534 [controller_server-7] [INFO] [1790672111.494051152] [controller_server]: Passing new path to controller.
1790672112.5608203 [controller_server-7] [INFO] [1790672112.560683718] [controller_server]: Passing new path to controller.
1790672113.5608175 [controller_server-7] [INFO] [1790672113.560678215] [controller_server]: Passing new path to controller.
1790672114.5609057 [controller_server-7] [INFO] [1790672114.560693315] [controller_server]: Passing new path to controller.
1790672115.6275175 [controller_server-7] [INFO] [1790672115.627383910] [controller_server]: Passing new path to controller.
1790672116.6275971 [controller_server-7] [INFO] [1790672116.627392768] [controller_server]: Passing new path to controller.
1790672117.6945467 [controller_server-7] [INFO] [1790672117.694084815] [controller_server]: Passing new path to controller.
1790672118.6942236 [controller_server-7] [INFO] [1790672118.694055578] [controller_server]: Passing new path to controller.
1790672119.7608714 [controller_server-7] [INFO] [1790672119.760682366] [controller_server]: Passing new path to controller.
1790672120.7608943 [controller_server-7] [INFO] [1790672120.760689070] [controller_server]: Passing new path to controller.
1790672121.7608600 [controller_server-7] [INFO] [1790672121.760677459] [controller_server]: Passing new path to controller.
1790672122.8275533 [controller_server-7] [INFO] [1790672122.827385877] [controller_server]: Passing new path to controller.
1790672123.8275785 [controller_server-7] [INFO] [1790672123.827387703] [controller_server]: Passing new path to controller.
1790672124.8942294 [controller_server-7] [INFO] [1790672124.894063383] [controller_server]: Passing new path to controller.
1790672125.8945277 [controller_server-7] [INFO] [1790672125.894083510] [controller_server]: Passing new path to controller.
1790672126.8942878 [controller_server-7] [INFO] [1790672126.894069329] [controller_server]: Passing new path to controller.
1790672127.9609003 [controller_server-7] [INFO] [1790672127.960692517] [controller_server]: Passing new path to controller.
1790672128.9608879 [controller_server-7] [INFO] [1790672128.960687426] [controller_server]: Passing new path to controller.
1790672129.9609244 [controller_server-7] [INFO] [1790672129.960680139] [controller_server]: Passing new path to controller.
1790672131.0276816 [controller_server-7] [INFO] [1790672131.027415052] [controller_server]: Passing new path to controller.
1790672132.0275297 [controller_server-7] [INFO] [1790672132.027389605] [controller_server]: Passing new path to controller.
1790672133.0942004 [controller_server-7] [INFO] [1790672133.094054931] [controller_server]: Passing new path to controller.
1790672134.0944281 [controller_server-7] [INFO] [1790672134.094074477] [controller_server]: Passing new path to controller.
1790672135.1608121 [controller_server-7] [INFO] [1790672135.160681483] [controller_server]: Passing new path to controller.
1790672136.1608341 [controller_server-7] [INFO] [1790672136.160688301] [controller_server]: Passing new path to controller.
1790672137.1608818 [controller_server-7] [INFO] [1790672137.160684851] [controller_server]: Passing new path to controller.
1790672138.2275507 [controller_server-7] [INFO] [1790672138.227391343] [controller_server]: Passing new path to controller.
1790672139.2275844 [controller_server-7] [INFO] [1790672139.227389285] [controller_server]: Passing new path to controller.
1790672140.2942715 [controller_server-7] [INFO] [1790672140.294054531] [controller_server]: Passing new path to controller.
1790672141.2942588 [controller_server-7] [INFO] [1790672141.294061352] [controller_server]: Passing new path to controller.
1790672142.2942569 [controller_server-7] [INFO] [1790672142.294053747] [controller_server]: Passing new path to controller.
1790672143.3608713 [controller_server-7] [INFO] [1790672143.360682169] [controller_server]: Passing new path to controller.
1790672144.3608928 [controller_server-7] [INFO] [1790672144.360685360] [controller_server]: Passing new path to controller.
1790672145.3608806 [controller_server-7] [INFO] [1790672145.360687089] [controller_server]: Passing new path to controller.
1790672146.4275575 [controller_server-7] [INFO] [1790672146.427385206] [controller_server]: Passing new path to controller.
1790672147.4275470 [controller_server-7] [INFO] [1790672147.427385245] [controller_server]: Passing new path to controller.
1790672148.4942176 [controller_server-7] [INFO] [1790672148.494057125] [controller_server]: Passing new path to controller.
1790672149.4941950 [controller_server-7] [INFO] [1790672149.494050606] [controller_server]: Passing new path to controller.
1790672150.5608478 [controller_server-7] [INFO] [1790672150.560691641] [controller_server]: Passing new path to controller.
1790672151.5608087 [controller_server-7] [INFO] [1790672151.560675960] [controller_server]: Passing new path to controller.
1790672152.5608952 [controller_server-7] [INFO] [1790672152.560686041] [controller_server]: Passing new path to controller.
1790672153.6276734 [controller_server-7] [INFO] [1790672153.627415244] [controller_server]: Passing new path to controller.
1790672154.6275234 [controller_server-7] [INFO] [1790672154.627388648] [controller_server]: Passing new path to controller.
1790672155.6942062 [controller_server-7] [INFO] [1790672155.694059376] [controller_server]: Passing new path to controller.
1790672156.6942728 [controller_server-7] [INFO] [1790672156.694066393] [controller_server]: Passing new path to controller.
1790672157.6942399 [controller_server-7] [INFO] [1790672157.694053426] [controller_server]: Passing new path to controller.
1790672158.7612438 [controller_server-7] [INFO] [1790672158.760731882] [controller_server]: Passing new path to controller.
1790672159.7608473 [controller_server-7] [INFO] [1790672159.760687803] [controller_server]: Passing new path to controller.
1790672160.8275833 [controller_server-7] [INFO] [1790672160.827396274] [controller_server]: Passing new path to controller.
1790672161.8275275 [controller_server-7] [INFO] [1790672161.827389484] [controller_server]: Passing new path to controller.
1790672162.8275771 [controller_server-7] [INFO] [1790672162.827399680] [controller_server]: Passing new path to controller.
1790672163.8942297 [controller_server-7] [INFO] [1790672163.894063015] [controller_server]: Passing new path to controller.
1790672164.8942177 [controller_server-7] [INFO] [1790672164.894062864] [controller_server]: Passing new path to controller.
1790672165.8946087 [controller_server-7] [INFO] [1790672165.894111381] [controller_server]: Passing new path to controller.
1790672166.9609377 [controller_server-7] [INFO] [1790672166.960699966] [controller_server]: Passing new path to controller.
1790672167.9609771 [controller_server-7] [INFO] [1790672167.960708404] [controller_server]: Passing new path to controller.
1790672169.0275917 [controller_server-7] [INFO] [1790672169.027386981] [controller_server]: Passing new path to controller.
1790672170.0275919 [controller_server-7] [INFO] [1790672170.027389222] [controller_server]: Passing new path to controller.
1790672171.0275860 [controller_server-7] [INFO] [1790672171.027398057] [controller_server]: Passing new path to controller.
1790672172.0942023 [controller_server-7] [INFO] [1790672172.094060578] [controller_server]: Passing new path to controller.
1790672173.0942056 [controller_server-7] [INFO] [1790672173.094048064] [controller_server]: Passing new path to controller.
1790672174.0945382 [controller_server-7] [INFO] [1790672174.094155086] [controller_server]: Passing new path to controller.
1790672175.1608443 [controller_server-7] [INFO] [1790672175.160678548] [controller_server]: Passing new path to controller.
1790672176.1610343 [controller_server-7] [INFO] [1790672176.160702054] [controller_server]: Passing new path to controller.
1790672177.1608419 [controller_server-7] [INFO] [1790672177.160676118] [controller_server]: Passing new path to controller.
1790672178.2276120 [controller_server-7] [INFO] [1790672178.227400700] [controller_server]: Passing new path to controller.
1790672179.2275839 [controller_server-7] [INFO] [1790672179.227386318] [controller_server]: Passing new path to controller.
1790672180.2942643 [controller_server-7] [INFO] [1790672180.294056631] [controller_server]: Passing new path to controller.
1790672181.2942722 [controller_server-7] [INFO] [1790672181.294064116] [controller_server]: Passing new path to controller.
1790672182.2942457 [controller_server-7] [INFO] [1790672182.294055547] [controller_server]: Passing new path to controller.
1790672183.3609161 [controller_server-7] [INFO] [1790672183.360702353] [controller_server]: Passing new path to controller.
1790672184.3609700 [controller_server-7] [INFO] [1790672184.360708175] [controller_server]: Passing new path to controller.
1790672185.3608911 [controller_server-7] [INFO] [1790672185.360681937] [controller_server]: Passing new path to controller.
1790672186.4276536 [controller_server-7] [INFO] [1790672186.427404143] [controller_server]: Passing new path to controller.
1790672187.4275756 [controller_server-7] [INFO] [1790672187.427390634] [controller_server]: Passing new path to controller.
1790672188.4278450 [controller_server-7] [INFO] [1790672188.427409657] [controller_server]: Passing new path to controller.
1790672189.4943385 [controller_server-7] [INFO] [1790672189.494103583] [controller_server]: Passing new path to controller.
1790672190.4942555 [controller_server-7] [INFO] [1790672190.494061678] [controller_server]: Passing new path to controller.
1790672191.5609205 [controller_server-7] [INFO] [1790672191.560695961] [controller_server]: Passing new path to controller.
1790672192.5608158 [controller_server-7] [INFO] [1790672192.560684363] [controller_server]: Passing new path to controller.
1790672193.5608208 [controller_server-7] [INFO] [1790672193.560683866] [controller_server]: Passing new path to controller.
1790672194.5608888 [controller_server-7] [INFO] [1790672194.560686337] [controller_server]: Passing new path to controller.
1790672195.6278362 [controller_server-7] [INFO] [1790672195.627383204] [controller_server]: Passing new path to controller.
1790672196.6276598 [controller_server-7] [INFO] [1790672196.627400618] [controller_server]: Passing new path to controller.
1790672197.6275930 [controller_server-7] [INFO] [1790672197.627383398] [controller_server]: Passing new path to controller.
1790672198.6942019 [controller_server-7] [INFO] [1790672198.694049691] [controller_server]: Passing new path to controller.
1790672199.6941929 [controller_server-7] [INFO] [1790672199.694054407] [controller_server]: Passing new path to controller.
1790672200.7608380 [controller_server-7] [INFO] [1790672200.760689996] [controller_server]: Passing new path to controller.
1790672201.7608154 [controller_server-7] [INFO] [1790672201.760675063] [controller_server]: Passing new path to controller.
1790672202.8275836 [controller_server-7] [INFO] [1790672202.827386881] [controller_server]: Passing new path to controller.
1790672203.8275380 [controller_server-7] [INFO] [1790672203.827388488] [controller_server]: Passing new path to controller.
1790672204.8275433 [controller_server-7] [INFO] [1790672204.827382458] [controller_server]: Passing new path to controller.
1790672205.8942268 [controller_server-7] [INFO] [1790672205.894061102] [controller_server]: Passing new path to controller.
1790672206.8942475 [controller_server-7] [INFO] [1790672206.894054367] [controller_server]: Passing new path to controller.
1790672207.9609137 [controller_server-7] [INFO] [1790672207.960697055] [controller_server]: Passing new path to controller.
1790672208.9608958 [controller_server-7] [INFO] [1790672208.960687114] [controller_server]: Passing new path to controller.
1790672209.9611206 [controller_server-7] [INFO] [1790672209.960695137] [controller_server]: Passing new path to controller.
1790672211.0276120 [controller_server-7] [INFO] [1790672211.027402387] [controller_server]: Passing new path to controller.
1790672212.0275943 [controller_server-7] [INFO] [1790672212.027396206] [controller_server]: Passing new path to controller.
1790672213.0943305 [controller_server-7] [INFO] [1790672213.094068547] [controller_server]: Passing new path to controller.
1790672214.0942442 [controller_server-7] [INFO] [1790672214.094049806] [controller_server]: Passing new path to controller.
1790672215.0941782 [controller_server-7] [INFO] [1790672215.094044938] [controller_server]: Passing new path to controller.
1790672216.1608355 [controller_server-7] [INFO] [1790672216.160686290] [controller_server]: Passing new path to controller.
1790672217.1610975 [controller_server-7] [INFO] [1790672217.160722609] [controller_server]: Passing new path to controller.
1790672218.1608751 [controller_server-7] [INFO] [1790672218.160713348] [controller_server]: Passing new path to controller.
1790672219.2275534 [controller_server-7] [INFO] [1790672219.227385898] [controller_server]: Passing new path to controller.
1790672220.2275820 [controller_server-7] [INFO] [1790672220.227381524] [controller_server]: Passing new path to controller.
1790672221.2276270 [controller_server-7] [INFO] [1790672221.227403527] [controller_server]: Passing new path to controller.
1790672222.2942612 [controller_server-7] [INFO] [1790672222.294052837] [controller_server]: Passing new path to controller.
1790672223.2942858 [controller_server-7] [INFO] [1790672223.294065171] [controller_server]: Passing new path to controller.
1790672224.2942474 [controller_server-7] [INFO] [1790672224.294049384] [controller_server]: Passing new path to controller.
1790672225.3609245 [controller_server-7] [INFO] [1790672225.360730395] [controller_server]: Passing new path to controller.
1790672226.3608088 [controller_server-7] [INFO] [1790672226.360675190] [controller_server]: Passing new path to controller.
1790672227.4277222 [controller_server-7] [INFO] [1790672227.427395751] [controller_server]: Passing new path to controller.
1790672228.4276018 [controller_server-7] [INFO] [1790672228.427400385] [controller_server]: Passing new path to controller.
1790672229.4275849 [controller_server-7] [INFO] [1790672229.427384334] [controller_server]: Passing new path to controller.
1790672230.4944725 [controller_server-7] [INFO] [1790672230.494085526] [controller_server]: Passing new path to controller.
1790672231.4942596 [controller_server-7] [INFO] [1790672231.494056080] [controller_server]: Passing new path to controller.
1790672232.4942896 [controller_server-7] [INFO] [1790672232.494062156] [controller_server]: Passing new path to controller.
1790672233.5608859 [controller_server-7] [INFO] [1790672233.560687864] [controller_server]: Passing new path to controller.
1790672234.5609355 [controller_server-7] [INFO] [1790672234.560696856] [controller_server]: Passing new path to controller.
1790672235.5609369 [controller_server-7] [INFO] [1790672235.560699782] [controller_server]: Passing new path to controller.
1790672236.6278639 [controller_server-7] [INFO] [1790672236.627390175] [controller_server]: Passing new path to controller.
1790672237.6277375 [controller_server-7] [INFO] [1790672237.627401818] [controller_server]: Passing new path to controller.
1790672238.6275671 [controller_server-7] [INFO] [1790672238.627384647] [controller_server]: Passing new path to controller.
1790672239.6942208 [controller_server-7] [INFO] [1790672239.694090541] [controller_server]: Passing new path to controller.
1790672240.6942472 [controller_server-7] [INFO] [1790672240.694050483] [controller_server]: Passing new path to controller.
1790672241.7608337 [controller_server-7] [INFO] [1790672241.760691688] [controller_server]: Passing new path to controller.
1790672242.7609000 [controller_server-7] [INFO] [1790672242.760699351] [controller_server]: Passing new path to controller.
1790672243.7608268 [controller_server-7] [INFO] [1790672243.760674241] [controller_server]: Passing new path to controller.
1790672244.8279381 [controller_server-7] [INFO] [1790672244.827434208] [controller_server]: Passing new path to controller.
1790672245.8275192 [controller_server-7] [INFO] [1790672245.827384230] [controller_server]: Passing new path to controller.
1790672246.8942571 [controller_server-7] [INFO] [1790672246.894053257] [controller_server]: Passing new path to controller.
1790672247.8941956 [controller_server-7] [INFO] [1790672247.894052525] [controller_server]: Passing new path to controller.
1790672248.8942051 [controller_server-7] [INFO] [1790672248.894049521] [controller_server]: Passing new path to controller.
1790672249.9608848 [controller_server-7] [INFO] [1790672249.960680415] [controller_server]: Passing new path to controller.
1790672250.9608564 [controller_server-7] [INFO] [1790672250.960690653] [controller_server]: Passing new path to controller.
1790672252.0275257 [controller_server-7] [INFO] [1790672252.027390442] [controller_server]: Passing new path to controller.
1790672253.0278120 [controller_server-7] [INFO] [1790672253.027418786] [controller_server]: Passing new path to controller.
1790672254.0276270 [controller_server-7] [INFO] [1790672254.027400718] [controller_server]: Passing new path to controller.
1790672255.0942962 [controller_server-7] [INFO] [1790672255.094057499] [controller_server]: Passing new path to controller.
1790672256.0944104 [controller_server-7] [INFO] [1790672256.094062936] [controller_server]: Passing new path to controller.
1790672257.0942273 [controller_server-7] [INFO] [1790672257.094020464] [controller_server]: Passing new path to controller.
1790672258.1610847 [controller_server-7] [INFO] [1790672258.160883964] [controller_server]: Passing new path to controller.
1790672259.1608965 [controller_server-7] [INFO] [1790672259.160676430] [controller_server]: Passing new path to controller.
1790672260.1612558 [controller_server-7] [INFO] [1790672260.160766618] [controller_server]: Passing new path to controller.
1790672261.2275357 [controller_server-7] [INFO] [1790672261.227395071] [controller_server]: Passing new path to controller.
1790672262.2275553 [controller_server-7] [INFO] [1790672262.227388597] [controller_server]: Passing new path to controller.
1790672263.2276058 [controller_server-7] [INFO] [1790672263.227394593] [controller_server]: Passing new path to controller.
1790672264.2941923 [controller_server-7] [INFO] [1790672264.294054040] [controller_server]: Passing new path to controller.
1790672265.2942641 [controller_server-7] [INFO] [1790672265.294056731] [controller_server]: Passing new path to controller.
1790672266.2942545 [controller_server-7] [INFO] [1790672266.294055481] [controller_server]: Passing new path to controller.
1790672267.3608768 [controller_server-7] [INFO] [1790672267.360684064] [controller_server]: Passing new path to controller.
1790672268.3608081 [controller_server-7] [INFO] [1790672268.360683464] [controller_server]: Passing new path to controller.
1790672269.4276247 [controller_server-7] [INFO] [1790672269.427399530] [controller_server]: Passing new path to controller.
1790672270.4276052 [controller_server-7] [INFO] [1790672270.427400776] [controller_server]: Passing new path to controller.
1790672271.4275765 [controller_server-7] [INFO] [1790672271.427380232] [controller_server]: Passing new path to controller.
1790672272.4942238 [controller_server-7] [INFO] [1790672272.494084866] [controller_server]: Passing new path to controller.
1790672273.4942303 [controller_server-7] [INFO] [1790672273.494057699] [controller_server]: Passing new path to controller.
1790672274.5608182 [controller_server-7] [INFO] [1790672274.560680472] [controller_server]: Passing new path to controller.
1790672275.5608804 [controller_server-7] [INFO] [1790672275.560691118] [controller_server]: Passing new path to controller.
1790672276.5608392 [controller_server-7] [INFO] [1790672276.560681591] [controller_server]: Passing new path to controller.
1790672277.6275978 [controller_server-7] [INFO] [1790672277.627394561] [controller_server]: Passing new path to controller.
1790672278.6275215 [controller_server-7] [INFO] [1790672278.627388008] [controller_server]: Passing new path to controller.
1790672279.6942317 [controller_server-7] [INFO] [1790672279.694049864] [controller_server]: Passing new path to controller.
1790672280.6941793 [controller_server-7] [INFO] [1790672280.694053049] [controller_server]: Passing new path to controller.
1790672281.6941791 [controller_server-7] [INFO] [1790672281.694049302] [controller_server]: Passing new path to controller.
1790672282.7608120 [controller_server-7] [INFO] [1790672282.760675666] [controller_server]: Passing new path to controller.
1790672283.7613511 [controller_server-7] [INFO] [1790672283.760757912] [controller_server]: Passing new path to controller.
1790672284.7608786 [controller_server-7] [INFO] [1790672284.760687071] [controller_server]: Passing new path to controller.
1790672285.8275647 [controller_server-7] [INFO] [1790672285.827399673] [controller_server]: Passing new path to controller.
1790672286.8276389 [controller_server-7] [INFO] [1790672286.827401135] [controller_server]: Passing new path to controller.
1790672287.8275578 [controller_server-7] [INFO] [1790672287.827384598] [controller_server]: Passing new path to controller.
1790672288.8942475 [controller_server-7] [INFO] [1790672288.894055433] [controller_server]: Passing new path to controller.
1790672289.8942478 [controller_server-7] [INFO] [1790672289.894054683] [controller_server]: Passing new path to controller.
1790672290.9611497 [controller_server-7] [INFO] [1790672290.960725764] [controller_server]: Passing new path to controller.
1790672291.9608788 [controller_server-7] [INFO] [1790672291.960683065] [controller_server]: Passing new path to controller.
1790672293.0275829 [controller_server-7] [INFO] [1790672293.027384962] [controller_server]: Passing new path to controller.
1790672294.0276060 [controller_server-7] [INFO] [1790672294.027396480] [controller_server]: Passing new path to controller.
1790672295.0275164 [controller_server-7] [INFO] [1790672295.027380130] [controller_server]: Passing new path to controller.
1790672296.0941865 [controller_server-7] [INFO] [1790672296.094046260] [controller_server]: Passing new path to controller.
1790672297.0942502 [controller_server-7] [INFO] [1790672297.094061381] [controller_server]: Passing new path to controller.
1790672298.1608737 [controller_server-7] [INFO] [1790672298.160683629] [controller_server]: Passing new path to controller.
1790672299.1611650 [controller_server-7] [INFO] [1790672299.160722290] [controller_server]: Passing new path to controller.
1790672299.8942399 [controller_server-7] [INFO] [1790672299.894098234] [controller_server]: Reached the goal!
1790672299.8956065 [controller_server-7] [INFO] [1790672299.895519833] [controller_server]: Optimizer reset
1790672299.9168956 [bt_navigator-9] [INFO] [1790672299.916224796] [bt_navigator]: Goal succeeded
1790672300.2007530 [INFO] [bash-13]: process has finished cleanly [pid 55259]
1790672314.9478385 [WARNING] [launch]: user interrupted with ctrl-c (SIGINT)
1790672314.9512568 [planner_server-6] [INFO] [1790672314.947656789] [rclcpp]: signal_handler(SIGINT/SIGTERM)
1790672314.9513681 [planner_server-6] [INFO] [1790672314.947721796] [planner_server]: Running Nav2 LifecycleNode rcl preshutdown (planner_server)
1790672314.9514151 [planner_server-6] [INFO] [1790672314.947775727] [planner_server]: Deactivating
1790672314.9514523 [planner_server-6] [INFO] [1790672314.947806263] [global_costmap.global_costmap]: Deactivating
1790672314.9515710 [lifecycle_manager-10] [INFO] [1790672314.947653666] [rclcpp]: signal_handler(SIGINT/SIGTERM)
1790672314.9516125 [lifecycle_manager-10] [INFO] [1790672314.947733779] [lifecycle_manager_navigation]: Running Nav2 LifecycleManager rcl preshutdown (lifecycle_manager_navigation)
1790672314.9516475 [lifecycle_manager-10] [INFO] [1790672314.947761863] [lifecycle_manager_navigation]: [34m[1mTerminating bond timer...[0m[0m
1790672314.9517670 [bt_navigator-9] [INFO] [1790672314.947653874] [rclcpp]: signal_handler(SIGINT/SIGTERM)
1790672314.9518061 [bt_navigator-9] [INFO] [1790672314.947721783] [bt_navigator]: Running Nav2 LifecycleNode rcl preshutdown (bt_navigator)
1790672314.9518394 [bt_navigator-9] [INFO] [1790672314.947775359] [bt_navigator]: Deactivating
1790672314.9518721 [bt_navigator-9] [INFO] [1790672314.947802772] [bt_navigator]: Destroying bond (bt_navigator) to lifecycle manager.
1790672314.9519765 [rviz2-11] [INFO] [1790672314.947655606] [rclcpp]: signal_handler(SIGINT/SIGTERM)
1790672314.9520936 [behavior_server-8] [INFO] [1790672314.947658096] [rclcpp]: signal_handler(SIGINT/SIGTERM)
1790672314.9521327 [behavior_server-8] [INFO] [1790672314.947737688] [behavior_server]: Running Nav2 LifecycleNode rcl preshutdown (behavior_server)
1790672314.9521649 [behavior_server-8] [INFO] [1790672314.947782737] [behavior_server]: Deactivating
1790672314.9522173 [behavior_server-8] [INFO] [1790672314.947809957] [behavior_server]: Destroying bond (behavior_server) to lifecycle manager.
1790672314.9523382 [robot_state_publisher-1] [INFO] [1790672314.947671618] [rclcpp]: signal_handler(SIGINT/SIGTERM)
1790672314.9524436 [map_server-5] [INFO] [1790672314.947657480] [rclcpp]: signal_handler(SIGINT/SIGTERM)
1790672314.9524839 [map_server-5] [INFO] [1790672314.947738261] [map_server]: Running Nav2 LifecycleNode rcl preshutdown (map_server)
1790672314.9525166 [map_server-5] [INFO] [1790672314.947782346] [map_server]: Deactivating
1790672314.9525483 [map_server-5] [INFO] [1790672314.947798790] [map_server]: Destroying bond (map_server) to lifecycle manager.
1790672314.9526782 [static_transform_publisher-2] [INFO] [1790672314.947669637] [rclcpp]: signal_handler(SIGINT/SIGTERM)
1790672314.9527915 [static_transform_publisher-4] [INFO] [1790672314.947672074] [rclcpp]: signal_handler(SIGINT/SIGTERM)
1790672314.9529088 [controller_server-7] [INFO] [1790672314.947691028] [rclcpp]: signal_handler(SIGINT/SIGTERM)
1790672314.9529490 [controller_server-7] [INFO] [1790672314.947735771] [controller_server]: Running Nav2 LifecycleNode rcl preshutdown (controller_server)
1790672314.9529860 [controller_server-7] [INFO] [1790672314.947779472] [controller_server]: Deactivating
1790672314.9530189 [controller_server-7] [INFO] [1790672314.947809588] [MPPIController]: Deactivated MPPI Controller: FollowPath
1790672314.9530504 [controller_server-7] [INFO] [1790672314.947825218] [local_costmap.local_costmap]: Deactivating
1790672314.9531567 [bash-14] [viz] finalizing 6858 frames per video
1790672314.9531844 [bash-14] [viz] costmap: 226 frames repeated (renderer fell behind; timeline preserved)
1790672314.9532058 [bash-14] [viz] ekf: 202 frames repeated (renderer fell behind; timeline preserved)
1790672314.9532282 [bash-14] [viz] slam_graph: 185 frames repeated (renderer fell behind; timeline preserved)
1790672314.9533515 [ekf_node-3] [INFO] [1790672314.947778037] [rclcpp]: signal_handler(SIGINT/SIGTERM)
1790672314.9582558 [behavior_server-8] [INFO] [1790672314.958014714] [behavior_server]: Cleaning up
1790672314.9585605 [map_server-5] [INFO] [1790672314.958013923] [map_server]: Cleaning up
1790672314.9586167 [map_server-5] [INFO] [1790672314.958046884] [map_server]: Destroying bond (map_server) to lifecycle manager.
1790672314.9587414 [bt_navigator-9] [INFO] [1790672314.958018326] [bt_navigator]: Cleaning up
1790672314.9590244 [behavior_server-8] [INFO] [1790672314.958894724] [behavior_server]: Destroying bond (behavior_server) to lifecycle manager.
1790672314.9597945 [map_server-5] [INFO] [1790672314.959694368] [map_server]: Destroying
1790672314.9652209 [controller_server-7] [INFO] [1790672314.964854306] [controller_server]: Destroying bond (controller_server) to lifecycle manager.
1790672314.9681418 [behavior_server-8] [INFO] [1790672314.967708931] [behavior_server]: Destroying
1790672314.9755197 [controller_server-7] [INFO] [1790672314.975185801] [controller_server]: Cleaning up
1790672314.9760506 [controller_server-7] [INFO] [1790672314.975317423] [MPPIController]: Cleaned up MPPI Controller: FollowPath
1790672314.9761186 [controller_server-7] [INFO] [1790672314.975559450] [local_costmap.local_costmap]: Cleaning up
1790672314.9863012 [controller_server-7] [INFO] [1790672314.986108925] [controller_server]: Destroying bond (controller_server) to lifecycle manager.
1790672314.9886761 [controller_server-7] [INFO] [1790672314.988434122] [local_costmap.local_costmap]: Destroying
1790672314.9924679 [controller_server-7] [INFO] [1790672314.992293999] [controller_server]: Destroying
1790672314.9954147 [bt_navigator-9] [INFO] [1790672314.995212684] [bt_navigator]: Completed Cleaning up
1790672314.9955359 [bt_navigator-9] [INFO] [1790672314.995263922] [bt_navigator]: Destroying bond (bt_navigator) to lifecycle manager.
1790672314.9992533 [bt_navigator-9] [INFO] [1790672314.999081634] [bt_navigator]: Destroying
1790672315.0049124 [lifecycle_manager-10] [INFO] [1790672315.004707053] [lifecycle_manager_navigation]: Destroying lifecycle_manager_navigation
1790672315.0575359 [INFO] [static_transform_publisher-2]: process has finished cleanly [pid 55247]
1790672315.0580239 [INFO] [static_transform_publisher-4]: process has finished cleanly [pid 55249]
1790672315.0585227 [INFO] [robot_state_publisher-1]: process has finished cleanly [pid 55246]
1790672315.0600991 [INFO] [ekf_node-3]: process has finished cleanly [pid 55248]
1790672315.0859272 [INFO] [behavior_server-8]: process has finished cleanly [pid 55254]
1790672315.1013396 [INFO] [controller_server-7]: process has finished cleanly [pid 55253]
1790672315.1111412 [INFO] [bt_navigator-9]: process has finished cleanly [pid 55255]
1790672315.1113982 [INFO] [lifecycle_manager-10]: process has finished cleanly [pid 55256]
1790672315.1117694 [INFO] [map_server-5]: process has finished cleanly [pid 55250]
1790672315.1549683 [bash-14] [viz] visualisation recordings finalized
1790672315.2849708 [INFO] [bash-14]: process has finished cleanly [pid 55260]
1790672315.4356093 [planner_server-6] [INFO] [1790672315.435358131] [planner_server]: Deactivating plugin GridBased of type SmacPlanner2D
1790672315.4357471 [planner_server-6] [INFO] [1790672315.435410853] [planner_server]: Destroying bond (planner_server) to lifecycle manager.
1790672315.4460483 [planner_server-6] [INFO] [1790672315.445611413] [planner_server]: Cleaning up
1790672315.4484067 [planner_server-6] [INFO] [1790672315.448264654] [global_costmap.global_costmap]: Cleaning up
1790672315.4492836 [planner_server-6] [INFO] [1790672315.449200160] [planner_server]: Cleaning up plugin GridBased of type SmacPlanner2D
1790672315.4495051 [planner_server-6] [INFO] [1790672315.449463737] [planner_server]: Destroying plugin GridBased of type SmacPlanner2D
1790672315.4551041 [planner_server-6] [INFO] [1790672315.454985036] [planner_server]: Destroying bond (planner_server) to lifecycle manager.
1790672315.4562514 [planner_server-6] [INFO] [1790672315.456141006] [global_costmap.global_costmap]: Destroying
1790672315.4582822 [planner_server-6] [INFO] [1790672315.458180722] [planner_server]: Destroying
1790672315.5657496 [INFO] [planner_server-6]: process has finished cleanly [pid 55251]
1790672315.6237838 [INFO] [rviz2-11]: process has finished cleanly [pid 55257]
1790672315.9136379 [bash-12] [vost#0:0/libx264 @ 0x1182cbc0] Error submitting a packet to the muxer: Immediate exit requested
1790672315.9137635 [bash-12]     Last message repeated 1 times
1790672315.9138019 [bash-12] [out#0/mp4 @ 0x1182be80] Error muxing a packet
1790672315.9138348 [bash-12] [out#0/mp4 @ 0x1182be80] Task finished with error code: -1414092869 (Immediate exit requested)
1790672315.9138653 [bash-12] [out#0/mp4 @ 0x1182be80] Terminating thread with return code -1414092869 (Immediate exit requested)
1790672316.0160458 [bash-12] [out#0/mp4 @ 0x1182be80] Error closing file: Immediate exit requested
1790672316.0475705 [ERROR] [bash-12]: process has died [pid 55258, exit code 255, cmd 'bash -c echo $$ > /home/qbotix-rover/sih_ws/mission_recordings/report_1401/rviz_ffmpeg.pid; exec /home/qbotix-rover/sih_ws/.demoenv/lib/python3.12/site-packages/imageio_ffmpeg/binaries/ffmpeg-linux-x86_64-v7.0.2 -y -nostdin -loglevel error -f x11grab -framerate 15 -video_size 1920x1080 -i :1+0,0 -c:v libx264 -preset veryfast -crf 21 -pix_fmt yuv420p -g 30 -movflags +frag_keyframe+empty_moov /home/qbotix-rover/sih_ws/mission_recordings/report_1401/rviz.mp4'].
