t,gt_x,gt_y,gt_yaw,ekf_x,ekf_y,cmd_v,cmd_w
21.10,-61.989,16.001,0.1365,nan,nan,0.000,0.000
21.30,-61.989,16.001,0.1365,nan,nan,0.000,0.000
21.50,-61.989,16.001,0.1365,nan,nan,0.000,0.000
21.70,-61.989,16.001,0.1365,nan,nan,0.000,0.000
21.90,-61.990,16.001,0.1365,nan,nan,0.000,0.000
22.10,-61.989,16.001,0.1365,nan,nan,0.000,0.000
22.30,-61.989,16.001,0.1365,-62.000,16.000,0.000,0.000
22.50,-61.989,16.001,0.1365,-62.000,16.000,0.000,0.000
22.70,-61.989,16.001,0.1365,-62.000,16.000,0.000,0.000
22.90,-61.989,16.001,0.1365,-61.999,15.999,0.000,0.000
23.10,-61.989,16.001,0.1365,-61.999,15.999,0.000,0.000
23.30,-61.989,16.001,0.1365,-61.999,15.999,0.000,0.000
23.50,-61.989,16.001,0.1365,-61.999,15.999,0.000,0.000
23.70,-61.989,16.001,0.1365,-61.999,15.999,0.000,0.000
23.90,-61.989,16.001,0.1365,-61.999,15.998,0.000,0.000
24.10,-61.989,16.001,0.1365,-61.999,15.998,0.000,0.000
24.30,-61.989,16.001,0.1365,-61.999,15.998,0.000,0.000
24.50,-61.989,16.001,0.1365,-61.999,15.998,0.000,0.000
24.70,-61.989,16.001,0.1365,-61.998,15.998,0.000,0.000
24.90,-61.989,16.001,0.1365,-61.998,15.998,0.000,0.000
25.10,-61.989,16.001,0.1365,-61.998,15.997,0.000,0.000
25.30,-61.989,16.001,0.1365,-61.998,15.997,0.000,0.000
25.50,-61.989,16.001,0.1365,-61.998,15.997,0.000,0.000
25.70,-61.989,16.001,0.1365,-61.998,15.997,0.000,0.000
25.90,-61.989,16.001,0.1365,-61.998,15.997,0.000,0.000
26.10,-61.989,16.001,0.1365,-61.998,15.996,0.000,0.000
26.30,-61.989,16.001,0.1365,-61.997,15.996,0.000,0.000
26.50,-61.989,16.001,0.1365,-61.997,15.996,0.000,0.000
26.70,-61.989,16.001,0.1365,-61.997,15.996,0.000,0.000
26.90,-61.989,16.001,0.1365,-61.997,15.996,0.000,0.000
27.10,-61.989,16.001,0.1365,-61.997,15.996,0.000,0.000
27.30,-61.989,16.001,0.1365,-61.997,15.996,0.000,0.000
27.50,-61.989,16.001,0.1365,-61.997,15.996,0.000,0.000
27.70,-61.989,16.001,0.1365,-61.996,15.995,0.000,0.000
27.90,-61.989,16.001,0.1365,-61.996,15.995,0.000,0.000
28.10,-61.989,16.001,0.1365,-61.996,15.995,0.000,0.000
28.30,-61.989,16.001,0.1365,-61.996,15.995,0.000,0.000
28.50,-61.989,16.001,0.1365,-61.996,15.995,0.000,0.000
28.70,-61.989,16.001,0.1365,-61.996,15.995,0.000,0.000
28.90,-61.989,16.001,0.1365,-61.996,15.994,0.000,0.000
29.10,-61.989,16.001,0.1365,-61.996,15.994,0.000,0.000
29.30,-61.989,16.001,0.1365,-61.995,15.994,0.000,0.000
29.50,-61.989,16.001,0.1365,-61.995,15.994,0.000,0.000
29.70,-61.989,16.001,0.1365,-61.995,15.994,0.000,0.000
29.90,-61.989,16.001,0.1365,-61.995,15.994,0.000,0.000
30.10,-61.989,16.001,0.1365,-61.995,15.994,0.000,0.000
30.30,-61.989,16.001,0.1365,-61.995,15.993,0.000,0.000
30.50,-61.989,16.001,0.1365,-61.994,15.993,0.000,0.000
30.70,-61.989,16.001,0.1365,-61.994,15.993,0.000,0.000
30.90,-61.989,16.001,0.1365,-61.994,15.993,0.000,0.000
31.10,-61.989,16.001,0.1365,-61.994,15.993,0.000,0.000
31.30,-61.989,16.001,0.1365,-61.994,15.993,0.000,0.000
31.50,-61.989,16.001,0.1365,-61.994,15.993,0.000,0.000
31.70,-61.989,16.001,0.1365,-61.994,15.992,0.000,0.000
31.90,-61.989,16.001,0.1365,-61.994,15.992,0.000,0.000
32.10,-61.989,16.001,0.1365,-61.993,15.992,0.000,0.000
32.30,-61.989,16.001,0.1365,-61.993,15.992,0.000,0.000
32.50,-61.989,16.001,0.1365,-61.993,15.992,0.000,0.000
32.70,-61.989,16.001,0.1365,-61.993,15.992,0.000,0.000
32.90,-61.989,16.001,0.1365,-61.993,15.992,0.000,0.000
33.10,-61.989,16.001,0.1365,-61.993,15.991,0.000,0.000
33.30,-61.989,16.001,0.1365,-61.993,15.991,0.000,0.000
33.50,-61.989,16.001,0.1365,-61.993,15.991,0.000,0.000
33.70,-61.989,16.001,0.1365,-61.993,15.991,0.000,0.000
33.90,-61.989,16.001,0.1365,-61.992,15.991,0.000,0.000
34.10,-61.989,16.001,0.1365,-61.992,15.991,0.000,0.000
34.30,-61.989,16.001,0.1365,-61.992,15.991,0.000,0.000
34.50,-61.989,16.001,0.1365,-61.992,15.990,0.000,0.000
34.70,-61.989,16.001,0.1365,-61.992,15.990,0.000,0.000
34.90,-61.989,16.001,0.1365,-61.992,15.990,0.000,0.000
35.10,-61.989,16.001,0.1365,-61.992,15.990,0.000,0.000
35.30,-61.989,16.001,0.1365,-61.992,15.990,0.000,0.000
35.50,-61.989,16.001,0.1365,-61.991,15.990,0.000,0.000
35.70,-61.989,16.001,0.1365,-61.991,15.990,0.000,0.000
35.90,-61.989,16.001,0.1365,-61.991,15.990,0.000,0.000
36.10,-61.989,16.001,0.1365,-61.991,15.989,0.000,0.000
36.30,-61.989,16.001,0.1365,-61.991,15.989,0.000,0.000
36.50,-61.989,16.001,0.1365,-61.991,15.989,0.000,0.000
36.70,-61.989,16.001,0.1365,-61.991,15.989,0.000,0.000
36.90,-61.989,16.001,0.1365,-61.991,15.989,0.000,0.000
37.10,-61.989,16.001,0.1365,-61.990,15.989,0.000,0.000
37.30,-61.989,16.001,0.1365,-61.990,15.988,0.000,0.000
37.50,-61.989,16.001,0.1365,-61.990,15.988,0.000,0.000
37.70,-61.989,16.001,0.1365,-61.990,15.988,0.000,0.000
37.90,-61.989,16.001,0.1365,-61.990,15.988,0.000,0.000
38.10,-61.989,16.001,0.1365,-61.990,15.988,0.000,0.000
38.30,-61.989,16.001,0.1365,-61.989,15.988,0.000,0.000
38.50,-61.989,16.001,0.1365,-61.989,15.988,0.000,0.000
38.70,-61.989,16.001,0.1365,-61.989,15.988,0.000,0.000
38.90,-61.989,16.001,0.1365,-61.989,15.987,0.000,0.000
39.10,-61.989,16.001,0.1365,-61.989,15.987,0.000,0.000
39.30,-61.989,16.001,0.1365,-61.989,15.987,0.000,0.000
39.50,-61.989,16.001,0.1365,-61.989,15.987,0.000,0.000
39.70,-61.989,16.001,0.1365,-61.989,15.987,0.000,0.000
39.90,-61.989,16.001,0.1365,-61.989,15.987,0.000,0.000
40.10,-61.989,16.001,0.1365,-61.988,15.987,0.000,0.000
40.30,-61.989,16.001,0.1365,-61.988,15.987,0.000,0.000
40.50,-61.989,16.001,0.1365,-61.988,15.987,0.000,0.000
40.70,-61.989,16.001,0.1365,-61.988,15.986,0.000,0.000
40.90,-61.989,16.001,0.1365,-61.988,15.986,0.000,0.000
41.10,-61.989,16.001,0.1365,-61.988,15.986,0.000,0.000
41.30,-61.989,16.001,0.1365,-61.988,15.986,0.000,0.000
41.50,-61.989,16.001,0.1365,-61.988,15.986,0.000,0.000
41.70,-61.989,16.001,0.1365,-61.987,15.985,0.000,0.000
41.90,-61.989,16.001,0.1365,-61.987,15.985,0.000,0.000
42.10,-61.989,16.001,0.1365,-61.987,15.985,0.000,0.000
42.30,-61.989,16.001,0.1365,-61.987,15.985,0.000,0.000
42.50,-61.989,16.001,0.1365,-61.987,15.985,0.000,0.000
42.70,-61.989,16.001,0.1365,-61.987,15.985,0.000,0.000
42.90,-61.989,16.001,0.1365,-61.987,15.984,0.000,0.000
43.10,-61.989,16.001,0.1365,-61.986,15.984,0.000,0.000
43.30,-61.989,16.001,0.1365,-61.986,15.984,0.000,0.000
43.50,-61.989,16.001,0.1365,-61.986,15.984,0.000,0.000
43.70,-61.989,16.001,0.1365,-61.986,15.984,0.000,0.000
43.90,-61.989,16.001,0.1365,-61.986,15.983,0.000,0.000
44.10,-61.989,16.001,0.1365,-61.986,15.983,0.000,0.000
44.30,-61.989,16.001,0.1365,-61.986,15.983,0.000,0.000
44.50,-61.989,16.001,0.1365,-61.986,15.983,0.000,0.000
44.70,-61.989,16.001,0.1365,-61.985,15.983,0.000,0.000
44.90,-61.989,16.001,0.1365,-61.985,15.983,0.000,0.000
45.10,-61.989,16.001,0.1365,-61.985,15.982,0.000,0.000
45.30,-61.989,16.001,0.1365,-61.985,15.982,0.000,0.000
45.50,-61.989,16.001,0.1365,-61.985,15.982,0.000,0.000
45.70,-61.989,16.001,0.1365,-61.985,15.982,0.000,0.000
45.90,-61.989,16.001,0.1365,-61.985,15.982,0.000,0.000
46.10,-61.989,16.001,0.1365,-61.985,15.982,0.000,0.000
46.30,-61.989,16.001,0.1365,-61.984,15.981,0.000,0.000
46.50,-61.989,16.001,0.1365,-61.984,15.981,0.000,0.000
46.70,-61.989,16.001,0.1365,-61.984,15.981,0.000,0.000
46.90,-61.989,16.001,0.1365,-61.984,15.981,0.000,0.000
47.10,-61.989,16.001,0.1365,-61.984,15.981,0.000,0.000
47.30,-61.989,16.001,0.1365,-61.984,15.980,0.000,0.000
47.50,-61.989,16.001,0.1365,-61.984,15.980,0.000,0.000
47.70,-61.989,16.001,0.1365,-61.984,15.980,0.000,0.000
47.90,-61.989,16.001,0.1365,-61.983,15.980,0.000,0.000
48.10,-61.989,16.001,0.1365,-61.983,15.980,0.000,0.000
48.30,-61.989,16.001,0.1365,-61.983,15.980,0.000,0.000
48.50,-61.989,16.001,0.1365,-61.983,15.980,0.000,0.000
48.70,-61.989,16.001,0.1365,-61.983,15.980,0.000,0.000
48.90,-61.989,16.001,0.1365,-61.983,15.980,0.000,0.000
49.10,-61.989,16.001,0.1365,-61.983,15.980,0.000,0.000
49.30,-61.989,16.001,0.1365,-61.982,15.979,0.000,0.000
49.50,-61.989,16.001,0.1365,-61.982,15.979,0.000,0.000
49.70,-61.989,16.001,0.1365,-61.982,15.979,0.000,0.000
49.90,-61.989,16.001,0.1365,-61.982,15.979,0.000,0.000
50.10,-61.989,16.001,0.1365,-61.982,15.979,0.000,0.000
50.30,-61.989,16.001,0.1365,-61.982,15.978,0.000,0.000
50.50,-61.989,16.001,0.1365,-61.982,15.978,0.000,0.000
50.70,-61.989,16.001,0.1365,-61.982,15.978,0.000,0.000
50.90,-61.989,16.001,0.1365,-61.982,15.978,0.000,0.000
51.10,-61.989,16.001,0.1365,-61.982,15.978,0.000,0.000
51.30,-61.989,16.001,0.1365,-61.981,15.977,0.000,0.000
51.50,-61.989,16.001,0.1365,-61.981,15.977,0.000,0.000
51.70,-61.989,16.001,0.1365,-61.981,15.977,0.000,0.000
51.90,-61.989,16.001,0.1365,-61.981,15.977,0.000,0.000
52.10,-61.989,16.001,0.1365,-61.981,15.977,0.000,0.000
52.30,-61.989,16.001,0.1365,-61.981,15.977,0.000,0.000
52.50,-61.989,16.001,0.1365,-61.981,15.977,0.000,0.000
52.70,-61.989,16.001,0.1365,-61.981,15.976,0.000,0.000
52.90,-61.989,16.001,0.1365,-61.980,15.976,0.000,0.000
53.10,-61.989,16.001,0.1365,-61.980,15.976,0.000,0.000
53.30,-61.989,16.001,0.1365,-61.980,15.976,0.000,0.000
53.50,-61.989,16.001,0.1365,-61.980,15.976,0.000,0.000
53.70,-61.989,16.001,0.1365,-61.980,15.976,0.000,0.000
53.90,-61.989,16.001,0.1365,-61.980,15.975,0.000,0.000
54.10,-61.989,16.001,0.1365,-61.980,15.975,0.000,0.000
54.30,-61.989,16.001,0.1365,-61.980,15.975,0.000,0.000
54.50,-61.989,16.001,0.1365,-61.980,15.975,0.000,0.000
54.70,-61.989,16.001,0.1365,-61.979,15.975,0.000,0.000
54.90,-61.989,16.001,0.1365,-61.979,15.975,0.000,0.000
55.10,-61.989,16.001,0.1365,-61.979,15.975,0.000,0.000
55.30,-61.989,16.001,0.1365,-61.979,15.974,0.000,0.000
55.50,-61.989,16.001,0.1365,-61.979,15.974,0.000,0.000
55.70,-61.989,16.001,0.1365,-61.979,15.974,0.000,0.000
55.90,-61.989,16.001,0.1365,-61.979,15.974,0.000,0.000
56.10,-61.989,16.001,0.1365,-61.979,15.974,0.000,0.000
56.30,-61.989,16.001,0.1365,-61.978,15.974,0.000,0.000
56.50,-61.989,16.001,0.1365,-61.978,15.974,0.000,0.000
56.70,-61.989,16.001,0.1365,-61.978,15.973,0.000,0.000
56.90,-61.989,16.001,0.1365,-61.978,15.973,0.000,0.000
57.10,-61.989,16.001,0.1365,-61.978,15.973,0.000,0.000
57.30,-61.989,16.001,0.1365,-61.978,15.973,0.000,0.000
57.50,-61.989,16.001,0.1365,-61.978,15.973,0.000,0.000
57.70,-61.989,16.001,0.1365,-61.978,15.973,0.000,0.000
57.90,-61.989,16.001,0.1365,-61.977,15.973,0.000,0.000
58.10,-61.989,16.001,0.1365,-61.977,15.973,0.000,0.000
58.30,-61.989,16.001,0.1365,-61.977,15.972,0.000,0.000
58.50,-61.989,16.001,0.1365,-61.977,15.972,0.000,0.000
58.70,-61.989,16.001,0.1365,-61.977,15.972,0.000,0.000
58.90,-61.989,16.001,0.1365,-61.977,15.972,0.000,0.000
59.10,-61.989,16.001,0.1365,-61.977,15.972,0.000,0.000
59.30,-61.989,16.001,0.1365,-61.977,15.971,0.000,0.000
59.50,-61.989,16.001,0.1365,-61.976,15.971,0.000,0.000
59.70,-61.989,16.001,0.1365,-61.976,15.971,0.000,0.000
59.90,-61.989,16.001,0.1365,-61.976,15.971,0.000,0.000
60.10,-61.989,16.001,0.1365,-61.976,15.971,0.000,0.000
60.30,-61.989,16.001,0.1365,-61.976,15.971,0.000,0.000
60.50,-61.989,16.001,0.1365,-61.976,15.970,0.000,0.000
60.70,-61.989,16.001,0.1365,-61.976,15.970,0.000,0.000
60.90,-61.989,16.001,0.1365,-61.976,15.970,0.000,0.000
61.10,-61.989,16.001,0.1365,-61.975,15.970,0.000,0.000
61.30,-61.989,16.001,0.1365,-61.975,15.970,0.000,0.000
61.50,-61.989,16.001,0.1365,-61.975,15.969,0.000,0.000
61.70,-61.989,16.001,0.1365,-61.975,15.969,0.000,0.000
61.90,-61.989,16.001,0.1365,-61.975,15.969,0.000,0.000
62.10,-61.989,16.001,0.1365,-61.975,15.969,0.000,0.000
62.30,-61.989,16.001,0.1365,-61.975,15.969,0.000,0.000
62.50,-61.989,16.001,0.1365,-61.975,15.969,0.000,0.000
62.70,-61.989,16.001,0.1365,-61.975,15.968,0.000,0.000
62.90,-61.989,16.001,0.1365,-61.974,15.968,0.000,0.000
63.10,-61.989,16.001,0.1365,-61.974,15.968,0.000,0.000
63.30,-61.989,16.001,0.1365,-61.974,15.968,0.000,0.000
63.50,-61.989,16.001,0.1365,-61.974,15.968,0.000,0.000
63.70,-61.989,16.001,0.1365,-61.974,15.968,0.000,0.000
63.90,-61.989,16.001,0.1365,-61.974,15.967,0.000,0.000
64.10,-61.989,16.001,0.1365,-61.974,15.967,0.000,0.000
64.30,-61.989,16.001,0.1365,-61.974,15.967,0.000,0.000
64.50,-61.990,16.001,0.1365,-61.973,15.967,0.000,0.000
64.70,-61.989,16.001,0.1365,-61.973,15.967,0.000,0.000
64.90,-61.989,16.001,0.1365,-61.973,15.967,0.000,0.000
65.10,-61.989,16.001,0.1365,-61.973,15.967,0.000,0.000
65.30,-61.989,16.001,0.1365,-61.973,15.967,0.000,0.000
65.50,-61.989,16.001,0.1365,-61.973,15.967,0.000,0.000
65.70,-61.989,16.001,0.1365,-61.973,15.966,0.000,0.000
65.90,-61.989,16.001,0.1365,-61.973,15.966,0.000,0.000
66.10,-61.989,16.001,0.1365,-61.972,15.966,0.000,0.000
66.30,-61.989,16.001,0.1365,-61.972,15.966,0.000,0.000
66.50,-61.989,16.001,0.1365,-61.972,15.966,0.000,0.000
66.70,-61.989,16.001,0.1365,-61.972,15.965,0.000,0.000
66.90,-61.989,16.001,0.1365,-61.972,15.965,0.000,0.000
67.10,-61.989,16.001,0.1365,-61.972,15.965,0.000,0.000
67.30,-61.989,16.001,0.1365,-61.972,15.965,0.000,0.000
67.50,-61.989,16.001,0.1365,-61.972,15.965,0.000,0.000
67.70,-61.989,16.001,0.1365,-61.972,15.965,0.000,0.000
67.90,-61.989,16.001,0.1365,-61.971,15.964,0.000,0.000
68.10,-61.989,16.001,0.1365,-61.971,15.964,0.000,0.000
68.30,-61.989,16.001,0.1365,-61.971,15.964,0.000,0.000
68.50,-61.989,16.001,0.1365,-61.971,15.964,0.000,0.000
68.70,-61.989,16.001,0.1365,-61.971,15.964,0.000,0.000
68.90,-61.989,16.001,0.1365,-61.971,15.963,0.000,0.000
69.10,-61.989,16.001,0.1365,-61.971,15.963,0.000,0.000
69.30,-61.989,16.001,0.1365,-61.971,15.963,0.000,0.000
69.50,-61.989,16.001,0.1365,-61.970,15.963,0.000,0.000
69.70,-61.989,16.001,0.1365,-61.970,15.963,0.000,0.000
69.90,-61.989,16.001,0.1365,-61.970,15.963,0.000,0.000
70.10,-61.989,16.001,0.1365,-61.970,15.963,0.000,0.000
70.30,-61.989,16.001,0.1365,-61.970,15.962,0.000,0.000
70.50,-61.989,16.001,0.1365,-61.970,15.962,0.000,0.000
70.70,-61.989,16.001,0.1365,-61.970,15.962,0.000,0.000
70.90,-61.989,16.001,0.1365,-61.970,15.962,0.000,0.000
71.10,-61.989,16.001,0.1365,-61.970,15.962,0.000,0.000
71.30,-61.989,16.001,0.1365,-61.970,15.962,0.000,0.000
71.50,-61.989,16.001,0.1365,-61.969,15.961,0.000,0.000
71.70,-61.989,16.001,0.1365,-61.969,15.961,0.000,0.000
71.90,-61.989,16.001,0.1365,-61.969,15.961,0.000,0.000
72.10,-61.989,16.001,0.1365,-61.969,15.961,0.000,0.000
72.30,-61.989,16.001,0.1365,-61.969,15.961,0.000,0.000
72.50,-61.989,16.001,0.1365,-61.969,15.961,0.000,0.000
72.70,-61.989,16.001,0.1365,-61.969,15.961,0.000,0.000
72.90,-61.989,16.001,0.1365,-61.969,15.960,0.000,0.000
73.10,-61.989,16.001,0.1365,-61.968,15.960,0.000,0.000
73.30,-61.989,16.001,0.1365,-61.968,15.960,0.000,0.000
73.50,-61.989,16.001,0.1365,-61.968,15.960,0.000,0.000
73.70,-61.989,16.001,0.1365,-61.968,15.960,0.000,0.000
73.90,-61.989,16.001,0.1365,-61.968,15.959,0.000,0.000
74.10,-61.989,16.001,0.1365,-61.968,15.959,0.000,0.000
74.30,-61.989,16.001,0.1365,-61.968,15.959,0.000,0.000
74.50,-61.989,16.001,0.1365,-61.968,15.959,0.000,0.000
74.70,-61.989,16.001,0.1365,-61.968,15.959,0.000,0.000
74.90,-61.989,16.001,0.1365,-61.968,15.959,0.000,0.000
75.10,-61.989,16.001,0.1365,-61.967,15.959,0.000,0.000
75.30,-61.989,16.001,0.1365,-61.967,15.958,0.000,0.000
75.50,-61.989,16.001,0.1365,-61.967,15.958,0.000,0.000
75.70,-61.989,16.001,0.1365,-61.967,15.958,0.000,0.000
75.90,-61.989,16.001,0.1365,-61.967,15.958,0.000,0.000
76.10,-61.989,16.001,0.1365,-61.967,15.958,0.000,0.000
76.30,-61.989,16.001,0.1365,-61.967,15.957,0.000,0.000
76.50,-61.989,16.001,0.1365,-61.967,15.957,0.000,0.000
76.70,-61.989,16.001,0.1365,-61.966,15.957,0.000,0.000
76.90,-61.989,16.001,0.1365,-61.966,15.957,0.000,0.000
77.10,-61.989,16.001,0.1365,-61.966,15.957,0.000,0.000
77.30,-61.989,16.001,0.1365,-61.966,15.957,0.000,0.000
77.50,-61.989,16.001,0.1365,-61.966,15.956,0.000,0.000
77.70,-61.989,16.001,0.1365,-61.966,15.956,0.000,0.000
77.90,-61.989,16.001,0.1365,-61.965,15.956,0.000,0.000
78.10,-61.989,16.001,0.1365,-61.965,15.956,0.000,0.000
78.30,-61.989,16.001,0.1365,-61.965,15.956,0.000,0.000
78.50,-61.989,16.001,0.1365,-61.965,15.956,0.000,0.000
78.70,-61.989,16.001,0.1365,-61.965,15.956,0.000,0.000
78.90,-61.989,16.001,0.1365,-61.965,15.956,0.000,0.000
79.10,-61.989,16.001,0.1365,-61.965,15.956,0.000,0.000
79.30,-61.989,16.001,0.1365,-61.965,15.955,0.000,0.000
79.50,-61.989,16.001,0.1365,-61.964,15.955,0.000,0.000
79.70,-61.989,16.001,0.1365,-61.964,15.955,0.000,0.000
79.90,-61.989,16.001,0.1365,-61.964,15.955,0.000,0.000
80.10,-61.989,16.001,0.1365,-61.964,15.955,0.000,0.000
80.30,-61.989,16.001,0.1365,-61.964,15.954,0.000,0.000
80.50,-61.989,16.001,0.1365,-61.964,15.954,0.000,0.000
80.70,-61.989,16.001,0.1365,-61.964,15.954,0.000,0.000
80.90,-61.989,16.001,0.1365,-61.964,15.954,0.000,0.000
81.10,-61.989,16.001,0.1365,-61.964,15.954,0.000,0.000
81.30,-61.989,16.001,0.1365,-61.963,15.954,0.000,0.000
81.50,-61.989,16.001,0.1365,-61.963,15.953,0.000,0.000
81.70,-61.989,16.001,0.1365,-61.963,15.953,0.000,0.000
81.90,-61.989,16.001,0.1365,-61.963,15.953,0.000,0.000
82.10,-61.989,16.001,0.1365,-61.963,15.953,0.000,0.000
82.30,-61.989,16.001,0.1365,-61.963,15.952,0.000,0.000
82.50,-61.989,16.001,0.1365,-61.963,15.952,0.000,0.000
82.70,-61.989,16.001,0.1365,-61.962,15.952,0.000,0.000
82.90,-61.989,16.001,0.1365,-61.962,15.952,0.000,0.000
83.10,-61.990,16.001,0.1365,-61.962,15.952,0.000,0.000
83.30,-61.989,16.001,0.1365,-61.962,15.952,0.000,0.000
83.50,-61.989,16.001,0.1365,-61.962,15.951,0.000,0.000
83.70,-61.989,16.001,0.1365,-61.962,15.951,0.000,0.000
83.90,-61.989,16.001,0.1365,-61.962,15.951,0.000,0.000
84.10,-61.989,16.001,0.1365,-61.962,15.951,0.000,0.000
84.30,-61.989,16.001,0.1365,-61.961,15.951,0.000,0.000
84.50,-61.989,16.001,0.1365,-61.961,15.951,0.000,0.000
84.70,-61.989,16.001,0.1365,-61.961,15.950,0.000,0.000
84.90,-61.989,16.001,0.1365,-61.961,15.950,0.000,0.000
85.10,-61.989,16.001,0.1365,-61.961,15.950,0.000,0.000
85.30,-61.989,16.001,0.1365,-61.961,15.950,0.000,0.000
85.50,-61.989,16.001,0.1365,-61.961,15.950,0.000,0.000
85.70,-61.989,16.001,0.1365,-61.961,15.950,0.000,0.000
85.90,-61.989,16.001,0.1365,-61.961,15.949,0.000,0.000
86.10,-61.989,16.001,0.1365,-61.961,15.949,0.000,0.000
86.30,-61.989,16.001,0.1365,-61.960,15.949,0.000,0.000
86.50,-61.989,16.001,0.1365,-61.960,15.949,0.000,0.000
86.70,-61.989,16.001,0.1365,-61.960,15.949,0.000,0.000
86.90,-61.989,16.001,0.1365,-61.960,15.948,0.000,0.000
87.10,-61.989,16.001,0.1365,-61.960,15.948,0.000,0.000
87.30,-61.989,16.001,0.1365,-61.960,15.948,0.000,0.000
87.50,-61.989,16.001,0.1365,-61.960,15.948,0.000,0.000
87.70,-61.989,16.001,0.1365,-61.959,15.948,0.000,0.000
87.90,-61.989,16.001,0.1365,-61.959,15.948,0.000,0.000
88.10,-61.989,16.001,0.1365,-61.959,15.947,0.000,0.000
88.30,-61.989,16.001,0.1365,-61.959,15.947,0.000,0.000
88.50,-61.989,16.001,0.1365,-61.959,15.947,0.000,0.000
88.70,-61.989,16.001,0.1365,-61.959,15.947,0.000,0.000
88.90,-61.989,16.001,0.1365,-61.959,15.947,0.000,0.000
89.10,-61.989,16.001,0.1365,-61.959,15.946,0.000,0.000
89.30,-61.989,16.001,0.1365,-61.959,15.946,0.000,0.000
89.50,-61.989,16.001,0.1365,-61.958,15.946,0.000,0.000
89.70,-61.989,16.001,0.1365,-61.958,15.946,0.000,0.000
89.90,-61.989,16.001,0.1365,-61.958,15.946,0.000,0.000
90.10,-61.989,16.001,0.1365,-61.958,15.945,0.000,0.000
90.30,-61.989,16.001,0.1365,-61.958,15.945,0.000,0.000
90.50,-61.989,16.001,0.1365,-61.958,15.945,0.000,0.000
90.70,-61.989,16.001,0.1365,-61.958,15.945,0.000,0.000
90.90,-61.989,16.001,0.1365,-61.958,15.945,0.000,0.000
91.10,-61.989,16.001,0.1365,-61.957,15.944,0.000,0.000
91.30,-61.989,16.001,0.1365,-61.957,15.944,0.000,0.000
91.50,-61.989,16.001,0.1365,-61.957,15.944,0.000,0.000
91.70,-61.989,16.001,0.1365,-61.957,15.944,0.000,0.000
91.90,-61.989,16.001,0.1365,-61.957,15.944,0.000,0.000
92.10,-61.989,16.001,0.1365,-61.957,15.944,0.000,0.000
92.30,-61.989,16.001,0.1365,-61.957,15.944,0.000,0.000
92.50,-61.989,16.001,0.1365,-61.956,15.943,0.000,0.000
92.70,-61.989,16.001,0.1365,-61.956,15.943,0.000,0.000
92.90,-61.989,16.001,0.1365,-61.956,15.943,0.000,0.000
93.10,-61.989,16.001,0.1365,-61.956,15.943,0.000,0.000
93.30,-61.989,16.001,0.1365,-61.956,15.943,0.000,0.000
93.50,-61.989,16.001,0.1365,-61.956,15.943,0.000,0.000
93.70,-61.989,16.001,0.1365,-61.956,15.943,0.000,0.000
93.90,-61.989,16.001,0.1365,-61.956,15.942,0.000,0.000
94.10,-61.989,16.001,0.1365,-61.956,15.942,0.000,0.000
94.30,-61.989,16.001,0.1365,-61.956,15.942,0.000,0.000
94.50,-61.989,16.001,0.1365,-61.956,15.942,0.000,0.000
94.70,-61.989,16.001,0.1365,-61.955,15.942,0.000,0.000
94.90,-61.989,16.001,0.1365,-61.955,15.942,0.000,0.000
95.10,-61.989,16.001,0.1365,-61.955,15.942,0.000,0.000
95.30,-61.989,16.001,0.1365,-61.955,15.942,0.000,0.000
95.50,-61.989,16.001,0.1365,-61.955,15.941,0.000,0.000
95.70,-61.989,16.001,0.1365,-61.955,15.941,0.000,0.000
95.90,-61.989,16.001,0.1365,-61.955,15.941,0.000,0.000
96.10,-61.989,16.001,0.1365,-61.955,15.941,0.000,0.000
96.30,-61.989,16.001,0.1365,-61.954,15.940,0.000,0.000
96.50,-61.989,16.001,0.1365,-61.954,15.940,0.000,0.000
96.70,-61.989,16.001,0.1365,-61.954,15.940,0.000,0.000
96.90,-61.989,16.001,0.1365,-61.954,15.940,0.000,0.000
97.10,-61.989,16.001,0.1365,-61.954,15.940,0.000,0.000
97.30,-61.989,16.001,0.1365,-61.954,15.939,0.000,0.000
97.50,-61.989,16.001,0.1365,-61.954,15.939,0.000,0.000
97.70,-61.989,16.001,0.1365,-61.954,15.939,0.000,0.000
97.90,-61.989,16.001,0.1365,-61.954,15.939,0.000,0.000
98.10,-61.989,16.001,0.1365,-61.953,15.939,0.000,0.000
98.30,-61.989,16.001,0.1365,-61.953,15.938,0.000,0.000
98.50,-61.989,16.001,0.1365,-61.953,15.938,0.000,0.000
98.70,-61.989,16.001,0.1365,-61.953,15.938,0.000,0.000
98.90,-61.989,16.001,0.1365,-61.953,15.938,0.000,0.000
99.10,-61.989,16.001,0.1365,-61.953,15.938,0.000,0.000
99.30,-61.989,16.001,0.1365,-61.953,15.938,0.000,0.000
99.50,-61.989,16.001,0.1365,-61.953,15.938,0.000,0.000
99.70,-61.989,16.001,0.1365,-61.952,15.937,0.000,0.000
99.90,-61.989,16.001,0.1365,-61.952,15.937,0.000,0.000
100.10,-61.989,16.001,0.1365,-61.952,15.937,0.000,0.000
100.30,-61.989,16.001,0.1365,-61.952,15.937,0.000,0.000
100.50,-61.989,16.001,0.1365,-61.952,15.937,0.000,0.000
100.70,-61.989,16.001,0.1365,-61.952,15.937,0.000,0.000
100.90,-61.989,16.001,0.1365,-61.952,15.937,0.000,0.000
101.10,-61.989,16.001,0.1365,-61.952,15.936,0.000,0.000
101.30,-61.989,16.001,0.1365,-61.951,15.936,0.000,0.000
101.50,-61.989,16.001,0.1365,-61.951,15.936,0.000,0.000
101.70,-61.989,16.001,0.1365,-61.951,15.936,0.000,0.000
101.90,-61.989,16.001,0.1365,-61.951,15.936,0.000,0.000
102.10,-61.989,16.001,0.1365,-61.951,15.936,0.000,0.000
102.30,-61.989,16.001,0.1365,-61.951,15.936,0.000,0.000
102.50,-61.989,16.001,0.1365,-61.951,15.935,0.000,0.000
102.70,-61.989,16.001,0.1365,-61.951,15.935,0.000,0.000
102.90,-61.989,16.001,0.1365,-61.951,15.935,0.000,0.000
103.10,-61.989,16.001,0.1365,-61.950,15.935,0.000,0.000
103.30,-61.989,16.001,0.1365,-61.950,15.934,0.000,0.000
103.50,-61.989,16.001,0.1365,-61.950,15.934,0.000,0.000
103.70,-61.989,16.001,0.1365,-61.950,15.934,0.000,0.000
103.90,-61.989,16.001,0.1365,-61.950,15.934,0.000,0.000
104.10,-61.989,16.001,0.1365,-61.950,15.934,0.000,0.000
104.30,-61.989,16.001,0.1365,-61.950,15.934,0.000,0.000
104.50,-61.989,16.001,0.1365,-61.950,15.933,0.000,0.000
104.70,-61.989,16.001,0.1365,-61.949,15.933,0.000,0.000
104.90,-61.989,16.001,0.1365,-61.949,15.933,0.000,0.000
105.10,-61.989,16.001,0.1365,-61.949,15.933,0.000,0.000
105.30,-61.989,16.001,0.1365,-61.949,15.933,0.000,0.000
105.50,-61.989,16.001,0.1365,-61.949,15.933,0.000,0.000
105.70,-61.989,16.001,0.1365,-61.949,15.932,0.000,0.000
105.90,-61.989,16.001,0.1365,-61.949,15.932,0.000,0.000
106.10,-61.989,16.001,0.1365,-61.949,15.932,0.000,0.000
106.30,-61.990,16.001,0.1365,-61.949,15.932,0.000,0.000
106.50,-61.989,16.001,0.1365,-61.948,15.932,0.000,0.000
106.70,-61.989,16.001,0.1365,-61.948,15.932,0.000,0.000
106.90,-61.989,16.001,0.1365,-61.948,15.931,0.000,0.000
107.10,-61.989,16.001,0.1365,-61.948,15.931,0.000,0.000
107.30,-61.989,16.001,0.1365,-61.948,15.931,0.000,0.000
107.50,-61.989,16.001,0.1365,-61.948,15.931,0.000,0.000
107.70,-61.989,16.001,0.1365,-61.948,15.931,0.000,0.000
107.90,-61.989,16.001,0.1365,-61.948,15.931,0.000,0.000
108.10,-61.989,16.001,0.1365,-61.947,15.930,0.000,0.000
108.30,-61.989,16.001,0.1365,-61.947,15.930,0.000,0.000
108.50,-61.989,16.001,0.1365,-61.947,15.930,0.000,0.000
108.70,-61.989,16.001,0.1365,-61.947,15.930,0.000,0.000
108.90,-61.989,16.001,0.1365,-61.947,15.930,0.000,0.000
109.10,-61.989,16.001,0.1365,-61.947,15.930,0.000,0.000
109.30,-61.989,16.001,0.1365,-61.947,15.930,0.000,0.000
109.50,-61.989,16.001,0.1365,-61.947,15.929,0.000,0.000
109.70,-61.989,16.001,0.1365,-61.946,15.929,0.000,0.000
109.90,-61.989,16.001,0.1365,-61.946,15.929,0.000,0.000
110.10,-61.989,16.001,0.1365,-61.946,15.929,0.000,0.000
110.30,-61.989,16.001,0.1365,-61.946,15.929,0.000,0.000
110.50,-61.989,16.001,0.1365,-61.946,15.929,0.000,0.000
110.70,-61.989,16.001,0.1365,-61.946,15.928,0.000,0.000
110.90,-61.989,16.001,0.1365,-61.946,15.928,0.000,0.000
111.10,-61.989,16.001,0.1365,-61.946,15.928,0.000,0.000
111.30,-61.989,16.001,0.1365,-61.945,15.928,0.000,0.000
111.50,-61.989,16.001,0.1365,-61.945,15.928,0.000,0.000
111.70,-61.989,16.001,0.1365,-61.945,15.928,0.000,0.000
111.90,-61.989,16.001,0.1365,-61.945,15.927,0.000,0.000
112.10,-61.989,16.001,0.1365,-61.945,15.927,0.000,0.000
112.30,-61.989,16.001,0.1365,-61.945,15.927,0.000,0.000
112.50,-61.989,16.001,0.1365,-61.945,15.927,0.000,0.000
112.70,-61.989,16.001,0.1365,-61.944,15.927,0.000,0.000
112.90,-61.989,16.001,0.1365,-61.944,15.926,0.000,0.000
113.10,-61.990,16.001,0.1365,-61.944,15.926,0.000,0.000
113.30,-61.989,16.001,0.1365,-61.944,15.926,0.000,0.000
113.50,-61.989,16.001,0.1365,-61.944,15.926,0.000,0.000
113.70,-61.989,16.001,0.1365,-61.944,15.926,0.000,0.000
113.90,-61.989,16.001,0.1365,-61.944,15.926,0.000,0.000
114.10,-61.989,16.001,0.1365,-61.944,15.925,0.000,0.000
114.30,-61.989,16.001,0.1365,-61.944,15.925,0.000,0.000
114.50,-61.989,16.001,0.1365,-61.943,15.925,0.000,0.000
114.70,-61.989,16.001,0.1365,-61.943,15.925,0.000,0.000
114.90,-61.989,16.001,0.1365,-61.943,15.925,0.000,0.000
115.10,-61.989,16.001,0.1365,-61.943,15.925,0.000,0.000
115.30,-61.989,16.001,0.1365,-61.943,15.924,0.000,0.000
115.50,-61.989,16.001,0.1365,-61.943,15.924,0.000,0.000
115.70,-61.989,16.001,0.1365,-61.943,15.924,0.000,0.000
115.90,-61.989,16.001,0.1365,-61.943,15.924,0.000,0.000
116.10,-61.989,16.001,0.1365,-61.943,15.924,0.000,0.000
116.30,-61.989,16.001,0.1365,-61.942,15.923,0.000,0.000
116.50,-61.989,16.001,0.1365,-61.942,15.923,0.000,0.000
116.70,-61.989,16.001,0.1365,-61.942,15.923,0.000,0.000
116.90,-61.989,16.001,0.1365,-61.942,15.923,0.000,0.000
117.10,-61.989,16.001,0.1365,-61.942,15.923,0.000,0.000
117.30,-61.989,16.001,0.1365,-61.942,15.923,0.000,0.000
117.50,-61.989,16.001,0.1365,-61.942,15.923,0.000,0.000
117.70,-61.989,16.001,0.1365,-61.942,15.923,0.000,0.000
117.90,-61.989,16.001,0.1365,-61.942,15.922,0.000,0.000
118.10,-61.989,16.001,0.1365,-61.941,15.922,0.000,0.000
118.30,-61.989,16.001,0.1365,-61.941,15.922,0.000,0.000
118.50,-61.989,16.001,0.1365,-61.941,15.922,0.000,0.000
118.70,-61.989,16.001,0.1365,-61.941,15.922,0.000,0.000
118.90,-61.989,16.001,0.1365,-61.941,15.922,0.000,0.000
119.10,-61.989,16.001,0.1365,-61.941,15.922,0.000,0.000
119.30,-61.989,16.001,0.1365,-61.941,15.921,0.000,0.000
119.50,-61.989,16.001,0.1365,-61.941,15.921,0.000,0.000
119.70,-61.989,16.001,0.1365,-61.941,15.921,0.000,0.000
119.90,-61.989,16.001,0.1365,-61.940,15.921,0.000,0.000
120.10,-61.989,16.001,0.1365,-61.940,15.921,0.000,0.000
120.30,-61.989,16.001,0.1365,-61.940,15.921,0.000,0.000
120.50,-61.989,16.001,0.1365,-61.940,15.920,0.000,0.000
120.70,-61.989,16.001,0.1365,-61.940,15.920,0.000,0.000
120.90,-61.989,16.001,0.1365,-61.940,15.920,0.000,0.000
121.10,-61.989,16.001,0.1365,-61.940,15.920,0.000,0.000
121.30,-61.989,16.001,0.1365,-61.939,15.920,0.000,0.000
121.50,-61.989,16.001,0.1365,-61.939,15.919,0.000,0.000
121.70,-61.989,16.001,0.1365,-61.939,15.919,0.000,0.000
121.90,-61.989,16.001,0.1365,-61.939,15.919,0.000,0.000
122.10,-61.989,16.001,0.1365,-61.939,15.919,0.000,0.000
122.30,-61.989,16.001,0.1365,-61.939,15.919,0.000,0.000
122.50,-61.989,16.001,0.1365,-61.939,15.919,0.000,0.000
122.70,-61.989,16.001,0.1365,-61.938,15.918,0.000,0.000
122.90,-61.989,16.001,0.1365,-61.938,15.918,0.000,0.000
123.10,-61.989,16.001,0.1365,-61.938,15.918,0.000,0.000
123.30,-61.989,16.001,0.1365,-61.938,15.918,0.000,0.000
123.50,-61.989,16.001,0.1365,-61.938,15.918,0.000,0.000
123.70,-61.989,16.001,0.1365,-61.938,15.918,0.000,0.000
123.90,-61.989,16.001,0.1365,-61.938,15.918,0.000,0.000
124.10,-61.989,16.001,0.1365,-61.938,15.917,0.000,0.000
124.30,-61.989,16.001,0.1365,-61.938,15.917,0.000,0.000
124.50,-61.989,16.001,0.1365,-61.937,15.917,0.000,0.000
124.70,-61.989,16.001,0.1365,-61.937,15.917,0.000,0.000
124.90,-61.989,16.001,0.1365,-61.937,15.917,0.000,0.000
125.10,-61.989,16.001,0.1365,-61.937,15.917,0.000,0.000
125.30,-61.989,16.001,0.1365,-61.937,15.916,0.000,0.000
125.50,-61.989,16.001,0.1365,-61.937,15.916,0.000,0.000
125.70,-61.989,16.001,0.1365,-61.937,15.916,0.000,0.000
125.90,-61.989,16.001,0.1365,-61.937,15.916,0.000,0.000
126.10,-61.989,16.001,0.1365,-61.936,15.916,0.000,0.000
126.30,-61.989,16.001,0.1365,-61.936,15.916,0.000,0.000
126.50,-61.989,16.001,0.1365,-61.936,15.915,0.000,0.000
126.70,-61.989,16.001,0.1365,-61.936,15.915,0.000,0.000
126.90,-61.989,16.001,0.1365,-61.936,15.915,0.000,0.000
127.10,-61.989,16.001,0.1365,-61.936,15.915,0.000,0.000
127.30,-61.989,16.001,0.1365,-61.936,15.915,0.000,0.000
127.50,-61.989,16.001,0.1365,-61.935,15.915,0.000,0.000
127.70,-61.989,16.001,0.1365,-61.935,15.915,0.000,0.000
127.90,-61.989,16.001,0.1365,-61.935,15.914,0.000,0.000
128.10,-61.989,16.001,0.1365,-61.935,15.914,0.000,0.000
128.30,-61.989,16.001,0.1365,-61.935,15.914,0.000,0.000
128.50,-61.989,16.001,0.1365,-61.935,15.914,0.000,0.000
128.70,-61.989,16.001,0.1365,-61.935,15.914,0.000,0.000
128.90,-61.989,16.001,0.1365,-61.935,15.914,0.000,0.000
129.10,-61.989,16.001,0.1365,-61.934,15.914,0.000,0.000
129.30,-61.989,16.001,0.1365,-61.934,15.913,0.000,0.000
129.50,-61.989,16.001,0.1365,-61.934,15.913,0.000,0.000
129.70,-61.989,16.001,0.1365,-61.934,15.913,0.000,0.000
129.90,-61.989,16.001,0.1365,-61.934,15.913,0.000,0.000
130.10,-61.989,16.001,0.1365,-61.934,15.913,0.000,0.000
130.30,-61.989,16.001,0.1365,-61.934,15.913,0.000,0.000
130.50,-61.989,16.001,0.1365,-61.934,15.912,0.000,0.000
130.70,-61.989,16.001,0.1365,-61.934,15.912,0.000,0.000
130.90,-61.989,16.001,0.1365,-61.934,15.912,0.000,0.000
131.10,-61.989,16.001,0.1365,-61.933,15.912,0.000,0.000
131.30,-61.989,16.001,0.1365,-61.933,15.912,0.000,0.000
131.50,-61.989,16.001,0.1365,-61.933,15.912,0.000,0.000
131.70,-61.989,16.001,0.1365,-61.933,15.912,0.000,0.000
131.90,-61.989,16.001,0.1365,-61.933,15.911,0.000,0.000
132.10,-61.989,16.001,0.1365,-61.933,15.911,0.000,0.000
132.30,-61.989,16.001,0.1365,-61.933,15.911,0.000,0.000
132.50,-61.989,16.001,0.1365,-61.933,15.911,0.000,0.000
132.70,-61.989,16.001,0.1365,-61.933,15.911,0.000,0.000
132.90,-61.989,16.001,0.1365,-61.932,15.911,0.000,0.000
133.10,-61.989,16.001,0.1365,-61.932,15.911,0.000,0.000
133.30,-61.989,16.001,0.1365,-61.932,15.910,0.000,0.000
133.50,-61.989,16.001,0.1365,-61.932,15.910,0.000,0.000
133.70,-61.989,16.001,0.1365,-61.932,15.910,0.000,0.000
133.90,-61.989,16.001,0.1365,-61.932,15.910,0.000,0.000
134.10,-61.989,16.001,0.1365,-61.932,15.910,0.000,0.000
134.30,-61.989,16.001,0.1365,-61.932,15.910,0.000,0.000
134.50,-61.989,16.001,0.1365,-61.932,15.909,0.000,0.000
134.70,-61.989,16.001,0.1365,-61.931,15.909,0.000,0.000
134.90,-61.989,16.001,0.1365,-61.931,15.909,0.000,0.000
135.10,-61.989,16.001,0.1365,-61.931,15.909,0.000,0.000
135.30,-61.989,16.001,0.1365,-61.931,15.909,0.000,0.000
135.50,-61.989,16.001,0.1365,-61.931,15.909,0.000,0.000
135.70,-61.989,16.001,0.1365,-61.931,15.909,0.000,0.000
135.90,-61.989,16.001,0.1365,-61.931,15.908,0.000,0.000
136.10,-61.989,16.001,0.1365,-61.931,15.908,0.000,0.000
136.30,-61.989,16.001,0.1365,-61.931,15.908,0.000,0.000
136.50,-61.989,16.001,0.1365,-61.931,15.908,0.000,0.000
136.70,-61.989,16.001,0.1365,-61.930,15.908,0.000,0.000
136.90,-61.989,16.001,0.1365,-61.930,15.908,0.000,0.000
137.10,-61.989,16.001,0.1365,-61.930,15.907,0.000,0.000
137.30,-61.989,16.001,0.1365,-61.930,15.907,0.000,0.000
137.50,-61.989,16.001,0.1365,-61.930,15.907,0.000,0.000
137.70,-61.989,16.001,0.1365,-61.930,15.907,0.000,0.000
137.90,-61.989,16.001,0.1365,-61.930,15.907,0.000,0.000
138.10,-61.989,16.001,0.1365,-61.929,15.906,0.000,0.000
138.30,-61.989,16.001,0.1365,-61.929,15.906,0.000,0.000
138.50,-61.989,16.001,0.1365,-61.929,15.906,0.000,0.000
138.70,-61.989,16.001,0.1365,-61.929,15.906,0.000,0.000
138.90,-61.989,16.001,0.1365,-61.929,15.906,0.000,0.000
139.10,-61.989,16.001,0.1365,-61.929,15.905,0.000,0.000
139.30,-61.989,16.001,0.1365,-61.929,15.905,0.000,0.000
139.50,-61.989,16.001,0.1365,-61.929,15.905,0.000,0.000
139.70,-61.989,16.001,0.1365,-61.928,15.905,0.000,0.000
139.90,-61.989,16.001,0.1365,-61.928,15.905,0.000,0.000
140.10,-61.989,16.001,0.1365,-61.928,15.905,0.000,0.000
140.30,-61.989,16.001,0.1365,-61.928,15.905,0.000,0.000
140.50,-61.989,16.001,0.1365,-61.928,15.904,0.000,0.000
140.70,-61.989,16.001,0.1365,-61.928,15.904,0.000,0.000
140.90,-61.989,16.001,0.1365,-61.928,15.904,0.000,0.000
141.10,-61.989,16.001,0.1365,-61.928,15.904,0.000,0.000
141.30,-61.989,16.001,0.1365,-61.927,15.904,0.000,0.000
141.50,-61.989,16.001,0.1365,-61.927,15.903,0.000,0.000
141.70,-61.989,16.001,0.1365,-61.927,15.903,0.000,0.000
141.90,-61.989,16.001,0.1365,-61.927,15.903,0.000,0.000
142.10,-61.989,16.001,0.1365,-61.927,15.903,0.000,0.000
142.30,-61.989,16.001,0.1365,-61.927,15.903,0.000,0.000
142.50,-61.989,16.001,0.1365,-61.927,15.902,0.000,0.000
142.70,-61.989,16.001,0.1365,-61.927,15.902,0.000,0.000
142.90,-61.989,16.001,0.1365,-61.927,15.902,0.000,0.000
143.10,-61.989,16.001,0.1365,-61.926,15.902,0.000,0.000
143.30,-61.989,16.001,0.1365,-61.926,15.902,0.000,0.000
143.50,-61.989,16.001,0.1365,-61.926,15.902,0.000,0.000
143.70,-61.989,16.001,0.1365,-61.926,15.902,0.000,0.000
143.90,-61.989,16.001,0.1365,-61.926,15.901,0.000,0.000
144.10,-61.989,16.001,0.1365,-61.926,15.901,0.000,0.000
144.30,-61.989,16.001,0.1365,-61.926,15.901,0.000,0.000
144.50,-61.989,16.001,0.1365,-61.925,15.901,0.000,0.000
144.70,-61.989,16.001,0.1365,-61.925,15.901,0.000,0.000
144.90,-61.990,16.001,0.1365,-61.925,15.901,0.000,0.000
145.10,-61.989,16.001,0.1365,-61.925,15.901,0.000,0.000
145.30,-61.989,16.001,0.1365,-61.925,15.900,0.000,0.000
145.50,-61.989,16.001,0.1365,-61.925,15.900,0.000,0.000
145.70,-61.989,16.001,0.1365,-61.925,15.900,0.000,0.000
145.90,-61.989,16.001,0.1365,-61.925,15.900,0.000,0.000
146.10,-61.989,16.001,0.1365,-61.925,15.900,0.000,0.000
146.30,-61.989,16.001,0.1365,-61.925,15.900,0.000,0.000
146.50,-61.989,16.001,0.1365,-61.924,15.899,0.000,0.000
146.70,-61.989,16.001,0.1365,-61.924,15.899,0.000,0.000
146.90,-61.989,16.001,0.1365,-61.924,15.899,0.000,0.000
147.10,-61.989,16.001,0.1365,-61.924,15.899,0.000,0.000
147.30,-61.989,16.001,0.1365,-61.924,15.899,0.000,0.000
147.50,-61.989,16.001,0.1365,-61.924,15.899,0.000,0.000
147.70,-61.989,16.001,0.1365,-61.924,15.899,0.000,0.000
147.90,-61.989,16.001,0.1365,-61.923,15.899,0.000,0.000
148.10,-61.989,16.001,0.1365,-61.923,15.898,0.000,0.000
148.30,-61.989,16.001,0.1365,-61.923,15.898,0.000,0.000
148.50,-61.989,16.001,0.1365,-61.923,15.898,0.000,0.000
148.70,-61.989,16.001,0.1365,-61.923,15.898,0.000,0.000
148.90,-61.989,16.001,0.1365,-61.923,15.898,0.000,0.000
149.10,-61.989,16.001,0.1365,-61.923,15.897,0.000,0.000
149.30,-61.989,16.001,0.1365,-61.923,15.897,0.000,0.000
149.50,-61.989,16.001,0.1365,-61.923,15.897,0.000,0.000
149.70,-61.989,16.001,0.1365,-61.922,15.897,0.000,0.000
149.90,-61.989,16.001,0.1365,-61.922,15.897,0.000,0.000
150.10,-61.989,16.001,0.1365,-61.922,15.897,0.000,0.000
150.30,-61.989,16.001,0.1365,-61.922,15.897,0.000,0.000
150.50,-61.989,16.001,0.1365,-61.922,15.896,0.000,0.000
150.70,-61.989,16.001,0.1365,-61.922,15.896,0.000,0.000
150.90,-61.989,16.001,0.1365,-61.922,15.896,0.000,0.000
151.10,-61.989,16.001,0.1365,-61.922,15.896,0.000,0.000
151.30,-61.989,16.001,0.1365,-61.921,15.896,0.000,0.000
151.50,-61.989,16.001,0.1365,-61.921,15.895,0.000,0.000
151.70,-61.989,16.001,0.1365,-61.921,15.895,0.000,0.000
151.90,-61.989,16.001,0.1365,-61.921,15.895,0.000,0.000
152.10,-61.989,16.001,0.1365,-61.921,15.895,0.000,0.000
152.30,-61.989,16.001,0.1365,-61.921,15.895,0.000,0.000
152.50,-61.989,16.001,0.1365,-61.921,15.895,0.000,0.000
152.70,-61.989,16.001,0.1365,-61.920,15.894,0.000,0.000
152.90,-61.989,16.001,0.1365,-61.920,15.894,0.000,0.000
153.10,-61.989,16.001,0.1365,-61.920,15.894,0.000,0.000
153.30,-61.989,16.001,0.1365,-61.920,15.894,0.000,0.000
153.50,-61.989,16.001,0.1365,-61.920,15.894,0.000,0.000
153.70,-61.989,16.001,0.1365,-61.920,15.893,0.000,0.000
153.90,-61.989,16.001,0.1365,-61.920,15.893,0.000,0.000
154.10,-61.989,16.001,0.1365,-61.920,15.893,0.000,0.000
154.30,-61.989,16.001,0.1365,-61.920,15.893,0.000,0.000
154.50,-61.989,16.001,0.1365,-61.919,15.893,0.000,0.000
154.70,-61.989,16.001,0.1365,-61.919,15.893,0.000,0.000
154.90,-61.989,16.001,0.1365,-61.919,15.892,0.000,0.000
155.10,-61.989,16.001,0.1365,-61.919,15.892,0.000,0.000
155.30,-61.989,16.001,0.1365,-61.919,15.892,0.000,0.000
155.50,-61.989,16.001,0.1365,-61.919,15.892,0.000,0.000
155.70,-61.989,16.001,0.1365,-61.919,15.892,0.000,0.000
155.90,-61.989,16.001,0.1365,-61.918,15.891,0.000,0.000
156.10,-61.989,16.001,0.1365,-61.918,15.891,0.000,0.000
156.30,-61.989,16.001,0.1365,-61.918,15.891,0.000,0.000
156.50,-61.989,16.001,0.1365,-61.918,15.891,0.000,0.000
156.70,-61.989,16.001,0.1365,-61.918,15.891,0.000,0.000
156.90,-61.989,16.001,0.1365,-61.918,15.891,0.000,0.000
157.10,-61.989,16.001,0.1365,-61.918,15.891,0.000,0.000
157.30,-61.989,16.001,0.1365,-61.918,15.890,0.000,0.000
157.50,-61.989,16.001,0.1365,-61.918,15.890,0.000,0.000
157.70,-61.989,16.001,0.1365,-61.917,15.890,0.000,0.000
157.90,-61.989,16.001,0.1365,-61.917,15.890,0.000,0.000
158.10,-61.989,16.001,0.1365,-61.917,15.890,0.000,0.000
158.30,-61.989,16.001,0.1365,-61.917,15.890,0.000,0.000
158.50,-61.989,16.001,0.1365,-61.917,15.890,0.000,0.000
158.70,-61.989,16.001,0.1365,-61.917,15.889,0.000,0.000
158.90,-61.989,16.001,0.1365,-61.917,15.889,0.000,0.000
159.10,-61.989,16.001,0.1365,-61.917,15.889,0.000,0.000
159.30,-61.989,16.001,0.1365,-61.916,15.889,0.000,0.000
159.50,-61.989,16.001,0.1365,-61.916,15.889,0.000,0.000
159.70,-61.989,16.001,0.1365,-61.916,15.889,0.000,0.000
159.90,-61.989,16.001,0.1365,-61.916,15.889,0.000,0.000
160.10,-61.989,16.001,0.1365,-61.916,15.889,0.000,0.000
160.30,-61.989,16.001,0.1365,-61.916,15.888,0.000,0.000
160.50,-61.989,16.001,0.1365,-61.916,15.888,0.000,0.000
160.70,-61.989,16.001,0.1365,-61.915,15.888,0.000,0.000
160.90,-61.989,16.001,0.1365,-61.915,15.888,0.000,0.000
161.10,-61.989,16.001,0.1365,-61.915,15.888,0.000,0.000
161.30,-61.990,16.001,0.1365,-61.915,15.888,0.000,0.000
161.50,-61.989,16.001,0.1365,-61.915,15.887,0.000,0.000
161.70,-61.989,16.001,0.1365,-61.915,15.887,0.000,0.000
161.90,-61.989,16.001,0.1365,-61.915,15.887,0.000,0.000
162.10,-61.989,16.001,0.1365,-61.915,15.887,0.000,0.000
162.30,-61.989,16.001,0.1365,-61.914,15.887,0.000,0.000
162.50,-61.989,16.001,0.1365,-61.914,15.887,0.000,0.000
162.70,-61.989,16.001,0.1365,-61.914,15.887,0.000,0.000
162.90,-61.989,16.001,0.1365,-61.914,15.886,0.000,0.000
163.10,-61.989,16.001,0.1365,-61.914,15.886,0.000,0.000
163.30,-61.989,16.001,0.1365,-61.914,15.886,0.000,0.000
163.50,-61.989,16.001,0.1365,-61.914,15.886,0.000,0.000
163.70,-61.989,16.001,0.1365,-61.914,15.886,0.000,0.000
163.90,-61.989,16.001,0.1365,-61.913,15.885,0.000,0.000
164.10,-61.989,16.001,0.1365,-61.913,15.885,0.000,0.000
164.30,-61.989,16.001,0.1365,-61.913,15.885,0.000,0.000
164.50,-61.989,16.001,0.1365,-61.913,15.885,0.000,0.000
164.70,-61.989,16.001,0.1365,-61.913,15.885,0.000,0.000
164.90,-61.989,16.001,0.1365,-61.913,15.885,0.000,0.000
165.10,-61.989,16.001,0.1365,-61.913,15.885,0.000,0.000
165.30,-61.989,16.001,0.1365,-61.913,15.884,0.000,0.000
165.50,-61.989,16.001,0.1365,-61.912,15.884,0.000,0.000
165.70,-61.989,16.001,0.1365,-61.912,15.884,0.000,0.000
165.90,-61.989,16.001,0.1365,-61.912,15.884,0.000,0.000
166.10,-61.989,16.001,0.1365,-61.912,15.884,0.000,0.000
166.30,-61.989,16.001,0.1365,-61.912,15.883,0.000,0.000
166.50,-61.989,16.001,0.1365,-61.912,15.883,0.000,0.000
166.70,-61.989,16.001,0.1365,-61.912,15.883,0.000,0.000
166.90,-61.989,16.001,0.1365,-61.912,15.883,0.000,0.000
167.10,-61.989,16.001,0.1365,-61.912,15.883,0.000,0.000
167.30,-61.989,16.001,0.1365,-61.911,15.882,0.000,0.000
167.50,-61.989,16.001,0.1365,-61.911,15.882,0.000,0.000
167.70,-61.989,16.001,0.1365,-61.911,15.882,0.000,0.000
167.90,-61.989,16.001,0.1365,-61.911,15.882,0.000,0.000
168.10,-61.989,16.001,0.1365,-61.911,15.882,0.000,0.000
168.30,-61.989,16.001,0.1365,-61.911,15.882,0.000,0.000
168.50,-61.989,16.001,0.1365,-61.911,15.882,0.000,0.000
168.70,-61.989,16.001,0.1365,-61.910,15.881,0.000,0.000
168.90,-61.989,16.001,0.1365,-61.910,15.881,0.000,0.000
169.10,-61.989,16.001,0.1365,-61.910,15.881,0.000,0.000
169.30,-61.989,16.001,0.1365,-61.910,15.881,0.000,0.000
169.50,-61.989,16.001,0.1365,-61.910,15.881,0.000,0.000
169.70,-61.989,16.001,0.1365,-61.910,15.881,0.000,0.000
169.90,-61.989,16.001,0.1365,-61.910,15.881,0.000,0.000
170.10,-61.989,16.001,0.1365,-61.910,15.880,0.000,0.000
170.30,-61.989,16.001,0.1365,-61.909,15.880,0.000,0.000
170.50,-61.989,16.001,0.1365,-61.909,15.880,0.000,0.000
170.70,-61.989,16.001,0.1365,-61.909,15.880,0.000,0.000
170.90,-61.989,16.001,0.1365,-61.909,15.880,0.000,0.000
171.10,-61.989,16.001,0.1365,-61.909,15.880,0.000,0.000
171.30,-61.989,16.001,0.1365,-61.909,15.880,0.000,0.000
171.50,-61.989,16.001,0.1365,-61.909,15.879,0.000,0.000
171.70,-61.989,16.001,0.1365,-61.909,15.879,0.000,0.000
171.90,-61.989,16.001,0.1365,-61.908,15.879,0.000,0.000
172.10,-61.989,16.001,0.1365,-61.908,15.879,0.000,0.000
172.30,-61.989,16.001,0.1365,-61.908,15.879,0.000,0.000
172.50,-61.989,16.001,0.1365,-61.908,15.879,0.000,0.000
172.70,-61.989,16.001,0.1365,-61.908,15.878,0.000,0.000
172.90,-61.989,16.001,0.1365,-61.908,15.878,0.000,0.000
173.10,-61.989,16.001,0.1365,-61.908,15.878,0.000,0.000
173.30,-61.989,16.001,0.1365,-61.908,15.878,0.000,0.000
173.50,-61.989,16.001,0.1365,-61.908,15.878,0.000,0.000
173.70,-61.989,16.001,0.1365,-61.907,15.878,0.000,0.000
173.90,-61.989,16.001,0.1365,-61.907,15.878,0.000,0.000
174.10,-61.989,16.001,0.1365,-61.907,15.878,0.000,0.000
174.30,-61.989,16.001,0.1365,-61.907,15.877,0.000,0.000
174.50,-61.989,16.001,0.1365,-61.907,15.877,0.000,0.000
174.70,-61.989,16.001,0.1365,-61.907,15.877,0.000,0.000
174.90,-61.989,16.001,0.1365,-61.907,15.877,0.000,0.000
175.10,-61.989,16.001,0.1365,-61.907,15.877,0.000,0.000
175.30,-61.989,16.001,0.1365,-61.907,15.877,0.000,0.000
175.50,-61.989,16.001,0.1365,-61.906,15.876,0.000,0.000
175.70,-61.989,16.001,0.1365,-61.906,15.876,0.000,0.000
175.90,-61.989,16.001,0.1365,-61.906,15.876,0.000,0.000
176.10,-61.989,16.001,0.1365,-61.906,15.876,0.000,0.000
176.30,-61.989,16.001,0.1365,-61.906,15.876,0.000,0.000
176.50,-61.989,16.001,0.1365,-61.906,15.875,0.000,0.000
176.70,-61.989,16.001,0.1365,-61.906,15.875,0.000,0.000
176.90,-61.990,16.001,0.1365,-61.906,15.875,0.000,0.000
177.10,-61.989,16.001,0.1365,-61.905,15.875,0.000,0.000
177.30,-61.989,16.001,0.1365,-61.905,15.875,0.000,0.000
177.50,-61.989,16.001,0.1365,-61.905,15.875,0.000,0.000
177.70,-61.989,16.001,0.1365,-61.905,15.874,0.000,0.000
177.90,-61.989,16.001,0.1365,-61.905,15.874,0.000,0.000
178.10,-61.989,16.001,0.1365,-61.905,15.874,0.000,0.000
178.30,-61.989,16.001,0.1365,-61.905,15.874,0.000,0.000
178.50,-61.989,16.001,0.1365,-61.905,15.874,0.000,0.000
178.70,-61.989,16.001,0.1365,-61.904,15.873,0.000,0.000
178.90,-61.989,16.001,0.1365,-61.904,15.873,0.000,0.000
179.10,-61.989,16.001,0.1365,-61.904,15.873,0.000,0.000
179.30,-61.989,16.001,0.1365,-61.904,15.873,0.000,0.000
179.50,-61.989,16.001,0.1365,-61.904,15.873,0.000,0.000
179.70,-61.989,16.001,0.1365,-61.904,15.873,0.000,0.000
179.90,-61.989,16.001,0.1365,-61.904,15.873,0.000,0.000
180.10,-61.989,16.001,0.1365,-61.904,15.873,0.000,0.000
180.30,-61.989,16.001,0.1365,-61.904,15.872,0.000,0.000
180.50,-61.989,16.001,0.1365,-61.903,15.872,0.000,0.000
180.70,-61.989,16.001,0.1365,-61.903,15.872,0.000,0.000
180.90,-61.989,16.001,0.1365,-61.903,15.872,0.000,0.000
181.10,-61.989,16.001,0.1365,-61.903,15.872,0.000,0.000
181.30,-61.989,16.001,0.1365,-61.903,15.872,0.000,0.000
181.50,-61.989,16.001,0.1365,-61.903,15.871,0.000,0.000
181.70,-61.989,16.001,0.1365,-61.903,15.871,0.000,0.000
181.90,-61.989,16.001,0.1365,-61.903,15.871,0.000,0.000
182.10,-61.989,16.001,0.1365,-61.903,15.871,0.000,0.000
182.30,-61.989,16.001,0.1365,-61.902,15.871,0.000,0.000
182.50,-61.989,16.001,0.1365,-61.902,15.871,0.000,0.000
182.70,-61.989,16.001,0.1365,-61.902,15.871,0.000,0.000
182.90,-61.989,16.001,0.1365,-61.902,15.871,0.000,0.000
183.10,-61.989,16.001,0.1365,-61.902,15.870,0.000,0.000
183.30,-61.989,16.001,0.1365,-61.902,15.870,0.000,0.000
183.50,-61.989,16.001,0.1365,-61.902,15.870,0.000,0.000
183.70,-61.989,16.001,0.1365,-61.901,15.870,0.000,0.000
183.90,-61.989,16.001,0.1365,-61.901,15.870,0.000,0.000
184.10,-61.989,16.001,0.1365,-61.901,15.870,0.000,0.000
184.30,-61.989,16.001,0.1365,-61.901,15.869,0.000,0.000
184.50,-61.989,16.001,0.1365,-61.901,15.869,0.000,0.000
184.70,-61.989,16.001,0.1365,-61.901,15.869,0.000,0.000
184.90,-61.989,16.001,0.1365,-61.901,15.869,0.000,0.000
185.10,-61.989,16.001,0.1365,-61.901,15.869,0.000,0.000
185.30,-61.989,16.001,0.1365,-61.901,15.868,0.000,0.000
185.50,-61.989,16.001,0.1365,-61.900,15.868,0.000,0.000
185.70,-61.989,16.001,0.1365,-61.900,15.868,0.000,0.000
185.90,-61.989,16.001,0.1365,-61.900,15.868,0.000,0.000
186.10,-61.989,16.001,0.1365,-61.900,15.868,0.000,0.000
186.30,-61.989,16.001,0.1365,-61.900,15.868,0.000,0.000
186.50,-61.989,16.001,0.1365,-61.900,15.867,0.000,0.000
186.70,-61.989,16.001,0.1365,-61.900,15.867,0.000,0.000
186.90,-61.989,16.001,0.1365,-61.899,15.867,0.000,0.000
187.10,-61.989,16.001,0.1365,-61.899,15.867,0.000,0.000
187.30,-61.989,16.001,0.1365,-61.899,15.867,0.000,0.000
187.50,-61.989,16.001,0.1365,-61.899,15.867,0.000,0.000
187.70,-61.989,16.001,0.1365,-61.899,15.867,0.000,0.000
187.90,-61.989,16.001,0.1365,-61.899,15.867,0.000,0.000
188.10,-61.989,16.001,0.1365,-61.899,15.866,0.000,0.000
188.30,-61.989,16.001,0.1365,-61.899,15.866,0.000,0.000
188.50,-61.989,16.001,0.1365,-61.899,15.866,0.000,0.000
188.70,-61.989,16.001,0.1365,-61.899,15.866,0.000,0.000
188.90,-61.989,16.001,0.1365,-61.898,15.865,0.000,0.000
189.10,-61.989,16.001,0.1365,-61.898,15.865,0.000,0.000
189.30,-61.989,16.001,0.1365,-61.898,15.865,0.000,0.000
189.50,-61.989,16.001,0.1365,-61.898,15.865,0.000,0.000
189.70,-61.989,16.001,0.1365,-61.898,15.865,0.000,0.000
189.90,-61.989,16.001,0.1365,-61.898,15.865,0.000,0.000
190.10,-61.989,16.001,0.1365,-61.898,15.864,0.000,0.000
190.30,-61.989,16.001,0.1365,-61.898,15.864,0.000,0.000
190.50,-61.989,16.001,0.1365,-61.897,15.864,0.000,0.000
190.70,-61.989,16.001,0.1365,-61.897,15.864,0.000,0.000
190.90,-61.989,16.001,0.1365,-61.897,15.864,0.000,0.000
191.10,-61.989,16.001,0.1365,-61.897,15.864,0.000,0.000
191.30,-61.989,16.001,0.1365,-61.897,15.863,0.000,0.000
191.50,-61.989,16.001,0.1365,-61.897,15.863,0.000,0.000
191.70,-61.989,16.001,0.1365,-61.896,15.863,0.000,0.000
191.90,-61.989,16.001,0.1365,-61.896,15.863,0.000,0.000
192.10,-61.989,16.001,0.1365,-61.896,15.863,0.000,0.000
192.30,-61.989,16.001,0.1365,-61.896,15.863,0.000,0.000
192.50,-61.989,16.001,0.1365,-61.896,15.862,0.000,0.000
192.70,-61.989,16.001,0.1365,-61.896,15.862,0.000,0.000
192.90,-61.989,16.001,0.1365,-61.896,15.862,0.000,0.000
193.10,-61.989,16.001,0.1365,-61.896,15.862,0.000,0.000
193.30,-61.989,16.001,0.1365,-61.896,15.862,0.000,0.000
193.50,-61.989,16.001,0.1365,-61.895,15.862,0.000,0.000
193.70,-61.989,16.001,0.1365,-61.895,15.861,0.000,0.000
193.90,-61.989,16.001,0.1365,-61.895,15.861,0.000,0.000
194.10,-61.989,16.001,0.1365,-61.895,15.861,0.000,0.000
194.30,-61.989,16.001,0.1365,-61.895,15.861,0.000,0.000
194.50,-61.989,16.001,0.1365,-61.895,15.861,0.000,0.000
194.70,-61.989,16.001,0.1365,-61.895,15.861,0.000,0.000
194.90,-61.989,16.001,0.1365,-61.894,15.861,0.000,0.000
195.10,-61.989,16.001,0.1365,-61.894,15.860,0.000,0.000
195.30,-61.989,16.001,0.1365,-61.894,15.860,0.000,0.000
195.50,-61.989,16.001,0.1365,-61.894,15.860,0.000,0.000
195.70,-61.989,16.001,0.1365,-61.894,15.860,0.000,0.000
195.90,-61.989,16.001,0.1365,-61.894,15.860,0.000,0.000
196.10,-61.989,16.001,0.1365,-61.894,15.860,0.000,0.000
196.30,-61.989,16.001,0.1365,-61.894,15.859,0.000,0.000
196.50,-61.989,16.001,0.1365,-61.893,15.859,0.000,0.000
196.70,-61.989,16.001,0.1365,-61.893,15.859,0.000,0.000
196.90,-61.989,16.001,0.1365,-61.893,15.859,0.000,0.000
197.10,-61.989,16.001,0.1365,-61.893,15.859,0.000,0.000
197.30,-61.989,16.001,0.1365,-61.893,15.859,0.000,0.000
197.50,-61.989,16.001,0.1365,-61.893,15.859,0.000,0.000
197.70,-61.989,16.001,0.1365,-61.893,15.859,0.000,0.000
197.90,-61.989,16.001,0.1365,-61.893,15.859,0.000,0.000
198.10,-61.989,16.001,0.1365,-61.892,15.858,0.000,0.000
198.30,-61.989,16.001,0.1365,-61.892,15.858,0.000,0.000
198.50,-61.989,16.001,0.1365,-61.892,15.858,0.000,0.000
198.70,-61.989,16.001,0.1365,-61.892,15.858,0.000,0.000
198.90,-61.989,16.001,0.1365,-61.892,15.858,0.000,0.000
199.10,-61.989,16.001,0.1365,-61.892,15.858,0.000,0.000
199.30,-61.989,16.001,0.1365,-61.892,15.857,0.000,0.000
199.50,-61.989,16.001,0.1365,-61.892,15.857,0.000,0.000
199.70,-61.989,16.001,0.1365,-61.891,15.857,0.000,0.000
199.90,-61.989,16.001,0.1365,-61.891,15.857,0.000,0.000
200.10,-61.989,16.001,0.1365,-61.891,15.857,0.000,0.000
200.30,-61.989,16.001,0.1365,-61.891,15.856,0.000,0.000
200.50,-61.989,16.001,0.1365,-61.891,15.856,0.000,0.000
200.70,-61.989,16.001,0.1365,-61.891,15.856,0.000,0.000
200.90,-61.989,16.001,0.1365,-61.891,15.856,0.000,0.000
201.10,-61.989,16.001,0.1365,-61.891,15.856,0.000,0.000
201.30,-61.989,16.001,0.1365,-61.890,15.856,0.000,0.000
201.50,-61.989,16.001,0.1365,-61.890,15.855,0.000,0.000
201.70,-61.989,16.001,0.1365,-61.890,15.855,0.000,0.000
201.90,-61.989,16.001,0.1365,-61.890,15.855,0.000,0.000
202.10,-61.989,16.001,0.1365,-61.890,15.855,0.000,0.000
202.30,-61.989,16.001,0.1365,-61.890,15.855,0.000,0.000
202.50,-61.989,16.001,0.1365,-61.890,15.855,0.000,0.000
202.70,-61.989,16.001,0.1365,-61.890,15.855,0.000,0.000
202.90,-61.989,16.001,0.1365,-61.890,15.854,0.000,0.000
203.10,-61.989,16.001,0.1365,-61.889,15.854,0.000,0.000
203.30,-61.989,16.001,0.1365,-61.889,15.854,0.000,0.000
203.50,-61.989,16.001,0.1365,-61.889,15.854,0.000,0.000
203.70,-61.989,16.001,0.1365,-61.889,15.854,0.000,0.000
203.90,-61.989,16.001,0.1365,-61.889,15.853,0.000,0.000
204.10,-61.989,16.001,0.1365,-61.889,15.853,0.000,0.000
204.30,-61.989,16.001,0.1365,-61.889,15.853,0.000,0.000
204.50,-61.989,16.001,0.1365,-61.889,15.853,0.000,0.000
204.70,-61.989,16.001,0.1365,-61.888,15.853,0.000,0.000
204.90,-61.989,16.001,0.1365,-61.888,15.853,0.000,0.000
205.10,-61.989,16.001,0.1365,-61.888,15.853,0.000,0.000
205.30,-61.989,16.001,0.1365,-61.888,15.852,0.000,0.000
205.50,-61.989,16.001,0.1365,-61.888,15.852,0.000,0.000
205.70,-61.989,16.001,0.1365,-61.888,15.852,0.000,0.000
205.90,-61.989,16.001,0.1365,-61.888,15.852,0.000,0.000
206.10,-61.989,16.001,0.1365,-61.887,15.852,0.000,0.000
206.30,-61.989,16.001,0.1365,-61.887,15.852,0.000,0.000
206.50,-61.989,16.001,0.1365,-61.887,15.852,0.000,0.000
206.70,-61.989,16.001,0.1365,-61.887,15.851,0.000,0.000
206.90,-61.989,16.001,0.1365,-61.887,15.851,0.000,0.000
207.10,-61.989,16.001,0.1365,-61.887,15.851,0.000,0.000
207.30,-61.989,16.001,0.1365,-61.887,15.851,0.000,0.000
207.50,-61.989,16.001,0.1365,-61.887,15.851,0.000,0.000
207.70,-61.989,16.001,0.1365,-61.886,15.850,0.000,0.000
207.90,-61.989,16.001,0.1365,-61.886,15.850,0.000,0.000
208.10,-61.989,16.001,0.1365,-61.886,15.850,0.000,0.000
208.30,-61.989,16.001,0.1365,-61.886,15.850,0.000,0.000
208.50,-61.989,16.001,0.1365,-61.886,15.850,0.000,0.000
208.70,-61.989,16.001,0.1365,-61.886,15.850,0.000,0.000
208.90,-61.989,16.001,0.1365,-61.886,15.850,0.000,0.000
209.10,-61.989,16.001,0.1365,-61.886,15.849,0.000,0.000
209.30,-61.989,16.001,0.1365,-61.885,15.849,0.000,0.000
209.50,-61.989,16.001,0.1365,-61.885,15.849,0.000,0.000
209.70,-61.989,16.001,0.1365,-61.885,15.849,0.000,0.000
209.90,-61.989,16.001,0.1365,-61.885,15.849,0.000,0.000
210.10,-61.989,16.001,0.1365,-61.885,15.848,0.000,0.000
210.30,-61.989,16.001,0.1365,-61.885,15.848,0.000,0.000
210.50,-61.989,16.001,0.1365,-61.885,15.848,0.000,0.000
210.70,-61.989,16.001,0.1365,-61.885,15.848,0.000,0.000
210.90,-61.989,16.001,0.1365,-61.884,15.848,0.000,0.000
211.10,-61.989,16.001,0.1365,-61.884,15.847,0.000,0.000
211.30,-61.989,16.001,0.1365,-61.884,15.847,0.000,0.000
211.50,-61.989,16.001,0.1365,-61.884,15.847,0.000,0.000
211.70,-61.989,16.001,0.1365,-61.884,15.847,0.000,0.000
211.90,-61.989,16.001,0.1365,-61.884,15.847,0.000,0.000
212.10,-61.989,16.001,0.1365,-61.884,15.847,0.000,0.000
212.30,-61.989,16.001,0.1365,-61.884,15.846,0.000,0.000
212.50,-61.989,16.001,0.1365,-61.883,15.846,0.000,0.000
212.70,-61.990,16.001,0.1365,-61.883,15.846,0.000,0.000
212.90,-61.989,16.001,0.1365,-61.883,15.846,0.000,0.000
213.10,-61.989,16.001,0.1365,-61.883,15.846,0.000,0.000
213.30,-61.989,16.001,0.1365,-61.883,15.846,0.000,0.000
213.50,-61.989,16.001,0.1365,-61.883,15.845,0.000,0.000
213.70,-61.989,16.001,0.1365,-61.883,15.845,0.000,0.000
213.90,-61.989,16.001,0.1365,-61.883,15.845,0.000,0.000
214.10,-61.989,16.001,0.1365,-61.883,15.845,0.000,0.000
214.30,-61.989,16.001,0.1365,-61.883,15.845,0.000,0.000
214.50,-61.989,16.001,0.1365,-61.883,15.844,0.000,0.000
214.70,-61.989,16.001,0.1365,-61.882,15.844,0.000,0.000
214.90,-61.989,16.001,0.1365,-61.882,15.844,0.000,0.000
215.10,-61.989,16.001,0.1365,-61.882,15.844,0.000,0.000
215.30,-61.989,16.001,0.1365,-61.882,15.844,0.000,0.000
215.50,-61.989,16.001,0.1365,-61.882,15.843,0.000,0.000
215.70,-61.989,16.001,0.1365,-61.882,15.843,0.000,0.000
215.90,-61.989,16.001,0.1365,-61.882,15.843,0.000,0.000
216.10,-61.989,16.001,0.1365,-61.881,15.843,0.000,0.000
216.30,-61.989,16.001,0.1365,-61.881,15.843,0.000,0.000
216.50,-61.989,16.001,0.1365,-61.881,15.843,0.000,0.000
216.70,-61.989,16.001,0.1365,-61.881,15.843,0.000,0.000
216.90,-61.989,16.001,0.1365,-61.881,15.843,0.000,0.000
217.10,-61.989,16.001,0.1365,-61.881,15.842,0.000,0.000
217.30,-61.989,16.001,0.1365,-61.881,15.842,0.000,0.000
217.50,-61.989,16.001,0.1365,-61.881,15.842,0.000,0.000
217.70,-61.989,16.001,0.1365,-61.881,15.842,0.000,0.000
217.90,-61.989,16.001,0.1365,-61.880,15.842,0.000,0.000
218.10,-61.989,16.001,0.1365,-61.880,15.841,0.000,0.000
218.30,-61.989,16.001,0.1365,-61.880,15.841,0.000,0.000
218.50,-61.989,16.001,0.1365,-61.880,15.841,0.000,0.000
218.70,-61.989,16.001,0.1365,-61.880,15.841,0.000,0.000
218.90,-61.989,16.001,0.1365,-61.880,15.841,0.000,0.000
219.10,-61.989,16.001,0.1365,-61.880,15.841,0.000,0.000
219.30,-61.989,16.001,0.1365,-61.880,15.840,0.000,0.000
219.50,-61.989,16.001,0.1365,-61.879,15.840,0.000,0.000
219.70,-61.989,16.001,0.1365,-61.879,15.840,0.000,0.000
219.90,-61.989,16.001,0.1365,-61.879,15.840,0.000,0.000
220.10,-61.989,16.001,0.1365,-61.879,15.840,0.000,0.000
220.30,-61.989,16.001,0.1365,-61.879,15.839,0.000,0.000
220.50,-61.989,16.001,0.1365,-61.879,15.839,0.000,0.000
220.70,-61.989,16.001,0.1365,-61.879,15.839,0.000,0.000
220.90,-61.989,16.001,0.1365,-61.879,15.839,0.000,0.000
221.10,-61.989,16.001,0.1365,-61.878,15.839,0.000,0.000
221.30,-61.989,16.001,0.1365,-61.878,15.839,0.000,0.000
221.50,-61.989,16.001,0.1365,-61.878,15.839,0.000,0.000
221.70,-61.989,16.001,0.1365,-61.878,15.839,0.000,0.000
221.90,-61.989,16.001,0.1365,-61.878,15.838,0.000,0.000
222.10,-61.989,16.001,0.1365,-61.878,15.838,0.000,0.000
222.30,-61.989,16.001,0.1365,-61.878,15.838,0.000,0.000
222.50,-61.989,16.001,0.1365,-61.878,15.838,0.000,0.000
222.70,-61.989,16.001,0.1365,-61.878,15.838,0.000,0.000
222.90,-61.989,16.001,0.1365,-61.877,15.837,0.000,0.000
223.10,-61.989,16.001,0.1365,-61.877,15.837,0.000,0.000
223.30,-61.989,16.001,0.1365,-61.877,15.837,0.000,0.000
223.50,-61.989,16.001,0.1365,-61.877,15.837,0.000,0.000
223.70,-61.989,16.001,0.1365,-61.877,15.837,0.000,0.000
223.90,-61.989,16.001,0.1365,-61.877,15.836,0.000,0.000
224.10,-61.989,16.001,0.1365,-61.877,15.836,0.000,0.000
224.30,-61.989,16.001,0.1365,-61.877,15.836,0.000,0.000
224.50,-61.989,16.001,0.1365,-61.877,15.836,0.000,0.000
224.70,-61.989,16.001,0.1365,-61.876,15.836,0.000,0.000
224.90,-61.989,16.001,0.1365,-61.876,15.835,0.000,0.000
225.10,-61.989,16.001,0.1365,-61.876,15.835,0.000,0.000
225.30,-61.989,16.001,0.1365,-61.876,15.835,0.000,0.000
225.50,-61.989,16.001,0.1365,-61.876,15.835,0.000,0.000
225.70,-61.989,16.001,0.1365,-61.876,15.835,0.000,0.000
225.90,-61.989,16.001,0.1365,-61.876,15.835,0.000,0.000
226.10,-61.989,16.001,0.1365,-61.876,15.835,0.000,0.000
226.30,-61.989,16.001,0.1365,-61.875,15.835,0.000,0.000
226.50,-61.989,16.001,0.1365,-61.875,15.834,0.000,0.000
226.70,-61.989,16.001,0.1365,-61.875,15.834,0.000,0.000
226.90,-61.989,16.001,0.1365,-61.875,15.834,0.000,0.000
227.10,-61.989,16.001,0.1365,-61.875,15.834,0.000,0.000
227.30,-61.989,16.001,0.1365,-61.875,15.834,0.000,0.000
227.50,-61.990,16.001,0.1365,-61.875,15.833,0.000,0.000
227.70,-61.989,16.001,0.1365,-61.875,15.833,0.000,0.000
227.90,-61.989,16.001,0.1365,-61.874,15.833,0.000,0.000
228.10,-61.989,16.001,0.1365,-61.874,15.833,0.000,0.000
228.30,-61.989,16.001,0.1365,-61.874,15.833,0.000,0.000
228.50,-61.989,16.001,0.1365,-61.874,15.832,0.000,0.000
228.70,-61.989,16.001,0.1365,-61.874,15.832,0.000,0.000
228.90,-61.989,16.001,0.1365,-61.874,15.832,0.000,0.000
229.10,-61.989,16.001,0.1365,-61.874,15.832,0.000,0.000
229.30,-61.989,16.001,0.1365,-61.874,15.832,0.000,0.000
229.50,-61.989,16.001,0.1365,-61.874,15.831,0.000,0.000
229.70,-61.989,16.001,0.1365,-61.873,15.831,0.000,0.000
229.90,-61.989,16.001,0.1365,-61.873,15.831,0.000,0.000
230.10,-61.989,16.001,0.1365,-61.873,15.831,0.000,0.000
230.30,-61.989,16.001,0.1365,-61.873,15.831,0.000,0.000
230.50,-61.989,16.001,0.1365,-61.873,15.831,0.000,0.000
230.70,-61.989,16.001,0.1365,-61.873,15.831,0.000,0.000
230.90,-61.989,16.001,0.1365,-61.873,15.830,0.000,0.000
231.10,-61.989,16.001,0.1365,-61.872,15.830,0.000,0.000
231.30,-61.989,16.001,0.1365,-61.872,15.830,0.000,0.000
231.50,-61.989,16.001,0.1365,-61.872,15.830,0.000,0.000
231.70,-61.989,16.001,0.1365,-61.872,15.830,0.000,0.000
231.90,-61.989,16.001,0.1365,-61.872,15.830,0.000,0.000
232.10,-61.989,16.001,0.1365,-61.872,15.829,0.000,0.000
232.30,-61.989,16.001,0.1365,-61.872,15.829,0.000,0.000
232.50,-61.989,16.001,0.1365,-61.872,15.829,0.000,0.000
232.70,-61.989,16.001,0.1365,-61.871,15.829,0.000,0.000
232.90,-61.989,16.001,0.1365,-61.871,15.829,0.000,0.000
233.10,-61.989,16.001,0.1365,-61.871,15.829,0.000,0.000
233.30,-61.989,16.001,0.1365,-61.871,15.829,0.000,0.000
233.50,-61.989,16.001,0.1365,-61.871,15.828,0.000,0.000
233.70,-61.989,16.001,0.1365,-61.871,15.828,0.000,0.000
233.90,-61.989,16.001,0.1365,-61.871,15.828,0.000,0.000
234.10,-61.989,16.001,0.1365,-61.871,15.828,0.000,0.000
234.30,-61.989,16.001,0.1365,-61.871,15.828,0.000,0.000
234.50,-61.989,16.001,0.1365,-61.870,15.827,0.000,0.000
234.70,-61.989,16.001,0.1365,-61.870,15.827,0.000,0.000
234.90,-61.989,16.001,0.1365,-61.870,15.827,0.000,0.000
235.10,-61.989,16.001,0.1365,-61.870,15.827,0.000,0.000
235.30,-61.989,16.001,0.1365,-61.870,15.827,0.000,0.000
235.50,-61.989,16.001,0.1365,-61.870,15.827,0.000,0.000
235.70,-61.989,16.001,0.1365,-61.870,15.826,0.000,0.000
235.90,-61.989,16.001,0.1365,-61.869,15.826,0.000,0.000
236.10,-61.989,16.001,0.1365,-61.869,15.826,0.000,0.000
236.30,-61.989,16.001,0.1365,-61.869,15.826,0.000,0.000
236.50,-61.989,16.001,0.1365,-61.869,15.826,0.000,0.000
236.70,-61.989,16.001,0.1365,-61.869,15.826,0.000,0.000
236.90,-61.989,16.001,0.1365,-61.869,15.825,0.000,0.000
237.10,-61.989,16.001,0.1365,-61.869,15.825,0.000,0.000
237.30,-61.989,16.001,0.1365,-61.869,15.825,0.000,0.000
237.50,-61.989,16.001,0.1365,-61.868,15.825,0.000,0.000
237.70,-61.989,16.001,0.1365,-61.868,15.825,0.000,0.000
237.90,-61.989,16.001,0.1365,-61.868,15.825,0.000,0.000
238.10,-61.989,16.001,0.1365,-61.868,15.825,0.000,0.000
238.30,-61.989,16.001,0.1365,-61.868,15.825,0.000,0.000
238.50,-61.989,16.001,0.1365,-61.868,15.824,0.000,0.000
238.70,-61.989,16.001,0.1365,-61.868,15.824,0.000,0.000
238.90,-61.989,16.001,0.1365,-61.867,15.824,0.000,0.000
239.10,-61.989,16.001,0.1365,-61.867,15.824,0.000,0.000
239.30,-61.989,16.001,0.1365,-61.867,15.824,0.000,0.000
239.50,-61.989,16.001,0.1365,-61.867,15.823,0.000,0.000
239.70,-61.989,16.001,0.1365,-61.867,15.823,0.000,0.000
239.90,-61.989,16.001,0.1365,-61.867,15.823,0.000,0.000
240.10,-61.989,16.001,0.1365,-61.867,15.823,0.000,0.000
240.30,-61.989,16.001,0.1365,-61.867,15.823,0.000,0.000
240.50,-61.989,16.001,0.1365,-61.866,15.823,0.000,0.000
240.70,-61.989,16.001,0.1365,-61.866,15.823,0.000,0.000
240.90,-61.989,16.001,0.1365,-61.866,15.822,0.000,0.000
241.10,-61.989,16.001,0.1365,-61.866,15.822,0.000,0.000
241.30,-61.989,16.001,0.1365,-61.866,15.822,0.000,0.000
241.50,-61.989,16.001,0.1365,-61.866,15.822,0.000,0.000
241.70,-61.989,16.001,0.1365,-61.866,15.822,0.000,0.000
241.90,-61.989,16.001,0.1365,-61.865,15.822,0.000,0.000
242.10,-61.989,16.001,0.1365,-61.865,15.821,0.000,0.000
242.30,-61.989,16.001,0.1365,-61.865,15.821,0.000,0.000
242.50,-61.989,16.001,0.1365,-61.865,15.821,0.000,0.000
242.70,-61.989,16.001,0.1365,-61.865,15.821,0.000,0.000
242.90,-61.989,16.001,0.1365,-61.865,15.821,0.000,0.000
243.10,-61.989,16.001,0.1365,-61.865,15.821,0.000,0.000
243.30,-61.989,16.001,0.1365,-61.865,15.821,0.000,0.000
243.50,-61.989,16.001,0.1365,-61.864,15.820,0.000,0.000
243.70,-61.989,16.001,0.1365,-61.864,15.820,0.000,0.000
243.90,-61.989,16.001,0.1365,-61.864,15.820,0.000,0.000
244.10,-61.989,16.001,0.1365,-61.864,15.820,0.000,0.000
244.30,-61.989,16.001,0.1365,-61.864,15.820,0.000,0.000
244.50,-61.989,16.001,0.1365,-61.864,15.819,0.000,0.000
244.70,-61.989,16.001,0.1365,-61.864,15.819,0.000,0.000
244.90,-61.989,16.001,0.1365,-61.864,15.819,0.000,0.000
245.10,-61.989,16.001,0.1365,-61.864,15.819,0.000,0.000
245.30,-61.989,16.001,0.1365,-61.863,15.819,0.000,0.000
245.50,-61.989,16.001,0.1365,-61.863,15.819,0.000,0.000
245.70,-61.989,16.001,0.1365,-61.863,15.819,0.000,0.000
245.90,-61.989,16.001,0.1365,-61.863,15.819,0.000,0.000
246.10,-61.989,16.001,0.1365,-61.863,15.818,0.000,0.000
246.30,-61.989,16.001,0.1365,-61.863,15.818,0.000,0.000
246.50,-61.989,16.001,0.1365,-61.863,15.818,0.000,0.000
246.70,-61.989,16.001,0.1365,-61.863,15.818,0.000,0.000
246.90,-61.989,16.001,0.1365,-61.862,15.818,0.000,0.000
247.10,-61.989,16.001,0.1365,-61.862,15.818,0.000,0.000
247.30,-61.989,16.001,0.1365,-61.862,15.818,0.000,0.000
247.50,-61.989,16.001,0.1365,-61.862,15.817,0.000,0.000
247.70,-61.989,16.001,0.1365,-61.862,15.817,0.000,0.000
247.90,-61.989,16.001,0.1365,-61.862,15.817,0.000,0.000
248.10,-61.990,16.001,0.1365,-61.862,15.817,0.000,0.000
248.30,-61.989,16.001,0.1365,-61.862,15.816,0.000,0.000
248.50,-61.989,16.001,0.1365,-61.861,15.816,0.000,0.000
248.70,-61.989,16.001,0.1365,-61.861,15.816,0.000,0.000
248.90,-61.989,16.001,0.1365,-61.861,15.816,0.000,0.000
249.10,-61.989,16.001,0.1365,-61.861,15.816,0.000,0.000
249.30,-61.989,16.001,0.1365,-61.861,15.816,0.000,0.000
249.50,-61.989,16.001,0.1365,-61.861,15.816,0.000,0.000
249.70,-61.989,16.001,0.1365,-61.861,15.816,0.000,0.000
249.90,-61.989,16.001,0.1365,-61.861,15.816,0.000,0.000
250.10,-61.989,16.001,0.1365,-61.860,15.815,0.000,0.000
250.30,-61.989,16.001,0.1365,-61.860,15.815,0.000,0.000
250.50,-61.989,16.001,0.1365,-61.860,15.815,0.000,0.000
250.70,-61.989,16.001,0.1365,-61.860,15.815,0.000,0.000
250.90,-61.989,16.001,0.1365,-61.860,15.815,0.000,0.000
251.10,-61.989,16.001,0.1365,-61.860,15.815,0.000,0.000
251.30,-61.989,16.001,0.1365,-61.860,15.815,0.000,0.000
251.50,-61.989,16.001,0.1365,-61.860,15.814,0.000,0.000
251.70,-61.989,16.001,0.1365,-61.860,15.814,0.000,0.000
251.90,-61.989,16.001,0.1365,-61.859,15.814,0.000,0.000
252.10,-61.989,16.001,0.1365,-61.859,15.814,0.000,0.000
252.30,-61.989,16.001,0.1365,-61.859,15.814,0.000,0.000
252.50,-61.989,16.001,0.1365,-61.859,15.813,0.000,0.000
252.70,-61.989,16.001,0.1365,-61.859,15.813,0.000,0.000
252.90,-61.989,16.001,0.1365,-61.859,15.813,0.000,0.000
253.10,-61.989,16.001,0.1365,-61.859,15.813,0.000,0.000
253.30,-61.989,16.001,0.1365,-61.859,15.813,0.000,0.000
253.50,-61.989,16.001,0.1365,-61.859,15.813,0.000,0.000
253.70,-61.989,16.001,0.1365,-61.858,15.813,0.000,0.000
253.90,-61.989,16.001,0.1365,-61.858,15.812,0.000,0.000
254.10,-61.989,16.001,0.1365,-61.858,15.812,0.000,0.000
254.30,-61.989,16.001,0.1365,-61.858,15.812,0.000,0.000
254.50,-61.989,16.001,0.1365,-61.858,15.812,0.000,0.000
254.70,-61.989,16.001,0.1365,-61.858,15.811,0.000,0.000
254.90,-61.989,16.001,0.1365,-61.858,15.811,0.000,0.000
255.10,-61.989,16.001,0.1365,-61.858,15.811,0.000,0.000
255.30,-61.989,16.001,0.1365,-61.858,15.811,0.000,0.000
255.50,-61.989,16.001,0.1365,-61.857,15.811,0.000,0.000
255.70,-61.989,16.001,0.1365,-61.857,15.810,0.000,0.000
255.90,-61.989,16.001,0.1365,-61.857,15.810,0.000,0.000
256.10,-61.989,16.001,0.1365,-61.857,15.810,0.000,0.000
256.30,-61.989,16.001,0.1365,-61.857,15.810,0.000,0.000
256.50,-61.989,16.001,0.1365,-61.857,15.810,0.000,0.000
256.70,-61.989,16.001,0.1365,-61.857,15.809,0.000,0.000
256.90,-61.989,16.001,0.1365,-61.856,15.809,0.000,0.000
257.10,-61.989,16.001,0.1365,-61.856,15.809,0.000,0.000
257.30,-61.989,16.001,0.1365,-61.856,15.809,0.000,0.000
257.50,-61.989,16.001,0.1365,-61.856,15.809,0.000,0.000
257.70,-61.989,16.001,0.1365,-61.856,15.809,0.000,0.000
257.90,-61.989,16.001,0.1365,-61.856,15.808,0.000,0.000
258.10,-61.989,16.001,0.1365,-61.856,15.808,0.000,0.000
258.30,-61.989,16.001,0.1365,-61.855,15.808,0.000,0.000
258.50,-61.990,16.001,0.1365,-61.855,15.808,0.000,0.000
258.70,-61.989,16.001,0.1365,-61.855,15.808,0.000,0.000
258.90,-61.989,16.001,0.1365,-61.855,15.808,0.000,0.000
259.10,-61.989,16.001,0.1365,-61.855,15.808,0.000,0.000
259.30,-61.989,16.001,0.1365,-61.855,15.807,0.000,0.000
259.50,-61.989,16.001,0.1365,-61.855,15.807,0.000,0.000
259.70,-61.989,16.001,0.1365,-61.855,15.807,0.000,0.000
259.90,-61.989,16.001,0.1365,-61.854,15.807,0.000,0.000
260.10,-61.989,16.001,0.1365,-61.854,15.807,0.000,0.000
260.30,-61.989,16.001,0.1365,-61.854,15.807,0.000,0.000
260.50,-61.989,16.001,0.1365,-61.854,15.806,0.000,0.000
260.70,-61.989,16.001,0.1365,-61.854,15.806,0.000,0.000
260.90,-61.989,16.001,0.1365,-61.854,15.806,0.000,0.000
261.10,-61.989,16.001,0.1365,-61.854,15.806,0.000,0.000
261.30,-61.989,16.001,0.1365,-61.854,15.806,0.000,0.000
261.50,-61.989,16.001,0.1365,-61.853,15.806,0.000,0.000
261.70,-61.989,16.001,0.1365,-61.853,15.805,0.000,0.000
261.90,-61.989,16.001,0.1365,-61.853,15.805,0.000,0.000
262.10,-61.989,16.001,0.1365,-61.853,15.805,0.000,0.000
262.30,-61.989,16.001,0.1365,-61.853,15.805,0.000,0.000
262.50,-61.989,16.001,0.1365,-61.853,15.805,0.000,0.000
262.70,-61.989,16.001,0.1365,-61.853,15.804,0.000,0.000
262.90,-61.989,16.001,0.1365,-61.852,15.804,0.000,0.000
263.10,-61.989,16.001,0.1365,-61.852,15.804,0.000,0.000
263.30,-61.989,16.001,0.1365,-61.852,15.804,0.000,0.000
263.50,-61.989,16.001,0.1365,-61.852,15.804,0.000,0.000
263.70,-61.989,16.001,0.1365,-61.852,15.804,0.000,0.000
263.90,-61.989,16.001,0.1365,-61.852,15.803,0.000,0.000
264.10,-61.989,16.001,0.1365,-61.852,15.803,0.000,0.000
264.30,-61.989,16.001,0.1365,-61.852,15.803,0.000,0.000
264.50,-61.989,16.001,0.1365,-61.851,15.803,0.000,0.000
264.70,-61.989,16.001,0.1365,-61.851,15.803,0.000,0.000
264.90,-61.989,16.001,0.1365,-61.851,15.802,0.000,0.000
265.10,-61.989,16.001,0.1365,-61.851,15.802,0.000,0.000
265.30,-61.989,16.001,0.1365,-61.851,15.802,0.000,0.000
265.50,-61.989,16.001,0.1365,-61.851,15.802,0.000,0.000
265.70,-61.989,16.001,0.1365,-61.851,15.802,0.000,0.000
265.90,-61.989,16.001,0.1365,-61.851,15.802,0.000,0.000
266.10,-61.989,16.001,0.1365,-61.850,15.801,0.000,0.000
266.30,-61.989,16.001,0.1365,-61.850,15.801,0.000,0.000
266.50,-61.989,16.001,0.1365,-61.850,15.801,0.000,0.000
266.70,-61.989,16.001,0.1365,-61.850,15.801,0.000,0.000
266.90,-61.989,16.001,0.1365,-61.850,15.801,0.000,0.000
267.10,-61.989,16.001,0.1365,-61.850,15.801,0.000,0.000
267.30,-61.989,16.001,0.1365,-61.850,15.800,0.000,0.000
267.50,-61.989,16.001,0.1365,-61.850,15.800,0.000,0.000
267.70,-61.989,16.001,0.1365,-61.850,15.800,0.000,0.000
267.90,-61.989,16.001,0.1365,-61.849,15.800,0.000,0.000
268.10,-61.989,16.001,0.1365,-61.849,15.800,0.000,0.000
268.30,-61.989,16.001,0.1365,-61.849,15.800,0.000,0.000
268.50,-61.989,16.001,0.1365,-61.849,15.800,0.000,0.000
268.70,-61.989,16.001,0.1365,-61.849,15.800,0.000,0.000
268.90,-61.989,16.001,0.1365,-61.849,15.799,0.000,0.000
269.10,-61.989,16.001,0.1365,-61.849,15.799,0.000,0.000
269.30,-61.989,16.001,0.1365,-61.848,15.799,0.000,0.000
269.50,-61.989,16.001,0.1365,-61.848,15.799,0.000,0.000
269.70,-61.989,16.001,0.1365,-61.848,15.799,0.000,0.000
269.90,-61.989,16.001,0.1365,-61.848,15.799,0.000,0.000
270.10,-61.989,16.001,0.1365,-61.848,15.798,0.000,0.000
270.30,-61.989,16.001,0.1365,-61.848,15.798,0.000,0.000
270.50,-61.989,16.001,0.1365,-61.848,15.798,0.000,0.000
270.70,-61.989,16.001,0.1365,-61.847,15.798,0.000,0.000
270.90,-61.989,16.001,0.1365,-61.847,15.798,0.000,0.000
271.10,-61.989,16.001,0.1365,-61.847,15.798,0.000,0.000
271.30,-61.989,16.001,0.1365,-61.847,15.798,0.000,0.000
271.50,-61.989,16.001,0.1365,-61.847,15.798,0.000,0.000
271.70,-61.989,16.001,0.1365,-61.847,15.797,0.000,0.000
271.90,-61.989,16.001,0.1365,-61.847,15.797,0.000,0.000
272.10,-61.989,16.001,0.1365,-61.847,15.797,0.000,0.000
272.30,-61.989,16.001,0.1365,-61.847,15.797,0.000,0.000
272.50,-61.989,16.001,0.1365,-61.847,15.797,0.000,0.000
272.70,-61.989,16.001,0.1365,-61.846,15.796,0.000,0.000
272.90,-61.989,16.001,0.1365,-61.846,15.796,0.000,0.000
273.10,-61.989,16.001,0.1365,-61.846,15.796,0.000,0.000
273.30,-61.989,16.001,0.1365,-61.846,15.796,0.000,0.000
273.50,-61.989,16.001,0.1365,-61.846,15.796,0.000,0.000
273.70,-61.989,16.001,0.1365,-61.846,15.796,0.000,0.000
273.90,-61.989,16.001,0.1365,-61.846,15.795,0.000,0.000
274.10,-61.989,16.001,0.1365,-61.845,15.795,0.000,0.000
274.30,-61.989,16.001,0.1365,-61.845,15.795,0.000,0.000
274.50,-61.989,16.001,0.1365,-61.845,15.795,0.000,0.000
274.70,-61.989,16.001,0.1365,-61.845,15.795,0.000,0.000
274.90,-61.989,16.001,0.1365,-61.845,15.795,0.000,0.000
275.10,-61.989,16.001,0.1365,-61.845,15.795,0.000,0.000
275.30,-61.989,16.001,0.1365,-61.845,15.795,0.000,0.000
275.50,-61.989,16.001,0.1365,-61.845,15.794,0.000,0.000
275.70,-61.989,16.001,0.1365,-61.845,15.794,0.000,0.000
275.90,-61.989,16.001,0.1365,-61.844,15.794,0.000,0.000
276.10,-61.989,16.001,0.1365,-61.844,15.794,0.000,0.000
276.30,-61.989,16.001,0.1365,-61.844,15.794,0.000,0.000
276.50,-61.989,16.001,0.1365,-61.844,15.793,0.000,0.000
276.70,-61.989,16.001,0.1365,-61.844,15.793,0.000,0.000
276.90,-61.989,16.001,0.1365,-61.844,15.793,0.000,0.000
277.10,-61.989,16.001,0.1365,-61.844,15.793,0.000,0.000
277.30,-61.989,16.001,0.1365,-61.844,15.793,0.000,0.000
277.50,-61.989,16.001,0.1365,-61.843,15.793,0.000,0.000
277.70,-61.989,16.001,0.1365,-61.843,15.793,0.000,0.000
277.90,-61.989,16.001,0.1365,-61.843,15.792,0.000,0.000
278.10,-61.989,16.001,0.1365,-61.843,15.792,0.000,0.000
278.30,-61.989,16.001,0.1365,-61.843,15.792,0.000,0.000
278.50,-61.989,16.001,0.1365,-61.843,15.792,0.000,0.000
278.70,-61.989,16.001,0.1365,-61.843,15.792,0.000,0.000
278.90,-61.989,16.001,0.1365,-61.843,15.791,0.000,0.000
279.10,-61.989,16.001,0.1365,-61.842,15.791,0.000,0.000
279.30,-61.989,16.001,0.1365,-61.842,15.791,0.000,0.000
279.50,-61.989,16.001,0.1365,-61.842,15.791,0.000,0.000
279.70,-61.989,16.001,0.1365,-61.842,15.791,0.000,0.000
279.90,-61.990,16.001,0.1365,-61.842,15.790,0.000,0.000
280.10,-61.989,16.001,0.1365,-61.842,15.790,0.000,0.000
280.30,-61.989,16.001,0.1365,-61.842,15.790,0.000,0.000
280.50,-61.989,16.001,0.1365,-61.842,15.790,0.000,0.000
280.70,-61.989,16.001,0.1365,-61.841,15.790,0.000,0.000
280.90,-61.989,16.001,0.1365,-61.841,15.789,0.000,0.000
281.10,-61.989,16.001,0.1365,-61.841,15.789,0.000,0.000
281.30,-61.989,16.001,0.1365,-61.841,15.789,0.000,0.000
281.50,-61.989,16.001,0.1365,-61.841,15.789,0.000,0.000
281.70,-61.989,16.001,0.1365,-61.841,15.789,0.000,0.000
281.90,-61.989,16.001,0.1365,-61.841,15.789,0.000,0.000
282.10,-61.989,16.001,0.1365,-61.841,15.788,0.000,0.000
282.30,-61.989,16.001,0.1365,-61.841,15.788,0.000,0.000
282.50,-61.988,16.001,0.1365,-61.840,15.788,0.048,0.032
282.70,-61.975,16.004,0.1369,-61.829,15.790,0.138,0.098
282.90,-61.960,16.008,0.1436,-61.816,15.795,0.155,0.142
283.10,-61.942,16.015,0.1573,-61.800,15.802,0.160,0.207
283.30,-61.921,16.025,0.1781,-61.781,15.813,0.169,0.187
283.50,-61.895,16.041,0.2093,-61.756,15.829,0.174,0.246
283.70,-61.863,16.061,0.2435,-61.726,15.850,0.185,0.263
283.90,-61.833,16.083,0.2801,-61.696,15.872,0.195,0.252
284.10,-61.802,16.107,0.3180,-61.666,15.896,0.223,0.239
284.30,-61.771,16.135,0.3585,-61.635,15.924,0.249,0.249
284.50,-61.738,16.165,0.4003,-61.602,15.954,0.258,0.259
284.70,-61.710,16.194,0.4395,-61.572,15.985,0.254,0.251
284.90,-61.691,16.213,0.4657,-61.553,16.005,0.231,0.208
285.10,-61.671,16.232,0.4930,-61.533,16.024,0.206,0.159
285.30,-61.653,16.252,0.5210,-61.515,16.044,0.199,0.149
285.50,-61.634,16.273,0.5465,-61.496,16.065,0.197,0.145
285.70,-61.616,16.294,0.5695,-61.479,16.086,0.197,0.142
285.90,-61.597,16.315,0.5902,-61.463,16.108,0.197,0.140
286.10,-61.579,16.337,0.6105,-61.446,16.130,0.197,0.136
286.30,-61.561,16.360,0.6310,-61.429,16.152,0.199,0.136
286.50,-61.546,16.378,0.6461,-61.415,16.172,0.196,0.132
286.70,-61.533,16.394,0.6596,-61.403,16.188,0.161,0.165
286.90,-61.524,16.400,0.6695,-61.396,16.195,0.139,0.129
287.10,-61.498,16.403,0.7038,-61.373,16.196,0.144,0.194
287.30,-61.464,16.416,0.7366,-61.339,16.206,0.172,0.225
287.50,-61.432,16.430,0.7672,-61.306,16.219,0.227,0.192
287.70,-61.403,16.442,0.7984,-61.276,16.231,0.239,0.193
287.90,-61.377,16.454,0.8271,-61.249,16.243,0.229,0.173
288.10,-61.352,16.468,0.8532,-61.225,16.256,0.218,0.154
288.30,-61.329,16.482,0.8774,-61.202,16.269,0.211,0.143
288.50,-61.309,16.495,0.8970,-61.181,16.281,0.205,0.135
288.70,-61.298,16.505,0.9100,-61.169,16.291,0.188,0.117
288.90,-61.295,16.533,0.9482,-61.166,16.317,0.156,0.071
289.10,-61.282,16.568,0.9750,-61.156,16.351,0.178,0.101
289.30,-61.270,16.605,1.0010,-61.146,16.388,0.208,0.108
289.50,-61.257,16.639,1.0193,-61.136,16.424,0.218,0.095
289.70,-61.247,16.663,1.0288,-61.126,16.450,0.205,0.065
289.90,-61.238,16.680,1.0328,-61.119,16.468,0.177,0.040
290.10,-61.228,16.694,1.0378,-61.110,16.479,0.159,0.023
290.30,-61.216,16.715,1.0379,-61.098,16.497,0.184,0.002
290.50,-61.199,16.743,1.0380,-61.082,16.523,0.219,-0.029
290.70,-61.182,16.770,1.0380,-61.065,16.551,0.231,-0.028
290.90,-61.164,16.800,1.0380,-61.048,16.581,0.235,-0.022
291.10,-61.145,16.835,1.0379,-61.029,16.614,0.243,-0.020
291.30,-61.123,16.873,1.0378,-61.007,16.652,0.254,-0.019
291.50,-61.099,16.912,1.0378,-60.984,16.691,0.269,-0.019
291.70,-61.075,16.953,1.0379,-60.960,16.732,0.275,-0.021
291.90,-61.051,16.996,1.0378,-60.936,16.776,0.280,-0.023
292.10,-61.024,17.042,1.0377,-60.909,16.821,0.264,0.040
292.30,-60.995,17.090,1.0377,-60.881,16.868,0.271,0.029
292.50,-60.966,17.139,1.0376,-60.852,16.916,0.302,0.002
292.70,-60.939,17.184,1.0377,-60.825,16.962,0.332,-0.005
292.90,-60.912,17.229,1.0377,-60.798,17.008,0.323,0.010
293.10,-60.882,17.280,1.0377,-60.768,17.057,0.315,0.014
293.30,-60.848,17.336,1.0376,-60.735,17.113,0.325,0.015
293.50,-60.815,17.392,1.0375,-60.702,17.169,0.333,0.016
293.70,-60.783,17.446,1.0375,-60.670,17.223,0.331,0.017
293.90,-60.751,17.501,1.0376,-60.637,17.278,0.326,0.017
294.10,-60.717,17.557,1.0376,-60.603,17.334,0.325,0.017
294.30,-60.684,17.614,1.0377,-60.569,17.391,0.326,0.017
294.50,-60.651,17.671,1.0377,-60.536,17.448,0.334,-0.022
294.70,-60.618,17.726,1.0377,-60.503,17.504,0.331,-0.015
294.90,-60.586,17.784,1.0378,-60.470,17.561,0.323,-0.013
295.10,-60.553,17.840,1.0377,-60.437,17.617,0.348,-0.014
295.30,-60.520,17.896,1.0377,-60.404,17.673,0.373,-0.027
295.50,-60.488,17.950,1.0377,-60.371,17.728,0.361,-0.016
295.70,-60.455,18.006,1.0378,-60.339,17.784,0.350,-0.012
295.90,-60.418,18.069,1.0377,-60.303,17.845,0.354,-0.011
296.10,-60.382,18.133,1.0377,-60.266,17.909,0.359,-0.013
296.30,-60.346,18.194,1.0377,-60.230,17.971,0.357,-0.014
296.50,-60.310,18.253,1.0377,-60.194,18.030,0.350,-0.014
296.70,-60.274,18.312,1.0377,-60.158,18.089,0.343,-0.014
296.90,-60.239,18.373,1.0377,-60.122,18.151,0.388,0.037
297.10,-60.203,18.434,1.0377,-60.086,18.212,0.391,0.030
297.30,-60.168,18.493,1.0377,-60.051,18.271,0.369,0.028
297.50,-60.130,18.558,1.0378,-60.014,18.335,0.360,0.029
297.70,-60.091,18.624,1.0378,-59.975,18.401,0.395,-0.059
297.90,-60.052,18.688,1.0379,-59.936,18.466,0.401,-0.053
298.10,-60.015,18.752,1.0379,-59.898,18.529,0.388,-0.044
298.30,-59.977,18.817,1.0375,-59.861,18.594,0.378,-0.040
298.50,-59.938,18.885,1.0371,-59.822,18.661,0.353,0.018
298.70,-59.896,18.952,1.0369,-59.781,18.729,0.373,-0.001
298.90,-59.857,19.017,1.0368,-59.742,18.794,0.412,-0.021
299.10,-59.821,19.078,1.0368,-59.705,18.856,0.398,-0.005
299.30,-59.783,19.142,1.0368,-59.667,18.920,0.379,-0.001
299.50,-59.742,19.211,1.0368,-59.626,18.988,0.380,0.001
299.70,-59.702,19.278,1.0367,-59.587,19.056,0.381,0.001
299.90,-59.665,19.342,1.0367,-59.549,19.121,0.397,0.038
300.10,-59.627,19.407,1.0367,-59.512,19.186,0.420,0.040
300.30,-59.589,19.471,1.0367,-59.474,19.250,0.399,0.037
300.50,-59.550,19.537,1.0367,-59.435,19.316,0.387,0.038
300.70,-59.508,19.607,1.0367,-59.393,19.386,0.345,-0.059
300.90,-59.468,19.674,1.0368,-59.353,19.454,0.384,-0.039
301.10,-59.430,19.739,1.0368,-59.314,19.520,0.413,-0.041
301.30,-59.392,19.802,1.0360,-59.276,19.585,0.401,-0.036
301.50,-59.353,19.868,1.0359,-59.238,19.650,0.386,-0.033
301.70,-59.311,19.939,1.0358,-59.196,19.720,0.393,-0.029
301.90,-59.271,20.006,1.0358,-59.156,19.788,0.390,-0.030
302.10,-59.232,20.072,1.0359,-59.117,19.854,0.404,0.021
302.30,-59.191,20.139,1.0359,-59.076,19.921,0.428,0.020
302.50,-59.152,20.205,1.0358,-59.036,19.988,0.406,0.013
302.70,-59.112,20.274,1.0359,-58.996,20.057,0.393,0.014
302.90,-59.065,20.347,1.0360,-58.951,20.129,0.396,0.014
303.10,-59.024,20.418,1.0361,-58.908,20.201,0.402,0.014
303.30,-58.983,20.487,1.0361,-58.867,20.270,0.392,0.013
303.50,-58.943,20.555,1.0361,-58.827,20.338,0.389,-0.024
303.70,-58.903,20.623,1.0362,-58.787,20.406,0.384,-0.019
303.90,-58.865,20.690,1.0362,-58.748,20.474,0.372,-0.016
304.10,-58.825,20.757,1.0362,-58.708,20.541,0.364,-0.016
304.30,-58.787,20.821,1.0361,-58.670,20.606,0.409,-0.027
304.50,-58.750,20.885,1.0362,-58.632,20.670,0.403,-0.021
304.70,-58.712,20.950,1.0362,-58.594,20.733,0.386,-0.016
304.90,-58.670,21.020,1.0361,-58.554,20.804,0.386,-0.015
305.10,-58.629,21.092,1.0361,-58.512,20.875,0.389,-0.015
305.30,-58.588,21.159,1.0361,-58.472,20.943,0.385,-0.016
305.50,-58.549,21.225,1.0361,-58.432,21.009,0.376,-0.017
305.70,-58.510,21.293,1.0361,-58.393,21.076,0.407,0.034
305.90,-58.471,21.360,1.0362,-58.354,21.143,0.420,0.030
306.10,-58.433,21.425,1.0363,-58.316,21.209,0.398,0.026
306.30,-58.393,21.492,1.0363,-58.276,21.276,0.382,0.026
306.50,-58.351,21.564,1.0364,-58.234,21.347,0.413,-0.064
306.70,-58.312,21.631,1.0365,-58.194,21.415,0.416,-0.054
306.90,-58.273,21.696,1.0365,-58.155,21.480,0.397,-0.046
307.10,-58.234,21.763,1.0360,-58.117,21.546,0.385,-0.049
307.30,-58.194,21.829,1.0357,-58.078,21.611,0.352,0.015
307.50,-58.153,21.896,1.0355,-58.037,21.678,0.370,-0.005
307.70,-58.115,21.959,1.0353,-57.999,21.741,0.405,-0.023
307.90,-58.079,22.020,1.0352,-57.963,21.802,0.395,-0.009
308.10,-58.043,22.082,1.0351,-57.926,21.864,0.375,-0.004
308.30,-58.003,22.152,1.0350,-57.887,21.932,0.374,-0.003
308.50,-57.962,22.220,1.0349,-57.847,22.001,0.380,-0.002
308.70,-57.923,22.285,1.0349,-57.807,22.067,0.381,-0.008
308.90,-57.884,22.350,1.0348,-57.768,22.131,0.406,-0.032
309.10,-57.846,22.414,1.0348,-57.729,22.196,0.418,-0.028
309.30,-57.808,22.479,1.0347,-57.691,22.261,0.408,-0.019
309.50,-57.766,22.547,1.0345,-57.651,22.328,0.349,-0.048
309.70,-57.722,22.620,1.0345,-57.607,22.400,0.368,-0.039
309.90,-57.678,22.690,1.0346,-57.563,22.471,0.418,-0.041
310.10,-57.640,22.754,1.0340,-57.524,22.537,0.411,-0.033
310.30,-57.604,22.816,1.0338,-57.487,22.600,0.386,-0.033
310.50,-57.563,22.887,1.0337,-57.447,22.669,0.381,-0.034
310.70,-57.521,22.957,1.0337,-57.405,22.740,0.387,-0.032
310.90,-57.479,23.023,1.0337,-57.364,22.807,0.383,-0.034
311.10,-57.441,23.089,1.0335,-57.324,22.872,0.408,-0.039
311.30,-57.402,23.156,1.0333,-57.285,22.939,0.423,-0.054
311.50,-57.363,23.222,1.0332,-57.246,23.006,0.414,-0.042
311.70,-57.323,23.291,1.0330,-57.206,23.074,0.405,-0.040
311.90,-57.281,23.360,1.0327,-57.165,23.143,0.403,-0.045
312.10,-57.238,23.431,1.0326,-57.122,23.213,0.403,-0.044
312.30,-57.197,23.500,1.0326,-57.080,23.283,0.399,-0.044
312.50,-57.156,23.569,1.0326,-57.039,23.352,0.366,-0.009
312.70,-57.115,23.637,1.0326,-56.997,23.420,0.360,-0.013
312.90,-57.074,23.704,1.0326,-56.956,23.488,0.362,-0.018
313.10,-57.037,23.767,1.0327,-56.918,23.552,0.412,-0.033
313.30,-57.000,23.831,1.0328,-56.881,23.615,0.401,-0.023
313.50,-56.961,23.896,1.0328,-56.843,23.680,0.384,-0.016
313.70,-56.920,23.965,1.0327,-56.803,23.749,0.385,-0.015
313.90,-56.880,24.033,1.0325,-56.763,23.817,0.377,0.049
314.10,-56.840,24.099,1.0325,-56.722,23.883,0.356,0.048
314.30,-56.801,24.164,1.0324,-56.683,23.949,0.402,-0.003
314.50,-56.763,24.228,1.0324,-56.645,24.013,0.412,0.011
314.70,-56.726,24.291,1.0328,-56.608,24.077,0.391,0.026
314.90,-56.688,24.357,1.0328,-56.570,24.142,0.377,0.028
315.10,-56.645,24.427,1.0328,-56.528,24.212,0.379,0.026
315.30,-56.601,24.495,1.0329,-56.484,24.280,0.383,0.028
315.50,-56.563,24.561,1.0328,-56.445,24.347,0.382,-0.005
315.70,-56.522,24.627,1.0328,-56.405,24.413,0.379,-0.008
315.90,-56.482,24.694,1.0328,-56.365,24.480,0.372,-0.001
316.10,-56.443,24.759,1.0327,-56.326,24.545,0.364,-0.001
316.30,-56.405,24.823,1.0325,-56.288,24.610,0.385,-0.010
316.50,-56.368,24.887,1.0324,-56.250,24.673,0.409,-0.019
316.70,-56.331,24.949,1.0323,-56.213,24.736,0.395,-0.007
316.90,-56.292,25.014,1.0322,-56.174,24.800,0.381,-0.004
317.10,-56.251,25.082,1.0322,-56.133,24.868,0.380,-0.003
317.30,-56.210,25.149,1.0321,-56.093,24.935,0.378,-0.003
317.50,-56.172,25.214,1.0321,-56.054,25.000,0.372,-0.004
317.70,-56.133,25.278,1.0321,-56.015,25.065,0.366,-0.005
317.90,-56.095,25.343,1.0321,-55.977,25.129,0.396,-0.025
318.10,-56.057,25.406,1.0321,-55.939,25.193,0.412,-0.031
318.30,-56.019,25.468,1.0321,-55.902,25.255,0.399,-0.018
318.50,-55.980,25.534,1.0321,-55.863,25.320,0.390,-0.015
318.70,-55.939,25.604,1.0321,-55.822,25.390,0.400,-0.033
318.90,-55.898,25.673,1.0321,-55.780,25.459,0.404,-0.029
319.10,-55.858,25.739,1.0322,-55.740,25.526,0.396,-0.029
319.30,-55.818,25.808,1.0323,-55.700,25.594,0.390,-0.031
319.50,-55.777,25.876,1.0323,-55.659,25.662,0.374,-0.014
319.70,-55.736,25.944,1.0322,-55.618,25.730,0.384,-0.022
319.90,-55.696,26.013,1.0321,-55.578,25.799,0.414,-0.046
320.10,-55.657,26.079,1.0321,-55.538,25.865,0.425,-0.050
320.30,-55.618,26.144,1.0320,-55.499,25.930,0.409,-0.038
320.50,-55.577,26.212,1.0319,-55.459,25.997,0.401,-0.038
320.70,-55.536,26.280,1.0315,-55.417,26.064,0.396,-0.040
320.90,-55.495,26.350,1.0314,-55.375,26.134,0.396,-0.042
321.10,-55.452,26.420,1.0315,-55.333,26.204,0.396,-0.040
321.30,-55.411,26.487,1.0315,-55.292,26.272,0.390,-0.043
321.50,-55.370,26.555,1.0314,-55.251,26.339,0.382,-0.047
321.70,-55.330,26.622,1.0313,-55.211,26.407,0.373,-0.050
321.90,-55.289,26.688,1.0313,-55.170,26.474,0.386,-0.040
322.10,-55.252,26.753,1.0311,-55.132,26.538,0.410,-0.068
322.30,-55.211,26.817,1.0310,-55.093,26.602,0.410,-0.071
322.50,-55.174,26.880,1.0309,-55.055,26.664,0.395,-0.063
322.70,-55.136,26.943,1.0301,-55.017,26.727,0.367,0.013
322.90,-55.100,27.002,1.0296,-54.982,26.785,0.341,0.005
323.10,-55.065,27.061,1.0291,-54.946,26.842,0.344,-0.020
323.30,-55.028,27.123,1.0290,-54.910,26.902,0.381,-0.045
323.50,-54.992,27.183,1.0289,-54.874,26.963,0.394,-0.035
323.70,-54.956,27.243,1.0289,-54.838,27.022,0.381,-0.023
323.90,-54.917,27.308,1.0287,-54.800,27.086,0.381,-0.022
324.10,-54.876,27.374,1.0287,-54.760,27.152,0.387,-0.022
324.30,-54.838,27.440,1.0288,-54.721,27.218,0.402,-0.080
324.50,-54.799,27.507,1.0290,-54.682,27.285,0.409,-0.078
324.70,-54.759,27.575,1.0289,-54.642,27.353,0.403,-0.073
324.90,-54.717,27.644,1.0272,-54.600,27.422,0.376,-0.011
325.10,-54.673,27.716,1.0254,-54.557,27.492,0.357,-0.024
325.30,-54.624,27.793,1.0223,-54.507,27.569,0.420,-0.052
325.50,-54.581,27.867,1.0210,-54.460,27.644,0.456,-0.073
325.70,-54.543,27.929,1.0211,-54.422,27.708,0.437,-0.056
325.90,-54.501,27.996,1.0210,-54.381,27.774,0.410,-0.043
326.10,-54.455,28.069,1.0195,-54.336,27.845,0.408,-0.047
326.30,-54.407,28.145,1.0187,-54.288,27.921,0.419,-0.052
326.50,-54.364,28.218,1.0187,-54.244,27.995,0.453,-0.007
326.70,-54.321,28.291,1.0184,-54.201,28.068,0.458,-0.017
326.90,-54.276,28.366,1.0181,-54.155,28.142,0.443,-0.018
327.10,-54.227,28.444,1.0180,-54.107,28.220,0.440,-0.014
327.30,-54.179,28.523,1.0180,-54.059,28.299,0.425,-0.072
327.50,-54.132,28.600,1.0180,-54.011,28.376,0.455,-0.069
327.70,-54.085,28.676,1.0180,-53.965,28.452,0.451,-0.060
327.90,-54.037,28.754,1.0169,-53.917,28.530,0.443,-0.064
328.10,-53.987,28.834,1.0156,-53.866,28.610,0.401,-0.015
328.30,-53.936,28.915,1.0148,-53.814,28.691,0.443,-0.043
328.50,-53.886,28.994,1.0141,-53.763,28.771,0.488,-0.066
328.70,-53.844,29.062,1.0141,-53.720,28.841,0.466,-0.048
328.90,-53.798,29.135,1.0139,-53.675,28.913,0.437,-0.039
329.10,-53.753,29.210,1.0134,-53.631,28.986,0.427,-0.042
329.30,-53.705,29.287,1.0133,-53.584,29.063,0.426,-0.043
329.50,-53.660,29.361,1.0133,-53.539,29.138,0.423,-0.042
329.70,-53.615,29.433,1.0133,-53.493,29.210,0.415,-0.043
329.90,-53.571,29.505,1.0132,-53.449,29.282,0.404,-0.045
330.10,-53.526,29.577,1.0132,-53.404,29.355,0.395,-0.048
330.30,-53.481,29.647,1.0131,-53.360,29.425,0.426,-0.054
330.50,-53.438,29.716,1.0131,-53.316,29.494,0.441,-0.073
330.70,-53.397,29.782,1.0130,-53.275,29.561,0.428,-0.065
330.90,-53.356,29.848,1.0127,-53.235,29.626,0.407,-0.065
331.10,-53.316,29.911,1.0120,-53.196,29.689,0.362,0.019
331.30,-53.277,29.975,1.0114,-53.158,29.752,0.359,-0.015
331.50,-53.237,30.039,1.0103,-53.118,29.816,0.400,-0.049
331.70,-53.200,30.099,1.0103,-53.080,29.877,0.406,-0.038
331.90,-53.163,30.158,1.0102,-53.044,29.936,0.389,-0.022
332.10,-53.122,30.223,1.0100,-53.003,30.000,0.385,-0.020
332.30,-53.079,30.291,1.0098,-52.961,30.067,0.392,-0.021
332.50,-53.037,30.357,1.0097,-52.919,30.134,0.394,-0.021
332.70,-52.996,30.422,1.0096,-52.878,30.199,0.405,-0.084
332.90,-52.956,30.487,1.0095,-52.837,30.265,0.410,-0.087
333.10,-52.913,30.553,1.0094,-52.795,30.331,0.403,-0.081
333.30,-52.873,30.615,1.0082,-52.754,30.394,0.389,-0.088
333.50,-52.839,30.670,1.0070,-52.719,30.449,0.316,-0.009
333.70,-52.805,30.723,1.0061,-52.686,30.501,0.324,-0.103
333.90,-52.769,30.780,1.0056,-52.651,30.556,0.330,-0.094
334.10,-52.736,30.831,1.0047,-52.617,30.609,0.324,-0.090
334.30,-52.708,30.875,1.0016,-52.589,30.654,0.304,-0.100
334.50,-52.686,30.910,1.0006,-52.567,30.689,0.258,-0.100
334.70,-52.664,30.944,0.9998,-52.546,30.722,0.233,-0.093
334.90,-52.648,30.970,0.9994,-52.530,30.748,0.210,-0.087
335.10,-52.634,30.990,0.9991,-52.518,30.767,0.184,-0.077
335.30,-52.623,31.009,0.9979,-52.509,30.785,0.161,-0.081
335.50,-52.613,31.025,0.9971,-52.500,30.801,0.153,-0.090
335.70,-52.603,31.041,0.9968,-52.491,30.816,0.115,-0.044
335.90,-52.596,31.053,0.9933,-52.486,30.828,0.130,-0.103
336.10,-52.591,31.070,0.9812,-52.484,30.844,0.140,-0.149
336.30,-52.583,31.082,0.9811,-52.476,30.857,0.144,-0.110
336.50,-52.586,31.093,0.9572,-52.479,30.868,0.130,-0.134
336.70,-52.593,31.110,0.9157,-52.487,30.885,0.125,-0.221
336.90,-52.595,31.127,0.8819,-52.491,30.902,0.130,-0.259
337.10,-52.594,31.140,0.8288,-52.491,30.916,0.135,-0.277
337.30,-52.598,31.151,0.7314,-52.494,30.928,0.135,-0.358
337.50,-52.609,31.162,0.6286,-52.504,30.939,0.123,-0.454
337.70,-52.624,31.180,0.5462,-52.519,30.955,0.113,-0.431
337.90,-52.645,31.209,0.4566,-52.538,30.984,0.113,-0.375
338.10,-52.682,31.220,0.3919,-52.572,31.001,0.073,-0.322
338.30,-52.729,31.222,0.3395,-52.617,31.004,0.004,-0.229
338.50,-52.779,31.228,0.2859,-52.666,31.009,-0.033,-0.203
338.70,-52.829,31.236,0.2326,-52.717,31.018,-0.041,-0.202
338.90,-52.874,31.245,0.1868,-52.764,31.027,-0.036,-0.191
339.10,-52.919,31.255,0.1424,-52.810,31.038,-0.025,-0.176
339.30,-52.962,31.267,0.0998,-52.854,31.051,-0.047,-0.144
339.50,-53.004,31.276,0.0661,-52.897,31.061,-0.054,-0.126
339.70,-53.039,31.288,0.0322,-52.932,31.074,-0.024,-0.107
339.90,-53.076,31.302,-0.0028,-52.970,31.088,-0.011,-0.114
340.10,-53.117,31.317,-0.0387,-53.012,31.106,-0.021,-0.125
340.30,-53.146,31.329,-0.0635,-53.045,31.121,-0.009,-0.106
340.50,-53.168,31.339,-0.0835,-53.070,31.134,0.013,-0.077
340.70,-53.190,31.349,-0.1039,-53.092,31.146,0.031,-0.055
340.90,-53.211,31.359,-0.1238,-53.114,31.158,0.040,-0.047
341.10,-53.225,31.366,-0.1349,-53.131,31.168,0.045,-0.040
341.30,-53.229,31.367,-0.1368,-53.137,31.173,0.074,0.002
341.50,-53.229,31.368,-0.1385,-53.139,31.175,0.097,0.037
341.70,-53.225,31.368,-0.1400,-53.135,31.177,0.115,0.033
341.90,-53.212,31.366,-0.1400,-53.123,31.176,0.132,0.048
342.10,-53.194,31.363,-0.1399,-53.106,31.173,0.154,0.056
342.30,-53.172,31.360,-0.1399,-53.085,31.170,0.174,0.057
342.50,-53.148,31.357,-0.1396,-53.062,31.167,0.181,0.059
342.70,-53.123,31.353,-0.1391,-53.038,31.164,0.183,0.062
342.90,-53.095,31.349,-0.1387,-53.012,31.160,0.186,0.063
343.10,-53.066,31.346,-0.1382,-52.984,31.157,0.190,0.067
343.30,-53.038,31.342,-0.1375,-52.957,31.153,0.191,0.066
343.50,-53.009,31.338,-0.1368,-52.930,31.151,0.189,0.068
343.70,-52.982,31.335,-0.1365,-52.903,31.148,0.186,0.071
343.90,-52.957,31.332,-0.1360,-52.879,31.146,0.180,0.070
344.10,-52.933,31.329,-0.1355,-52.857,31.143,0.173,0.069
344.30,-52.912,31.326,-0.1351,-52.837,31.141,0.165,0.070
344.50,-52.891,31.323,-0.1347,-52.818,31.140,0.160,0.073
344.70,-52.872,31.321,-0.1343,-52.800,31.138,0.187,0.039
344.90,-52.854,31.319,-0.1338,-52.783,31.136,0.189,0.057
345.10,-52.836,31.316,-0.1334,-52.768,31.134,0.175,0.061
345.30,-52.802,31.312,-0.1334,-52.736,31.130,0.192,0.063
345.50,-52.762,31.307,-0.1323,-52.696,31.126,0.222,0.070
345.70,-52.722,31.303,-0.1288,-52.655,31.124,0.240,0.086
345.90,-52.684,31.299,-0.1266,-52.615,31.122,0.241,0.093
346.10,-52.649,31.294,-0.1262,-52.581,31.117,0.234,0.082
346.30,-52.615,31.290,-0.1255,-52.548,31.114,0.222,0.077
346.50,-52.586,31.286,-0.1252,-52.520,31.111,0.207,0.074
346.70,-52.556,31.282,-0.1249,-52.492,31.108,0.199,0.072
346.90,-52.526,31.279,-0.1249,-52.464,31.104,0.194,0.073
347.10,-52.497,31.275,-0.1248,-52.437,31.100,0.192,0.072
347.30,-52.471,31.272,-0.1249,-52.413,31.097,0.186,0.069
347.50,-52.446,31.269,-0.1251,-52.390,31.094,0.178,0.067
347.70,-52.422,31.266,-0.1252,-52.368,31.091,0.172,0.066
347.90,-52.398,31.263,-0.1254,-52.346,31.087,0.170,0.067
348.10,-52.375,31.260,-0.1255,-52.325,31.084,0.167,0.069
348.30,-52.353,31.258,-0.1256,-52.305,31.081,0.165,0.071
348.50,-52.332,31.255,-0.1258,-52.286,31.079,0.161,0.070
348.70,-52.311,31.253,-0.1256,-52.267,31.077,0.157,0.072
348.90,-52.294,31.251,-0.1250,-52.251,31.075,0.151,0.071
349.10,-52.277,31.249,-0.1242,-52.236,31.074,0.146,0.073
349.30,-52.262,31.247,-0.1238,-52.222,31.073,0.142,0.081
349.50,-52.247,31.246,-0.1234,-52.209,31.072,0.137,0.078
349.70,-52.235,31.244,-0.1226,-52.197,31.072,0.134,0.080
349.90,-52.222,31.246,-0.1131,-52.185,31.075,0.131,0.110
350.10,-52.206,31.250,-0.0992,-52.170,31.080,0.147,0.158
350.30,-52.191,31.253,-0.0850,-52.156,31.086,0.175,0.187
350.50,-52.176,31.262,-0.0603,-52.141,31.097,0.174,0.199
350.70,-52.166,31.271,-0.0201,-52.130,31.106,0.162,0.223
350.90,-52.150,31.286,0.0400,-52.117,31.121,0.161,0.303
351.10,-52.134,31.282,0.0813,-52.100,31.121,0.166,0.257
351.30,-52.124,31.262,0.1533,-52.090,31.103,0.162,0.324
351.50,-52.118,31.233,0.2296,-52.082,31.074,0.151,0.340
351.70,-52.137,31.210,0.2753,-52.096,31.048,0.097,0.297
351.90,-52.167,31.184,0.3178,-52.123,31.022,0.028,0.228
352.10,-52.192,31.157,0.3604,-52.150,30.995,0.003,0.213
352.30,-52.211,31.138,0.3910,-52.170,30.973,0.024,0.188
352.50,-52.227,31.121,0.4175,-52.186,30.954,-0.016,0.147
352.70,-52.246,31.099,0.4477,-52.204,30.931,0.017,0.171
352.90,-52.268,31.074,0.4805,-52.224,30.905,0.020,0.170
353.10,-52.291,31.047,0.5134,-52.247,30.876,0.008,0.163
353.30,-52.313,31.040,0.5405,-52.270,30.865,0.017,0.123
353.50,-52.340,31.036,0.5696,-52.298,30.860,0.026,0.095
353.70,-52.369,31.031,0.5999,-52.327,30.856,0.026,0.111
353.90,-52.392,31.026,0.6229,-52.354,30.851,0.032,0.103
354.10,-52.406,31.023,0.6381,-52.371,30.848,0.050,0.073
354.30,-52.422,31.019,0.6544,-52.389,30.845,0.059,0.058
354.50,-52.439,31.014,0.6715,-52.408,30.839,0.057,0.047
354.70,-52.446,31.013,0.6791,-52.420,30.836,0.066,0.029
354.90,-52.444,31.018,0.6873,-52.421,30.842,0.097,0.025
355.10,-52.438,31.025,0.6898,-52.417,30.851,0.129,0.020
355.30,-52.428,31.033,0.6898,-52.408,30.858,0.143,-0.011
355.50,-52.413,31.045,0.6899,-52.394,30.870,0.158,-0.028
355.70,-52.394,31.061,0.6899,-52.376,30.885,0.174,-0.034
355.90,-52.373,31.078,0.6899,-52.355,30.902,0.186,-0.036
356.10,-52.350,31.097,0.6899,-52.332,30.921,0.195,-0.036
356.30,-52.324,31.119,0.6898,-52.306,30.942,0.201,-0.038
356.50,-52.296,31.142,0.6897,-52.278,30.965,0.208,-0.039
356.70,-52.267,31.167,0.6896,-52.248,30.990,0.213,-0.042
356.90,-52.236,31.192,0.6896,-52.217,31.016,0.215,-0.043
357.10,-52.204,31.219,0.6895,-52.185,31.043,0.217,-0.044
357.30,-52.170,31.247,0.6894,-52.152,31.071,0.249,-0.010
357.50,-52.137,31.274,0.6892,-52.119,31.099,0.289,-0.030
357.70,-52.103,31.302,0.6890,-52.085,31.127,0.289,-0.041
357.90,-52.071,31.329,0.6888,-52.053,31.154,0.272,-0.030
358.10,-52.029,31.364,0.6887,-52.012,31.188,0.280,-0.025
358.30,-51.987,31.398,0.6886,-51.971,31.222,0.292,-0.025
358.50,-51.946,31.431,0.6886,-51.929,31.257,0.296,-0.024
358.70,-51.906,31.464,0.6886,-51.889,31.290,0.293,-0.025
358.90,-51.863,31.499,0.6886,-51.846,31.325,0.293,-0.026
359.10,-51.819,31.536,0.6886,-51.801,31.362,0.297,-0.026
359.30,-51.775,31.572,0.6886,-51.756,31.398,0.297,-0.027
359.50,-51.730,31.609,0.6885,-51.712,31.435,0.294,-0.028
359.70,-51.685,31.646,0.6885,-51.666,31.472,0.292,-0.029
359.90,-51.639,31.684,0.6885,-51.620,31.510,0.290,-0.031
360.10,-51.592,31.722,0.6884,-51.573,31.547,0.285,-0.033
360.30,-51.548,31.758,0.6884,-51.528,31.584,0.337,-0.005
360.50,-51.505,31.793,0.6883,-51.485,31.620,0.348,-0.022
360.70,-51.463,31.829,0.6883,-51.441,31.656,0.334,-0.017
360.90,-51.414,31.869,0.6883,-51.393,31.695,0.326,-0.013
361.10,-51.362,31.911,0.6883,-51.342,31.737,0.333,-0.011
361.30,-51.311,31.953,0.6883,-51.290,31.780,0.338,-0.012
361.50,-51.263,31.993,0.6882,-51.241,31.820,0.334,-0.013
361.70,-51.214,32.033,0.6882,-51.192,31.861,0.326,-0.014
361.90,-51.163,32.075,0.6882,-51.142,31.902,0.363,0.057
362.10,-51.113,32.116,0.6882,-51.091,31.944,0.360,0.043
362.30,-51.063,32.157,0.6881,-51.041,31.985,0.344,0.041
362.50,-51.014,32.197,0.6886,-50.993,32.025,0.299,-0.038
362.70,-50.961,32.241,0.6887,-50.940,32.067,0.336,0.056
362.90,-50.908,32.284,0.6888,-50.887,32.111,0.338,0.051
363.10,-50.860,32.324,0.6889,-50.837,32.152,0.330,0.050
363.30,-50.809,32.366,0.6893,-50.787,32.193,0.320,0.054
363.50,-50.754,32.411,0.6901,-50.733,32.239,0.323,0.062
363.70,-50.700,32.456,0.6906,-50.678,32.285,0.326,0.067
363.90,-50.646,32.499,0.6915,-50.623,32.328,0.321,0.072
364.10,-50.593,32.543,0.6926,-50.568,32.372,0.314,0.076
364.30,-50.544,32.584,0.6938,-50.518,32.414,0.331,0.093
364.50,-50.499,32.621,0.6951,-50.473,32.451,0.339,0.115
364.70,-50.459,32.654,0.6961,-50.433,32.484,0.312,0.113
364.90,-50.420,32.687,0.6981,-50.395,32.516,0.279,0.102
365.10,-50.378,32.721,0.7021,-50.354,32.549,0.268,0.107
365.30,-50.337,32.755,0.7068,-50.313,32.582,0.267,0.122
365.50,-50.297,32.788,0.7118,-50.274,32.614,0.264,0.123
365.70,-50.255,32.820,0.7223,-50.231,32.645,0.265,0.146
365.90,-50.223,32.847,0.7325,-50.196,32.672,0.281,0.173
366.10,-50.209,32.858,0.7339,-50.180,32.683,0.238,0.178
366.30,-50.203,32.882,0.7684,-50.176,32.704,0.185,0.195
366.50,-50.201,32.918,0.8266,-50.175,32.740,0.187,0.272
366.70,-50.201,32.953,0.8888,-50.177,32.775,0.193,0.313
366.90,-50.201,32.982,0.9552,-50.178,32.805,0.192,0.316
367.10,-50.203,33.005,1.0678,-50.180,32.828,0.185,0.398
367.30,-50.208,33.026,1.2130,-50.184,32.849,0.177,0.555
367.50,-50.214,33.053,1.3656,-50.191,32.874,0.167,0.631
367.70,-50.219,33.080,1.5612,-50.195,32.900,0.186,0.676
367.90,-50.227,33.100,1.8307,-50.202,32.921,0.157,0.915
368.10,-50.248,33.117,2.1314,-50.219,32.938,0.074,1.021
368.30,-50.293,33.128,2.4339,-50.261,32.955,0.045,1.008
368.50,-50.349,33.125,2.7376,-50.317,32.953,0.042,1.016
368.70,-50.416,33.113,2.9479,-50.382,32.944,0.086,0.994
368.90,-50.482,33.093,3.0282,-50.447,32.926,0.128,0.578
369.10,-50.528,33.075,3.0898,-50.496,32.908,0.113,0.353
369.30,-50.560,33.063,3.1331,-50.530,32.895,0.052,0.233
369.50,-50.584,33.052,-3.1120,-50.557,32.884,0.001,0.153
369.70,-50.609,33.039,-3.0783,-50.580,32.871,-0.016,0.162
369.90,-50.637,33.025,-3.0458,-50.608,32.855,-0.003,0.162
370.10,-50.662,33.010,-3.0166,-50.634,32.839,0.020,0.103
370.30,-50.687,32.994,-2.9867,-50.661,32.822,0.019,0.082
370.50,-50.714,32.978,-2.9556,-50.688,32.804,0.011,0.085
370.70,-50.737,32.965,-2.9346,-50.713,32.787,0.004,0.075
370.90,-50.753,32.955,-2.9207,-50.732,32.775,-0.014,0.058
371.10,-50.763,32.950,-2.9092,-50.744,32.767,-0.028,0.030
371.30,-50.764,32.953,-2.8984,-50.746,32.769,-0.062,0.033
371.50,-50.763,32.955,-2.8936,-50.746,32.772,-0.080,0.030
371.70,-50.756,32.956,-2.8937,-50.740,32.773,-0.096,-0.030
371.90,-50.745,32.959,-2.8937,-50.730,32.776,-0.112,-0.058
372.10,-50.731,32.963,-2.8937,-50.716,32.780,-0.121,-0.061
372.30,-50.713,32.968,-2.8937,-50.699,32.785,-0.115,-0.053
372.50,-50.695,32.972,-2.8937,-50.681,32.789,-0.105,-0.046
372.70,-50.680,32.975,-2.8941,-50.667,32.791,-0.092,-0.061
372.90,-50.662,32.979,-2.8943,-50.650,32.794,-0.087,-0.067
373.10,-50.646,32.983,-2.8944,-50.633,32.798,-0.087,-0.081
373.30,-50.634,32.986,-2.8946,-50.620,32.800,-0.085,-0.072
373.50,-50.625,32.986,-2.9037,-50.612,32.799,-0.069,-0.103
373.70,-50.612,32.984,-2.9180,-50.600,32.795,-0.101,-0.133
373.90,-50.599,32.979,-2.9346,-50.587,32.787,-0.122,-0.150
374.10,-50.590,32.974,-2.9603,-50.577,32.781,-0.122,-0.174
374.30,-50.581,32.965,-3.0075,-50.570,32.772,-0.119,-0.238
374.50,-50.572,32.949,-3.0549,-50.561,32.756,-0.119,-0.276
374.70,-50.565,32.929,-3.1074,-50.553,32.736,-0.115,-0.286
374.90,-50.559,32.900,3.1019,-50.547,32.709,-0.103,-0.369
375.10,-50.556,32.870,3.0215,-50.543,32.677,-0.092,-0.419
375.30,-50.553,32.837,2.9339,-50.539,32.644,-0.102,-0.426
375.50,-50.551,32.797,2.8280,-50.537,32.604,-0.096,-0.473
375.70,-50.547,32.747,2.7071,-50.533,32.556,-0.097,-0.559
375.90,-50.544,32.720,2.5314,-50.530,32.523,-0.083,-0.671
376.10,-50.552,32.708,2.2946,-50.537,32.510,-0.026,-0.951
376.30,-50.574,32.690,2.0919,-50.555,32.492,0.032,-0.968
376.50,-50.606,32.660,1.8177,-50.585,32.462,0.063,-0.962
376.70,-50.638,32.649,1.4580,-50.613,32.451,0.073,-1.012
376.90,-50.630,32.654,1.0330,-50.610,32.460,0.080,-1.004
377.10,-50.622,32.657,0.5638,-50.602,32.464,0.095,-1.000
377.30,-50.617,32.644,0.0960,-50.594,32.454,0.077,-1.000
377.50,-50.658,32.696,-0.1896,-50.643,32.492,-0.034,-0.998
377.70,-50.733,32.757,-0.3867,-50.713,32.547,-0.169,-0.862
377.90,-50.811,32.820,-0.5787,-50.788,32.606,-0.212,-0.784
378.10,-50.883,32.853,-0.6942,-50.858,32.643,-0.198,-0.627
378.30,-50.933,32.868,-0.7609,-50.912,32.661,-0.099,-0.260
378.50,-50.979,32.883,-0.8216,-50.958,32.676,-0.038,-0.120
378.70,-51.025,32.905,-0.8833,-51.004,32.696,-0.025,-0.092
378.90,-51.073,32.934,-0.9414,-51.053,32.723,-0.049,-0.114
379.10,-51.104,32.955,-0.9772,-51.091,32.746,-0.040,-0.086
379.30,-51.122,32.968,-0.9968,-51.113,32.760,0.000,-0.031
379.50,-51.130,32.976,-1.0069,-51.125,32.767,0.062,0.020
379.70,-51.133,32.983,-1.0219,-51.129,32.773,0.093,0.032
379.90,-51.132,32.982,-1.0236,-51.128,32.774,0.117,0.059
380.10,-51.127,32.974,-1.0236,-51.124,32.767,0.152,0.141
380.30,-51.118,32.959,-1.0236,-51.115,32.753,0.169,0.149
380.50,-51.110,32.945,-1.0235,-51.107,32.739,0.183,0.148
380.70,-51.114,32.932,-0.9892,-51.111,32.726,0.175,0.226
380.90,-51.114,32.913,-0.9402,-51.113,32.708,0.171,0.370
381.10,-51.105,32.893,-0.9159,-51.106,32.689,0.175,0.355
381.30,-51.088,32.880,-0.8914,-51.090,32.674,0.172,0.271
381.50,-51.064,32.868,-0.8585,-51.067,32.663,0.176,0.270
381.70,-51.035,32.853,-0.8212,-51.039,32.647,0.187,0.267
381.90,-51.009,32.838,-0.7887,-51.012,32.633,0.192,0.251
382.10,-50.981,32.827,-0.7581,-50.984,32.621,0.193,0.253
382.30,-50.956,32.816,-0.7263,-50.958,32.610,0.188,0.255
382.50,-50.938,32.806,-0.7022,-50.938,32.599,0.177,0.237
382.70,-50.930,32.794,-0.6270,-50.928,32.589,0.161,0.307
382.90,-50.918,32.774,-0.5203,-50.919,32.571,0.176,0.578
383.10,-50.890,32.750,-0.4649,-50.893,32.547,0.181,0.527
383.30,-50.861,32.739,-0.4178,-50.864,32.532,0.164,0.409
383.50,-50.834,32.738,-0.3742,-50.836,32.530,0.143,0.337
383.70,-50.804,32.739,-0.3351,-50.806,32.531,0.133,0.319
383.90,-50.767,32.743,-0.2922,-50.771,32.534,0.156,0.319
384.10,-50.726,32.749,-0.2472,-50.730,32.539,0.178,0.354
384.30,-50.691,32.755,-0.2083,-50.693,32.546,0.187,0.343
384.50,-50.658,32.761,-0.1729,-50.660,32.553,0.180,0.334
384.70,-50.627,32.769,-0.1369,-50.629,32.561,0.173,0.348
384.90,-50.596,32.778,-0.1017,-50.598,32.570,0.163,0.349
385.10,-50.566,32.787,-0.0672,-50.569,32.580,0.158,0.351
385.30,-50.539,32.798,-0.0332,-50.542,32.592,0.137,0.351
385.50,-50.514,32.807,0.0012,-50.517,32.602,0.118,0.338
385.70,-50.492,32.816,0.0331,-50.495,32.613,0.107,0.333
385.90,-50.477,32.820,0.1164,-50.478,32.619,0.103,0.354
386.10,-50.465,32.814,0.2755,-50.467,32.614,0.118,0.601
386.30,-50.448,32.816,0.4181,-50.451,32.613,0.139,0.688
386.50,-50.422,32.835,0.5274,-50.428,32.627,0.169,0.635
386.70,-50.390,32.854,0.5917,-50.397,32.646,0.195,0.471
386.90,-50.363,32.861,0.6378,-50.369,32.654,0.196,0.338
387.10,-50.342,32.871,0.7802,-50.345,32.664,0.193,0.439
387.30,-50.333,32.890,1.0239,-50.334,32.682,0.196,0.842
387.50,-50.332,32.922,1.1902,-50.330,32.712,0.173,0.870
387.70,-50.329,32.954,1.4727,-50.327,32.742,0.157,0.883
387.90,-50.328,32.994,1.9151,-50.323,32.778,0.141,1.010
388.10,-50.409,33.044,2.1963,-50.387,32.838,0.150,1.008
388.30,-50.484,33.100,2.3801,-50.461,32.893,0.280,0.874
388.50,-50.549,33.160,2.5196,-50.524,32.952,0.265,0.681
388.70,-50.617,33.211,2.6682,-50.591,33.004,0.225,0.607
388.90,-50.658,33.225,2.7530,-50.640,33.026,0.114,0.442
389.10,-50.610,33.246,2.8825,-50.607,33.047,-0.024,0.480
389.30,-50.555,33.262,2.9517,-50.555,33.061,-0.106,0.363
389.50,-50.498,33.279,3.0210,-50.498,33.077,-0.151,0.287
389.70,-50.442,33.299,3.0896,-50.442,33.097,-0.164,0.262
389.90,-50.389,33.321,-3.1301,-50.387,33.121,-0.162,0.251
390.10,-50.347,33.341,-3.0798,-50.343,33.142,-0.137,0.210
390.30,-50.314,33.358,-3.0400,-50.308,33.160,-0.108,0.172
390.50,-50.286,33.373,-3.0048,-50.279,33.175,-0.086,0.170
390.70,-50.259,33.387,-2.9730,-50.252,33.191,-0.075,0.169
390.90,-50.235,33.402,-2.9438,-50.226,33.208,-0.071,0.149
391.10,-50.206,33.418,-2.9125,-50.199,33.225,-0.073,0.136
391.30,-50.177,33.437,-2.8805,-50.169,33.245,-0.138,0.127
391.50,-50.155,33.454,-2.8550,-50.146,33.264,-0.152,0.118
391.70,-50.137,33.470,-2.8336,-50.128,33.282,-0.109,0.080
391.90,-50.107,33.487,-2.8078,-50.099,33.300,-0.117,0.103
392.10,-50.085,33.501,-2.7929,-50.078,33.316,-0.135,0.082
392.30,-50.072,33.508,-2.7884,-50.064,33.324,-0.122,0.045
392.50,-50.060,33.513,-2.7821,-50.054,33.330,-0.105,0.002
392.70,-50.046,33.519,-2.7794,-50.041,33.336,-0.100,0.018
392.90,-50.026,33.526,-2.7791,-50.023,33.343,-0.114,-0.009
393.10,-50.005,33.534,-2.7791,-50.002,33.350,-0.129,-0.031
393.30,-49.985,33.542,-2.7791,-49.982,33.358,-0.133,-0.040
393.50,-49.965,33.550,-2.7791,-49.962,33.366,-0.127,-0.039
393.70,-49.942,33.559,-2.7791,-49.939,33.375,-0.103,-0.037
393.90,-49.918,33.568,-2.7791,-49.916,33.384,-0.088,-0.037
394.10,-49.896,33.577,-2.7792,-49.893,33.392,-0.077,-0.039
394.30,-49.877,33.584,-2.7792,-49.873,33.400,-0.064,-0.042
394.50,-49.861,33.591,-2.7792,-49.856,33.406,-0.056,-0.044
394.70,-49.846,33.596,-2.7792,-49.841,33.412,-0.045,-0.044
394.90,-49.834,33.601,-2.7792,-49.829,33.417,-0.036,-0.045
395.10,-49.825,33.604,-2.7793,-49.820,33.420,-0.026,-0.047
395.30,-49.819,33.606,-2.7798,-49.814,33.422,-0.015,-0.053
395.50,-49.815,33.608,-2.7802,-49.810,33.423,-0.009,-0.065
395.70,-49.812,33.608,-2.7826,-49.806,33.421,-0.005,-0.078
395.90,-49.812,33.607,-2.7870,-49.804,33.417,-0.001,-0.093
396.10,-49.818,33.602,-2.7915,-49.809,33.410,0.007,-0.103
396.30,-49.829,33.594,-2.8005,-49.817,33.400,0.016,-0.126
396.50,-49.842,33.584,-2.8139,-49.829,33.387,0.023,-0.145
396.70,-49.857,33.572,-2.8306,-49.843,33.373,0.026,-0.153
396.90,-49.875,33.557,-2.8520,-49.861,33.356,0.029,-0.156
397.10,-49.898,33.540,-2.8785,-49.883,33.338,0.032,-0.168
397.30,-49.918,33.527,-2.9021,-49.904,33.322,0.023,-0.160
397.50,-49.936,33.514,-2.9234,-49.924,33.309,0.001,-0.118
397.70,-49.955,33.502,-2.9458,-49.944,33.296,-0.017,-0.099
397.90,-49.975,33.491,-2.9684,-49.965,33.284,-0.029,-0.099
398.10,-49.991,33.482,-2.9852,-49.983,33.273,-0.032,-0.094
398.30,-50.002,33.476,-2.9953,-49.998,33.266,-0.037,-0.074
398.50,-50.003,33.473,-3.0167,-50.001,33.261,-0.060,-0.113
398.70,-49.995,33.474,-3.0337,-49.995,33.261,-0.084,-0.169
398.90,-49.979,33.479,-3.0442,-49.981,33.268,-0.118,-0.146
399.10,-49.960,33.487,-3.0603,-49.963,33.276,-0.123,-0.125
399.30,-49.933,33.499,-3.0878,-49.937,33.288,-0.113,-0.118
399.50,-49.901,33.512,-3.1200,-49.906,33.303,-0.103,-0.150
399.70,-49.863,33.525,3.1295,-49.869,33.318,-0.102,-0.190
399.90,-49.822,33.537,3.0944,-49.827,33.332,-0.105,-0.208
400.10,-49.777,33.549,3.0545,-49.782,33.347,-0.105,-0.226
400.30,-49.726,33.558,3.0115,-49.731,33.358,-0.107,-0.237
400.50,-49.672,33.571,2.9580,-49.676,33.371,-0.099,-0.259
400.70,-49.608,33.579,2.8879,-49.612,33.383,-0.112,-0.299
400.90,-49.582,33.571,2.8457,-49.577,33.376,-0.061,-0.289
401.10,-49.578,33.565,2.7769,-49.569,33.370,0.016,-0.290
401.30,-49.570,33.563,2.6326,-49.563,33.369,0.071,-0.575
401.50,-49.540,33.547,2.5428,-49.536,33.355,0.058,-0.568
401.70,-49.497,33.538,2.4947,-49.496,33.347,0.018,-0.348
401.90,-49.441,33.523,2.4171,-49.442,33.334,-0.034,-0.299
402.10,-49.387,33.499,2.3116,-49.387,33.311,-0.059,-0.396
402.30,-49.337,33.475,2.2513,-49.335,33.288,-0.052,-0.322
402.50,-49.293,33.451,2.1976,-49.289,33.264,-0.034,-0.235
402.70,-49.254,33.427,2.1470,-49.249,33.240,-0.008,-0.184
402.90,-49.221,33.404,2.1023,-49.213,33.217,0.007,-0.162
403.10,-49.192,33.382,2.0650,-49.182,33.195,0.025,-0.113
403.30,-49.166,33.360,2.0319,-49.155,33.173,0.022,-0.098
403.50,-49.144,33.340,2.0028,-49.130,33.152,0.021,-0.082
403.70,-49.129,33.325,1.9837,-49.111,33.136,0.035,-0.058
403.90,-49.118,33.313,1.9709,-49.097,33.124,0.053,-0.048
404.10,-49.110,33.302,1.9632,-49.085,33.114,0.067,-0.040
404.30,-49.110,33.301,1.9591,-49.081,33.111,0.087,-0.005
404.50,-49.114,33.309,1.9579,-49.084,33.117,0.121,0.020
404.70,-49.119,33.322,1.9575,-49.089,33.129,0.143,0.043
404.90,-49.126,33.338,1.9575,-49.095,33.144,0.163,0.061
405.10,-49.134,33.358,1.9575,-49.103,33.163,0.175,0.062
405.30,-49.146,33.385,1.9585,-49.115,33.190,0.192,0.069
405.50,-49.160,33.416,1.9630,-49.132,33.219,0.210,0.099
405.70,-49.173,33.445,1.9649,-49.146,33.248,0.215,0.099
405.90,-49.184,33.474,1.9657,-49.157,33.276,0.234,0.080
406.10,-49.197,33.504,1.9686,-49.170,33.305,0.251,0.086
406.30,-49.212,33.534,1.9742,-49.185,33.332,0.258,0.108
406.50,-49.229,33.567,1.9772,-49.202,33.364,0.265,0.108
406.70,-49.245,33.603,1.9801,-49.218,33.398,0.273,0.099
406.90,-49.259,33.636,1.9828,-49.233,33.430,0.271,0.097
407.10,-49.271,33.662,1.9834,-49.244,33.454,0.250,0.084
407.30,-49.284,33.693,1.9841,-49.256,33.482,0.240,0.074
407.50,-49.299,33.725,1.9850,-49.269,33.511,0.242,0.080
407.70,-49.311,33.752,1.9855,-49.281,33.537,0.240,0.082
407.90,-49.323,33.778,1.9858,-49.292,33.561,0.229,0.080
408.10,-49.334,33.802,1.9860,-49.303,33.584,0.222,0.079
408.30,-49.344,33.825,1.9862,-49.314,33.605,0.215,0.079
408.50,-49.354,33.848,1.9863,-49.323,33.625,0.209,0.079
408.70,-49.363,33.869,1.9862,-49.333,33.644,0.203,0.079
408.90,-49.372,33.887,1.9863,-49.341,33.661,0.196,0.079
409.10,-49.381,33.907,1.9867,-49.349,33.678,0.190,0.079
409.30,-49.389,33.924,1.9867,-49.356,33.694,0.186,0.081
409.50,-49.396,33.941,1.9867,-49.363,33.709,0.181,0.083
409.70,-49.403,33.956,1.9866,-49.370,33.722,0.177,0.082
409.90,-49.409,33.971,1.9864,-49.375,33.734,0.171,0.081
410.10,-49.415,33.983,1.9863,-49.380,33.744,0.163,0.080
410.30,-49.420,33.995,1.9870,-49.385,33.754,0.159,0.085
410.50,-49.425,34.006,1.9869,-49.390,33.763,0.155,0.084
410.70,-49.430,34.016,1.9867,-49.394,33.771,0.152,0.084
410.90,-49.438,34.027,1.9961,-49.402,33.780,0.152,0.100
411.10,-49.452,34.041,2.0116,-49.418,33.791,0.166,0.143
411.30,-49.466,34.054,2.0281,-49.433,33.802,0.175,0.156
411.50,-49.483,34.067,2.0488,-49.451,33.814,0.179,0.159
411.70,-49.507,34.081,2.0834,-49.476,33.826,0.191,0.185
411.90,-49.536,34.100,2.1124,-49.506,33.843,0.210,0.182
412.10,-49.564,34.121,2.1290,-49.536,33.863,0.000,0.000
