t,gt_x,gt_y,gt_yaw,ekf_x,ekf_y,cmd_v,cmd_w
13.40,-61.968,16.005,0.1360,nan,nan,0.160,-0.105
13.60,-61.953,16.008,0.1333,nan,nan,0.160,-0.105
13.80,-61.941,16.011,0.1283,nan,nan,0.155,-0.101
14.00,-61.928,16.015,0.1220,-61.934,16.006,0.147,-0.105
14.20,-61.910,16.021,0.1115,-61.919,16.013,0.150,-0.105
14.40,-61.883,16.031,0.0922,-61.895,16.024,0.167,-0.125
14.60,-61.846,16.045,0.0657,-61.861,16.039,0.189,-0.154
14.80,-61.798,16.051,0.0527,-61.814,16.047,0.225,-0.154
15.00,-61.762,16.065,0.0184,-61.777,16.063,0.232,-0.173
15.20,-61.724,16.079,-0.0167,-61.740,16.077,0.227,-0.200
15.40,-61.684,16.091,-0.0507,-61.700,16.091,0.224,-0.207
15.60,-61.642,16.099,-0.0826,-61.659,16.102,0.226,-0.200
15.80,-61.611,16.107,-0.1125,-61.627,16.109,0.216,-0.182
16.00,-61.581,16.113,-0.1406,-61.597,16.117,0.198,-0.163
16.20,-61.549,16.119,-0.1708,-61.566,16.124,0.190,-0.146
16.40,-61.514,16.124,-0.2015,-61.533,16.130,0.191,-0.146
16.60,-61.477,16.127,-0.2334,-61.497,16.136,0.255,-0.036
16.80,-61.437,16.129,-0.2663,-61.458,16.140,0.258,-0.067
17.00,-61.394,16.125,-0.2863,-61.415,16.140,0.252,-0.076
17.20,-61.348,16.112,-0.2864,-61.370,16.128,0.256,0.004
17.40,-61.297,16.097,-0.2881,-61.319,16.114,0.268,0.045
17.60,-61.245,16.082,-0.2897,-61.267,16.100,0.277,0.047
17.80,-61.196,16.067,-0.2897,-61.217,16.085,0.276,0.060
18.00,-61.146,16.053,-0.2897,-61.167,16.070,0.287,-0.033
18.20,-61.096,16.037,-0.2895,-61.117,16.054,0.292,-0.046
18.40,-61.046,16.023,-0.2888,-61.068,16.040,0.282,-0.017
18.60,-60.995,16.008,-0.2886,-61.018,16.026,0.275,-0.012
18.80,-60.944,15.992,-0.2887,-60.968,16.011,0.270,-0.019
19.00,-60.892,15.977,-0.2887,-60.916,15.995,0.311,0.014
19.20,-60.842,15.962,-0.2887,-60.864,15.979,0.325,0.006
19.40,-60.791,15.947,-0.2887,-60.813,15.964,0.313,0.007
19.60,-60.736,15.930,-0.2887,-60.759,15.948,0.300,0.008
19.80,-60.674,15.912,-0.2886,-60.698,15.929,0.307,0.008
20.00,-60.616,15.894,-0.2886,-60.639,15.912,0.313,0.009
20.20,-60.560,15.878,-0.2887,-60.583,15.895,0.308,0.009
20.40,-60.503,15.860,-0.2886,-60.525,15.877,0.301,0.009
20.60,-60.445,15.843,-0.2886,-60.467,15.860,0.296,0.009
20.80,-60.388,15.826,-0.2886,-60.410,15.843,0.294,0.009
21.00,-60.332,15.810,-0.2885,-60.353,15.827,0.287,0.009
21.20,-60.278,15.795,-0.2885,-60.298,15.811,0.340,0.030
21.40,-60.224,15.779,-0.2885,-60.244,15.795,0.332,0.031
21.60,-60.169,15.763,-0.2884,-60.189,15.780,0.312,0.032
21.80,-60.108,15.746,-0.2884,-60.128,15.762,0.309,0.032
22.00,-60.046,15.727,-0.2884,-60.066,15.743,0.315,0.034
22.20,-59.986,15.709,-0.2884,-60.006,15.725,0.315,0.036
22.40,-59.927,15.691,-0.2883,-59.947,15.707,0.307,0.037
22.60,-59.867,15.672,-0.2882,-59.887,15.688,0.301,0.039
22.80,-59.806,15.654,-0.2881,-59.826,15.670,0.299,0.042
23.00,-59.748,15.637,-0.2881,-59.766,15.652,0.294,0.043
23.20,-59.691,15.621,-0.2881,-59.710,15.636,0.336,0.043
23.40,-59.639,15.605,-0.2879,-59.657,15.620,0.332,0.056
23.60,-59.587,15.590,-0.2877,-59.605,15.605,0.305,0.060
23.80,-59.529,15.573,-0.2874,-59.548,15.589,0.297,0.062
24.00,-59.474,15.557,-0.2870,-59.494,15.573,0.294,0.064
24.20,-59.423,15.543,-0.2866,-59.442,15.560,0.284,0.065
24.40,-59.376,15.530,-0.2863,-59.396,15.547,0.267,0.066
24.60,-59.330,15.517,-0.2859,-59.351,15.535,0.255,0.067
24.80,-59.288,15.505,-0.2856,-59.308,15.524,0.240,0.067
25.00,-59.250,15.494,-0.2854,-59.271,15.514,0.228,0.067
25.20,-59.217,15.485,-0.2851,-59.238,15.505,0.212,0.067
25.40,-59.186,15.476,-0.2849,-59.209,15.497,0.219,-0.072
25.60,-59.159,15.468,-0.2848,-59.183,15.490,0.200,-0.037
25.80,-59.131,15.460,-0.2848,-59.158,15.483,0.226,0.006
26.00,-59.087,15.447,-0.2857,-59.116,15.471,0.244,-0.009
26.20,-59.045,15.435,-0.2858,-59.074,15.458,0.257,-0.008
26.40,-59.003,15.423,-0.2858,-59.032,15.446,0.260,-0.004
26.60,-58.956,15.409,-0.2858,-58.986,15.432,0.266,-0.002
26.80,-58.906,15.395,-0.2858,-58.937,15.417,0.272,-0.002
27.00,-58.857,15.380,-0.2858,-58.887,15.403,0.278,-0.003
27.20,-58.807,15.365,-0.2858,-58.837,15.388,0.279,-0.003
27.40,-58.754,15.350,-0.2858,-58.785,15.372,0.280,-0.004
27.60,-58.701,15.334,-0.2858,-58.732,15.357,0.281,-0.004
27.80,-58.648,15.318,-0.2858,-58.678,15.341,0.281,-0.005
28.00,-58.594,15.302,-0.2857,-58.625,15.325,0.278,-0.005
28.20,-58.540,15.286,-0.2857,-58.571,15.309,0.305,0.019
28.40,-58.486,15.270,-0.2857,-58.517,15.293,0.335,0.020
28.60,-58.432,15.255,-0.2857,-58.463,15.277,0.320,0.020
28.80,-58.376,15.238,-0.2857,-58.407,15.260,0.307,0.021
29.00,-58.313,15.220,-0.2857,-58.345,15.242,0.311,0.022
29.20,-58.251,15.202,-0.2857,-58.283,15.224,0.316,0.023
29.40,-58.192,15.185,-0.2857,-58.224,15.206,0.313,0.024
29.60,-58.133,15.167,-0.2856,-58.165,15.189,0.305,0.025
29.80,-58.072,15.150,-0.2856,-58.105,15.171,0.301,0.026
30.00,-58.012,15.132,-0.2856,-58.044,15.153,0.298,0.027
30.20,-57.953,15.114,-0.2855,-57.985,15.136,0.331,0.034
30.40,-57.895,15.097,-0.2855,-57.927,15.119,0.349,0.041
30.60,-57.838,15.080,-0.2854,-57.870,15.102,0.333,0.044
30.80,-57.777,15.062,-0.2854,-57.810,15.084,0.318,0.046
31.00,-57.709,15.043,-0.2853,-57.743,15.065,0.320,0.048
31.20,-57.642,15.023,-0.2850,-57.676,15.044,0.327,0.057
31.40,-57.577,15.003,-0.2847,-57.610,15.024,0.327,0.061
31.60,-57.511,14.984,-0.2842,-57.544,15.004,0.322,0.064
31.80,-57.442,14.964,-0.2833,-57.474,14.983,0.319,0.069
32.00,-57.375,14.946,-0.2819,-57.405,14.965,0.343,0.061
32.20,-57.317,14.929,-0.2809,-57.346,14.948,0.366,0.073
32.40,-57.265,14.914,-0.2802,-57.294,14.932,0.327,0.078
32.60,-57.210,14.898,-0.2796,-57.241,14.917,0.314,-0.023
32.80,-57.151,14.881,-0.2787,-57.184,14.901,0.317,-0.029
33.00,-57.098,14.866,-0.2773,-57.132,14.886,0.304,-0.004
33.20,-57.042,14.850,-0.2767,-57.077,14.871,0.296,0.000
33.40,-56.980,14.832,-0.2767,-57.016,14.854,0.305,-0.009
33.60,-56.921,14.816,-0.2767,-56.956,14.837,0.308,-0.015
33.80,-56.864,14.799,-0.2767,-56.898,14.821,0.302,-0.018
34.00,-56.805,14.782,-0.2767,-56.840,14.804,0.295,-0.020
34.20,-56.746,14.765,-0.2767,-56.781,14.787,0.346,0.013
34.40,-56.687,14.749,-0.2767,-56.722,14.770,0.344,0.007
34.60,-56.629,14.732,-0.2768,-56.663,14.754,0.327,0.008
34.80,-56.563,14.714,-0.2768,-56.599,14.736,0.325,0.009
35.00,-56.497,14.695,-0.2768,-56.533,14.717,0.330,0.012
35.20,-56.433,14.677,-0.2769,-56.468,14.699,0.330,0.012
35.40,-56.371,14.660,-0.2770,-56.405,14.682,0.322,0.012
35.60,-56.309,14.642,-0.2770,-56.343,14.664,0.314,0.012
35.80,-56.246,14.624,-0.2770,-56.280,14.646,0.308,0.011
36.00,-56.185,14.607,-0.2770,-56.219,14.629,0.355,0.031
36.20,-56.125,14.590,-0.2770,-56.159,14.611,0.355,0.032
36.40,-56.066,14.573,-0.2771,-56.099,14.595,0.337,0.034
36.60,-56.001,14.555,-0.2770,-56.036,14.577,0.324,0.038
36.80,-55.933,14.536,-0.2770,-55.968,14.558,0.330,0.039
37.00,-55.869,14.518,-0.2770,-55.903,14.540,0.330,0.041
37.20,-55.807,14.500,-0.2771,-55.840,14.523,0.320,0.042
37.40,-55.744,14.482,-0.2770,-55.777,14.505,0.311,0.049
37.60,-55.682,14.465,-0.2771,-55.714,14.487,0.306,0.050
37.80,-55.622,14.447,-0.2770,-55.654,14.470,0.334,0.048
38.00,-55.558,14.429,-0.2767,-55.591,14.451,0.353,0.108
38.20,-55.494,14.410,-0.2762,-55.526,14.432,0.348,0.121
38.40,-55.428,14.391,-0.2757,-55.460,14.412,0.335,0.112
38.60,-55.354,14.370,-0.2725,-55.388,14.391,0.335,0.114
38.80,-55.278,14.351,-0.2629,-55.311,14.372,0.343,0.142
39.00,-55.196,14.334,-0.2512,-55.230,14.356,0.350,0.124
39.20,-55.108,14.318,-0.2353,-55.140,14.342,0.367,0.160
39.40,-55.011,14.308,-0.2057,-55.042,14.333,0.413,0.192
39.60,-54.914,14.299,-0.1791,-54.942,14.328,0.462,0.238
39.80,-54.817,14.295,-0.1483,-54.844,14.323,0.463,0.291
40.00,-54.724,14.302,-0.1003,-54.751,14.330,0.439,0.306
40.20,-54.640,14.310,-0.0598,-54.666,14.336,0.406,0.279
40.40,-54.560,14.336,0.0095,-54.585,14.360,0.377,0.332
40.60,-54.482,14.369,0.0861,-54.507,14.392,0.362,0.403
40.80,-54.414,14.388,0.1624,-54.437,14.416,0.351,0.412
41.00,-54.363,14.378,0.2152,-54.386,14.408,0.305,0.365
41.20,-54.308,14.369,0.2739,-54.331,14.399,0.297,0.299
41.40,-54.248,14.363,0.3370,-54.273,14.392,0.307,0.311
41.60,-54.185,14.362,0.4028,-54.211,14.389,0.312,0.320
41.80,-54.119,14.365,0.4695,-54.145,14.390,0.320,0.320
42.00,-54.048,14.373,0.5405,-54.076,14.396,0.272,0.221
42.20,-53.972,14.390,0.6171,-53.999,14.410,0.283,0.234
42.40,-53.896,14.412,0.6956,-53.922,14.430,0.301,0.268
42.60,-53.822,14.442,0.7659,-53.847,14.457,0.339,0.252
42.80,-53.749,14.479,0.8383,-53.773,14.491,0.358,0.211
43.00,-53.674,14.522,0.9165,-53.698,14.532,0.350,0.218
43.20,-53.595,14.580,1.0010,-53.617,14.586,0.351,0.244
43.40,-53.518,14.650,1.0836,-53.537,14.652,0.366,0.260
43.60,-53.446,14.728,1.1655,-53.462,14.729,0.375,0.253
43.80,-53.385,14.801,1.2482,-53.398,14.803,0.356,0.265
44.00,-53.330,14.877,1.3317,-53.340,14.877,0.323,0.271
44.20,-53.281,14.958,1.4145,-53.288,14.958,0.306,0.292
44.40,-53.241,15.040,1.4962,-53.245,15.040,0.323,0.318
44.60,-53.209,15.120,1.5761,-53.210,15.120,0.326,0.276
44.80,-53.182,15.200,1.6574,-53.181,15.200,0.304,0.254
45.00,-53.162,15.280,1.7387,-53.159,15.280,0.279,0.255
45.20,-53.151,15.357,1.8137,-53.144,15.358,0.244,0.232
45.40,-53.145,15.426,1.8795,-53.136,15.429,0.214,0.222
45.60,-53.143,15.486,1.9375,-53.132,15.491,0.173,0.196
45.80,-53.144,15.541,1.9899,-53.132,15.546,0.144,0.171
46.00,-53.148,15.595,2.0419,-53.134,15.601,0.123,0.177
46.20,-53.155,15.649,2.0948,-53.139,15.656,0.124,0.165
46.40,-53.171,15.685,2.1384,-53.153,15.697,0.110,0.158
46.60,-53.194,15.702,2.1643,-53.176,15.715,0.068,0.118
46.80,-53.219,15.720,2.1924,-53.201,15.733,0.048,0.109
47.00,-53.244,15.738,2.2201,-53.227,15.750,0.043,0.096
47.20,-53.266,15.753,2.2412,-53.251,15.764,0.036,0.072
47.40,-53.285,15.765,2.2590,-53.272,15.776,0.029,0.055
47.60,-53.298,15.775,2.2692,-53.288,15.785,0.014,0.038
47.80,-53.311,15.785,2.2789,-53.304,15.794,0.006,0.019
48.00,-53.320,15.793,2.2825,-53.316,15.802,-0.003,-0.013
48.20,-53.322,15.796,2.2826,-53.320,15.806,-0.016,-0.046
48.40,-53.324,15.798,2.2825,-53.321,15.808,-0.032,-0.074
48.60,-53.324,15.798,2.2824,-53.322,15.808,-0.043,-0.082
48.80,-53.324,15.795,2.2764,-53.323,15.805,-0.049,-0.103
49.00,-53.330,15.795,2.2692,-53.331,15.804,-0.045,-0.135
49.20,-53.338,15.800,2.2597,-53.340,15.810,-0.025,-0.128
49.40,-53.353,15.808,2.2418,-53.355,15.820,-0.011,-0.121
49.60,-53.374,15.820,2.2157,-53.378,15.831,0.005,-0.157
49.80,-53.397,15.833,2.1887,-53.403,15.844,0.015,-0.188
50.00,-53.417,15.844,2.1653,-53.426,15.856,0.018,-0.197
50.20,-53.442,15.861,2.1353,-53.452,15.872,0.022,-0.202
50.40,-53.474,15.884,2.0961,-53.484,15.894,0.033,-0.227
50.60,-53.509,15.912,2.0504,-53.520,15.920,0.053,-0.264
50.80,-53.546,15.944,1.9998,-53.559,15.953,0.078,-0.299
51.00,-53.587,15.984,1.9414,-53.601,15.991,0.095,-0.325
51.20,-53.628,16.028,1.8765,-53.644,16.034,0.115,-0.365
51.40,-53.660,16.070,1.8126,-53.680,16.077,0.119,-0.386
51.60,-53.674,16.108,1.7422,-53.698,16.117,0.092,-0.405
51.80,-53.679,16.143,1.6854,-53.706,16.154,0.074,-0.399
52.00,-53.677,16.169,1.6533,-53.704,16.182,0.047,-0.303
52.20,-53.688,16.204,1.5822,-53.715,16.215,0.037,-0.314
52.40,-53.691,16.246,1.5103,-53.720,16.257,0.089,-0.387
52.60,-53.684,16.273,1.4714,-53.716,16.287,0.097,-0.391
52.80,-53.671,16.297,1.4405,-53.703,16.311,0.082,-0.333
53.00,-53.654,16.326,1.4014,-53.686,16.340,0.080,-0.277
53.20,-53.634,16.357,1.3590,-53.667,16.370,0.082,-0.270
53.40,-53.609,16.391,1.3135,-53.642,16.404,0.094,-0.298
53.60,-53.580,16.428,1.2669,-53.614,16.440,0.108,-0.327
53.80,-53.548,16.465,1.2190,-53.581,16.477,0.129,-0.361
54.00,-53.515,16.499,1.1717,-53.549,16.511,0.139,-0.362
54.20,-53.475,16.536,1.1159,-53.509,16.548,0.151,-0.377
54.40,-53.427,16.575,1.0534,-53.463,16.587,0.170,-0.404
54.60,-53.374,16.613,0.9886,-53.411,16.625,0.186,-0.422
54.80,-53.322,16.646,0.9257,-53.358,16.659,0.195,-0.427
55.00,-53.277,16.670,0.8721,-53.311,16.685,0.215,-0.380
55.20,-53.239,16.688,0.8264,-53.271,16.703,0.189,-0.355
55.40,-53.208,16.702,0.7875,-53.239,16.717,0.171,-0.312
55.60,-53.181,16.713,0.7522,-53.211,16.730,0.165,-0.181
55.80,-53.158,16.723,0.7199,-53.186,16.740,0.160,-0.179
56.00,-53.134,16.731,0.6907,-53.163,16.747,0.152,-0.223
56.20,-53.104,16.741,0.6622,-53.133,16.755,0.160,-0.252
56.40,-53.081,16.749,0.6410,-53.109,16.763,0.161,-0.234
56.60,-53.063,16.754,0.6265,-53.090,16.768,0.155,-0.194
56.80,-53.047,16.760,0.5439,-53.073,16.771,0.144,-0.280
57.00,-53.033,16.777,0.4579,-53.060,16.786,0.151,-0.386
57.20,-53.014,16.795,0.3992,-53.042,16.805,0.165,-0.372
57.40,-52.998,16.798,0.3713,-53.024,16.809,0.165,-0.269
57.60,-52.990,16.805,0.2692,-53.014,16.815,0.151,-0.248
57.80,-52.976,16.796,0.1768,-53.001,16.808,0.150,-0.477
58.00,-52.966,16.800,0.1025,-52.991,16.809,0.147,-0.356
58.20,-52.955,16.811,-0.0069,-52.981,16.820,0.148,-0.395
58.40,-52.973,16.843,-0.1066,-52.994,16.854,0.104,-0.424
58.60,-53.009,16.865,-0.1547,-53.027,16.876,0.016,-0.255
58.80,-53.046,16.892,-0.2053,-53.064,16.901,-0.023,-0.185
59.00,-53.088,16.925,-0.2662,-53.105,16.934,-0.049,-0.191
59.20,-53.133,16.963,-0.3240,-53.151,16.972,-0.067,-0.206
59.40,-53.176,16.999,-0.3738,-53.195,17.012,-0.077,-0.201
59.60,-53.215,17.037,-0.4229,-53.236,17.051,-0.069,-0.184
59.80,-53.250,17.075,-0.4703,-53.272,17.091,-0.058,-0.175
60.00,-53.281,17.113,-0.5167,-53.304,17.130,-0.039,-0.161
60.20,-53.310,17.151,-0.5617,-53.333,17.170,-0.032,-0.157
60.40,-53.335,17.186,-0.6014,-53.359,17.206,-0.047,-0.181
60.60,-53.356,17.217,-0.6365,-53.380,17.240,-0.044,-0.161
60.80,-53.371,17.242,-0.6672,-53.397,17.267,-0.006,-0.119
61.00,-53.390,17.249,-0.6888,-53.415,17.275,0.028,-0.108
61.20,-53.418,17.259,-0.7184,-53.442,17.284,0.035,-0.116
61.40,-53.446,17.269,-0.7457,-53.472,17.293,0.026,-0.104
61.60,-53.466,17.277,-0.7659,-53.496,17.301,0.027,-0.074
61.80,-53.483,17.284,-0.7832,-53.515,17.307,0.043,-0.050
62.00,-53.499,17.291,-0.7994,-53.534,17.313,0.051,-0.050
62.20,-53.510,17.297,-0.8079,-53.549,17.317,0.037,0.029
62.40,-53.509,17.296,-0.8123,-53.552,17.316,0.059,0.038
62.60,-53.504,17.288,-0.8150,-53.550,17.308,0.084,0.048
62.80,-53.498,17.281,-0.8150,-53.545,17.301,0.104,0.076
63.00,-53.491,17.274,-0.8149,-53.538,17.294,0.112,0.096
63.20,-53.481,17.264,-0.8149,-53.529,17.284,0.118,0.100
63.40,-53.472,17.253,-0.8142,-53.521,17.274,0.121,0.106
63.60,-53.460,17.241,-0.8117,-53.510,17.261,0.126,0.118
63.80,-53.447,17.232,-0.8035,-53.497,17.253,0.164,0.066
64.00,-53.433,17.222,-0.7935,-53.483,17.245,0.165,0.126
64.20,-53.417,17.212,-0.7806,-53.467,17.236,0.163,0.155
64.40,-53.401,17.195,-0.7792,-53.449,17.221,0.169,0.136
64.60,-53.391,17.186,-0.7686,-53.441,17.211,0.159,0.116
64.80,-53.368,17.183,-0.7283,-53.419,17.208,0.158,0.176
65.00,-53.339,17.181,-0.6900,-53.390,17.207,0.165,0.201
65.20,-53.316,17.176,-0.6594,-53.365,17.204,0.170,0.188
65.40,-53.292,17.175,-0.6108,-53.341,17.203,0.169,0.187
65.60,-53.272,17.176,-0.5333,-53.321,17.204,0.163,0.282
65.80,-53.255,17.177,-0.4764,-53.304,17.206,0.180,0.344
66.00,-53.241,17.183,-0.4022,-53.289,17.211,0.173,0.283
66.20,-53.233,17.200,-0.2819,-53.279,17.225,0.150,0.378
66.40,-53.231,17.228,-0.1609,-53.274,17.252,0.118,0.506
66.60,-53.255,17.238,-0.1147,-53.295,17.268,0.058,0.327
66.80,-53.283,17.236,-0.0980,-53.323,17.266,0.020,0.142
67.00,-53.313,17.248,-0.1023,-53.353,17.277,-0.018,-0.019
67.20,-53.350,17.258,-0.1150,-53.389,17.289,-0.026,-0.057
67.40,-53.386,17.263,-0.1130,-53.429,17.295,-0.039,-0.055
67.60,-53.391,17.263,-0.1130,-53.437,17.295,0.018,-0.021
67.80,-53.395,17.264,-0.1179,-53.442,17.295,0.059,0.069
68.00,-53.400,17.263,-0.1240,-53.446,17.295,0.085,0.001
68.20,-53.398,17.263,-0.1236,-53.446,17.294,0.100,0.013
68.40,-53.389,17.264,-0.1175,-53.437,17.297,0.117,0.054
68.60,-53.373,17.262,-0.1175,-53.423,17.296,0.135,0.059
68.80,-53.354,17.260,-0.1175,-53.404,17.293,0.150,0.041
69.00,-53.335,17.258,-0.1174,-53.386,17.291,0.160,0.035
69.20,-53.318,17.255,-0.1169,-53.370,17.288,0.155,0.038
69.40,-53.292,17.252,-0.1168,-53.345,17.285,0.162,0.042
69.60,-53.262,17.249,-0.1168,-53.316,17.281,0.192,0.028
69.80,-53.232,17.245,-0.1168,-53.286,17.278,0.224,0.015
70.00,-53.202,17.242,-0.1168,-53.256,17.274,0.230,0.027
70.20,-53.169,17.238,-0.1168,-53.223,17.271,0.242,-0.074
70.40,-53.128,17.233,-0.1168,-53.182,17.266,0.246,-0.055
70.60,-53.083,17.228,-0.1168,-53.138,17.261,0.253,-0.044
70.80,-53.040,17.223,-0.1176,-53.095,17.256,0.257,-0.044
71.00,-53.001,17.218,-0.1182,-53.057,17.252,0.245,-0.050
71.20,-52.953,17.212,-0.1183,-53.011,17.246,0.245,-0.049
71.40,-52.903,17.206,-0.1184,-52.961,17.240,0.257,-0.047
71.60,-52.857,17.201,-0.1186,-52.914,17.235,0.260,-0.050
71.80,-52.812,17.196,-0.1187,-52.870,17.230,0.248,-0.054
72.00,-52.765,17.190,-0.1188,-52.823,17.225,0.243,-0.056
72.20,-52.718,17.185,-0.1190,-52.776,17.221,0.242,-0.058
72.40,-52.673,17.180,-0.1192,-52.731,17.216,0.263,-0.024
72.60,-52.631,17.175,-0.1194,-52.690,17.212,0.279,-0.036
72.80,-52.590,17.170,-0.1197,-52.650,17.208,0.267,-0.042
73.00,-52.544,17.164,-0.1198,-52.606,17.202,0.255,-0.036
73.20,-52.491,17.158,-0.1199,-52.553,17.196,0.270,-0.033
73.40,-52.439,17.152,-0.1199,-52.501,17.189,0.282,-0.033
73.60,-52.390,17.145,-0.1199,-52.451,17.183,0.280,-0.035
73.80,-52.338,17.139,-0.1200,-52.399,17.176,0.277,-0.036
74.00,-52.284,17.132,-0.1201,-52.345,17.170,0.277,-0.037
74.20,-52.229,17.126,-0.1202,-52.290,17.164,0.278,-0.040
74.40,-52.175,17.119,-0.1203,-52.236,17.158,0.275,-0.042
74.60,-52.122,17.113,-0.1203,-52.181,17.151,0.269,-0.044
74.80,-52.067,17.106,-0.1204,-52.127,17.144,0.296,-0.012
75.00,-52.014,17.100,-0.1205,-52.072,17.138,0.321,-0.028
75.20,-51.961,17.094,-0.1206,-52.019,17.132,0.312,-0.030
75.40,-51.906,17.087,-0.1207,-51.966,17.125,0.298,-0.028
75.60,-51.844,17.080,-0.1208,-51.904,17.118,0.303,-0.026
75.80,-51.782,17.072,-0.1209,-51.842,17.111,0.312,-0.026
76.00,-51.722,17.065,-0.1209,-51.782,17.103,0.310,-0.027
76.20,-51.663,17.058,-0.1210,-51.722,17.096,0.303,-0.029
76.40,-51.601,17.050,-0.1211,-51.661,17.088,0.299,-0.031
76.60,-51.540,17.042,-0.1212,-51.599,17.081,0.296,-0.033
76.80,-51.480,17.035,-0.1213,-51.539,17.073,0.331,-0.008
77.00,-51.421,17.027,-0.1214,-51.479,17.066,0.343,-0.019
77.20,-51.363,17.020,-0.1215,-51.421,17.058,0.331,-0.017
77.40,-51.301,17.012,-0.1215,-51.360,17.051,0.317,-0.016
77.60,-51.234,17.004,-0.1216,-51.293,17.043,0.324,-0.017
77.80,-51.169,16.995,-0.1217,-51.227,17.034,0.326,-0.018
78.00,-51.107,16.987,-0.1218,-51.164,17.027,0.320,-0.015
78.20,-51.045,16.980,-0.1219,-51.102,17.020,0.311,-0.016
78.40,-50.981,16.973,-0.1220,-51.038,17.013,0.304,-0.019
78.60,-50.918,16.965,-0.1220,-50.974,17.004,0.302,-0.021
78.80,-50.857,16.957,-0.1221,-50.913,16.997,0.355,-0.007
79.00,-50.798,16.950,-0.1221,-50.853,16.989,0.341,-0.007
79.20,-50.739,16.942,-0.1221,-50.794,16.982,0.324,-0.006
79.40,-50.670,16.934,-0.1220,-50.727,16.973,0.322,-0.005
79.60,-50.602,16.925,-0.1219,-50.658,16.964,0.326,-0.006
79.80,-50.537,16.917,-0.1219,-50.592,16.956,0.327,-0.006
80.00,-50.474,16.909,-0.1219,-50.529,16.948,0.316,-0.007
80.20,-50.409,16.902,-0.1219,-50.464,16.940,0.311,-0.007
80.40,-50.344,16.894,-0.1219,-50.399,16.933,0.307,-0.008
80.60,-50.280,16.886,-0.1218,-50.334,16.925,0.362,-0.000
80.80,-50.218,16.879,-0.1218,-50.272,16.917,0.350,0.004
81.00,-50.156,16.871,-0.1217,-50.209,16.910,0.331,0.005
81.20,-50.085,16.863,-0.1217,-50.140,16.902,0.331,0.007
81.40,-50.017,16.854,-0.1216,-50.071,16.893,0.334,0.007
81.60,-49.952,16.847,-0.1216,-50.005,16.886,0.331,0.013
81.80,-49.887,16.838,-0.1216,-49.940,16.878,0.321,0.013
82.00,-49.823,16.830,-0.1215,-49.875,16.869,0.308,0.054
82.20,-49.758,16.822,-0.1215,-49.810,16.861,0.329,0.066
82.40,-49.696,16.814,-0.1215,-49.748,16.853,0.363,0.069
82.60,-49.638,16.806,-0.1208,-49.689,16.845,0.336,0.075
82.80,-49.583,16.799,-0.1201,-49.636,16.838,0.298,0.028
83.00,-49.527,16.792,-0.1194,-49.581,16.832,0.291,0.035
83.20,-49.466,16.785,-0.1195,-49.521,16.825,0.293,0.034
83.40,-49.409,16.779,-0.1195,-49.462,16.818,0.295,0.067
83.60,-49.353,16.772,-0.1195,-49.405,16.812,0.291,0.058
83.80,-49.297,16.766,-0.1195,-49.349,16.805,0.283,0.056
84.00,-49.249,16.761,-0.1187,-49.300,16.800,0.270,0.059
84.20,-49.204,16.756,-0.1181,-49.256,16.796,0.246,0.063
84.40,-49.158,16.751,-0.1176,-49.212,16.791,0.253,0.059
84.60,-49.116,16.746,-0.1171,-49.171,16.787,0.280,0.070
84.80,-49.081,16.743,-0.1166,-49.136,16.784,0.256,0.075
85.00,-49.046,16.739,-0.1161,-49.103,16.780,0.229,0.075
85.20,-49.007,16.735,-0.1156,-49.065,16.777,0.225,0.076
85.40,-48.973,16.732,-0.1151,-49.033,16.774,0.219,0.077
85.60,-48.947,16.729,-0.1147,-49.007,16.772,0.203,0.077
85.80,-48.920,16.726,-0.1142,-48.983,16.769,0.188,0.077
86.00,-48.895,16.723,-0.1140,-48.959,16.767,0.180,0.077
86.20,-48.870,16.721,-0.1138,-48.936,16.765,0.177,0.075
86.40,-48.848,16.718,-0.1137,-48.915,16.764,0.170,0.119
86.60,-48.826,16.716,-0.1132,-48.895,16.763,0.175,0.146
86.80,-48.805,16.714,-0.1132,-48.875,16.762,0.164,0.131
87.00,-48.788,16.713,-0.1120,-48.858,16.761,0.153,0.117
87.20,-48.768,16.721,-0.0906,-48.840,16.768,0.146,0.145
87.40,-48.744,16.735,-0.0537,-48.816,16.784,0.155,0.232
87.60,-48.724,16.740,-0.0459,-48.795,16.793,0.156,0.212
87.80,-48.712,16.746,-0.0067,-48.782,16.799,0.142,0.186
88.00,-48.695,16.760,0.0950,-48.766,16.812,0.151,0.400
88.20,-48.676,16.775,0.1714,-48.748,16.826,0.166,0.455
88.40,-48.651,16.792,0.2286,-48.725,16.843,0.174,0.399
88.60,-48.619,16.815,0.3070,-48.694,16.866,0.195,0.338
88.80,-48.578,16.832,0.3857,-48.654,16.885,0.232,0.370
89.00,-48.543,16.832,0.4284,-48.618,16.887,0.238,0.318
89.20,-48.512,16.833,0.4664,-48.587,16.889,0.220,0.278
89.40,-48.481,16.836,0.5029,-48.555,16.891,0.208,0.270
89.60,-48.448,16.841,0.5394,-48.523,16.895,0.219,0.195
89.80,-48.413,16.848,0.5770,-48.489,16.901,0.246,0.163
90.00,-48.377,16.855,0.6162,-48.453,16.907,0.254,0.173
90.20,-48.340,16.867,0.6515,-48.415,16.917,0.258,0.179
90.40,-48.304,16.880,0.6828,-48.379,16.929,0.257,0.180
90.60,-48.270,16.894,0.7137,-48.345,16.941,0.254,0.172
90.80,-48.239,16.907,0.7431,-48.313,16.954,0.245,0.166
91.00,-48.209,16.921,0.7707,-48.283,16.966,0.216,0.089
91.20,-48.181,16.937,0.7969,-48.255,16.981,0.211,0.119
91.40,-48.155,16.951,0.8217,-48.228,16.994,0.211,0.124
91.60,-48.134,16.974,0.8242,-48.206,17.015,0.211,0.080
91.80,-48.118,16.987,0.8318,-48.190,17.028,0.197,0.034
92.00,-48.106,16.997,0.8387,-48.177,17.037,0.175,0.036
92.20,-48.091,17.012,0.8400,-48.165,17.049,0.162,0.025
92.40,-48.066,17.041,0.8401,-48.141,17.076,0.190,-0.001
92.60,-48.043,17.068,0.8402,-48.118,17.104,0.237,-0.012
92.80,-48.022,17.092,0.8402,-48.097,17.128,0.260,-0.033
93.00,-47.996,17.119,0.8402,-48.072,17.155,0.264,-0.030
93.20,-47.965,17.154,0.8401,-48.042,17.188,0.274,-0.019
93.40,-47.930,17.192,0.8400,-48.008,17.225,0.291,-0.015
93.60,-47.896,17.230,0.8400,-47.973,17.263,0.301,-0.014
93.80,-47.860,17.270,0.8400,-47.938,17.303,0.307,-0.015
94.00,-47.822,17.313,0.8400,-47.900,17.346,0.295,0.055
94.20,-47.783,17.357,0.8400,-47.861,17.390,0.289,0.048
94.40,-47.743,17.402,0.8399,-47.821,17.434,0.329,0.004
94.60,-47.702,17.448,0.8406,-47.780,17.480,0.361,0.007
94.80,-47.660,17.494,0.8413,-47.737,17.527,0.366,0.030
95.00,-47.616,17.544,0.8413,-47.694,17.576,0.358,0.030
95.20,-47.567,17.599,0.8414,-47.646,17.630,0.363,0.029
95.40,-47.518,17.655,0.8415,-47.597,17.685,0.370,0.028
95.60,-47.472,17.708,0.8415,-47.550,17.739,0.400,-0.080
95.80,-47.424,17.760,0.8416,-47.503,17.792,0.391,-0.061
96.00,-47.377,17.812,0.8411,-47.455,17.843,0.366,-0.073
96.20,-47.331,17.863,0.8406,-47.410,17.894,0.353,-0.077
96.40,-47.284,17.915,0.8404,-47.364,17.946,0.346,-0.076
96.60,-47.241,17.964,0.8396,-47.321,17.995,0.336,-0.079
96.80,-47.201,18.009,0.8383,-47.281,18.040,0.340,-0.016
97.00,-47.167,18.049,0.8376,-47.246,18.080,0.329,-0.024
97.20,-47.135,18.085,0.8370,-47.215,18.116,0.305,-0.029
97.40,-47.096,18.129,0.8368,-47.178,18.157,0.288,-0.029
97.60,-47.053,18.178,0.8368,-47.135,18.206,0.273,-0.100
97.80,-47.012,18.225,0.8367,-47.094,18.253,0.251,-0.154
98.00,-46.973,18.268,0.8367,-47.055,18.296,0.236,-0.125
98.20,-46.939,18.308,0.8301,-47.018,18.338,0.220,-0.134
98.40,-46.929,18.326,0.8164,-47.007,18.359,0.162,-0.203
98.60,-46.913,18.335,0.8003,-46.993,18.367,0.116,-0.215
98.80,-46.905,18.346,0.7908,-46.985,18.376,0.094,-0.210
99.00,-46.899,18.367,0.7307,-46.979,18.396,0.095,-0.249
99.20,-46.887,18.388,0.6607,-46.968,18.416,0.111,-0.375
99.40,-46.877,18.404,0.5788,-46.958,18.433,0.151,-0.406
99.60,-46.871,18.417,0.4562,-46.952,18.446,0.165,-0.533
99.80,-46.871,18.435,0.2647,-46.950,18.461,0.163,-0.723
100.00,-46.859,18.466,0.1161,-46.943,18.494,0.179,-0.674
100.20,-46.856,18.453,-0.0543,-46.934,18.485,0.184,-0.720
100.40,-46.887,18.408,-0.2045,-46.956,18.444,0.117,-0.536
100.60,-46.925,18.391,-0.4557,-46.994,18.421,-0.000,-0.771
100.80,-46.953,18.384,-0.7553,-47.025,18.415,-0.016,-1.004
101.00,-46.944,18.392,-1.0027,-47.024,18.426,0.035,-0.966
101.20,-46.948,18.386,-1.3517,-47.023,18.422,0.048,-1.017
101.40,-46.955,18.380,-1.8359,-47.029,18.416,0.021,-1.001
101.60,-46.926,18.378,-2.2731,-47.004,18.424,-0.030,-1.000
101.80,-46.926,18.372,-2.7400,-46.999,18.414,-0.084,-1.000
102.00,-46.940,18.394,-3.0513,-47.012,18.429,-0.076,-1.009
102.20,-46.892,18.374,-3.1200,-46.969,18.415,-0.125,-0.655
102.40,-46.855,18.356,3.1082,-46.932,18.397,-0.167,-0.269
102.60,-46.831,18.341,3.0092,-46.905,18.384,-0.164,-0.228
102.80,-46.816,18.316,2.7118,-46.889,18.360,-0.152,-0.899
103.00,-46.807,18.290,2.5648,-46.878,18.335,-0.108,-0.883
103.20,-46.807,18.268,2.4389,-46.877,18.313,-0.069,-0.534
103.40,-46.774,18.283,2.1941,-46.858,18.320,-0.035,-0.871
103.60,-46.721,18.338,2.0035,-46.811,18.375,0.016,-0.874
103.80,-46.687,18.384,1.8143,-46.773,18.423,0.063,-0.768
104.00,-46.715,18.369,1.4914,-46.789,18.403,0.066,-0.981
104.20,-46.793,18.281,1.2924,-46.854,18.319,-0.153,-1.003
104.40,-46.860,18.207,1.1824,-46.918,18.245,-0.237,-0.827
104.60,-46.938,18.140,1.0677,-46.992,18.176,-0.227,-0.610
104.80,-47.013,18.089,0.9655,-47.066,18.122,-0.210,-0.494
105.00,-47.098,18.042,0.8601,-47.148,18.075,-0.208,-0.484
105.20,-47.199,17.998,0.7481,-47.246,18.029,-0.210,-0.500
105.40,-47.310,17.962,0.6365,-47.354,17.990,-0.217,-0.508
105.60,-47.415,17.942,0.5311,-47.460,17.966,-0.210,-0.491
105.80,-47.517,17.933,0.4289,-47.562,17.954,-0.197,-0.464
106.00,-47.610,17.935,0.3342,-47.656,17.954,-0.197,-0.378
106.20,-47.693,17.945,0.2489,-47.741,17.961,-0.170,-0.360
106.40,-47.752,17.958,0.1805,-47.805,17.974,-0.109,-0.317
106.60,-47.786,17.967,0.1386,-47.843,17.985,-0.027,-0.232
106.80,-47.805,17.972,0.1018,-47.866,17.991,0.056,-0.112
107.00,-47.816,17.977,-0.0215,-47.877,17.996,0.102,-0.308
107.20,-47.849,18.003,-0.0630,-47.909,18.022,0.052,-0.209
107.40,-47.864,18.011,-0.0666,-47.929,18.034,0.043,-0.054
107.60,-47.864,18.005,-0.1478,-47.932,18.031,0.076,-0.027
107.80,-47.861,17.995,-0.2608,-47.929,18.022,0.104,-0.371
108.00,-47.856,17.989,-0.2761,-47.926,18.014,0.112,-0.230
108.20,-47.844,17.988,-0.2805,-47.914,18.012,0.126,0.021
108.40,-47.834,17.984,-0.4178,-47.904,18.010,0.120,-0.241
108.60,-47.823,17.969,-0.5287,-47.893,17.997,0.118,-0.452
108.80,-47.806,17.953,-0.5385,-47.878,17.980,0.118,-0.239
109.00,-47.788,17.944,-0.5551,-47.858,17.970,0.122,0.032
109.20,-47.779,17.939,-0.7362,-47.848,17.966,0.093,-0.379
109.40,-47.778,17.926,-0.8556,-47.846,17.953,0.073,-0.564
109.60,-47.764,17.908,-0.8569,-47.834,17.936,0.076,-0.302
109.80,-47.751,17.898,-0.9024,-47.821,17.924,0.085,-0.002
110.00,-47.732,17.929,-1.1024,-47.804,17.950,0.057,-0.450
110.20,-47.733,17.930,-1.2527,-47.802,17.953,0.023,-0.777
110.40,-47.735,17.920,-1.2837,-47.804,17.944,0.035,-0.336
110.60,-47.715,17.930,-1.4513,-47.789,17.953,0.026,-0.370
110.80,-47.687,17.972,-1.6440,-47.758,17.992,-0.055,-0.699
111.00,-47.664,18.012,-1.6947,-47.736,18.031,-0.116,-0.470
111.20,-47.644,18.046,-1.7390,-47.714,18.066,-0.126,-0.207
111.40,-47.625,18.075,-1.7858,-47.696,18.097,-0.118,-0.077
111.60,-47.608,18.101,-1.8237,-47.678,18.123,-0.114,-0.054
111.80,-47.592,18.123,-1.8488,-47.661,18.146,-0.106,-0.003
112.00,-47.577,18.146,-1.8647,-47.644,18.169,-0.103,0.011
112.20,-47.565,18.168,-1.8726,-47.627,18.192,-0.103,0.012
112.40,-47.559,18.188,-1.8726,-47.620,18.212,-0.096,0.067
112.60,-47.552,18.208,-1.8725,-47.613,18.232,-0.091,0.098
112.80,-47.546,18.229,-1.8725,-47.608,18.252,-0.089,0.106
113.00,-47.540,18.246,-1.8706,-47.601,18.270,-0.087,0.110
113.20,-47.536,18.258,-1.8657,-47.596,18.281,-0.071,0.135
113.40,-47.535,18.270,-1.8510,-47.594,18.292,-0.059,0.161
113.60,-47.538,18.282,-1.8165,-47.596,18.304,-0.046,0.245
113.80,-47.544,18.291,-1.7668,-47.602,18.314,-0.036,0.327
114.00,-47.553,18.297,-1.7053,-47.611,18.319,-0.024,0.404
114.20,-47.564,18.298,-1.6080,-47.621,18.321,-0.012,0.489
114.40,-47.577,18.296,-1.4509,-47.634,18.320,0.005,0.703
114.60,-47.571,18.284,-1.2630,-47.628,18.307,0.035,0.849
114.80,-47.569,18.275,-1.0119,-47.625,18.297,0.097,0.979
115.00,-47.569,18.270,-0.7241,-47.624,18.291,0.123,1.011
115.20,-47.605,18.280,-0.6698,-47.657,18.302,0.032,0.671
115.40,-47.651,18.291,-0.6097,-47.701,18.313,-0.039,0.403
115.60,-47.707,18.300,-0.5412,-47.756,18.323,-0.082,0.375
115.80,-47.767,18.304,-0.4730,-47.815,18.329,-0.094,0.380
116.00,-47.826,18.302,-0.4089,-47.874,18.328,-0.089,0.380
116.20,-47.867,18.300,-0.3624,-47.919,18.326,-0.047,0.374
116.40,-47.887,18.299,-0.3168,-47.943,18.325,-0.008,0.295
116.60,-47.892,18.299,-0.1495,-47.950,18.324,0.057,0.468
116.80,-47.892,18.303,0.0324,-47.950,18.327,0.110,0.747
117.00,-47.883,18.301,0.1555,-47.943,18.328,0.142,0.750
117.20,-47.860,18.267,0.2584,-47.925,18.298,0.162,0.537
117.40,-47.796,18.231,0.4064,-47.870,18.259,0.211,0.553
117.60,-47.711,18.232,0.5051,-47.787,18.255,0.306,0.483
117.80,-47.634,18.243,0.5941,-47.707,18.263,0.359,0.386
118.00,-47.585,18.253,0.6560,-47.650,18.273,0.337,0.306
118.20,-47.566,18.263,0.7086,-47.626,18.282,0.257,0.228
118.40,-47.564,18.289,0.8569,-47.619,18.304,0.199,0.402
118.60,-47.576,18.331,0.9969,-47.628,18.344,0.192,0.575
118.80,-47.594,18.367,1.0880,-47.646,18.381,0.189,0.456
119.00,-47.615,18.401,1.2568,-47.666,18.415,0.180,0.497
119.20,-47.629,18.419,1.5421,-47.682,18.434,0.165,0.936
119.40,-47.650,18.433,1.7709,-47.700,18.448,0.059,0.954
119.60,-47.668,18.442,2.0510,-47.718,18.457,0.028,0.908
119.80,-47.737,18.452,2.3924,-47.773,18.474,0.042,1.021
120.00,-47.752,18.502,2.5190,-47.790,18.512,0.116,0.754
120.20,-47.744,18.581,2.7141,-47.780,18.584,0.079,0.781
120.40,-47.751,18.668,2.9402,-47.784,18.665,0.065,0.821
120.60,-47.774,18.761,-3.1132,-47.803,18.759,0.077,0.919
120.80,-47.811,18.838,-2.8945,-47.839,18.839,0.082,0.929
121.00,-47.870,18.813,-2.7958,-47.909,18.827,0.140,0.679
121.20,-47.920,18.760,-2.7126,-47.963,18.778,0.189,0.386
121.40,-47.958,18.710,-2.6398,-48.004,18.729,0.182,0.289
121.60,-47.980,18.679,-2.5914,-48.028,18.695,0.125,0.215
121.80,-47.997,18.653,-2.5534,-48.046,18.669,0.069,0.159
122.00,-48.013,18.630,-2.5202,-48.061,18.644,0.042,0.133
122.20,-48.030,18.603,-2.4886,-48.077,18.616,0.041,0.113
122.40,-48.043,18.579,-2.4627,-48.091,18.591,0.039,0.079
122.60,-48.055,18.559,-2.4414,-48.103,18.569,0.033,0.040
122.80,-48.066,18.541,-2.4249,-48.113,18.549,0.026,-0.004
123.00,-48.076,18.526,-2.4139,-48.124,18.530,0.023,-0.026
123.20,-48.082,18.520,-2.4129,-48.130,18.522,0.007,-0.047
123.40,-48.086,18.516,-2.4129,-48.134,18.518,-0.016,-0.090
123.60,-48.090,18.513,-2.4129,-48.138,18.514,-0.027,-0.102
123.80,-48.091,18.511,-2.4148,-48.140,18.512,-0.035,-0.112
124.00,-48.091,18.509,-2.4344,-48.140,18.510,-0.043,-0.179
124.20,-48.088,18.507,-2.4642,-48.138,18.508,-0.055,-0.263
124.40,-48.085,18.502,-2.4943,-48.135,18.503,-0.059,-0.290
124.60,-48.077,18.491,-2.5306,-48.128,18.493,-0.061,-0.282
124.80,-48.062,18.473,-2.5918,-48.112,18.476,-0.069,-0.323
125.00,-48.042,18.452,-2.6693,-48.092,18.455,-0.080,-0.403
125.20,-48.024,18.431,-2.7551,-48.072,18.433,-0.090,-0.446
125.40,-48.022,18.418,-2.8794,-48.068,18.420,-0.088,-0.519
125.60,-48.027,18.403,-3.0538,-48.072,18.404,-0.064,-0.698
125.80,-48.037,18.392,3.0288,-48.081,18.394,-0.039,-0.889
126.00,-48.069,18.372,2.8890,-48.107,18.375,-0.009,-0.949
126.20,-48.128,18.364,2.8177,-48.162,18.365,0.068,-0.632
126.40,-48.196,18.359,2.7336,-48.228,18.359,0.132,-0.512
126.60,-48.275,18.360,2.6385,-48.305,18.357,0.198,-0.589
126.80,-48.354,18.370,2.5441,-48.384,18.365,0.195,-0.552
127.00,-48.425,18.384,2.4598,-48.458,18.378,0.175,-0.508
127.20,-48.489,18.403,2.3819,-48.524,18.396,0.154,-0.476
127.40,-48.543,18.425,2.3038,-48.581,18.417,0.167,-0.412
127.60,-48.586,18.456,2.2036,-48.628,18.447,0.153,-0.495
127.80,-48.623,18.493,2.1095,-48.666,18.484,0.143,-0.552
128.00,-48.658,18.529,2.0163,-48.702,18.520,0.139,-0.558
128.20,-48.701,18.571,1.8978,-48.745,18.560,0.139,-0.566
128.40,-48.747,18.626,1.7543,-48.793,18.611,0.178,-0.615
128.60,-48.791,18.692,1.5978,-48.840,18.675,0.219,-0.690
128.80,-48.793,18.773,1.4792,-48.853,18.759,0.271,-0.658
129.00,-48.747,18.848,1.3841,-48.812,18.839,0.304,-0.565
129.20,-48.708,18.914,1.2701,-48.773,18.906,0.298,-0.551
129.40,-48.692,18.976,1.1694,-48.753,18.968,0.283,-0.578
129.60,-48.693,19.027,1.1079,-48.753,19.020,0.235,-0.473
129.80,-48.691,19.071,1.0530,-48.751,19.066,0.175,-0.394
130.00,-48.687,19.102,1.0089,-48.747,19.101,0.139,-0.366
130.20,-48.682,19.128,0.9722,-48.743,19.127,0.111,-0.349
130.40,-48.675,19.150,0.9353,-48.736,19.150,0.130,-0.218
130.60,-48.668,19.178,0.8978,-48.729,19.176,0.134,-0.203
130.80,-48.658,19.211,0.8590,-48.720,19.208,0.141,-0.204
131.00,-48.651,19.244,0.8291,-48.713,19.243,0.152,-0.200
131.20,-48.649,19.278,0.7813,-48.712,19.279,0.150,-0.255
131.40,-48.643,19.311,0.7280,-48.708,19.314,0.151,-0.294
131.60,-48.631,19.338,0.6734,-48.697,19.342,0.154,-0.323
131.80,-48.615,19.360,0.6195,-48.682,19.366,0.147,-0.360
132.00,-48.605,19.379,0.5393,-48.670,19.385,0.139,-0.372
132.20,-48.614,19.396,0.4050,-48.676,19.402,0.117,-0.535
132.40,-48.643,19.413,0.3290,-48.701,19.421,0.084,-0.522
132.60,-48.696,19.419,0.2728,-48.749,19.427,-0.016,-0.369
132.80,-48.767,19.433,0.1954,-48.818,19.439,-0.104,-0.335
133.00,-48.855,19.457,0.1011,-48.903,19.460,-0.161,-0.360
133.20,-48.952,19.492,0.0007,-49.000,19.493,-0.198,-0.405
133.40,-49.027,19.515,-0.0552,-49.081,19.520,-0.183,-0.362
133.60,-49.078,19.541,-0.1131,-49.135,19.545,-0.120,-0.269
133.80,-49.133,19.574,-0.1800,-49.190,19.578,-0.077,-0.254
134.00,-49.190,19.614,-0.2507,-49.247,19.616,-0.084,-0.271
134.20,-49.247,19.658,-0.3184,-49.304,19.660,-0.099,-0.277
134.40,-49.301,19.707,-0.3856,-49.359,19.709,-0.145,-0.218
134.60,-49.346,19.754,-0.4478,-49.406,19.757,-0.119,-0.231
134.80,-49.385,19.801,-0.5097,-49.446,19.805,-0.094,-0.217
135.00,-49.423,19.850,-0.5679,-49.485,19.855,-0.086,-0.200
135.20,-49.452,19.893,-0.6187,-49.515,19.900,-0.069,-0.178
135.40,-49.473,19.928,-0.6596,-49.537,19.938,-0.033,-0.138
135.60,-49.480,19.940,-0.6893,-49.546,19.956,0.023,-0.083
135.80,-49.485,19.929,-0.7458,-49.551,19.948,0.078,-0.156
136.00,-49.476,19.910,-0.7649,-49.545,19.928,0.138,-0.071
136.20,-49.466,19.893,-0.7805,-49.536,19.908,0.162,-0.014
136.40,-49.454,19.865,-0.8079,-49.525,19.880,0.177,-0.010
136.60,-49.436,19.836,-0.8254,-49.510,19.847,0.194,-0.015
136.80,-49.414,19.812,-0.8254,-49.489,19.822,0.198,0.048
137.00,-49.390,19.786,-0.8254,-49.466,19.796,0.197,0.084
137.20,-49.364,19.758,-0.8254,-49.440,19.768,0.200,0.104
137.40,-49.341,19.733,-0.8251,-49.416,19.743,0.197,0.107
137.60,-49.332,19.723,-0.8254,-49.405,19.732,0.170,0.106
137.80,-49.318,19.716,-0.8124,-49.393,19.726,0.132,0.123
138.00,-49.297,19.706,-0.7881,-49.372,19.718,0.132,0.184
138.20,-49.284,19.695,-0.7748,-49.359,19.708,0.135,0.202
138.40,-49.268,19.692,-0.7384,-49.344,19.705,0.129,0.235
138.60,-49.252,19.689,-0.6604,-49.328,19.702,0.130,0.342
138.80,-49.234,19.687,-0.5785,-49.311,19.701,0.138,0.419
139.00,-49.217,19.686,-0.4810,-49.294,19.699,0.143,0.447
139.20,-49.201,19.692,-0.3301,-49.277,19.705,0.147,0.495
139.40,-49.186,19.699,-0.1286,-49.263,19.712,0.153,0.732
139.60,-49.153,19.711,0.0583,-49.231,19.724,0.172,0.753
139.80,-49.121,19.719,0.2627,-49.201,19.731,0.224,0.807
140.00,-49.100,19.737,0.5963,-49.178,19.748,0.255,0.963
140.20,-49.087,19.754,0.9549,-49.165,19.765,0.223,1.028
140.40,-49.068,19.769,1.3264,-49.148,19.778,0.175,1.021
140.60,-49.070,19.788,1.6880,-49.146,19.801,0.109,1.010
140.80,-49.133,19.866,1.8102,-49.199,19.878,0.178,0.842
141.00,-49.196,19.938,1.9192,-49.259,19.949,0.264,0.539
141.20,-49.268,20.002,2.0285,-49.328,20.015,0.290,0.416
141.40,-49.315,20.066,2.1647,-49.379,20.078,0.301,0.479
141.60,-49.332,20.125,2.2414,-49.400,20.136,0.266,0.415
141.80,-49.348,20.180,2.3056,-49.416,20.192,0.200,0.248
142.00,-49.369,20.235,2.3717,-49.436,20.248,0.171,0.204
142.20,-49.393,20.290,2.4377,-49.459,20.303,0.153,0.168
142.40,-49.424,20.344,2.5006,-49.487,20.358,0.141,0.182
142.60,-49.459,20.397,2.5609,-49.521,20.413,0.143,0.186
142.80,-49.493,20.441,2.6131,-49.555,20.460,0.136,0.171
143.00,-49.523,20.478,2.6594,-49.586,20.500,0.115,0.145
143.20,-49.545,20.502,2.6919,-49.608,20.527,0.072,0.097
143.40,-49.561,20.518,2.7146,-49.624,20.546,0.032,0.066
143.60,-49.577,20.533,2.7320,-49.639,20.562,0.013,0.049
143.80,-49.590,20.547,2.7444,-49.653,20.578,0.004,-0.006
144.00,-49.601,20.553,2.7457,-49.663,20.588,-0.008,-0.055
144.20,-49.609,20.557,2.7450,-49.673,20.594,-0.017,-0.092
144.40,-49.609,20.557,2.7450,-49.675,20.594,-0.037,-0.097
144.60,-49.604,20.554,2.7441,-49.671,20.592,-0.056,-0.094
144.80,-49.591,20.553,2.7344,-49.659,20.591,-0.080,-0.110
145.00,-49.570,20.550,2.7180,-49.638,20.590,-0.105,-0.145
145.20,-49.557,20.550,2.7000,-49.622,20.590,-0.111,-0.175
145.40,-49.547,20.552,2.6675,-49.611,20.592,-0.099,-0.253
145.60,-49.534,20.558,2.6170,-49.600,20.598,-0.092,-0.324
145.80,-49.519,20.545,2.5917,-49.584,20.589,-0.102,-0.274
146.00,-49.503,20.523,2.5619,-49.568,20.568,-0.118,-0.191
146.20,-49.486,20.497,2.5262,-49.551,20.543,-0.135,-0.177
146.40,-49.472,20.473,2.4960,-49.535,20.518,-0.141,-0.193
146.60,-49.460,20.455,2.4747,-49.525,20.499,-0.132,-0.224
146.80,-49.447,20.436,2.4549,-49.514,20.480,-0.122,-0.242
147.00,-49.434,20.417,2.4347,-49.503,20.459,-0.120,-0.245
147.20,-49.422,20.396,2.4097,-49.493,20.438,-0.119,-0.251
147.40,-49.403,20.379,2.3695,-49.476,20.421,-0.124,-0.283
147.60,-49.375,20.370,2.3443,-49.450,20.412,-0.126,-0.239
147.80,-49.335,20.360,2.3024,-49.410,20.403,-0.143,-0.236
148.00,-49.289,20.347,2.2530,-49.364,20.391,-0.160,-0.262
148.20,-49.243,20.328,2.2103,-49.316,20.374,-0.184,-0.271
148.40,-49.204,20.303,2.1886,-49.274,20.349,-0.193,-0.216
148.60,-49.176,20.278,2.1906,-49.243,20.325,-0.179,-0.107
148.80,-49.151,20.252,2.2000,-49.218,20.300,-0.161,-0.033
149.00,-49.126,20.225,2.2074,-49.193,20.273,-0.149,-0.003
149.20,-49.107,20.198,2.2059,-49.173,20.247,-0.139,-0.036
149.40,-49.089,20.173,2.2059,-49.156,20.222,-0.130,-0.060
149.60,-49.072,20.150,2.2058,-49.138,20.198,-0.121,-0.063
149.80,-49.057,20.129,2.2058,-49.123,20.176,-0.113,-0.063
150.00,-49.049,20.118,2.2056,-49.115,20.164,-0.090,-0.086
150.20,-49.043,20.109,2.2039,-49.110,20.156,-0.076,-0.087
150.40,-49.038,20.100,2.2021,-49.106,20.148,-0.070,-0.088
150.60,-49.035,20.090,2.1923,-49.105,20.138,-0.068,-0.108
150.80,-49.037,20.081,2.1710,-49.107,20.129,-0.065,-0.184
151.00,-49.044,20.082,2.1577,-49.116,20.126,-0.054,-0.195
151.20,-49.055,20.090,2.1448,-49.128,20.131,-0.029,-0.184
151.40,-49.079,20.107,2.1150,-49.153,20.146,0.008,-0.216
151.60,-49.110,20.138,2.0852,-49.186,20.174,0.046,-0.264
151.80,-49.142,20.164,2.0459,-49.218,20.202,0.075,-0.268
152.00,-49.176,20.193,2.0004,-49.253,20.231,0.075,-0.302
152.20,-49.210,20.226,1.9502,-49.289,20.263,0.079,-0.324
152.40,-49.244,20.262,1.8972,-49.324,20.298,0.084,-0.338
152.60,-49.278,20.301,1.8409,-49.359,20.337,0.099,-0.353
152.80,-49.309,20.341,1.7851,-49.391,20.377,0.103,-0.364
153.00,-49.337,20.382,1.7308,-49.420,20.418,0.104,-0.368
153.20,-49.364,20.422,1.6777,-49.447,20.458,0.100,-0.367
153.40,-49.388,20.465,1.6219,-49.472,20.502,0.100,-0.379
153.60,-49.410,20.514,1.5625,-49.496,20.549,0.111,-0.402
153.80,-49.431,20.566,1.5013,-49.518,20.600,0.125,-0.417
154.00,-49.448,20.622,1.4357,-49.537,20.656,0.139,-0.432
154.20,-49.461,20.670,1.3784,-49.551,20.706,0.138,-0.433
154.40,-49.471,20.718,1.3228,-49.562,20.754,0.121,-0.417
154.60,-49.479,20.779,1.2542,-49.571,20.813,0.137,-0.425
154.80,-49.480,20.845,1.1669,-49.575,20.879,0.172,-0.472
155.00,-49.471,20.896,1.0921,-49.565,20.932,0.236,-0.423
155.20,-49.467,20.943,1.0371,-49.561,20.980,0.214,-0.366
155.40,-49.452,20.989,0.9489,-49.548,21.026,0.208,-0.400
155.60,-49.429,21.032,0.8628,-49.527,21.070,0.211,-0.457
155.80,-49.406,21.069,0.7822,-49.504,21.108,0.207,-0.465
156.00,-49.380,21.092,0.7319,-49.478,21.133,0.196,-0.398
156.20,-49.356,21.098,0.6926,-49.453,21.140,0.161,-0.331
156.40,-49.341,21.106,0.5480,-49.437,21.147,0.138,-0.484
156.60,-49.322,21.123,0.3585,-49.420,21.163,0.152,-0.735
156.80,-49.292,21.144,0.2212,-49.394,21.183,0.190,-0.737
157.00,-49.261,21.165,0.0416,-49.364,21.205,0.219,-0.666
157.20,-49.233,21.174,-0.2869,-49.335,21.215,0.220,-0.981
157.40,-49.201,21.154,-0.6237,-49.301,21.201,0.199,-1.031
157.60,-49.143,21.138,-0.7474,-49.250,21.186,0.224,-0.843
157.80,-49.088,21.118,-0.8230,-49.194,21.167,0.266,-0.496
158.00,-49.041,21.097,-0.8924,-49.145,21.146,0.289,-0.259
158.20,-49.002,21.076,-0.9510,-49.104,21.124,0.272,-0.169
158.40,-48.971,21.056,-0.9958,-49.071,21.104,0.236,-0.128
158.60,-48.947,21.036,-1.0264,-49.046,21.084,0.204,-0.094
158.80,-48.929,21.018,-1.0456,-49.026,21.066,0.177,-0.048
159.00,-48.916,21.002,-1.0553,-49.013,21.051,0.153,0.003
159.20,-48.907,20.987,-1.0563,-49.004,21.038,0.132,0.066
159.40,-48.894,20.964,-1.0563,-48.993,21.017,0.135,0.110
159.60,-48.879,20.937,-1.0564,-48.978,20.990,0.151,0.124
159.80,-48.867,20.912,-1.0566,-48.965,20.965,0.157,0.129
160.00,-48.854,20.893,-1.0519,-48.952,20.945,0.147,0.128
160.20,-48.841,20.879,-1.0397,-48.938,20.931,0.132,0.169
160.40,-48.833,20.867,-1.0286,-48.928,20.921,0.123,0.177
160.60,-48.827,20.850,-1.0098,-48.922,20.905,0.118,0.215
160.80,-48.820,20.837,-0.9899,-48.915,20.891,0.117,0.206
161.00,-48.815,20.817,-0.9518,-48.910,20.872,0.123,0.258
161.20,-48.825,20.799,-0.8875,-48.917,20.854,0.124,0.354
161.40,-48.842,20.789,-0.8381,-48.935,20.842,0.087,0.379
161.60,-48.860,20.778,-0.7830,-48.953,20.832,0.073,0.371
161.80,-48.859,20.747,-0.7047,-48.960,20.801,0.094,0.424
162.00,-48.822,20.739,-0.6629,-48.925,20.790,0.143,0.359
162.20,-48.785,20.730,-0.6177,-48.888,20.781,0.203,0.181
162.40,-48.749,20.723,-0.5736,-48.852,20.774,0.215,0.170
162.60,-48.711,20.717,-0.5318,-48.814,20.768,0.218,0.170
162.80,-48.671,20.711,-0.4946,-48.774,20.763,0.219,0.171
163.00,-48.627,20.706,-0.4540,-48.730,20.758,0.225,0.187
163.20,-48.597,20.702,-0.4256,-48.696,20.756,0.256,0.228
163.40,-48.588,20.694,-0.3933,-48.684,20.751,0.208,0.184
163.60,-48.577,20.674,-0.3288,-48.675,20.732,0.180,0.271
163.80,-48.558,20.654,-0.2565,-48.660,20.712,0.186,0.333
164.00,-48.534,20.640,-0.2180,-48.635,20.695,0.200,0.260
164.20,-48.517,20.640,-0.1740,-48.617,20.694,0.196,0.179
164.40,-48.493,20.643,-0.0495,-48.597,20.694,0.188,0.380
164.60,-48.450,20.653,0.0284,-48.554,20.704,0.218,0.378
164.80,-48.416,20.644,0.0621,-48.520,20.698,0.224,0.226
165.00,-48.383,20.634,0.1015,-48.488,20.687,0.219,0.123
165.20,-48.348,20.624,0.1425,-48.453,20.677,0.216,0.053
165.40,-48.311,20.616,0.1789,-48.416,20.668,0.210,0.056
165.60,-48.269,20.615,0.2042,-48.376,20.663,0.207,0.060
165.80,-48.222,20.624,0.2073,-48.330,20.669,0.218,0.006
166.00,-48.177,20.635,0.2079,-48.283,20.679,0.227,-0.051
166.20,-48.144,20.642,0.2082,-48.249,20.686,0.214,-0.073
166.40,-48.106,20.648,0.2083,-48.213,20.692,0.196,-0.080
166.60,-48.065,20.658,0.2082,-48.173,20.701,0.198,-0.085
166.80,-48.029,20.666,0.2075,-48.137,20.709,0.194,-0.045
167.00,-47.994,20.673,0.2064,-48.102,20.716,0.228,-0.026
167.20,-47.953,20.680,0.2037,-48.063,20.722,0.250,-0.060
167.40,-47.914,20.688,0.2033,-48.022,20.730,0.252,-0.057
167.60,-47.870,20.697,0.2033,-47.979,20.739,0.252,-0.048
167.80,-47.820,20.709,0.2015,-47.930,20.751,0.261,-0.050
168.00,-47.766,20.720,0.1999,-47.877,20.763,0.278,-0.062
168.20,-47.714,20.730,0.1991,-47.823,20.775,0.285,-0.061
168.40,-47.668,20.740,0.1986,-47.776,20.785,0.277,-0.059
168.60,-47.624,20.749,0.1979,-47.733,20.793,0.256,-0.055
168.80,-47.579,20.758,0.1973,-47.690,20.802,0.242,-0.054
169.00,-47.533,20.767,0.1968,-47.645,20.810,0.236,-0.055
169.20,-47.485,20.777,0.1959,-47.598,20.820,0.246,0.029
169.40,-47.441,20.786,0.1953,-47.554,20.830,0.248,0.007
169.60,-47.405,20.793,0.1949,-47.517,20.837,0.230,0.002
169.80,-47.357,20.802,0.1950,-47.472,20.846,0.226,0.007
170.00,-47.308,20.814,0.1948,-47.423,20.857,0.286,0.012
170.20,-47.262,20.822,0.1948,-47.377,20.865,0.298,0.015
170.40,-47.218,20.831,0.1948,-47.332,20.874,0.279,0.020
170.60,-47.164,20.841,0.1948,-47.280,20.884,0.277,0.022
170.80,-47.106,20.852,0.1948,-47.223,20.895,0.313,0.127
171.00,-47.051,20.863,0.1948,-47.167,20.905,0.326,0.118
171.20,-46.999,20.873,0.1956,-47.114,20.916,0.303,0.104
171.40,-46.968,20.879,0.1961,-47.081,20.923,0.260,0.105
171.60,-46.938,20.885,0.1962,-47.054,20.929,0.202,0.061
171.80,-46.907,20.891,0.1962,-47.025,20.935,0.194,0.073
172.00,-46.876,20.897,0.1963,-46.998,20.941,0.188,0.084
172.20,-46.840,20.904,0.1970,-46.963,20.947,0.197,0.087
172.40,-46.803,20.912,0.2003,-46.927,20.956,0.210,0.109
172.60,-46.767,20.922,0.2062,-46.892,20.966,0.212,0.126
172.80,-46.730,20.934,0.2174,-46.856,20.979,0.213,0.148
173.00,-46.692,20.952,0.2389,-46.819,20.998,0.228,0.158
173.20,-46.647,20.975,0.2688,-46.776,21.021,0.274,0.197
173.40,-46.595,21.009,0.3124,-46.725,21.055,0.308,0.240
173.60,-46.537,21.051,0.3647,-46.669,21.098,0.333,0.273
173.80,-46.478,21.102,0.4254,-46.610,21.148,0.354,0.289
174.00,-46.423,21.155,0.4878,-46.554,21.202,0.384,0.340
174.20,-46.382,21.202,0.5421,-46.512,21.248,0.364,0.296
174.40,-46.341,21.256,0.6046,-46.472,21.301,0.345,0.287
174.60,-46.307,21.308,0.6663,-46.436,21.355,0.337,0.286
174.80,-46.272,21.342,0.7377,-46.403,21.391,0.340,0.255
175.00,-46.232,21.358,0.7806,-46.364,21.409,0.307,0.190
175.20,-46.194,21.376,0.8229,-46.325,21.426,0.279,0.144
175.40,-46.158,21.395,0.8620,-46.289,21.444,0.267,0.127
175.60,-46.125,21.415,0.8949,-46.256,21.462,0.224,0.190
175.80,-46.096,21.438,0.9184,-46.226,21.483,0.219,0.140
176.00,-46.067,21.463,0.9420,-46.197,21.506,0.225,0.118
176.20,-46.040,21.482,0.9719,-46.168,21.525,0.224,0.130
176.40,-46.021,21.499,0.9900,-46.148,21.541,0.208,0.124
176.60,-46.007,21.513,0.9992,-46.133,21.553,0.207,0.073
176.80,-46.000,21.523,1.0049,-46.125,21.561,0.189,0.023
177.00,-45.999,21.549,1.0427,-46.125,21.584,0.191,0.062
177.20,-45.990,21.579,1.0577,-46.119,21.612,0.214,0.104
177.40,-45.972,21.610,1.0578,-46.102,21.642,0.228,0.023
177.60,-45.954,21.643,1.0588,-46.085,21.674,0.242,-0.019
177.80,-45.937,21.667,1.0663,-46.067,21.699,0.241,-0.007
178.00,-45.917,21.700,1.0665,-46.048,21.728,0.221,-0.050
178.20,-45.895,21.742,1.0665,-46.026,21.769,0.237,-0.060
178.40,-45.872,21.786,1.0665,-46.004,21.813,0.254,-0.064
178.60,-45.849,21.828,1.0662,-45.980,21.855,0.264,-0.070
178.80,-45.823,21.873,1.0650,-45.954,21.900,0.247,-0.127
179.00,-45.795,21.923,1.0632,-45.924,21.949,0.281,-0.115
179.20,-45.763,21.976,1.0610,-45.891,22.003,0.303,-0.137
179.40,-45.728,22.030,1.0495,-45.856,22.057,0.320,-0.156
179.60,-45.694,22.076,1.0331,-45.819,22.104,0.274,-0.228
179.80,-45.667,22.113,1.0213,-45.790,22.142,0.210,-0.197
180.00,-45.654,22.130,1.0146,-45.774,22.160,0.160,-0.177
180.20,-45.646,22.148,0.9849,-45.765,22.177,0.109,-0.192
180.40,-45.640,22.179,0.9358,-45.761,22.207,0.116,-0.273
180.60,-45.634,22.200,0.9132,-45.755,22.230,0.117,-0.234
180.80,-45.626,22.225,0.8840,-45.748,22.255,0.116,-0.187
181.00,-45.615,22.257,0.8463,-45.738,22.286,0.157,-0.191
181.20,-45.602,22.294,0.8053,-45.726,22.322,0.186,-0.251
181.40,-45.585,22.320,0.7622,-45.710,22.351,0.194,-0.302
181.60,-45.563,22.331,0.7380,-45.688,22.362,0.177,-0.288
181.80,-45.536,22.342,0.7085,-45.662,22.372,0.171,-0.271
182.00,-45.505,22.353,0.6744,-45.632,22.382,0.176,-0.277
182.20,-45.472,22.363,0.6387,-45.599,22.392,0.184,-0.284
182.40,-45.439,22.372,0.6036,-45.566,22.400,0.189,-0.277
182.60,-45.409,22.379,0.5714,-45.535,22.406,0.187,-0.271
182.80,-45.374,22.386,0.5342,-45.501,22.412,0.191,-0.271
183.00,-45.339,22.390,0.4977,-45.466,22.416,0.195,-0.266
183.20,-45.308,22.394,0.4640,-45.434,22.420,0.192,-0.260
183.40,-45.277,22.397,0.4306,-45.402,22.421,0.188,-0.253
183.60,-45.248,22.399,0.3994,-45.373,22.422,0.184,-0.242
183.80,-45.219,22.400,0.3687,-45.345,22.422,0.181,-0.239
184.00,-45.189,22.400,0.3369,-45.314,22.421,0.182,-0.231
184.20,-45.158,22.399,0.3053,-45.284,22.419,0.180,-0.263
184.40,-45.130,22.397,0.2762,-45.255,22.416,0.179,-0.255
184.60,-45.103,22.395,0.2477,-45.227,22.413,0.175,-0.240
184.80,-45.075,22.391,0.2175,-45.200,22.408,0.174,-0.232
185.00,-45.047,22.387,0.1867,-45.172,22.403,0.215,-0.197
185.20,-45.020,22.383,0.1595,-45.146,22.397,0.228,-0.199
185.40,-44.991,22.377,0.1300,-45.117,22.390,0.217,-0.185
185.60,-44.966,22.373,0.1087,-45.093,22.384,0.201,-0.173
185.80,-44.943,22.370,0.0903,-45.071,22.380,0.192,-0.153
186.00,-44.923,22.368,0.0746,-45.051,22.376,0.182,-0.133
186.20,-44.900,22.364,0.0577,-45.030,22.371,0.179,-0.122
186.40,-44.876,22.359,0.0424,-45.007,22.365,0.183,-0.112
186.60,-44.854,22.354,0.0289,-44.985,22.360,0.183,-0.096
186.80,-44.833,22.350,0.0172,-44.964,22.355,0.181,-0.088
187.00,-44.812,22.347,0.0077,-44.944,22.350,0.177,-0.074
187.20,-44.793,22.344,0.0032,-44.926,22.347,0.194,0.020
187.40,-44.776,22.344,0.0027,-44.911,22.347,0.179,0.050
187.60,-44.754,22.344,0.0027,-44.893,22.348,0.162,0.071
187.80,-44.716,22.344,0.0027,-44.857,22.348,0.182,0.086
188.00,-44.680,22.344,0.0031,-44.821,22.348,0.205,0.091
188.20,-44.651,22.344,0.0041,-44.791,22.348,0.204,0.102
188.40,-44.633,22.344,0.0043,-44.772,22.348,0.186,0.103
188.60,-44.615,22.344,0.0047,-44.757,22.349,0.159,0.098
188.80,-44.599,22.344,0.0046,-44.742,22.350,0.142,0.055
189.00,-44.582,22.350,0.0221,-44.727,22.356,0.143,0.114
189.20,-44.561,22.357,0.0408,-44.708,22.365,0.154,0.177
189.40,-44.539,22.358,0.0409,-44.688,22.366,0.160,0.120
189.60,-44.528,22.360,0.0535,-44.677,22.366,0.150,0.109
189.80,-44.510,22.373,0.1105,-44.660,22.379,0.158,0.216
190.00,-44.488,22.389,0.1510,-44.639,22.395,0.189,0.266
190.20,-44.457,22.402,0.1707,-44.610,22.409,0.217,0.205
190.40,-44.427,22.413,0.1896,-44.580,22.419,0.224,0.151
190.60,-44.389,22.439,0.2352,-44.545,22.443,0.237,0.170
190.80,-44.339,22.473,0.2870,-44.497,22.477,0.271,0.212
191.00,-44.285,22.510,0.3350,-44.443,22.515,0.307,0.227
191.20,-44.227,22.556,0.3902,-44.386,22.561,0.330,0.230
191.40,-44.164,22.613,0.4569,-44.324,22.618,0.363,0.250
191.60,-44.098,22.683,0.5324,-44.258,22.687,0.393,0.274
191.80,-44.035,22.761,0.6109,-44.194,22.765,0.418,0.295
192.00,-43.988,22.826,0.6914,-44.145,22.835,0.419,0.311
192.20,-43.953,22.846,0.7364,-44.108,22.861,0.332,0.247
192.40,-43.925,22.859,0.7660,-44.080,22.874,0.253,0.143
192.60,-43.898,22.871,0.7953,-44.052,22.887,0.200,0.099
192.80,-43.883,22.886,0.8247,-44.036,22.898,0.166,0.114
193.00,-43.875,22.916,0.8653,-44.027,22.925,0.179,0.130
193.20,-43.868,22.944,0.8947,-44.021,22.953,0.192,0.109
193.40,-43.866,22.967,0.9285,-44.020,22.977,0.186,0.086
193.60,-43.868,22.990,0.9710,-44.023,23.000,0.168,0.117
193.80,-43.868,23.014,1.0094,-44.026,23.024,0.157,0.120
194.00,-43.864,23.038,1.0359,-44.023,23.048,0.158,0.082
194.20,-43.868,23.062,1.0763,-44.028,23.072,0.152,0.085
194.40,-43.878,23.082,1.1182,-44.039,23.093,0.138,0.100
194.60,-43.880,23.104,1.1461,-44.046,23.115,0.127,0.081
194.80,-43.878,23.125,1.1629,-44.046,23.137,0.130,0.031
195.00,-43.878,23.145,1.1861,-44.047,23.157,0.132,0.022
195.20,-43.872,23.161,1.1958,-44.043,23.173,0.095,0.004
195.40,-43.864,23.178,1.1958,-44.036,23.189,0.080,-0.054
195.60,-43.855,23.200,1.1958,-44.026,23.211,0.087,-0.085
195.80,-43.849,23.219,1.1957,-44.021,23.231,0.090,-0.105
196.00,-43.845,23.233,1.1941,-44.015,23.245,0.084,-0.117
196.20,-43.850,23.243,1.1722,-44.022,23.255,0.078,-0.183
196.40,-43.859,23.250,1.1442,-44.035,23.263,0.077,-0.235
196.60,-43.869,23.243,1.1282,-44.047,23.257,0.059,-0.228
196.80,-43.891,23.225,1.0974,-44.069,23.240,0.006,-0.213
197.00,-43.925,23.200,1.0517,-44.103,23.215,-0.031,-0.245
197.20,-43.956,23.178,1.0112,-44.137,23.192,-0.044,-0.262
197.40,-43.982,23.161,0.9781,-44.165,23.174,-0.033,-0.247
197.60,-44.007,23.146,0.9460,-44.190,23.158,-0.010,-0.201
197.80,-44.038,23.129,0.9070,-44.221,23.141,-0.007,-0.193
198.00,-44.071,23.111,0.8675,-44.255,23.124,-0.011,-0.211
198.20,-44.106,23.095,0.8279,-44.290,23.108,-0.014,-0.225
198.40,-44.143,23.079,0.7874,-44.329,23.092,-0.027,-0.281
198.60,-44.181,23.064,0.7465,-44.368,23.077,-0.033,-0.280
198.80,-44.210,23.054,0.7140,-44.399,23.066,-0.017,-0.246
199.00,-44.244,23.050,0.6794,-44.433,23.061,0.002,-0.209
199.20,-44.289,23.047,0.6325,-44.477,23.058,-0.007,-0.247
199.40,-44.330,23.046,0.5954,-44.521,23.056,-0.015,-0.255
199.60,-44.360,23.048,0.5620,-44.554,23.058,-0.000,-0.236
199.80,-44.388,23.053,0.5014,-44.586,23.063,0.020,-0.239
200.00,-44.392,23.053,0.3777,-44.593,23.064,0.057,-0.393
200.20,-44.387,23.058,0.2660,-44.590,23.068,0.112,-0.506
200.40,-44.366,23.071,0.2125,-44.573,23.080,0.160,-0.411
200.60,-44.333,23.094,0.1648,-44.542,23.102,0.203,-0.267
200.80,-44.294,23.112,0.1083,-44.501,23.119,0.239,-0.248
201.00,-44.267,23.127,0.0706,-44.472,23.135,0.239,-0.217
201.20,-44.240,23.140,0.0379,-44.445,23.148,0.223,-0.200
201.40,-44.211,23.147,0.0027,-44.417,23.157,0.211,-0.183
201.60,-44.188,23.147,-0.0306,-44.392,23.158,0.201,-0.095
201.80,-44.168,23.141,-0.0528,-44.373,23.153,0.185,-0.074
202.00,-44.142,23.129,-0.0930,-44.349,23.142,0.181,-0.105
202.20,-44.121,23.122,-0.1078,-44.329,23.134,0.178,-0.082
202.40,-44.102,23.119,-0.1094,-44.311,23.129,0.180,-0.072
202.60,-44.089,23.113,-0.1234,-44.299,23.122,0.162,-0.034
202.80,-44.069,23.105,-0.1437,-44.281,23.114,0.163,-0.076
203.00,-44.049,23.102,-0.1456,-44.264,23.110,0.163,-0.054
203.20,-44.018,23.097,-0.1459,-44.234,23.106,0.184,-0.001
203.40,-43.995,23.095,-0.1485,-44.210,23.104,0.191,0.001
203.60,-43.969,23.091,-0.1486,-44.186,23.101,0.182,0.004
203.80,-43.933,23.086,-0.1487,-44.152,23.097,0.216,0.095
204.00,-43.897,23.080,-0.1487,-44.115,23.091,0.263,0.114
204.20,-43.862,23.075,-0.1487,-44.080,23.087,0.263,0.104
204.40,-43.834,23.071,-0.1478,-44.051,23.082,0.233,0.104
204.60,-43.814,23.068,-0.1459,-44.033,23.078,0.196,0.111
204.80,-43.794,23.064,-0.1439,-44.015,23.073,0.174,0.117
205.00,-43.778,23.061,-0.1424,-44.000,23.069,0.164,0.111
205.20,-43.763,23.052,-0.1229,-43.986,23.059,0.156,0.144
205.40,-43.746,23.038,-0.0919,-43.971,23.044,0.158,0.110
205.60,-43.730,23.027,-0.0630,-43.955,23.031,0.169,0.151
205.80,-43.716,23.015,-0.0192,-43.941,23.019,0.174,0.182
206.00,-43.702,23.004,0.0088,-43.929,23.006,0.171,0.197
206.20,-43.690,22.988,0.0542,-43.917,22.989,0.164,0.196
206.40,-43.669,22.984,0.0755,-43.896,22.982,0.173,0.116
206.60,-43.652,22.982,0.0924,-43.878,22.980,0.177,0.067
206.80,-43.638,22.992,0.1434,-43.864,22.987,0.174,0.084
207.00,-43.627,23.010,0.1920,-43.853,23.005,0.165,0.202
207.20,-43.605,23.018,0.2011,-43.834,23.017,0.168,0.114
207.40,-43.583,23.023,0.2030,-43.812,23.021,0.176,0.028
207.60,-43.571,23.033,0.2541,-43.799,23.030,0.169,0.085
207.80,-43.564,23.052,0.3096,-43.791,23.048,0.154,0.199
208.00,-43.539,23.063,0.3182,-43.771,23.062,0.150,0.132
208.20,-43.508,23.074,0.3187,-43.741,23.073,0.177,-0.005
208.40,-43.487,23.078,0.3356,-43.718,23.078,0.181,-0.029
208.60,-43.474,23.080,0.3488,-43.703,23.080,0.168,-0.028
208.80,-43.449,23.089,0.3505,-43.681,23.090,0.149,-0.069
209.00,-43.418,23.100,0.3506,-43.650,23.101,0.163,-0.084
209.20,-43.390,23.111,0.3505,-43.622,23.111,0.169,-0.090
209.40,-43.373,23.117,0.3504,-43.604,23.118,0.155,-0.091
209.60,-43.362,23.121,0.3498,-43.593,23.123,0.128,-0.095
209.80,-43.351,23.132,0.3344,-43.584,23.133,0.114,-0.133
210.00,-43.337,23.145,0.3133,-43.572,23.149,0.118,-0.183
210.20,-43.326,23.158,0.2916,-43.562,23.164,0.123,-0.208
210.40,-43.315,23.166,0.2685,-43.551,23.174,0.131,-0.149
210.60,-43.312,23.171,0.2258,-43.546,23.177,0.127,-0.142
210.80,-43.317,23.187,0.1624,-43.550,23.192,0.112,-0.257
211.00,-43.332,23.193,0.1412,-43.566,23.203,0.080,-0.191
211.20,-43.349,23.199,0.1231,-43.584,23.210,0.061,-0.129
211.40,-43.382,23.209,0.0867,-43.615,23.221,0.031,-0.134
211.60,-43.422,23.224,0.0451,-43.656,23.237,-0.011,-0.171
211.80,-43.446,23.233,0.0217,-43.684,23.249,-0.002,-0.149
212.00,-43.473,23.244,-0.0054,-43.713,23.261,0.019,-0.117
212.20,-43.517,23.262,-0.0467,-43.756,23.280,-0.007,-0.141
212.40,-43.554,23.278,-0.0806,-43.796,23.300,-0.026,-0.153
212.60,-43.577,23.289,-0.1009,-43.822,23.315,0.005,-0.120
212.80,-43.591,23.299,-0.1127,-43.839,23.326,0.043,-0.058
213.00,-43.609,23.312,-0.1286,-43.858,23.340,0.056,-0.051
213.20,-43.619,23.319,-0.1362,-43.870,23.351,0.065,-0.042
213.40,-43.617,23.319,-0.1393,-43.871,23.352,0.093,-0.011
213.60,-43.608,23.316,-0.1425,-43.864,23.347,0.126,-0.013
213.80,-43.596,23.314,-0.1430,-43.854,23.344,0.145,-0.009
214.00,-43.578,23.312,-0.1430,-43.837,23.341,0.162,0.014
214.20,-43.554,23.308,-0.1430,-43.813,23.337,0.182,0.072
214.40,-43.527,23.304,-0.1430,-43.786,23.333,0.197,0.071
214.60,-43.496,23.299,-0.1430,-43.755,23.328,0.203,0.065
214.80,-43.464,23.294,-0.1414,-43.723,23.323,0.210,0.066
215.00,-43.436,23.290,-0.1396,-43.696,23.317,0.206,0.079
215.20,-43.407,23.286,-0.1390,-43.669,23.313,0.196,0.070
215.40,-43.377,23.282,-0.1383,-43.640,23.309,0.194,0.070
215.60,-43.348,23.278,-0.1369,-43.613,23.305,0.192,0.077
215.80,-43.322,23.275,-0.1360,-43.589,23.300,0.192,0.018
216.00,-43.295,23.271,-0.1352,-43.564,23.297,0.188,-0.001
216.20,-43.270,23.268,-0.1341,-43.541,23.292,0.183,0.017
216.40,-43.242,23.265,-0.1334,-43.517,23.289,0.178,0.018
216.60,-43.207,23.260,-0.1334,-43.482,23.284,0.191,0.021
216.80,-43.172,23.255,-0.1335,-43.447,23.279,0.203,0.016
217.00,-43.138,23.251,-0.1335,-43.412,23.275,0.206,0.018
217.20,-43.105,23.247,-0.1335,-43.378,23.270,0.204,0.019
217.40,-43.070,23.242,-0.1335,-43.343,23.265,0.234,0.018
217.60,-43.034,23.237,-0.1335,-43.306,23.261,0.254,0.015
217.80,-42.997,23.232,-0.1334,-43.269,23.255,0.244,0.021
218.00,-42.953,23.226,-0.1334,-43.226,23.249,0.247,0.022
218.20,-42.908,23.220,-0.1334,-43.179,23.243,0.256,0.024
218.40,-42.865,23.214,-0.1334,-43.134,23.237,0.257,0.024
218.60,-42.821,23.208,-0.1334,-43.089,23.231,0.255,0.025
218.80,-42.775,23.202,-0.1334,-43.043,23.225,0.255,0.027
219.00,-42.730,23.196,-0.1334,-42.996,23.219,0.254,0.027
219.20,-42.685,23.190,-0.1333,-42.949,23.213,0.253,0.028
219.40,-42.640,23.185,-0.1333,-42.902,23.207,0.250,0.029
219.60,-42.596,23.179,-0.1333,-42.857,23.201,0.244,0.031
219.80,-42.553,23.173,-0.1332,-42.812,23.195,0.239,0.031
220.00,-42.510,23.168,-0.1332,-42.767,23.189,0.235,0.032
220.20,-42.468,23.162,-0.1331,-42.723,23.183,0.279,0.018
220.40,-42.428,23.157,-0.1331,-42.681,23.178,0.276,0.030
220.60,-42.386,23.151,-0.1331,-42.638,23.171,0.260,0.034
220.80,-42.338,23.144,-0.1330,-42.589,23.165,0.260,0.036
221.00,-42.290,23.137,-0.1330,-42.539,23.158,0.267,0.037
221.20,-42.245,23.131,-0.1330,-42.492,23.151,0.265,0.039
221.40,-42.200,23.125,-0.1329,-42.445,23.145,0.261,0.039
221.60,-42.154,23.119,-0.1328,-42.398,23.138,0.256,0.041
221.80,-42.108,23.113,-0.1328,-42.350,23.131,0.253,0.042
222.00,-42.064,23.107,-0.1326,-42.304,23.125,0.248,0.044
222.20,-42.022,23.102,-0.1324,-42.261,23.119,0.251,-0.040
222.40,-41.981,23.096,-0.1322,-42.219,23.113,0.245,-0.082
222.60,-41.943,23.091,-0.1321,-42.179,23.108,0.274,-0.021
222.80,-41.907,23.086,-0.1322,-42.141,23.103,0.269,-0.029
223.00,-41.882,23.083,-0.1323,-42.115,23.100,0.232,-0.026
223.20,-41.837,23.077,-0.1324,-42.071,23.094,0.239,-0.022
223.40,-41.793,23.071,-0.1325,-42.025,23.087,0.257,-0.024
223.60,-41.754,23.066,-0.1325,-41.982,23.081,0.258,-0.025
223.80,-41.713,23.062,-0.1325,-41.939,23.077,0.254,-0.028
224.00,-41.669,23.056,-0.1326,-41.893,23.070,0.255,-0.029
224.20,-41.625,23.050,-0.1326,-41.847,23.064,0.257,-0.031
224.40,-41.581,23.044,-0.1326,-41.800,23.058,0.256,-0.031
224.60,-41.537,23.038,-0.1327,-41.754,23.052,0.252,-0.033
224.80,-41.493,23.032,-0.1327,-41.708,23.045,0.249,-0.034
225.00,-41.451,23.026,-0.1327,-41.663,23.039,0.246,-0.034
225.20,-41.410,23.020,-0.1328,-41.620,23.034,0.237,-0.037
225.40,-41.371,23.016,-0.1329,-41.577,23.029,0.282,-0.010
225.60,-41.332,23.011,-0.1330,-41.535,23.024,0.274,-0.016
225.80,-41.292,23.006,-0.1331,-41.495,23.018,0.259,-0.014
226.00,-41.244,22.999,-0.1331,-41.445,23.011,0.264,-0.013
226.20,-41.199,22.992,-0.1331,-41.396,23.005,0.270,-0.012
226.40,-41.157,22.987,-0.1331,-41.350,22.999,0.268,-0.012
226.60,-41.114,22.981,-0.1332,-41.304,22.993,0.262,-0.013
226.80,-41.070,22.976,-0.1332,-41.257,22.987,0.260,-0.013
227.00,-41.026,22.970,-0.1332,-41.210,22.980,0.259,-0.016
227.20,-40.984,22.964,-0.1331,-41.163,22.974,0.255,-0.017
227.40,-40.941,22.958,-0.1331,-41.118,22.968,0.250,-0.017
227.60,-40.899,22.953,-0.1331,-41.072,22.962,0.245,-0.017
227.80,-40.858,22.947,-0.1331,-41.028,22.956,0.267,0.011
228.00,-40.818,22.942,-0.1332,-40.984,22.950,0.291,0.005
228.20,-40.778,22.936,-0.1332,-40.942,22.944,0.276,0.006
228.40,-40.735,22.931,-0.1331,-40.896,22.938,0.264,0.008
228.60,-40.687,22.924,-0.1331,-40.845,22.931,0.270,0.007
228.80,-40.640,22.917,-0.1331,-40.795,22.923,0.274,0.008
229.00,-40.595,22.911,-0.1330,-40.746,22.916,0.271,0.008
229.20,-40.550,22.905,-0.1330,-40.698,22.910,0.266,0.009
229.40,-40.504,22.900,-0.1330,-40.649,22.903,0.264,0.005
229.60,-40.457,22.895,-0.1330,-40.599,22.897,0.262,0.006
229.80,-40.413,22.889,-0.1330,-40.552,22.890,0.258,0.007
230.00,-40.369,22.883,-0.1330,-40.504,22.884,0.252,0.007
230.20,-40.324,22.878,-0.1331,-40.456,22.879,0.274,0.027
230.40,-40.281,22.873,-0.1331,-40.409,22.873,0.303,0.030
230.60,-40.239,22.867,-0.1331,-40.363,22.868,0.287,0.030
230.80,-40.195,22.862,-0.1331,-40.317,22.862,0.272,0.031
231.00,-40.144,22.856,-0.1330,-40.264,22.855,0.274,0.032
231.20,-40.094,22.849,-0.1330,-40.210,22.849,0.280,0.033
231.40,-40.048,22.844,-0.1330,-40.160,22.842,0.276,0.035
231.60,-40.004,22.837,-0.1329,-40.113,22.836,0.266,0.036
231.80,-39.960,22.831,-0.1328,-40.066,22.830,0.259,0.032
232.00,-39.918,22.826,-0.1326,-40.021,22.824,0.251,0.036
232.20,-39.878,22.820,-0.1324,-39.978,22.818,0.242,0.038
232.40,-39.837,22.814,-0.1324,-39.935,22.813,0.235,0.038
232.60,-39.799,22.809,-0.1323,-39.894,22.807,0.228,0.039
232.80,-39.763,22.805,-0.1322,-39.856,22.802,0.255,0.049
233.00,-39.728,22.800,-0.1321,-39.819,22.797,0.266,0.055
233.20,-39.692,22.799,-0.1327,-39.782,22.794,0.249,0.057
233.40,-39.658,22.796,-0.1334,-39.746,22.791,0.239,0.055
233.60,-39.626,22.791,-0.1334,-39.712,22.786,0.228,0.058
233.80,-39.598,22.787,-0.1335,-39.682,22.782,0.216,0.061
234.00,-39.573,22.784,-0.1336,-39.655,22.780,0.203,0.072
234.20,-39.551,22.781,-0.1334,-39.630,22.777,0.195,0.079
234.40,-39.532,22.779,-0.1324,-39.610,22.775,0.181,0.067
234.60,-39.516,22.779,-0.1264,-39.592,22.775,0.169,0.070
234.80,-39.500,22.785,-0.1066,-39.575,22.781,0.162,0.115
235.00,-39.484,22.791,-0.0902,-39.558,22.787,0.161,0.131
235.20,-39.470,22.797,-0.0712,-39.542,22.794,0.159,0.131
235.40,-39.471,22.806,-0.0479,-39.538,22.805,0.140,0.145
235.60,-39.487,22.815,-0.0269,-39.552,22.816,0.091,0.146
235.80,-39.504,22.825,-0.0040,-39.568,22.826,0.054,0.133
236.00,-39.535,22.838,0.0304,-39.597,22.839,0.026,0.143
236.20,-39.567,22.850,0.0645,-39.629,22.852,0.009,0.150
236.40,-39.599,22.861,0.0992,-39.662,22.863,0.006,0.146
236.60,-39.637,22.872,0.1385,-39.700,22.875,0.001,0.147
236.80,-39.682,22.883,0.1845,-39.744,22.887,-0.019,0.158
237.00,-39.730,22.891,0.2322,-39.792,22.897,-0.032,0.165
237.20,-39.778,22.895,0.2802,-39.841,22.903,-0.040,0.168
237.40,-39.829,22.900,0.3318,-39.892,22.909,-0.049,0.169
237.60,-39.885,22.902,0.3880,-39.949,22.912,-0.064,0.175
237.80,-39.944,22.900,0.4462,-40.009,22.912,-0.082,0.184
238.00,-40.006,22.894,0.5062,-40.072,22.907,-0.119,0.191
238.20,-40.069,22.884,0.5678,-40.136,22.898,-0.124,0.202
238.40,-40.137,22.871,0.6224,-40.205,22.887,-0.140,0.187
238.60,-40.211,22.851,0.6546,-40.280,22.870,-0.158,0.105
238.80,-40.292,22.825,0.6781,-40.362,22.845,-0.185,0.045
239.00,-40.367,22.807,0.7248,-40.441,22.828,-0.172,0.063
239.20,-40.413,22.797,0.7813,-40.494,22.821,-0.110,0.133
239.40,-40.445,22.769,0.7893,-40.529,22.797,-0.084,0.069
239.60,-40.478,22.738,0.7869,-40.562,22.768,-0.071,-0.004
239.80,-40.514,22.710,0.7751,-40.599,22.742,-0.063,-0.090
240.00,-40.547,22.684,0.7666,-40.635,22.717,-0.063,-0.127
240.20,-40.563,22.669,0.7665,-40.653,22.702,-0.019,-0.099
240.40,-40.584,22.661,0.7481,-40.674,22.694,0.013,-0.104
240.60,-40.613,22.656,0.7126,-40.705,22.689,0.016,-0.168
240.80,-40.637,22.651,0.6870,-40.732,22.686,0.018,-0.188
241.00,-40.662,22.644,0.6619,-40.757,22.679,0.026,-0.170
241.20,-40.708,22.631,0.6145,-40.802,22.668,-0.006,-0.210
241.40,-40.760,22.620,0.5637,-40.855,22.657,-0.050,-0.256
241.60,-40.807,22.612,0.5177,-40.905,22.648,-0.053,-0.259
241.80,-40.866,22.605,0.4609,-40.963,22.642,-0.059,-0.257
242.00,-40.947,22.603,0.3825,-41.042,22.639,-0.122,-0.300
242.20,-41.035,22.608,0.2983,-41.132,22.642,-0.171,-0.339
242.40,-41.125,22.619,0.2121,-41.223,22.652,-0.179,-0.344
242.60,-41.228,22.642,0.1153,-41.325,22.672,-0.214,-0.361
242.80,-41.352,22.680,0.0010,-41.450,22.707,-0.238,-0.420
243.00,-41.474,22.731,-0.1220,-41.575,22.755,-0.244,-0.466
243.20,-41.593,22.797,-0.2351,-41.695,22.816,-0.244,-0.455
243.40,-41.730,22.895,-0.3672,-41.832,22.908,-0.261,-0.496
243.60,-41.865,22.947,-0.5321,-41.964,22.968,-0.261,-0.587
243.80,-42.027,22.977,-0.7018,-42.119,22.995,-0.258,-0.612
244.00,-42.200,23.054,-0.8944,-42.296,23.061,-0.269,-0.670
244.20,-42.329,23.158,-1.0346,-42.426,23.169,-0.266,-0.540
244.40,-42.481,23.275,-1.2479,-42.578,23.277,-0.266,-0.694
244.60,-42.576,23.471,-1.4172,-42.685,23.469,-0.262,-0.677
244.80,-42.679,23.650,-1.6369,-42.792,23.645,-0.260,-0.802
245.00,-42.732,23.840,-1.8804,-42.854,23.836,-0.263,-0.812
245.20,-42.756,24.038,-2.1134,-42.885,24.034,-0.251,-0.968
245.40,-42.773,24.191,-2.3512,-42.900,24.196,-0.251,-0.942
245.60,-42.788,24.314,-2.6403,-42.911,24.324,-0.251,-0.995
245.80,-42.800,24.405,-2.8805,-42.919,24.420,-0.244,-1.000
246.00,-42.803,24.477,3.1161,-42.917,24.491,-0.217,-0.992
246.20,-42.804,24.567,2.8848,-42.918,24.576,-0.145,-0.995
246.40,-42.827,24.642,2.5861,-42.934,24.654,-0.024,-0.979
246.60,-42.866,24.637,2.1555,-42.956,24.651,0.024,-1.008
246.80,-42.915,24.637,1.7265,-42.996,24.647,0.057,-1.000
247.00,-42.919,24.681,1.3982,-43.008,24.696,0.092,-1.000
247.20,-42.852,24.770,1.1779,-42.953,24.788,0.263,-1.000
247.40,-42.780,24.841,1.0662,-42.887,24.863,0.354,-0.867
247.60,-42.719,24.884,0.9801,-42.824,24.911,0.318,-0.624
247.80,-42.687,24.906,0.9294,-42.786,24.937,0.214,-0.438
248.00,-42.673,24.916,0.7590,-42.768,24.948,0.169,-0.494
248.20,-42.689,24.935,0.4896,-42.781,24.962,0.148,-0.913
248.40,-42.730,24.962,0.3608,-42.817,24.988,0.104,-0.882
248.60,-42.782,24.968,0.2989,-42.867,24.996,-0.010,-0.507
248.80,-42.836,24.975,0.2315,-42.920,25.003,-0.051,-0.335
249.00,-42.902,24.991,0.1527,-42.984,25.017,-0.111,-0.287
249.20,-42.973,25.012,0.0740,-43.054,25.037,-0.135,-0.316
249.40,-43.050,25.040,-0.0023,-43.130,25.063,-0.150,-0.317
249.60,-43.130,25.077,-0.0837,-43.211,25.099,-0.167,-0.319
249.80,-43.206,25.118,-0.1654,-43.288,25.140,-0.172,-0.316
250.00,-43.271,25.160,-0.2384,-43.355,25.182,-0.146,-0.296
250.20,-43.326,25.202,-0.3052,-43.412,25.225,-0.118,-0.271
250.40,-43.372,25.241,-0.3640,-43.459,25.266,-0.080,-0.232
250.60,-43.401,25.271,-0.4059,-43.491,25.297,-0.067,-0.210
250.80,-43.419,25.291,-0.4360,-43.510,25.320,-0.015,-0.165
251.00,-43.438,25.312,-0.4654,-43.528,25.342,0.020,-0.161
251.20,-43.455,25.331,-0.4916,-43.544,25.363,0.037,-0.156
251.40,-43.468,25.347,-0.5133,-43.556,25.381,0.048,-0.141
251.60,-43.478,25.362,-0.5334,-43.565,25.398,0.058,-0.132
251.80,-43.474,25.365,-0.5732,-43.563,25.405,0.087,-0.130
252.00,-43.461,25.350,-0.6001,-43.551,25.393,0.125,-0.127
252.20,-43.441,25.321,-0.6306,-43.532,25.365,0.175,-0.082
252.40,-43.419,25.289,-0.6628,-43.511,25.331,0.209,-0.089
252.60,-43.395,25.251,-0.6985,-43.488,25.291,0.231,-0.095
252.80,-43.368,25.215,-0.7205,-43.462,25.252,0.239,-0.078
253.00,-43.337,25.175,-0.7434,-43.433,25.209,0.245,-0.056
253.20,-43.306,25.138,-0.7582,-43.403,25.169,0.250,-0.039
253.40,-43.279,25.110,-0.7612,-43.376,25.140,0.231,0.011
253.60,-43.248,25.081,-0.7616,-43.347,25.113,0.240,0.060
253.80,-43.215,25.050,-0.7618,-43.315,25.083,0.264,0.116
254.00,-43.182,25.019,-0.7618,-43.281,25.051,0.260,0.115
254.20,-43.153,24.990,-0.7617,-43.252,25.022,0.241,0.115
254.40,-43.138,24.977,-0.7613,-43.237,25.008,0.204,0.114
254.60,-43.126,24.964,-0.7609,-43.227,24.995,0.159,0.115
254.80,-43.116,24.953,-0.7568,-43.219,24.986,0.136,0.114
255.00,-43.109,24.932,-0.7285,-43.215,24.964,0.136,0.200
255.20,-43.104,24.921,-0.7124,-43.210,24.953,0.132,0.212
255.40,-43.106,24.904,-0.6767,-43.213,24.936,0.126,0.242
255.60,-43.121,24.894,-0.6339,-43.228,24.922,0.113,0.282
255.80,-43.144,24.902,-0.6014,-43.252,24.928,0.055,0.256
256.00,-43.145,24.914,-0.5501,-43.256,24.939,0.052,0.238
256.20,-43.134,24.926,-0.4293,-43.247,24.951,0.091,0.404
256.40,-43.126,24.936,-0.3064,-43.239,24.962,0.122,0.533
256.60,-43.121,24.942,-0.1933,-43.235,24.969,0.128,0.529
256.80,-43.112,24.955,-0.0380,-43.226,24.980,0.135,0.570
257.00,-43.117,24.969,0.2017,-43.227,24.994,0.136,0.814
257.20,-43.142,24.977,0.4518,-43.248,25.005,0.097,0.964
257.40,-43.180,24.988,0.6632,-43.282,25.016,0.035,0.921
257.60,-43.230,24.995,0.8783,-43.331,25.027,-0.007,0.835
257.80,-43.245,24.974,1.2552,-43.354,25.003,-0.016,1.008
258.00,-43.238,24.954,1.6938,-43.351,24.978,-0.041,1.006
258.20,-43.305,24.975,2.0094,-43.405,25.007,0.021,1.015
258.40,-43.321,24.998,2.3666,-43.418,25.023,0.068,1.024
258.60,-43.386,24.949,2.6186,-43.482,24.991,0.028,1.008
258.80,-43.457,24.927,2.7774,-43.549,24.970,0.073,0.677
259.00,-43.470,24.973,3.1270,-43.555,24.998,0.059,1.005
259.20,-43.437,25.062,-2.9109,-43.520,25.077,-0.041,1.018
259.40,-43.377,25.118,-2.8108,-43.468,25.135,-0.162,0.700
259.60,-43.328,25.168,-2.7298,-43.419,25.185,-0.205,0.426
259.80,-43.290,25.216,-2.6585,-43.380,25.233,-0.197,0.254
260.00,-43.263,25.252,-2.6019,-43.349,25.272,-0.175,0.201
260.20,-43.246,25.273,-2.5597,-43.332,25.295,-0.118,0.159
260.40,-43.232,25.282,-2.4966,-43.320,25.308,-0.059,0.166
260.60,-43.212,25.282,-2.4134,-43.301,25.308,-0.017,0.299
260.80,-43.197,25.273,-2.3637,-43.285,25.299,0.004,0.281
261.00,-43.190,25.261,-2.3287,-43.276,25.288,0.026,0.180
261.20,-43.198,25.237,-2.2985,-43.281,25.266,0.062,0.130
261.40,-43.211,25.196,-2.2542,-43.292,25.227,0.104,0.143
261.60,-43.225,25.149,-2.2091,-43.306,25.178,0.155,0.157
261.80,-43.235,25.116,-2.1807,-43.315,25.141,0.157,0.123
262.00,-43.243,25.089,-2.1574,-43.323,25.112,0.139,0.082
262.20,-43.251,25.063,-2.1356,-43.329,25.085,0.122,0.034
262.40,-43.259,25.037,-2.1163,-43.336,25.059,0.113,0.011
262.60,-43.269,25.013,-2.1064,-43.343,25.035,0.109,0.005
262.80,-43.282,24.991,-2.1058,-43.355,25.013,0.106,-0.026
263.00,-43.295,24.971,-2.1059,-43.367,24.992,0.102,-0.080
263.20,-43.306,24.951,-2.1059,-43.379,24.973,0.099,-0.091
263.40,-43.317,24.933,-2.1063,-43.390,24.954,0.095,-0.096
263.60,-43.324,24.914,-2.1156,-43.396,24.935,0.089,-0.129
263.80,-43.328,24.895,-2.1303,-43.399,24.916,0.088,-0.170
264.00,-43.333,24.874,-2.1483,-43.403,24.894,0.085,-0.190
264.20,-43.338,24.850,-2.1712,-43.407,24.871,0.084,-0.209
264.40,-43.343,24.824,-2.1983,-43.411,24.845,0.100,-0.236
264.60,-43.349,24.796,-2.2288,-43.416,24.817,0.133,-0.239
264.80,-43.357,24.766,-2.2627,-43.423,24.787,0.142,-0.241
265.00,-43.366,24.732,-2.3014,-43.432,24.754,0.143,-0.253
265.20,-43.386,24.702,-2.3553,-43.450,24.724,0.144,-0.333
265.40,-43.412,24.689,-2.3868,-43.475,24.708,0.132,-0.329
265.60,-43.447,24.675,-2.4238,-43.509,24.696,0.128,-0.270
265.80,-43.480,24.665,-2.4609,-43.543,24.685,0.126,-0.263
266.00,-43.511,24.656,-2.5021,-43.574,24.676,0.115,-0.278
266.20,-43.550,24.646,-2.5431,-43.611,24.666,0.111,-0.334
266.40,-43.591,24.638,-2.5849,-43.652,24.658,0.115,-0.362
266.60,-43.637,24.631,-2.6308,-43.697,24.651,0.123,-0.368
266.80,-43.690,24.626,-2.6850,-43.749,24.646,0.132,-0.371
267.00,-43.752,24.625,-2.7483,-43.809,24.644,0.148,-0.395
267.20,-43.827,24.628,-2.8232,-43.882,24.646,0.171,-0.439
267.40,-43.889,24.614,-2.9118,-43.946,24.636,0.179,-0.503
267.60,-43.933,24.594,-2.9935,-43.991,24.616,0.143,-0.495
267.80,-43.977,24.580,-3.0786,-44.035,24.602,0.108,-0.531
268.00,-44.019,24.575,3.1261,-44.077,24.596,0.083,-0.526
268.20,-44.055,24.577,3.0660,-44.114,24.598,0.061,-0.478
268.40,-44.078,24.587,3.0275,-44.139,24.608,0.040,-0.422
268.60,-44.095,24.599,2.9283,-44.158,24.619,0.015,-0.342
268.80,-44.104,24.605,2.7031,-44.168,24.626,-0.026,-0.782
269.00,-44.107,24.616,2.5452,-44.172,24.638,-0.040,-0.967
269.20,-44.112,24.631,2.4464,-44.177,24.654,-0.036,-0.628
269.40,-44.144,24.598,2.2442,-44.199,24.627,-0.046,-0.784
269.60,-44.182,24.520,2.0609,-44.236,24.551,-0.095,-0.921
269.80,-44.173,24.479,1.7544,-44.234,24.514,-0.110,-0.997
270.00,-44.180,24.443,1.4035,-44.241,24.479,-0.085,-1.002
270.20,-44.142,24.418,1.0701,-44.212,24.463,-0.008,-1.006
270.40,-44.129,24.395,0.5997,-44.197,24.439,0.062,-1.002
270.60,-44.135,24.364,0.1424,-44.199,24.409,0.078,-1.000
270.80,-44.215,24.399,0.0030,-44.279,24.421,-0.072,-0.893
271.00,-44.275,24.431,-0.0778,-44.341,24.450,-0.121,-0.517
271.20,-44.319,24.458,-0.1412,-44.387,24.478,-0.083,-0.331
271.40,-44.351,24.481,-0.1939,-44.421,24.502,-0.036,-0.221
271.60,-44.383,24.504,-0.2389,-44.453,24.524,-0.007,-0.179
271.80,-44.413,24.527,-0.2784,-44.483,24.548,0.003,-0.125
272.00,-44.439,24.549,-0.3122,-44.510,24.571,0.012,-0.101
272.20,-44.461,24.568,-0.3403,-44.533,24.592,0.022,-0.090
272.40,-44.479,24.583,-0.3612,-44.552,24.610,0.033,-0.078
272.60,-44.494,24.596,-0.3767,-44.568,24.626,0.014,-0.095
272.80,-44.506,24.606,-0.3873,-44.580,24.641,0.028,-0.081
273.00,-44.512,24.610,-0.3927,-44.587,24.649,0.055,-0.059
273.20,-44.515,24.613,-0.4100,-44.589,24.653,0.082,-0.049
273.40,-44.516,24.616,-0.4344,-44.591,24.656,0.092,-0.096
273.60,-44.511,24.617,-0.4450,-44.588,24.659,0.104,-0.099
273.80,-44.499,24.611,-0.4451,-44.577,24.654,0.122,-0.033
274.00,-44.487,24.603,-0.4512,-44.565,24.645,0.140,0.009
274.20,-44.474,24.592,-0.4621,-44.553,24.634,0.150,0.012
274.40,-44.454,24.581,-0.4633,-44.535,24.622,0.179,0.029
274.60,-44.428,24.568,-0.4633,-44.511,24.610,0.224,0.054
274.80,-44.401,24.555,-0.4633,-44.484,24.596,0.227,0.061
275.00,-44.369,24.539,-0.4633,-44.454,24.581,0.223,0.065
275.20,-44.331,24.520,-0.4629,-44.417,24.563,0.234,0.067
275.40,-44.291,24.502,-0.4621,-44.377,24.545,0.242,0.073
275.60,-44.255,24.484,-0.4610,-44.341,24.527,0.244,0.078
275.80,-44.221,24.468,-0.4605,-44.308,24.511,0.234,0.088
276.00,-44.191,24.452,-0.4598,-44.278,24.497,0.219,0.079
276.20,-44.161,24.438,-0.4592,-44.249,24.484,0.209,0.077
276.40,-44.134,24.425,-0.4581,-44.224,24.471,0.198,0.080
276.60,-44.109,24.412,-0.4575,-44.200,24.459,0.189,0.064
276.80,-44.085,24.401,-0.4568,-44.177,24.449,0.182,0.068
277.00,-44.064,24.391,-0.4563,-44.156,24.441,0.175,0.084
277.20,-44.040,24.379,-0.4560,-44.133,24.431,0.172,0.089
277.40,-44.016,24.368,-0.4556,-44.110,24.421,0.174,0.085
277.60,-43.995,24.357,-0.4540,-44.090,24.411,0.170,0.080
277.80,-43.977,24.346,-0.4480,-44.074,24.399,0.162,0.098
278.00,-43.958,24.337,-0.4448,-44.058,24.389,0.156,0.105
278.20,-43.940,24.328,-0.4436,-44.043,24.380,0.152,0.093
278.40,-43.926,24.321,-0.4393,-44.029,24.374,0.147,0.097
278.60,-43.914,24.315,-0.4335,-44.018,24.367,0.138,0.113
278.80,-43.904,24.310,-0.4281,-44.010,24.362,0.128,0.111
279.00,-43.886,24.310,-0.4075,-43.994,24.363,0.126,0.165
279.20,-43.864,24.310,-0.3800,-43.973,24.364,0.136,0.219
279.40,-43.845,24.307,-0.3586,-43.954,24.361,0.143,0.230
279.60,-43.835,24.301,-0.3430,-43.944,24.355,0.136,0.203
279.80,-43.815,24.304,-0.2692,-43.927,24.357,0.152,0.262
280.00,-43.794,24.308,-0.1756,-43.906,24.360,0.178,0.406
280.20,-43.770,24.316,-0.0917,-43.884,24.368,0.190,0.436
280.40,-43.745,24.326,0.0208,-43.859,24.378,0.197,0.438
280.60,-43.728,24.334,0.1500,-43.841,24.385,0.194,0.470
280.80,-43.724,24.349,0.3615,-43.834,24.400,0.179,0.680
281.00,-43.727,24.374,0.5765,-43.835,24.423,0.159,0.841
281.20,-43.739,24.400,0.8049,-43.844,24.449,0.139,0.887
281.40,-43.756,24.422,1.1215,-43.860,24.471,0.116,1.008
281.60,-43.745,24.432,1.4808,-43.856,24.478,0.082,1.023
281.80,-43.773,24.469,1.8052,-43.873,24.515,0.081,1.015
282.00,-43.817,24.486,2.1565,-43.911,24.538,0.098,1.020
282.20,-43.851,24.495,2.4436,-43.944,24.545,0.068,1.021
282.40,-43.913,24.512,2.5698,-43.999,24.563,0.106,0.742
282.60,-44.011,24.520,2.7694,-44.089,24.576,0.213,0.714
282.80,-44.100,24.544,2.9254,-44.177,24.596,0.282,0.690
283.00,-44.170,24.583,3.0260,-44.248,24.633,0.275,0.506
283.20,-44.242,24.622,3.1200,-44.319,24.673,0.234,0.340
283.40,-44.317,24.654,-3.0697,-44.394,24.706,0.220,0.310
283.60,-44.398,24.678,-2.9790,-44.474,24.733,0.225,0.311
283.80,-44.482,24.693,-2.8930,-44.558,24.751,0.234,0.301
284.00,-44.569,24.700,-2.8080,-44.645,24.761,0.243,0.294
284.20,-44.658,24.700,-2.7201,-44.734,24.764,0.254,0.295
284.40,-44.746,24.692,-2.6329,-44.824,24.758,0.267,0.305
284.60,-44.825,24.678,-2.5485,-44.906,24.747,0.260,0.290
284.80,-44.872,24.654,-2.4617,-44.960,24.724,0.235,0.333
285.00,-44.890,24.632,-2.4261,-44.984,24.701,0.167,0.224
285.20,-44.902,24.609,-2.3951,-44.996,24.679,0.120,0.115
285.40,-44.914,24.585,-2.3630,-45.007,24.655,0.095,0.102
285.60,-44.926,24.563,-2.3365,-45.017,24.633,0.090,0.127
285.80,-44.938,24.543,-2.3202,-45.028,24.611,0.091,0.100
286.00,-44.948,24.524,-2.3056,-45.037,24.592,0.088,0.046
286.20,-44.958,24.506,-2.2910,-45.046,24.572,0.084,-0.021
286.40,-44.969,24.485,-2.2776,-45.055,24.551,0.087,-0.020
286.60,-44.982,24.470,-2.2767,-45.067,24.533,0.088,-0.040
286.80,-44.993,24.458,-2.2767,-45.078,24.520,0.079,-0.081
287.00,-45.003,24.445,-2.2767,-45.089,24.508,0.074,-0.096
287.20,-45.014,24.432,-2.2775,-45.100,24.495,0.073,-0.099
287.40,-45.021,24.419,-2.2864,-45.106,24.482,0.068,-0.127
287.60,-45.028,24.402,-2.3018,-45.112,24.464,0.068,-0.154
287.80,-45.036,24.383,-2.3189,-45.119,24.445,0.070,-0.187
288.00,-45.043,24.367,-2.3359,-45.126,24.427,0.068,-0.206
288.20,-45.051,24.347,-2.3567,-45.132,24.408,0.065,-0.240
288.40,-45.063,24.319,-2.3884,-45.143,24.380,0.075,-0.297
288.60,-45.076,24.288,-2.4233,-45.155,24.349,0.092,-0.307
288.80,-45.093,24.252,-2.4659,-45.170,24.313,0.102,-0.311
289.00,-45.117,24.208,-2.5184,-45.193,24.270,0.113,-0.334
289.20,-45.149,24.159,-2.5801,-45.223,24.221,0.134,-0.381
289.40,-45.187,24.108,-2.6477,-45.259,24.169,0.179,-0.435
289.60,-45.231,24.057,-2.7198,-45.301,24.117,0.203,-0.446
289.80,-45.279,24.009,-2.7934,-45.347,24.067,0.201,-0.451
290.00,-45.330,23.965,-2.8680,-45.397,24.021,0.189,-0.453
290.20,-45.384,23.923,-2.9446,-45.451,23.979,0.176,-0.456
290.40,-45.444,23.882,-3.0247,-45.509,23.936,0.165,-0.458
290.60,-45.507,23.848,-3.1043,-45.572,23.900,0.162,-0.465
290.80,-45.577,23.824,3.1021,-45.642,23.874,0.166,-0.453
291.00,-45.634,23.803,3.0321,-45.701,23.852,0.152,-0.439
291.20,-45.681,23.788,2.9747,-45.751,23.836,0.111,-0.396
291.40,-45.717,23.779,2.9298,-45.789,23.825,0.066,-0.342
291.60,-45.748,23.772,2.8908,-45.821,23.818,0.032,-0.325
291.80,-45.776,23.768,2.8542,-45.850,23.812,0.016,-0.326
292.00,-45.806,23.764,2.8174,-45.879,23.807,0.009,-0.316
292.20,-45.837,23.761,2.7794,-45.910,23.804,0.012,-0.312
292.40,-45.868,23.759,2.7425,-45.941,23.801,0.014,-0.305
292.60,-45.899,23.758,2.7054,-45.972,23.799,0.014,-0.302
292.80,-45.930,23.759,2.6688,-46.004,23.799,0.016,-0.297
293.00,-45.961,23.761,2.6324,-46.035,23.799,0.018,-0.294
293.20,-45.992,23.765,2.5922,-46.067,23.802,0.020,-0.286
293.40,-46.014,23.788,2.5517,-46.092,23.821,0.024,-0.278
293.60,-46.036,23.824,2.5072,-46.114,23.855,0.034,-0.257
293.80,-46.064,23.873,2.4504,-46.141,23.902,0.070,-0.300
294.00,-46.091,23.920,2.4027,-46.169,23.950,0.097,-0.302
294.20,-46.114,23.972,2.3470,-46.193,24.002,0.104,-0.329
294.40,-46.133,24.024,2.2912,-46.212,24.055,0.102,-0.345
294.60,-46.150,24.078,2.2346,-46.229,24.109,0.101,-0.355
294.80,-46.164,24.135,2.1744,-46.244,24.166,0.104,-0.369
295.00,-46.174,24.190,2.1169,-46.255,24.222,0.106,-0.377
295.20,-46.179,24.236,2.0670,-46.260,24.270,0.085,-0.350
295.40,-46.182,24.278,2.0221,-46.263,24.313,0.067,-0.332
295.60,-46.184,24.317,1.9789,-46.265,24.353,0.050,-0.329
295.80,-46.184,24.354,1.9384,-46.265,24.390,0.060,-0.329
296.00,-46.182,24.387,1.9005,-46.262,24.423,0.051,-0.347
296.20,-46.179,24.425,1.8591,-46.259,24.460,0.053,-0.362
296.40,-46.174,24.462,1.8180,-46.253,24.498,0.060,-0.368
296.60,-46.167,24.502,1.7744,-46.247,24.537,0.066,-0.378
296.80,-46.158,24.539,1.7318,-46.238,24.576,0.071,-0.382
297.00,-46.149,24.574,1.6909,-46.228,24.611,0.067,-0.384
297.20,-46.138,24.607,1.6507,-46.218,24.644,0.065,-0.387
297.40,-46.127,24.638,1.6111,-46.206,24.676,0.061,-0.382
297.60,-46.114,24.671,1.5698,-46.193,24.708,0.059,-0.384
297.80,-46.106,24.693,1.5191,-46.182,24.734,0.059,-0.385
298.00,-46.105,24.700,1.3413,-46.180,24.742,0.042,-0.611
298.20,-46.125,24.708,1.2387,-46.196,24.749,0.035,-0.725
298.40,-46.146,24.715,1.0861,-46.219,24.755,0.020,-0.654
298.60,-46.150,24.721,0.7599,-46.226,24.763,0.053,-0.993
298.80,-46.147,24.719,0.3828,-46.222,24.764,0.125,-1.013
299.00,-46.150,24.714,0.0092,-46.223,24.760,0.134,-1.012
299.20,-46.133,24.675,-0.3235,-46.203,24.730,0.153,-1.009
299.40,-46.084,24.623,-0.4120,-46.158,24.684,0.257,-0.677
299.60,-46.042,24.572,-0.4918,-46.116,24.636,0.301,-0.437
299.80,-46.008,24.527,-0.5611,-46.079,24.592,0.316,-0.296
300.00,-45.981,24.484,-0.6202,-46.051,24.549,0.292,-0.211
300.20,-45.956,24.442,-0.6723,-46.025,24.506,0.272,-0.174
300.40,-45.931,24.400,-0.7176,-46.000,24.464,0.256,-0.141
300.60,-45.909,24.358,-0.7574,-45.978,24.422,0.242,-0.107
300.80,-45.885,24.317,-0.7927,-45.956,24.380,0.233,-0.078
301.00,-45.861,24.276,-0.8213,-45.934,24.338,0.227,-0.053
301.20,-45.835,24.236,-0.8401,-45.910,24.297,0.221,-0.014
301.40,-45.805,24.197,-0.8479,-45.883,24.257,0.220,0.032
301.60,-45.776,24.160,-0.8494,-45.853,24.218,0.220,0.069
301.80,-45.747,24.127,-0.8494,-45.825,24.184,0.209,0.111
302.00,-45.717,24.094,-0.8494,-45.795,24.151,0.227,0.047
302.20,-45.687,24.060,-0.8486,-45.765,24.117,0.235,0.071
302.40,-45.660,24.030,-0.8438,-45.739,24.086,0.227,0.099
302.60,-45.633,24.001,-0.8437,-45.712,24.058,0.228,0.113
302.80,-45.609,23.974,-0.8433,-45.688,24.031,0.247,0.120
303.00,-45.593,23.955,-0.8432,-45.671,24.013,0.226,0.123
303.20,-45.581,23.944,-0.8408,-45.660,24.002,0.177,0.120
303.40,-45.572,23.933,-0.8397,-45.651,23.994,0.147,0.122
303.60,-45.554,23.922,-0.8164,-45.635,23.985,0.137,0.155
303.80,-45.530,23.911,-0.7823,-45.613,23.974,0.151,0.241
304.00,-45.513,23.898,-0.7593,-45.595,23.963,0.162,0.273
304.20,-45.505,23.886,-0.7468,-45.587,23.950,0.149,0.195
304.40,-45.485,23.876,-0.6996,-45.570,23.940,0.153,0.204
304.60,-45.456,23.866,-0.6420,-45.542,23.930,0.174,0.284
304.80,-45.436,23.860,-0.6213,-45.519,23.923,0.176,0.228
305.00,-45.433,23.849,-0.5552,-45.513,23.914,0.163,0.210
305.20,-45.427,23.838,-0.4508,-45.509,23.903,0.150,0.403
305.40,-45.427,23.821,-0.3577,-45.509,23.887,0.145,0.467
305.60,-45.418,23.807,-0.2571,-45.502,23.873,0.148,0.444
305.80,-45.404,23.797,-0.0968,-45.489,23.862,0.161,0.572
306.00,-45.358,23.815,-0.0224,-45.448,23.875,0.190,0.559
306.20,-45.310,23.837,0.0353,-45.400,23.896,0.232,0.334
306.40,-45.260,23.864,0.0982,-45.350,23.922,0.258,0.246
306.60,-45.210,23.894,0.1622,-45.300,23.952,0.270,0.230
306.80,-45.163,23.926,0.2197,-45.253,23.984,0.270,0.195
307.00,-45.123,23.952,0.2649,-45.212,24.012,0.254,0.179
307.20,-45.088,23.977,0.3032,-45.177,24.038,0.224,0.144
307.40,-45.053,24.002,0.3373,-45.143,24.063,0.234,0.141
307.60,-45.019,24.027,0.3695,-45.110,24.089,0.242,0.091
307.80,-44.984,24.053,0.4000,-45.076,24.117,0.236,0.084
308.00,-44.950,24.079,0.4255,-45.043,24.144,0.228,0.077
308.20,-44.918,24.096,0.4302,-45.013,24.163,0.214,0.016
308.40,-44.887,24.112,0.4325,-44.982,24.180,0.207,-0.026
308.60,-44.858,24.127,0.4333,-44.954,24.194,0.199,-0.045
308.80,-44.821,24.144,0.4334,-44.919,24.211,0.204,-0.063
309.00,-44.783,24.161,0.4333,-44.881,24.228,0.214,-0.071
309.20,-44.747,24.178,0.4331,-44.844,24.245,0.207,-0.119
309.40,-44.714,24.192,0.4328,-44.812,24.259,0.190,-0.111
309.60,-44.684,24.203,0.4330,-44.782,24.271,0.175,-0.104
309.80,-44.672,24.210,0.4297,-44.768,24.278,0.147,-0.108
310.00,-44.650,24.207,0.3948,-44.749,24.275,0.120,-0.185
310.20,-44.625,24.202,0.3595,-44.724,24.268,0.126,-0.249
310.40,-44.602,24.195,0.3261,-44.701,24.260,0.130,-0.256
310.60,-44.585,24.189,0.2673,-44.683,24.253,0.130,-0.289
310.80,-44.572,24.185,0.1621,-44.670,24.248,0.130,-0.382
311.00,-44.557,24.175,0.0419,-44.656,24.239,0.139,-0.470
311.20,-44.541,24.162,-0.0907,-44.640,24.227,0.155,-0.531
311.40,-44.521,24.144,-0.2482,-44.620,24.208,0.176,-0.578
311.60,-44.498,24.131,-0.4286,-44.598,24.196,0.199,-0.689
311.80,-44.479,24.108,-0.6162,-44.580,24.179,0.195,-0.827
312.00,-44.455,24.062,-0.6791,-44.554,24.134,0.221,-0.528
312.20,-44.432,24.017,-0.7374,-44.530,24.090,0.263,-0.276
312.40,-44.415,23.975,-0.7915,-44.512,24.047,0.285,-0.156
312.60,-44.400,23.932,-0.8439,-44.498,24.004,0.272,-0.087
312.80,-44.383,23.890,-0.8827,-44.482,23.962,0.254,-0.057
313.00,-44.367,23.859,-0.9007,-44.468,23.930,0.222,0.008
313.20,-44.343,23.824,-0.9061,-44.447,23.895,0.194,0.088
313.40,-44.312,23.787,-0.9062,-44.418,23.859,0.196,0.128
313.60,-44.285,23.753,-0.9062,-44.390,23.824,0.199,0.147
313.80,-44.262,23.721,-0.9013,-44.366,23.792,0.187,0.165
314.00,-44.248,23.690,-0.8788,-44.353,23.761,0.184,0.187
314.20,-44.235,23.657,-0.8485,-44.340,23.728,0.180,0.228
314.40,-44.209,23.640,-0.8230,-44.315,23.708,0.176,0.246
314.60,-44.190,23.629,-0.8050,-44.295,23.697,0.158,0.236
314.80,-44.173,23.616,-0.7816,-44.278,23.687,0.153,0.225
315.00,-44.151,23.605,-0.7557,-44.257,23.678,0.153,0.257
315.20,-44.126,23.594,-0.7288,-44.232,23.668,0.159,0.260
315.40,-44.104,23.582,-0.7040,-44.209,23.658,0.166,0.263
315.60,-44.105,23.554,-0.6291,-44.208,23.632,0.166,0.243
315.80,-44.109,23.522,-0.5397,-44.213,23.600,0.168,0.383
316.00,-44.112,23.486,-0.4522,-44.216,23.564,0.165,0.408
316.20,-44.114,23.451,-0.3665,-44.219,23.528,0.161,0.398
316.40,-44.111,23.408,-0.2409,-44.217,23.486,0.164,0.470
316.60,-44.094,23.358,-0.1156,-44.203,23.435,0.179,0.515
316.80,-44.068,23.324,0.0617,-44.177,23.397,0.197,0.600
317.00,-44.039,23.318,0.2383,-44.146,23.386,0.205,0.732
317.20,-44.020,23.330,0.4484,-44.123,23.395,0.201,0.761
317.40,-44.020,23.353,0.7448,-44.119,23.419,0.159,0.965
317.60,-44.029,23.368,1.1057,-44.125,23.434,0.108,1.026
317.80,-44.043,23.387,1.5172,-44.137,23.452,0.046,1.004
318.00,-44.037,23.394,1.8614,-44.133,23.451,0.053,1.003
318.20,-43.988,23.364,1.9574,-44.090,23.423,-0.017,0.798
318.40,-43.955,23.334,2.0149,-44.057,23.392,-0.079,0.422
318.60,-43.922,23.308,2.0692,-44.025,23.365,-0.085,0.263
318.80,-43.896,23.288,2.1214,-43.999,23.343,-0.069,0.187
319.00,-43.880,23.284,2.2411,-43.980,23.337,-0.037,0.313
319.20,-43.853,23.274,2.3021,-43.956,23.328,-0.032,0.381
319.40,-43.834,23.264,2.3250,-43.936,23.317,-0.049,0.151
319.60,-43.826,23.259,2.3997,-43.925,23.312,-0.048,0.095
319.80,-43.840,23.254,2.5667,-43.934,23.308,-0.030,0.535
320.00,-43.869,23.257,2.5987,-43.965,23.309,0.012,0.375
320.20,-43.869,23.256,2.6271,-43.967,23.310,-0.003,0.130
320.40,-43.896,23.232,2.7616,-43.990,23.290,-0.011,0.364
320.60,-43.947,23.227,2.8211,-44.038,23.283,0.035,0.337
320.80,-43.983,23.224,2.8561,-44.079,23.278,0.070,0.197
321.00,-44.011,23.220,2.8895,-44.108,23.273,0.049,0.081
321.20,-44.044,23.213,2.9287,-44.142,23.267,0.040,0.041
321.40,-44.064,23.210,2.9522,-44.164,23.263,0.023,0.015
321.60,-44.071,23.211,2.9595,-44.173,23.263,-0.009,0.004
321.80,-44.077,23.213,2.9601,-44.179,23.266,-0.032,-0.032
322.00,-44.081,23.213,2.9601,-44.184,23.267,-0.043,-0.074
322.20,-44.080,23.213,2.9600,-44.183,23.266,-0.055,-0.088
322.40,-44.076,23.212,2.9599,-44.180,23.266,-0.067,-0.088
322.60,-44.077,23.209,2.9500,-44.181,23.261,-0.068,-0.125
322.80,-44.089,23.207,2.9401,-44.194,23.260,-0.050,-0.135
323.00,-44.100,23.205,2.9298,-44.208,23.259,-0.028,-0.130
323.20,-44.118,23.202,2.9120,-44.227,23.258,-0.011,-0.144
323.40,-44.144,23.199,2.8871,-44.254,23.252,0.001,-0.180
323.60,-44.171,23.195,2.8609,-44.283,23.247,0.014,-0.199
323.80,-44.199,23.193,2.8331,-44.312,23.243,0.023,-0.215
324.00,-44.227,23.190,2.8037,-44.341,23.240,0.023,-0.219
324.20,-44.249,23.197,2.7754,-44.367,23.244,0.021,-0.216
324.40,-44.262,23.210,2.7486,-44.382,23.257,0.011,-0.176
324.60,-44.269,23.215,2.6949,-44.391,23.264,-0.008,-0.206
324.80,-44.279,23.219,2.6058,-44.399,23.267,-0.032,-0.425
325.00,-44.302,23.224,2.5763,-44.420,23.271,-0.020,-0.383
325.20,-44.317,23.235,2.5451,-44.439,23.280,0.000,-0.259
325.40,-44.335,23.245,2.4731,-44.456,23.292,0.003,-0.280
325.60,-44.358,23.254,2.3129,-44.477,23.297,0.013,-0.643
325.80,-44.386,23.278,2.2638,-44.504,23.323,0.042,-0.603
326.00,-44.424,23.299,2.2131,-44.542,23.343,0.063,-0.395
326.20,-44.467,23.321,2.1615,-44.582,23.365,0.076,-0.353
326.40,-44.525,23.351,2.0755,-44.639,23.393,0.109,-0.420
326.60,-44.580,23.395,1.9970,-44.695,23.434,0.145,-0.462
326.80,-44.633,23.447,1.9173,-44.749,23.484,0.180,-0.490
327.00,-44.684,23.506,1.8323,-44.802,23.542,0.196,-0.506
327.20,-44.729,23.565,1.7458,-44.850,23.601,0.203,-0.522
327.40,-44.764,23.618,1.6695,-44.887,23.656,0.184,-0.512
327.60,-44.791,23.666,1.6044,-44.916,23.706,0.160,-0.463
327.80,-44.811,23.709,1.5482,-44.938,23.750,0.133,-0.413
328.00,-44.823,23.748,1.4998,-44.951,23.791,0.113,-0.353
328.20,-44.832,23.775,1.4616,-44.961,23.820,0.096,-0.257
328.40,-44.839,23.804,1.4244,-44.968,23.849,0.090,-0.245
328.60,-44.847,23.836,1.3854,-44.976,23.881,0.090,-0.256
328.80,-44.854,23.874,1.3439,-44.984,23.917,0.098,-0.263
329.00,-44.860,23.911,1.3042,-44.991,23.955,0.107,-0.276
329.20,-44.864,23.947,1.2654,-44.997,23.992,0.110,-0.286
329.40,-44.866,23.983,1.2275,-45.000,24.028,0.108,-0.283
329.60,-44.867,24.019,1.1883,-45.002,24.064,0.106,-0.275
329.80,-44.867,24.057,1.1481,-45.003,24.101,0.105,-0.272
330.00,-44.865,24.094,1.1072,-45.003,24.139,0.110,-0.284
330.20,-44.862,24.130,1.0680,-45.001,24.176,0.111,-0.278
330.40,-44.858,24.161,1.0343,-44.997,24.208,0.109,-0.260
330.60,-44.852,24.189,1.0017,-44.991,24.237,0.101,-0.233
330.80,-44.846,24.219,0.9685,-44.985,24.266,0.097,-0.227
331.00,-44.839,24.250,0.9343,-44.978,24.298,0.099,-0.232
331.20,-44.831,24.279,0.9029,-44.970,24.327,0.103,-0.235
331.40,-44.821,24.308,0.8713,-44.961,24.357,0.104,-0.230
331.60,-44.811,24.339,0.8382,-44.951,24.387,0.143,-0.173
331.80,-44.798,24.372,0.8012,-44.940,24.420,0.158,-0.211
332.00,-44.782,24.406,0.7637,-44.926,24.456,0.170,-0.238
332.20,-44.764,24.442,0.7269,-44.909,24.492,0.181,-0.259
332.40,-44.744,24.478,0.6869,-44.891,24.529,0.188,-0.269
332.60,-44.722,24.516,0.6439,-44.870,24.567,0.194,-0.278
332.80,-44.698,24.553,0.5989,-44.847,24.605,0.198,-0.284
333.00,-44.669,24.576,0.5514,-44.819,24.632,0.200,-0.314
333.20,-44.640,24.580,0.5178,-44.789,24.637,0.181,-0.255
333.40,-44.608,24.585,0.4825,-44.757,24.642,0.170,-0.206
333.60,-44.579,24.588,0.4488,-44.728,24.645,0.164,-0.185
333.80,-44.549,24.590,0.4160,-44.698,24.647,0.161,-0.218
334.00,-44.521,24.591,0.3867,-44.669,24.648,0.162,-0.250
334.20,-44.494,24.593,0.3605,-44.642,24.648,0.160,-0.261
334.40,-44.468,24.594,0.3339,-44.616,24.648,0.157,-0.256
334.60,-44.443,24.594,0.3052,-44.591,24.647,0.156,-0.265
334.80,-44.420,24.593,0.2771,-44.568,24.644,0.151,-0.243
335.00,-44.399,24.591,0.2496,-44.547,24.643,0.148,-0.208
335.20,-44.384,24.593,0.1974,-44.531,24.644,0.164,-0.195
335.40,-44.370,24.600,0.0987,-44.519,24.650,0.185,-0.358
335.60,-44.346,24.614,0.0220,-44.497,24.663,0.193,-0.393
335.80,-44.316,24.622,-0.0248,-44.469,24.671,0.205,-0.331
336.00,-44.288,24.611,-0.0595,-44.441,24.662,0.213,-0.237
336.20,-44.252,24.593,-0.1047,-44.407,24.646,0.222,-0.211
336.40,-44.210,24.569,-0.1537,-44.366,24.623,0.243,-0.204
336.60,-44.162,24.540,-0.2054,-44.319,24.595,0.269,-0.197
336.80,-44.111,24.507,-0.2594,-44.269,24.561,0.287,-0.188
337.00,-44.074,24.483,-0.2937,-44.230,24.536,0.280,-0.145
337.20,-44.037,24.455,-0.3337,-44.194,24.507,0.257,-0.091
337.40,-43.995,24.423,-0.3759,-44.154,24.474,0.251,-0.104
337.60,-43.951,24.393,-0.4040,-44.111,24.442,0.254,-0.092
337.80,-43.902,24.367,-0.4152,-44.064,24.414,0.256,-0.026
338.00,-43.853,24.340,-0.4261,-44.015,24.386,0.259,0.015
338.20,-43.805,24.316,-0.4319,-43.968,24.360,0.254,0.032
338.40,-43.758,24.294,-0.4319,-43.920,24.337,0.274,0.063
338.60,-43.713,24.273,-0.4319,-43.874,24.316,0.296,0.072
338.80,-43.668,24.251,-0.4319,-43.829,24.294,0.284,0.087
339.00,-43.625,24.231,-0.4315,-43.787,24.274,0.267,0.094
339.20,-43.584,24.211,-0.4314,-43.747,24.254,0.252,0.097
339.40,-43.547,24.195,-0.4306,-43.712,24.237,0.239,0.055
339.60,-43.511,24.179,-0.4283,-43.677,24.222,0.230,0.078
339.80,-43.475,24.165,-0.4261,-43.642,24.208,0.221,0.092
340.00,-43.432,24.147,-0.4244,-43.599,24.192,0.229,0.091
340.20,-43.398,24.132,-0.4220,-43.563,24.178,0.241,0.036
340.40,-43.378,24.123,-0.4217,-43.542,24.169,0.209,0.042
340.60,-43.347,24.110,-0.4216,-43.515,24.157,0.186,0.036
340.80,-43.304,24.091,-0.4215,-43.473,24.138,0.212,0.033
341.00,-43.265,24.073,-0.4213,-43.434,24.120,0.229,0.037
341.20,-43.232,24.059,-0.4213,-43.399,24.104,0.225,0.035
341.40,-43.195,24.042,-0.4213,-43.363,24.088,0.256,0.057
341.60,-43.158,24.026,-0.4213,-43.325,24.071,0.278,0.052
341.80,-43.121,24.009,-0.4212,-43.288,24.054,0.262,0.055
342.00,-43.087,23.992,-0.4207,-43.253,24.037,0.249,0.058
342.20,-43.049,23.975,-0.4202,-43.217,24.020,0.241,0.063
342.40,-43.012,23.958,-0.4198,-43.181,24.003,0.240,0.049
342.60,-42.979,23.943,-0.4192,-43.147,23.988,0.234,0.056
342.80,-42.945,23.927,-0.4187,-43.115,23.973,0.226,0.059
343.00,-42.908,23.911,-0.4184,-43.078,23.957,0.227,0.059
343.20,-42.875,23.895,-0.4180,-43.044,23.942,0.227,0.057
343.40,-42.842,23.881,-0.4175,-43.012,23.929,0.219,0.059
343.60,-42.809,23.867,-0.4171,-42.980,23.916,0.215,0.061
343.80,-42.776,23.853,-0.4167,-42.947,23.902,0.212,0.062
344.00,-42.744,23.840,-0.4163,-42.916,23.889,0.208,0.062
344.20,-42.714,23.827,-0.4159,-42.886,23.877,0.203,0.063
344.40,-42.685,23.815,-0.4155,-42.857,23.866,0.196,0.068
344.60,-42.658,23.804,-0.4149,-42.830,23.855,0.189,0.066
344.80,-42.634,23.793,-0.4147,-42.806,23.844,0.181,0.064
345.00,-42.613,23.784,-0.4146,-42.786,23.833,0.171,0.070
345.20,-42.594,23.775,-0.4143,-42.767,23.824,0.178,0.071
345.40,-42.575,23.767,-0.4141,-42.749,23.815,0.199,0.082
345.60,-42.560,23.760,-0.4135,-42.734,23.807,0.185,0.087
345.80,-42.546,23.753,-0.4121,-42.721,23.799,0.167,0.090
346.00,-42.532,23.747,-0.4123,-42.708,23.793,0.160,0.085
346.20,-42.520,23.737,-0.4012,-42.697,23.783,0.154,0.084
346.40,-42.507,23.722,-0.3776,-42.685,23.766,0.162,0.152
346.60,-42.496,23.708,-0.3548,-42.674,23.751,0.166,0.191
346.80,-42.485,23.695,-0.3338,-42.663,23.737,0.166,0.185
347.00,-42.483,23.678,-0.2946,-42.660,23.719,0.157,0.202
347.20,-42.503,23.670,-0.2611,-42.677,23.706,0.124,0.128
347.40,-42.530,23.665,-0.2452,-42.705,23.700,0.054,0.114
347.60,-42.562,23.667,-0.2601,-42.738,23.700,0.018,0.008
347.80,-42.586,23.668,-0.2731,-42.766,23.701,0.016,-0.044
348.00,-42.610,23.670,-0.2837,-42.793,23.703,-0.010,-0.085
348.20,-42.613,23.671,-0.2843,-42.799,23.703,0.044,-0.048
348.40,-42.616,23.672,-0.2841,-42.803,23.704,0.078,-0.030
348.60,-42.636,23.679,-0.2881,-42.821,23.710,0.068,-0.029
348.80,-42.645,23.684,-0.2939,-42.830,23.719,0.062,-0.054
349.00,-42.638,23.682,-0.2947,-42.825,23.720,0.092,-0.053
349.20,-42.628,23.679,-0.2947,-42.814,23.717,0.125,-0.032
349.40,-42.624,23.680,-0.2982,-42.809,23.717,0.129,-0.031
349.60,-42.615,23.679,-0.3031,-42.800,23.720,0.127,-0.058
349.80,-42.598,23.674,-0.3032,-42.784,23.716,0.140,-0.057
350.00,-42.577,23.668,-0.3033,-42.762,23.710,0.193,0.000
350.20,-42.564,23.662,-0.3061,-42.747,23.704,0.202,-0.014
350.40,-42.550,23.656,-0.3115,-42.735,23.697,0.186,-0.032
350.60,-42.524,23.648,-0.3116,-42.710,23.688,0.189,-0.017
350.80,-42.490,23.637,-0.3116,-42.676,23.677,0.210,-0.004
351.00,-42.458,23.626,-0.3117,-42.642,23.666,0.228,0.002
351.20,-42.427,23.616,-0.3117,-42.610,23.656,0.228,0.004
351.40,-42.392,23.605,-0.3117,-42.575,23.645,0.231,0.004
351.60,-42.354,23.592,-0.3117,-42.535,23.632,0.239,0.002
351.80,-42.315,23.579,-0.3117,-42.495,23.619,0.245,0.001
352.00,-42.277,23.567,-0.3117,-42.455,23.606,0.247,0.000
352.20,-42.237,23.554,-0.3117,-42.413,23.593,0.247,0.000
352.40,-42.195,23.541,-0.3118,-42.371,23.579,0.248,-0.000
352.60,-42.154,23.528,-0.3117,-42.327,23.565,0.249,-0.000
352.80,-42.112,23.513,-0.3117,-42.284,23.551,0.248,-0.000
353.00,-42.071,23.499,-0.3117,-42.240,23.536,0.247,0.001
353.20,-42.031,23.486,-0.3118,-42.197,23.523,0.241,-0.000
353.40,-41.991,23.473,-0.3118,-42.155,23.510,0.285,0.025
353.60,-41.951,23.460,-0.3118,-42.113,23.497,0.287,0.023
353.80,-41.911,23.448,-0.3119,-42.071,23.484,0.270,0.025
354.00,-41.865,23.432,-0.3119,-42.023,23.469,0.268,0.025
354.20,-41.818,23.417,-0.3119,-41.974,23.454,0.274,0.026
354.40,-41.773,23.403,-0.3119,-41.927,23.439,0.272,0.027
354.60,-41.730,23.389,-0.3119,-41.881,23.425,0.267,0.028
354.80,-41.686,23.374,-0.3119,-41.834,23.409,0.263,0.029
355.00,-41.642,23.359,-0.3119,-41.787,23.394,0.261,0.030
355.20,-41.598,23.344,-0.3119,-41.741,23.379,0.259,0.031
355.40,-41.556,23.331,-0.3118,-41.695,23.365,0.255,0.032
355.60,-41.514,23.316,-0.3118,-41.650,23.350,0.248,0.034
355.80,-41.472,23.303,-0.3118,-41.606,23.337,0.241,0.035
356.00,-41.432,23.290,-0.3119,-41.563,23.323,0.290,0.041
356.20,-41.394,23.278,-0.3119,-41.521,23.311,0.280,0.047
356.40,-41.355,23.266,-0.3120,-41.480,23.299,0.266,0.048
356.60,-41.310,23.252,-0.3120,-41.434,23.286,0.260,0.049
356.80,-41.267,23.238,-0.3120,-41.388,23.271,0.264,0.053
357.00,-41.233,23.227,-0.3120,-41.351,23.259,0.253,0.054
357.20,-41.203,23.216,-0.3120,-41.319,23.248,0.227,0.053
357.40,-41.173,23.206,-0.3121,-41.288,23.238,0.213,0.054
357.60,-41.146,23.197,-0.3123,-41.260,23.228,0.203,0.054
357.80,-41.119,23.189,-0.3124,-41.232,23.220,0.196,0.051
358.00,-41.095,23.181,-0.3125,-41.207,23.213,0.189,0.048
358.20,-41.074,23.174,-0.3124,-41.184,23.207,0.181,0.046
358.40,-41.055,23.168,-0.3112,-41.165,23.200,0.171,0.050
358.60,-41.036,23.163,-0.3102,-41.144,23.195,0.166,0.070
358.80,-41.018,23.158,-0.3097,-41.123,23.191,0.164,0.081
359.00,-41.003,23.153,-0.3084,-41.107,23.186,0.159,0.073
359.20,-40.991,23.152,-0.3003,-41.094,23.185,0.147,0.077
359.40,-40.979,23.157,-0.2788,-41.080,23.191,0.139,0.114
359.60,-40.968,23.162,-0.2594,-41.067,23.196,0.133,0.140
359.80,-40.956,23.166,-0.2416,-41.054,23.201,0.132,0.138
360.00,-40.961,23.176,-0.2237,-41.054,23.213,0.119,0.137
360.20,-40.980,23.190,-0.1996,-41.070,23.227,0.071,0.128
360.40,-41.000,23.204,-0.1743,-41.089,23.242,0.038,0.122
360.60,-41.022,23.218,-0.1483,-41.111,23.256,0.030,0.118
360.80,-41.047,23.232,-0.1213,-41.135,23.271,0.023,0.117
361.00,-41.077,23.245,-0.0898,-41.164,23.287,0.011,0.123
361.20,-41.106,23.259,-0.0582,-41.193,23.303,0.008,0.129
361.40,-41.135,23.273,-0.0267,-41.223,23.318,0.010,0.126
361.60,-41.168,23.287,0.0078,-41.256,23.334,0.005,0.126
361.80,-41.205,23.300,0.0455,-41.293,23.349,-0.004,0.132
362.00,-41.241,23.312,0.0819,-41.329,23.363,-0.008,0.129
362.20,-41.276,23.323,0.1182,-41.365,23.375,-0.006,0.124
362.40,-41.315,23.333,0.1556,-41.404,23.386,-0.011,0.121
362.60,-41.356,23.341,0.1926,-41.445,23.395,-0.018,0.120
362.80,-41.394,23.348,0.2278,-41.484,23.403,-0.019,0.113
363.00,-41.432,23.353,0.2620,-41.523,23.409,-0.016,0.107
363.20,-41.471,23.356,0.2958,-41.563,23.414,-0.015,0.098
363.40,-41.510,23.357,0.3288,-41.603,23.417,-0.018,0.090
363.60,-41.546,23.356,0.3583,-41.640,23.419,-0.013,0.076
363.80,-41.577,23.355,0.3841,-41.672,23.419,-0.004,0.068
364.00,-41.605,23.352,0.4096,-41.702,23.418,-0.020,0.056
364.20,-41.630,23.350,0.4301,-41.728,23.417,-0.011,0.053
364.40,-41.649,23.348,0.4456,-41.749,23.415,0.005,0.037
364.60,-41.665,23.345,0.4574,-41.766,23.415,0.022,0.019
364.80,-41.681,23.343,0.4675,-41.782,23.413,0.029,0.005
365.00,-41.688,23.340,0.4706,-41.791,23.412,0.041,-0.011
365.20,-41.689,23.339,0.4706,-41.791,23.411,0.062,-0.053
365.40,-41.689,23.339,0.4706,-41.789,23.411,0.076,-0.072
365.60,-41.686,23.340,0.4705,-41.786,23.412,0.085,-0.077
365.80,-41.684,23.344,0.4646,-41.783,23.417,0.092,-0.097
366.00,-41.688,23.347,0.4581,-41.786,23.421,0.084,-0.123
366.20,-41.692,23.347,0.4525,-41.791,23.423,0.075,-0.119
366.40,-41.698,23.348,0.4435,-41.798,23.424,0.069,-0.128
366.60,-41.716,23.346,0.4255,-41.815,23.426,0.058,-0.155
366.80,-41.736,23.342,0.4072,-41.836,23.426,0.035,-0.197
367.00,-41.758,23.342,0.3860,-41.859,23.430,0.030,-0.205
367.20,-41.794,23.345,0.3484,-41.893,23.433,0.015,-0.205
367.40,-41.844,23.351,0.2964,-41.944,23.439,-0.023,-0.236
367.60,-41.898,23.359,0.2414,-41.999,23.447,-0.061,-0.271
367.80,-41.955,23.370,0.1831,-42.057,23.458,-0.070,-0.276
368.00,-42.026,23.388,0.1107,-42.128,23.476,-0.102,-0.297
368.20,-42.113,23.414,0.0249,-42.214,23.501,-0.163,-0.339
368.40,-42.200,23.452,-0.0613,-42.304,23.538,-0.187,-0.356
368.60,-42.297,23.501,-0.1570,-42.400,23.585,-0.195,-0.372
368.80,-42.398,23.563,-0.2541,-42.501,23.643,-0.233,-0.408
369.00,-42.476,23.565,-0.3441,-42.580,23.653,-0.197,-0.366
369.20,-42.572,23.564,-0.4438,-42.672,23.651,-0.170,-0.335
369.40,-42.701,23.578,-0.5741,-42.795,23.660,-0.200,-0.388
369.60,-42.843,23.615,-0.7258,-42.939,23.689,-0.257,-0.542
369.80,-42.933,23.657,-0.8139,-43.041,23.732,-0.239,-0.482
370.00,-43.031,23.703,-0.9285,-43.139,23.776,-0.205,-0.397
370.20,-43.145,23.773,-1.0732,-43.252,23.840,-0.234,-0.470
370.40,-43.252,23.885,-1.2340,-43.362,23.946,-0.256,-0.508
370.60,-43.350,24.000,-1.3944,-43.466,24.060,-0.257,-0.573
370.80,-43.426,24.139,-1.5630,-43.548,24.196,-0.257,-0.621
371.00,-43.479,24.290,-1.7321,-43.608,24.346,-0.260,-0.655
371.20,-43.475,24.454,-1.8389,-43.612,24.514,-0.260,-0.445
371.40,-43.487,24.593,-2.0199,-43.626,24.657,-0.257,-0.495
371.60,-43.485,24.703,-2.2333,-43.624,24.772,-0.254,-0.779
371.80,-43.466,24.788,-2.3717,-43.606,24.863,-0.249,-0.731
372.00,-43.435,24.857,-2.4557,-43.576,24.936,-0.237,-0.457
372.20,-43.405,24.914,-2.5324,-43.546,24.997,-0.237,-0.256
372.40,-43.379,24.957,-2.5924,-43.520,25.043,-0.208,-0.193
372.60,-43.354,24.990,-2.6374,-43.494,25.079,-0.175,-0.123
372.80,-43.332,25.015,-2.6693,-43.472,25.105,-0.142,-0.051
373.00,-43.311,25.034,-2.6923,-43.453,25.126,-0.123,-0.010
373.20,-43.294,25.046,-2.7014,-43.438,25.141,-0.105,0.015
373.40,-43.275,25.055,-2.7013,-43.421,25.150,-0.090,0.070
373.60,-43.254,25.065,-2.7013,-43.400,25.160,-0.095,0.094
373.80,-43.236,25.073,-2.7013,-43.381,25.168,-0.097,0.099
374.00,-43.228,25.081,-2.6907,-43.372,25.175,-0.080,0.131
374.20,-43.232,25.086,-2.6742,-43.375,25.183,-0.055,0.198
374.40,-43.240,25.087,-2.6635,-43.385,25.183,-0.023,0.169
374.60,-43.247,25.079,-2.6493,-43.393,25.176,-0.007,0.174
374.80,-43.266,25.055,-2.6175,-43.411,25.154,0.023,0.201
375.00,-43.288,25.026,-2.5818,-43.433,25.123,0.055,0.260
375.20,-43.311,24.992,-2.5439,-43.457,25.087,0.072,0.287
375.40,-43.337,24.951,-2.4978,-43.483,25.045,0.092,0.318
375.60,-43.365,24.900,-2.4402,-43.511,24.995,0.119,0.359
375.80,-43.394,24.839,-2.3744,-43.540,24.935,0.146,0.392
376.00,-43.420,24.772,-2.3015,-43.566,24.868,0.171,0.428
376.20,-43.445,24.715,-2.2189,-43.590,24.808,0.179,0.460
376.40,-43.480,24.691,-2.1661,-43.624,24.780,0.143,0.443
376.60,-43.513,24.669,-2.1180,-43.658,24.757,0.120,0.367
376.80,-43.544,24.647,-2.0705,-43.689,24.735,0.113,0.386
377.00,-43.575,24.623,-2.0239,-43.720,24.712,0.104,0.399
377.20,-43.607,24.595,-1.9752,-43.752,24.685,0.102,0.396
377.40,-43.640,24.564,-1.9226,-43.786,24.654,0.103,0.404
377.60,-43.676,24.524,-1.8630,-43.822,24.616,0.116,0.407
377.80,-43.715,24.476,-1.7942,-43.861,24.570,0.145,0.427
378.00,-43.740,24.417,-1.7102,-43.891,24.512,0.177,0.473
378.20,-43.733,24.387,-1.6698,-43.888,24.476,0.154,0.433
378.40,-43.737,24.382,-1.6019,-43.887,24.463,0.085,0.411
378.60,-43.755,24.420,-1.5495,-43.903,24.495,0.005,0.394
378.80,-43.784,24.473,-1.4795,-43.931,24.546,-0.105,0.375
379.00,-43.803,24.519,-1.4014,-43.953,24.596,-0.132,0.402
379.20,-43.817,24.543,-1.3237,-43.967,24.624,-0.084,0.425
379.40,-43.838,24.554,-1.2156,-43.986,24.637,-0.022,0.527
379.60,-43.858,24.573,-1.1710,-44.007,24.654,-0.005,0.424
379.80,-43.875,24.584,-1.0441,-44.023,24.666,0.008,0.375
380.00,-43.891,24.584,-0.8226,-44.040,24.669,0.062,0.801
380.20,-43.887,24.588,-0.6494,-44.035,24.672,0.100,0.914
380.40,-43.848,24.589,-0.5780,-43.998,24.675,0.149,0.559
380.60,-43.813,24.584,-0.5325,-43.963,24.670,0.218,0.323
380.80,-43.785,24.580,-0.4880,-43.934,24.666,0.224,0.253
381.00,-43.759,24.580,-0.2917,-43.908,24.666,0.218,0.577
381.20,-43.720,24.568,-0.1868,-43.872,24.656,0.229,0.655
381.40,-43.685,24.561,-0.1352,-43.836,24.646,0.237,0.414
381.60,-43.661,24.568,-0.1036,-43.811,24.651,0.219,0.216
381.80,-43.623,24.585,0.0410,-43.775,24.666,0.217,0.392
382.00,-43.585,24.607,0.1934,-43.738,24.685,0.232,0.626
382.20,-43.549,24.631,0.2617,-43.702,24.708,0.225,0.433
382.40,-43.515,24.651,0.3415,-43.669,24.727,0.212,0.309
382.60,-43.473,24.704,0.4776,-43.626,24.774,0.226,0.362
382.80,-43.430,24.771,0.6314,-43.582,24.839,0.263,0.523
383.00,-43.400,24.818,0.6988,-43.550,24.889,0.254,0.430
383.20,-43.385,24.847,0.7367,-43.533,24.921,0.179,0.177
383.40,-43.374,24.867,0.7793,-43.521,24.944,0.118,0.095
383.60,-43.365,24.879,0.9354,-43.513,24.957,0.113,0.435
383.80,-43.348,24.889,1.0062,-43.496,24.966,0.114,0.464
384.00,-43.334,24.897,1.0297,-43.481,24.973,0.099,0.200
384.20,-43.323,24.895,1.1591,-43.469,24.972,0.082,0.256
384.40,-43.312,24.886,1.3687,-43.458,24.964,0.063,0.770
384.60,-43.299,24.882,1.4373,-43.446,24.960,0.049,0.584
384.80,-43.270,24.891,1.5412,-43.419,24.966,0.059,0.349
385.00,-43.258,24.908,1.8143,-43.402,24.985,0.054,0.853
385.20,-43.327,24.962,1.9946,-43.465,25.043,0.139,0.875
385.40,-43.366,25.001,2.0988,-43.505,25.084,0.173,0.608
385.60,-43.410,25.033,2.2152,-43.547,25.117,0.147,0.437
385.80,-43.488,25.058,2.3838,-43.619,25.147,0.155,0.524
386.00,-43.577,25.077,2.5523,-43.707,25.168,0.209,0.711
386.20,-43.612,25.117,2.6204,-43.746,25.206,0.176,0.402
386.40,-43.635,25.150,2.6703,-43.772,25.240,0.109,0.227
386.60,-43.656,25.174,2.7104,-43.794,25.265,0.062,0.132
386.80,-43.674,25.192,2.7437,-43.811,25.285,0.032,0.128
387.00,-43.689,25.205,2.7661,-43.825,25.300,0.007,0.097
387.20,-43.703,25.216,2.7805,-43.837,25.313,-0.004,0.069
387.40,-43.711,25.222,2.7920,-43.846,25.322,-0.007,0.009
387.60,-43.714,25.223,2.8211,-43.850,25.323,-0.021,0.045
387.80,-43.708,25.219,2.8310,-43.846,25.319,-0.044,0.030
388.00,-43.706,25.218,2.8310,-43.843,25.317,-0.056,-0.039
388.20,-43.701,25.216,2.8318,-43.838,25.315,-0.060,-0.092
388.40,-43.691,25.212,2.8337,-43.829,25.310,-0.071,-0.084
388.60,-43.681,25.209,2.8326,-43.820,25.306,-0.078,-0.090
388.80,-43.669,25.202,2.8243,-43.807,25.299,-0.086,-0.127
389.00,-43.652,25.190,2.8106,-43.791,25.286,-0.102,-0.148
389.20,-43.635,25.178,2.7941,-43.774,25.272,-0.114,-0.175
389.40,-43.616,25.162,2.7719,-43.756,25.256,-0.122,-0.181
389.60,-43.596,25.144,2.7465,-43.737,25.237,-0.130,-0.204
389.80,-43.578,25.128,2.7229,-43.719,25.220,-0.132,-0.228
390.00,-43.562,25.116,2.7038,-43.704,25.205,-0.127,-0.260
390.20,-43.547,25.103,2.6811,-43.690,25.191,-0.121,-0.276
390.40,-43.537,25.103,2.6132,-43.680,25.188,-0.106,-0.327
390.60,-43.522,25.103,2.4991,-43.666,25.189,-0.104,-0.522
390.80,-43.503,25.093,2.3903,-43.648,25.181,-0.114,-0.612
391.00,-43.482,25.071,2.3309,-43.626,25.162,-0.134,-0.514
391.20,-43.470,25.033,2.2815,-43.614,25.127,-0.151,-0.317
391.40,-43.457,24.985,2.2222,-43.600,25.081,-0.180,-0.275
391.60,-43.445,24.927,2.1556,-43.589,25.025,-0.205,-0.310
391.80,-43.436,24.863,2.0891,-43.579,24.962,-0.224,-0.361
392.00,-43.429,24.798,2.0235,-43.572,24.896,-0.232,-0.384
392.20,-43.408,24.761,1.9635,-43.555,24.854,-0.207,-0.399
392.40,-43.380,24.731,1.9181,-43.528,24.824,-0.156,-0.307
392.60,-43.349,24.695,1.8668,-43.497,24.790,-0.135,-0.283
392.80,-43.314,24.651,1.8083,-43.462,24.748,-0.157,-0.347
393.00,-43.279,24.599,1.7445,-43.426,24.698,-0.199,-0.363
393.20,-43.243,24.537,1.6749,-43.389,24.638,-0.217,-0.365
393.40,-43.209,24.468,1.5965,-43.353,24.571,-0.220,-0.382
393.60,-43.184,24.398,1.5261,-43.322,24.502,-0.222,-0.410
393.80,-43.174,24.339,1.4697,-43.311,24.437,-0.212,-0.375
394.00,-43.163,24.305,1.4300,-43.299,24.399,-0.128,-0.325
394.20,-43.157,24.282,1.3931,-43.291,24.374,-0.052,-0.289
394.40,-43.175,24.250,1.3159,-43.304,24.344,-0.040,-0.373
394.60,-43.212,24.208,1.2125,-43.340,24.302,-0.066,-0.437
394.80,-43.231,24.171,1.1404,-43.362,24.263,-0.082,-0.464
395.00,-43.232,24.146,1.1082,-43.367,24.237,-0.040,-0.345
395.20,-43.241,24.124,1.0661,-43.373,24.214,-0.031,-0.298
395.40,-43.267,24.104,1.0223,-43.397,24.195,-0.042,-0.287
395.60,-43.299,24.083,0.9752,-43.428,24.174,-0.060,-0.240
395.80,-43.338,24.060,0.9236,-43.468,24.151,-0.085,-0.243
396.00,-43.367,24.045,0.8865,-43.497,24.135,-0.074,-0.232
396.20,-43.397,24.030,0.8503,-43.528,24.120,-0.054,-0.186
396.40,-43.436,24.012,0.8039,-43.566,24.103,-0.060,-0.199
396.60,-43.489,23.991,0.7467,-43.618,24.082,-0.084,-0.257
396.80,-43.545,23.972,0.6905,-43.676,24.063,-0.102,-0.334
397.00,-43.600,23.955,0.6362,-43.733,24.046,-0.097,-0.335
397.20,-43.669,23.938,0.5668,-43.801,24.029,-0.115,-0.345
397.40,-43.755,23.926,0.4842,-43.884,24.016,-0.148,-0.368
397.60,-43.855,23.921,0.3904,-43.983,24.009,-0.184,-0.398
397.80,-43.929,23.907,0.2871,-44.063,23.996,-0.206,-0.443
398.00,-43.971,23.910,0.2399,-44.110,23.997,-0.101,-0.352
398.20,-44.009,23.916,0.1965,-44.149,24.003,-0.035,-0.284
398.40,-44.050,23.926,0.1501,-44.189,24.013,-0.002,-0.231
398.60,-44.097,23.940,0.0966,-44.235,24.026,-0.014,-0.180
398.80,-44.134,23.943,0.0372,-44.274,24.032,-0.016,-0.229
399.00,-44.157,23.932,0.0092,-44.298,24.022,0.020,-0.197
399.20,-44.184,23.921,-0.0200,-44.325,24.009,0.033,-0.149
399.40,-44.213,23.910,-0.0521,-44.353,23.997,0.031,-0.099
399.60,-44.244,23.899,-0.0858,-44.384,23.985,0.022,-0.101
399.80,-44.273,23.890,-0.1155,-44.416,23.974,0.014,-0.101
400.00,-44.290,23.886,-0.1321,-44.436,23.967,0.033,-0.071
400.20,-44.309,23.882,-0.1467,-44.455,23.960,0.049,-0.059
400.40,-44.328,23.879,-0.1634,-44.475,23.954,0.055,-0.058
400.60,-44.338,23.877,-0.1724,-44.488,23.949,0.063,-0.045
400.80,-44.334,23.874,-0.1803,-44.488,23.944,0.096,-0.013
401.00,-44.327,23.870,-0.1880,-44.482,23.938,0.120,-0.009
401.20,-44.318,23.867,-0.1914,-44.474,23.933,0.137,0.002
401.40,-44.301,23.863,-0.1914,-44.459,23.929,0.154,0.047
401.60,-44.279,23.859,-0.1914,-44.437,23.926,0.168,0.063
401.80,-44.253,23.854,-0.1914,-44.412,23.921,0.184,0.069
402.00,-44.224,23.848,-0.1913,-44.384,23.915,0.195,0.069
402.20,-44.198,23.843,-0.1911,-44.358,23.909,0.196,0.071
402.40,-44.173,23.838,-0.1909,-44.335,23.905,0.190,0.073
402.60,-44.147,23.834,-0.1905,-44.312,23.900,0.183,0.071
402.80,-44.120,23.828,-0.1901,-44.287,23.894,0.183,0.072
403.00,-44.094,23.823,-0.1885,-44.262,23.890,0.183,0.085
403.20,-44.064,23.816,-0.1858,-44.234,23.883,0.188,0.095
403.40,-44.032,23.809,-0.1808,-44.203,23.875,0.197,0.070
403.60,-43.997,23.798,-0.1673,-44.170,23.862,0.206,0.103
403.80,-43.956,23.784,-0.1488,-44.131,23.846,0.217,0.140
404.00,-43.910,23.773,-0.1385,-44.085,23.832,0.234,0.133
404.20,-43.863,23.758,-0.1164,-44.038,23.816,0.247,0.143
404.40,-43.813,23.738,-0.0757,-43.989,23.794,0.253,0.193
404.60,-43.758,23.719,-0.0338,-43.935,23.772,0.281,0.226
404.80,-43.702,23.702,0.0075,-43.879,23.753,0.313,0.225
405.00,-43.657,23.688,0.0471,-43.832,23.736,0.306,0.219
405.20,-43.621,23.678,0.0808,-43.795,23.724,0.267,0.197
405.40,-43.596,23.673,0.1046,-43.768,23.717,0.226,0.151
405.60,-43.573,23.681,0.1380,-43.745,23.722,0.198,0.129
405.80,-43.547,23.706,0.1986,-43.718,23.747,0.190,0.055
406.00,-43.527,23.731,0.2533,-43.698,23.773,0.177,0.154
406.20,-43.503,23.747,0.2739,-43.677,23.793,0.154,0.106
406.40,-43.480,23.756,0.2763,-43.653,23.801,0.158,0.042
406.60,-43.481,23.772,0.3256,-43.651,23.818,0.136,0.108
406.80,-43.477,23.778,0.3366,-43.652,23.827,0.100,0.079
407.00,-43.451,23.787,0.3370,-43.628,23.836,0.134,-0.006
407.20,-43.439,23.796,0.3522,-43.614,23.844,0.148,-0.021
407.40,-43.431,23.805,0.3708,-43.606,23.855,0.138,0.057
407.60,-43.408,23.813,0.3709,-43.586,23.863,0.144,-0.007
407.80,-43.381,23.828,0.3707,-43.559,23.877,0.166,-0.049
408.00,-43.362,23.836,0.3706,-43.538,23.886,0.169,-0.060
408.20,-43.339,23.841,0.3709,-43.515,23.892,0.163,-0.060
408.40,-43.314,23.850,0.3707,-43.490,23.900,0.164,-0.063
408.60,-43.292,23.859,0.3704,-43.469,23.909,0.163,-0.066
408.80,-43.274,23.866,0.3700,-43.451,23.917,0.153,-0.060
409.00,-43.257,23.873,0.3698,-43.434,23.924,0.145,-0.069
409.20,-43.240,23.879,0.3695,-43.418,23.932,0.139,-0.074
409.40,-43.223,23.886,0.3694,-43.402,23.940,0.135,-0.087
409.60,-43.211,23.891,0.3687,-43.390,23.946,0.128,-0.087
409.80,-43.201,23.896,0.3660,-43.382,23.952,0.115,-0.083
410.00,-43.191,23.904,0.3557,-43.373,23.961,0.110,-0.109
410.20,-43.183,23.916,0.3356,-43.366,23.975,0.111,-0.162
410.40,-43.175,23.927,0.3173,-43.360,23.988,0.113,-0.181
410.60,-43.170,23.939,0.2884,-43.356,24.002,0.145,-0.200
410.80,-43.175,23.954,0.2476,-43.358,24.020,0.138,-0.245
411.00,-43.198,23.963,0.2232,-43.381,24.030,0.056,-0.222
411.20,-43.225,23.971,0.1929,-43.408,24.039,0.006,-0.181
411.40,-43.264,23.981,0.1491,-43.447,24.050,-0.011,-0.189
411.60,-43.308,23.993,0.1023,-43.492,24.062,-0.033,-0.217
411.80,-43.355,24.006,0.0549,-43.541,24.077,-0.049,-0.231
412.00,-43.402,24.022,0.0090,-43.590,24.094,-0.053,-0.220
412.20,-43.453,24.044,-0.0440,-43.642,24.116,-0.062,-0.229
412.40,-43.511,24.072,-0.1036,-43.700,24.145,-0.081,-0.247
412.60,-43.569,24.105,-0.1643,-43.760,24.179,-0.101,-0.261
412.80,-43.620,24.137,-0.2207,-43.814,24.214,-0.097,-0.261
413.00,-43.641,24.148,-0.2524,-43.838,24.226,-0.016,-0.179
413.20,-43.665,24.147,-0.2835,-43.863,24.228,0.035,-0.110
413.40,-43.694,24.137,-0.3199,-43.892,24.220,0.044,-0.101
413.60,-43.704,24.128,-0.3872,-43.906,24.209,0.070,-0.204
413.80,-43.692,24.117,-0.4052,-43.898,24.198,0.125,-0.140
414.00,-43.674,24.100,-0.4242,-43.881,24.180,0.173,-0.065
414.20,-43.650,24.074,-0.4606,-43.858,24.154,0.207,-0.075
414.40,-43.627,24.050,-0.4944,-43.834,24.128,0.217,-0.058
414.60,-43.609,24.036,-0.5017,-43.818,24.112,0.197,-0.024
414.80,-43.586,24.025,-0.5016,-43.797,24.101,0.185,0.054
415.00,-43.555,24.008,-0.5018,-43.768,24.084,0.193,0.080
415.20,-43.523,23.990,-0.5019,-43.737,24.067,0.203,0.088
415.40,-43.496,23.974,-0.5019,-43.709,24.051,0.205,0.089
415.60,-43.476,23.963,-0.5018,-43.690,24.039,0.185,0.093
415.80,-43.459,23.954,-0.5018,-43.674,24.030,0.171,0.043
416.00,-43.443,23.945,-0.5011,-43.661,24.021,0.164,0.049
416.20,-43.429,23.936,-0.4997,-43.649,24.013,0.154,0.073
416.40,-43.415,23.923,-0.4853,-43.638,23.999,0.150,0.126
416.60,-43.386,23.908,-0.4852,-43.611,23.984,0.172,0.103
416.80,-43.351,23.890,-0.4836,-43.576,23.966,0.200,0.081
417.00,-43.321,23.882,-0.4668,-43.545,23.958,0.209,0.108
417.20,-43.302,23.876,-0.4582,-43.523,23.954,0.190,0.127
417.40,-43.285,23.864,-0.4527,-43.508,23.942,0.168,0.101
417.60,-43.273,23.857,-0.4442,-43.497,23.935,0.155,0.082
417.80,-43.264,23.835,-0.4041,-43.490,23.915,0.145,0.164
418.00,-43.254,23.816,-0.3681,-43.482,23.893,0.149,0.227
418.20,-43.240,23.800,-0.3430,-43.470,23.873,0.152,0.211
418.40,-43.233,23.781,-0.2982,-43.463,23.854,0.150,0.217
418.60,-43.224,23.758,-0.2459,-43.457,23.828,0.142,0.248
418.80,-43.197,23.739,-0.2136,-43.431,23.808,0.163,0.196
419.00,-43.174,23.716,-0.1721,-43.407,23.784,0.180,0.184
419.20,-43.145,23.699,-0.1340,-43.380,23.764,0.188,0.181
419.40,-43.120,23.687,-0.1064,-43.354,23.751,0.200,0.161
419.60,-43.097,23.677,-0.0829,-43.331,23.740,0.215,0.100
419.80,-43.075,23.668,-0.0597,-43.309,23.729,0.206,0.122
420.00,-43.053,23.660,-0.0398,-43.288,23.721,0.207,0.029
420.20,-43.031,23.657,-0.0327,-43.266,23.716,0.196,0.031
420.40,-43.011,23.657,-0.0252,-43.249,23.714,0.177,0.026
420.60,-42.972,23.656,-0.0251,-43.212,23.713,0.199,-0.019
420.80,-42.934,23.655,-0.0250,-43.174,23.713,0.220,-0.054
421.00,-42.901,23.654,-0.0250,-43.139,23.712,0.224,-0.058
421.20,-42.867,23.654,-0.0250,-43.103,23.711,0.221,-0.058
421.40,-42.837,23.653,-0.0254,-43.072,23.711,0.211,-0.060
421.60,-42.809,23.653,-0.0259,-43.044,23.711,0.200,-0.061
421.80,-42.782,23.652,-0.0264,-43.017,23.710,0.192,-0.062
422.00,-42.757,23.652,-0.0269,-42.991,23.710,0.182,-0.063
422.20,-42.735,23.652,-0.0274,-42.969,23.710,0.173,-0.063
422.40,-42.714,23.651,-0.0279,-42.948,23.710,0.165,-0.064
422.60,-42.695,23.651,-0.0285,-42.929,23.711,0.160,-0.071
422.80,-42.678,23.651,-0.0294,-42.911,23.713,0.154,-0.078
423.00,-42.662,23.651,-0.0302,-42.894,23.714,0.149,-0.078
423.20,-42.650,23.651,-0.0324,-42.882,23.716,0.138,-0.078
423.40,-42.638,23.655,-0.0436,-42.871,23.721,0.131,-0.091
423.60,-42.624,23.660,-0.0573,-42.858,23.730,0.130,-0.122
423.80,-42.612,23.665,-0.0707,-42.845,23.737,0.132,-0.134
424.00,-42.602,23.673,-0.0918,-42.835,23.748,0.126,-0.034
424.20,-42.604,23.682,-0.1140,-42.835,23.760,0.110,-0.076
424.40,-42.614,23.688,-0.1267,-42.846,23.769,0.081,-0.062
424.60,-42.598,23.686,-0.1271,-42.833,23.769,0.100,-0.014
424.80,-42.590,23.688,-0.1351,-42.824,23.772,0.123,0.006
425.00,-42.583,23.690,-0.1414,-42.816,23.778,0.126,-0.025
425.20,-42.566,23.687,-0.1413,-42.800,23.776,0.134,0.003
425.40,-42.545,23.685,-0.1413,-42.779,23.773,0.153,0.027
425.60,-42.527,23.682,-0.1414,-42.759,23.770,0.190,0.017
425.80,-42.505,23.679,-0.1413,-42.736,23.767,0.204,0.025
426.00,-42.478,23.676,-0.1413,-42.709,23.764,0.203,0.032
426.20,-42.445,23.671,-0.1413,-42.676,23.759,0.212,0.034
426.40,-42.410,23.666,-0.1412,-42.640,23.754,0.223,0.034
426.60,-42.374,23.661,-0.1412,-42.603,23.749,0.229,0.035
426.80,-42.337,23.656,-0.1412,-42.565,23.743,0.232,0.036
427.00,-42.297,23.650,-0.1412,-42.524,23.738,0.235,0.036
427.20,-42.257,23.645,-0.1412,-42.483,23.732,0.237,0.038
427.40,-42.216,23.639,-0.1412,-42.440,23.727,0.239,0.040
427.60,-42.175,23.634,-0.1412,-42.397,23.721,0.240,0.041
427.80,-42.133,23.628,-0.1411,-42.354,23.715,0.239,0.042
428.00,-42.093,23.623,-0.1410,-42.313,23.710,0.249,-0.074
428.20,-42.055,23.618,-0.1409,-42.273,23.705,0.235,-0.051
428.40,-42.020,23.613,-0.1411,-42.235,23.700,0.225,-0.051
428.60,-41.996,23.609,-0.1422,-42.210,23.695,0.202,-0.057
428.80,-41.966,23.604,-0.1423,-42.180,23.688,0.212,-0.030
429.00,-41.935,23.599,-0.1426,-42.149,23.683,0.234,-0.044
429.20,-41.911,23.595,-0.1427,-42.123,23.679,0.221,-0.035
429.40,-41.886,23.593,-0.1431,-42.098,23.676,0.203,-0.028
429.60,-41.851,23.589,-0.1432,-42.063,23.673,0.212,-0.030
429.80,-41.813,23.581,-0.1433,-42.024,23.665,0.228,-0.028
430.00,-41.780,23.576,-0.1433,-41.988,23.660,0.233,-0.026
430.20,-41.748,23.571,-0.1433,-41.953,23.655,0.230,-0.025
430.40,-41.712,23.566,-0.1433,-41.915,23.650,0.230,-0.025
430.60,-41.674,23.560,-0.1433,-41.875,23.645,0.234,-0.027
430.80,-41.636,23.555,-0.1433,-41.834,23.640,0.236,-0.028
431.00,-41.599,23.549,-0.1433,-41.794,23.635,0.235,-0.030
431.20,-41.561,23.544,-0.1433,-41.753,23.631,0.232,-0.032
431.40,-41.522,23.538,-0.1433,-41.712,23.625,0.231,-0.033
431.60,-41.484,23.532,-0.1433,-41.671,23.619,0.229,-0.033
431.80,-41.446,23.527,-0.1433,-41.631,23.614,0.225,-0.036
432.00,-41.409,23.522,-0.1434,-41.591,23.610,0.257,-0.005
432.20,-41.372,23.516,-0.1434,-41.552,23.604,0.269,-0.018
432.40,-41.337,23.511,-0.1435,-41.514,23.599,0.256,-0.016
432.60,-41.300,23.506,-0.1435,-41.475,23.595,0.247,-0.016
432.80,-41.255,23.500,-0.1435,-41.429,23.589,0.252,-0.015
433.00,-41.211,23.493,-0.1435,-41.382,23.583,0.261,-0.014
433.20,-41.170,23.487,-0.1435,-41.337,23.576,0.260,-0.014
433.40,-41.129,23.481,-0.1435,-41.293,23.570,0.256,-0.015
433.60,-41.087,23.475,-0.1435,-41.248,23.563,0.253,-0.017
433.80,-41.044,23.469,-0.1435,-41.202,23.556,0.252,-0.018
434.00,-41.003,23.462,-0.1435,-41.157,23.550,0.250,-0.018
434.20,-40.961,23.457,-0.1435,-41.113,23.543,0.246,-0.018
434.40,-40.920,23.451,-0.1435,-41.069,23.536,0.241,-0.019
434.60,-40.880,23.445,-0.1435,-41.025,23.529,0.237,-0.019
434.80,-40.840,23.439,-0.1435,-40.983,23.521,0.285,0.004
435.00,-40.802,23.434,-0.1435,-40.941,23.514,0.276,0.001
435.20,-40.763,23.428,-0.1435,-40.900,23.507,0.259,0.004
435.40,-40.717,23.420,-0.1435,-40.852,23.499,0.261,0.005
435.60,-40.671,23.414,-0.1435,-40.803,23.491,0.268,0.005
435.80,-40.630,23.407,-0.1434,-40.758,23.483,0.264,0.005
436.00,-40.587,23.401,-0.1434,-40.712,23.476,0.259,0.005
436.20,-40.543,23.395,-0.1434,-40.665,23.469,0.257,0.005
436.40,-40.499,23.390,-0.1434,-40.618,23.461,0.256,0.005
436.60,-40.457,23.384,-0.1434,-40.572,23.454,0.252,0.005
436.80,-40.414,23.378,-0.1434,-40.527,23.447,0.248,0.002
437.00,-40.372,23.373,-0.1434,-40.481,23.441,0.243,0.003
437.20,-40.330,23.367,-0.1434,-40.436,23.435,0.267,0.021
437.40,-40.288,23.361,-0.1434,-40.391,23.428,0.294,0.020
437.60,-40.248,23.355,-0.1434,-40.347,23.422,0.279,0.023
437.80,-40.204,23.349,-0.1434,-40.301,23.416,0.267,0.024
438.00,-40.154,23.342,-0.1433,-40.249,23.409,0.271,0.025
438.20,-40.105,23.335,-0.1433,-40.196,23.401,0.276,0.026
438.40,-40.058,23.328,-0.1433,-40.146,23.394,0.274,0.027
438.60,-40.012,23.322,-0.1433,-40.097,23.387,0.269,0.028
438.80,-39.965,23.315,-0.1433,-40.047,23.380,0.265,0.029
439.00,-39.917,23.309,-0.1433,-39.996,23.373,0.264,0.030
439.20,-39.871,23.302,-0.1433,-39.947,23.366,0.260,0.026
439.40,-39.825,23.296,-0.1433,-39.898,23.359,0.254,0.027
439.60,-39.780,23.290,-0.1433,-39.850,23.353,0.272,0.036
439.80,-39.734,23.285,-0.1434,-39.802,23.346,0.303,0.040
440.00,-39.688,23.282,-0.1439,-39.753,23.342,0.292,0.045
440.20,-39.647,23.273,-0.1433,-39.710,23.334,0.272,0.047
440.40,-39.599,23.269,-0.1439,-39.661,23.328,0.266,0.048
440.60,-39.553,23.265,-0.1446,-39.613,23.324,0.265,0.046
440.80,-39.516,23.260,-0.1447,-39.573,23.318,0.250,0.048
441.00,-39.481,23.254,-0.1448,-39.536,23.312,0.234,0.049
441.20,-39.444,23.249,-0.1449,-39.499,23.306,0.224,0.051
441.40,-39.411,23.244,-0.1451,-39.464,23.301,0.217,0.052
441.60,-39.381,23.240,-0.1454,-39.433,23.296,0.208,0.046
441.80,-39.355,23.236,-0.1456,-39.405,23.292,0.196,0.050
442.00,-39.331,23.232,-0.1460,-39.379,23.288,0.186,0.057
442.20,-39.306,23.228,-0.1465,-39.353,23.284,0.182,0.058
442.40,-39.284,23.225,-0.1470,-39.329,23.280,0.176,0.057
442.60,-39.266,23.222,-0.1473,-39.310,23.277,0.165,0.058
442.80,-39.251,23.220,-0.1463,-39.294,23.275,0.155,0.058
443.00,-39.234,23.220,-0.1398,-39.277,23.276,0.149,0.073
443.20,-39.220,23.220,-0.1352,-39.262,23.276,0.172,0.068
443.40,-39.204,23.223,-0.1211,-39.245,23.280,0.182,0.099
443.60,-39.191,23.230,-0.1012,-39.230,23.287,0.173,0.127
443.80,-39.174,23.236,-0.0809,-39.213,23.294,0.170,0.138
444.00,-39.162,23.248,-0.0479,-39.199,23.306,0.168,0.155
444.20,-39.165,23.259,-0.0252,-39.199,23.318,0.139,0.150
444.40,-39.181,23.266,-0.0032,-39.215,23.325,0.096,0.112
444.60,-39.198,23.275,0.0208,-39.233,23.334,0.064,0.094
444.80,-39.223,23.286,0.0516,-39.257,23.346,0.043,0.115
445.00,-39.242,23.294,0.0746,-39.278,23.355,0.043,0.114
445.20,-39.260,23.300,0.0939,-39.296,23.362,0.054,0.095
445.40,-39.283,23.308,0.1192,-39.319,23.370,0.053,0.093
445.60,-39.310,23.315,0.1475,-39.346,23.379,-0.000,0.095
445.80,-39.332,23.321,0.1705,-39.369,23.386,0.017,0.103
446.00,-39.349,23.325,0.1887,-39.387,23.390,0.036,0.089
446.20,-39.372,23.329,0.2103,-39.409,23.395,0.042,0.076
446.40,-39.400,23.334,0.2379,-39.438,23.401,0.031,0.082
446.60,-39.424,23.338,0.2606,-39.463,23.406,0.026,0.081
446.80,-39.441,23.341,0.2766,-39.481,23.410,0.038,0.063
447.00,-39.457,23.343,0.2923,-39.498,23.413,0.051,0.044
447.20,-39.475,23.345,0.3099,-39.517,23.417,0.051,0.042
447.40,-39.488,23.345,0.3210,-39.531,23.419,0.054,0.041
447.60,-39.494,23.345,0.3252,-39.538,23.421,0.070,0.031
447.80,-39.495,23.345,0.3269,-39.539,23.422,0.089,0.005
448.00,-39.496,23.346,0.3284,-39.540,23.424,0.100,-0.017
448.20,-39.491,23.348,0.3308,-39.535,23.428,0.112,-0.018
448.40,-39.481,23.351,0.3312,-39.524,23.431,0.127,-0.030
448.60,-39.468,23.355,0.3315,-39.510,23.434,0.139,-0.042
448.80,-39.453,23.359,0.3317,-39.493,23.439,0.148,-0.047
449.00,-39.434,23.366,0.3317,-39.474,23.445,0.155,-0.049
449.20,-39.414,23.374,0.3315,-39.453,23.453,0.162,-0.052
449.40,-39.396,23.381,0.3318,-39.434,23.460,0.162,-0.047
449.60,-39.379,23.387,0.3329,-39.416,23.466,0.155,-0.045
449.80,-39.360,23.393,0.3339,-39.397,23.471,0.151,-0.047
450.00,-39.340,23.400,0.3344,-39.377,23.478,0.153,-0.052
450.20,-39.319,23.407,0.3348,-39.356,23.485,0.154,-0.056
450.40,-39.301,23.413,0.3353,-39.336,23.491,0.151,-0.057
450.60,-39.284,23.419,0.3365,-39.319,23.497,0.145,-0.056
450.80,-39.268,23.424,0.3380,-39.303,23.501,0.157,-0.030
451.00,-39.253,23.428,0.3395,-39.289,23.505,0.171,-0.050
451.20,-39.239,23.433,0.3410,-39.275,23.509,0.168,-0.053
451.40,-39.220,23.438,0.3420,-39.256,23.514,0.170,-0.049
451.60,-39.198,23.446,0.3430,-39.233,23.521,0.182,-0.050
451.80,-39.179,23.454,0.3437,-39.213,23.528,0.183,-0.048
452.00,-39.158,23.461,0.3445,-39.192,23.535,0.181,-0.046
452.20,-39.136,23.469,0.3454,-39.170,23.542,0.181,-0.046
452.40,-39.113,23.477,0.3462,-39.147,23.549,0.183,-0.048
452.60,-39.090,23.486,0.3468,-39.123,23.558,0.185,-0.051
452.80,-39.065,23.495,0.3473,-39.098,23.566,0.187,-0.055
453.00,-39.042,23.503,0.3481,-39.073,23.574,0.185,-0.055
453.20,-39.019,23.511,0.3491,-39.050,23.581,0.183,-0.055
453.40,-38.998,23.518,0.3505,-39.028,23.588,0.176,-0.054
453.60,-38.977,23.525,0.3518,-39.007,23.595,0.171,-0.053
453.80,-38.957,23.532,0.3533,-38.987,23.602,0.165,-0.053
454.00,-38.938,23.539,0.3548,-38.967,23.608,0.162,-0.054
454.20,-38.919,23.545,0.3562,-38.949,23.614,0.158,-0.055
454.40,-38.902,23.551,0.3576,-38.931,23.620,0.153,-0.055
454.60,-38.886,23.556,0.3591,-38.915,23.625,0.148,-0.059
454.80,-38.870,23.562,0.3608,-38.899,23.630,0.143,-0.061
455.00,-38.856,23.566,0.3625,-38.884,23.635,0.137,-0.057
455.20,-38.843,23.571,0.3618,-38.871,23.639,0.132,-0.059
455.40,-38.830,23.580,0.3502,-38.858,23.650,0.131,-0.112
455.60,-38.816,23.591,0.3385,-38.845,23.663,0.136,-0.142
455.80,-38.805,23.602,0.3212,-38.834,23.676,0.136,-0.155
456.00,-38.811,23.609,0.2999,-38.837,23.686,0.112,-0.168
456.20,-38.831,23.611,0.2782,-38.856,23.689,0.058,-0.146
456.40,-38.856,23.615,0.2509,-38.882,23.693,0.026,-0.144
456.60,-38.888,23.621,0.2173,-38.915,23.699,0.007,-0.169
456.80,-38.921,23.628,0.1838,-38.949,23.707,-0.001,-0.179
457.00,-38.958,23.636,0.1477,-38.987,23.717,-0.007,-0.182
457.20,-39.003,23.649,0.1015,-39.032,23.730,-0.025,-0.203
457.40,-39.054,23.666,0.0498,-39.083,23.747,-0.048,-0.230
457.60,-39.104,23.681,0.0073,-39.135,23.763,-0.058,-0.209
457.80,-39.164,23.706,-0.0535,-39.195,23.789,-0.084,-0.188
458.00,-39.235,23.739,-0.1211,-39.265,23.821,-0.125,-0.226
458.20,-39.301,23.775,-0.1841,-39.334,23.858,-0.145,-0.242
458.40,-39.362,23.813,-0.2456,-39.396,23.897,-0.124,-0.224
458.60,-39.437,23.867,-0.3227,-39.470,23.950,-0.188,-0.259
458.80,-39.515,23.931,-0.4043,-39.550,24.015,-0.199,-0.279
459.00,-39.582,23.996,-0.4792,-39.619,24.081,-0.193,-0.281
459.20,-39.651,24.077,-0.5681,-39.690,24.161,-0.197,-0.295
459.40,-39.721,24.169,-0.6592,-39.761,24.252,-0.215,-0.327
459.60,-39.785,24.274,-0.7534,-39.827,24.357,-0.232,-0.339
459.80,-39.839,24.384,-0.8482,-39.884,24.468,-0.236,-0.344
460.00,-39.891,24.494,-0.9252,-39.938,24.576,-0.233,-0.272
460.20,-39.936,24.615,-1.0140,-39.985,24.695,-0.246,-0.269
460.40,-39.969,24.726,-1.0914,-40.022,24.805,-0.238,-0.259
460.60,-39.988,24.838,-1.1710,-40.043,24.919,-0.229,-0.281
460.80,-39.997,24.941,-1.2436,-40.054,25.023,-0.215,-0.254
461.00,-39.998,25.031,-1.3094,-40.056,25.116,-0.216,-0.175
461.20,-39.994,25.115,-1.3749,-40.050,25.202,-0.196,-0.196
461.40,-40.032,25.183,-1.4517,-40.082,25.270,-0.166,-0.215
461.60,-40.071,25.263,-1.5285,-40.122,25.348,-0.179,-0.236
461.80,-40.092,25.354,-1.5889,-40.148,25.439,-0.204,-0.213
462.00,-40.121,25.442,-1.6782,-40.178,25.528,-0.206,-0.244
462.20,-40.144,25.531,-1.7565,-40.202,25.618,-0.201,-0.229
462.40,-40.161,25.627,-1.8551,-40.224,25.715,-0.189,-0.260
462.60,-40.166,25.732,-1.9649,-40.234,25.820,-0.233,-0.345
462.80,-40.163,25.833,-2.0734,-40.234,25.925,-0.241,-0.374
463.00,-40.148,25.941,-2.1917,-40.223,26.034,-0.244,-0.406
463.20,-40.117,26.057,-2.3233,-40.197,26.152,-0.249,-0.451
463.40,-40.069,26.181,-2.4719,-40.154,26.276,-0.254,-0.497
463.60,-39.993,26.298,-2.6268,-40.081,26.397,-0.252,-0.582
463.80,-39.919,26.391,-2.7660,-40.008,26.494,-0.252,-0.539
464.00,-39.856,26.481,-2.9063,-39.941,26.586,-0.252,-0.506
464.20,-39.828,26.566,-3.0905,-39.906,26.671,-0.241,-0.613
464.40,-39.795,26.581,3.1076,-39.866,26.696,-0.199,-0.611
464.60,-39.788,26.561,3.0568,-39.850,26.683,-0.158,-0.254
464.80,-39.816,26.538,2.8726,-39.873,26.655,-0.068,-0.368
465.00,-39.864,26.569,2.7084,-39.920,26.679,0.062,-0.758
465.20,-39.914,26.613,2.6461,-39.973,26.723,0.170,-0.461
465.40,-39.956,26.669,2.5769,-40.017,26.776,0.186,-0.265
465.60,-40.006,26.749,2.4742,-40.066,26.852,0.215,-0.295
465.80,-40.052,26.850,2.3647,-40.115,26.948,0.280,-0.388
466.00,-40.096,26.959,2.2646,-40.161,27.059,0.345,-0.425
466.20,-40.162,27.019,2.1772,-40.221,27.125,0.328,-0.369
466.40,-40.256,27.088,2.0637,-40.310,27.190,0.322,-0.398
466.60,-40.355,27.186,1.9268,-40.408,27.280,0.402,-0.467
466.80,-40.459,27.305,1.7727,-40.515,27.394,0.498,-0.574
467.00,-40.545,27.448,1.5965,-40.608,27.533,0.563,-0.678
467.20,-40.596,27.629,1.4220,-40.671,27.711,0.649,-0.818
467.40,-40.613,27.829,1.2263,-40.692,27.910,0.771,-0.772
467.60,-40.613,28.038,0.9784,-40.702,28.116,0.805,-0.978
467.80,-40.560,28.234,0.7582,-40.656,28.317,0.836,-1.003
468.00,-40.506,28.399,0.6023,-40.599,28.484,0.748,-0.878
468.20,-40.442,28.551,0.3577,-40.538,28.642,0.663,-0.931
468.40,-40.361,28.646,0.0015,-40.455,28.746,0.595,-1.010
468.60,-40.290,28.721,-0.3608,-40.380,28.817,0.539,-1.024
468.80,-40.225,28.770,-0.5987,-40.309,28.865,0.359,-0.963
469.00,-40.127,28.811,-0.8478,-40.218,28.907,0.294,-0.913
469.20,-40.076,28.799,-0.9107,-40.162,28.892,0.278,-0.482
469.40,-40.018,28.775,-1.0084,-40.101,28.871,0.281,-0.354
469.60,-39.978,28.749,-1.0690,-40.058,28.844,0.272,-0.239
469.80,-39.958,28.728,-1.1125,-40.033,28.821,0.229,-0.143
470.00,-39.960,28.708,-1.1994,-40.029,28.802,0.177,-0.159
470.20,-39.984,28.684,-1.2928,-40.051,28.777,0.140,-0.320
470.40,-40.001,28.662,-1.3441,-40.072,28.755,0.112,-0.231
470.60,-40.016,28.643,-1.4022,-40.087,28.736,0.095,-0.164
470.80,-40.046,28.635,-1.4941,-40.115,28.725,0.076,-0.246
471.00,-40.066,28.655,-1.5335,-40.138,28.741,0.033,-0.190
471.20,-40.075,28.686,-1.5681,-40.149,28.772,-0.010,-0.065
471.40,-40.093,28.723,-1.6144,-40.166,28.809,-0.033,-0.053
471.60,-40.112,28.767,-1.6631,-40.188,28.854,-0.071,-0.100
471.80,-40.115,28.788,-1.6792,-40.195,28.880,-0.048,-0.058
472.00,-40.114,28.800,-1.6849,-40.197,28.894,-0.007,0.028
472.20,-40.121,28.826,-1.7066,-40.204,28.919,-0.003,0.028
472.40,-40.123,28.846,-1.7181,-40.210,28.942,-0.010,0.015
472.60,-40.121,28.851,-1.7181,-40.208,28.949,0.008,0.076
472.80,-40.120,28.854,-1.7182,-40.207,28.952,0.025,0.115
473.00,-40.120,28.856,-1.7181,-40.207,28.954,0.034,0.125
473.20,-40.123,28.862,-1.7110,-40.211,28.960,0.037,0.146
473.40,-40.128,28.882,-1.6925,-40.218,28.979,0.014,0.224
473.60,-40.135,28.905,-1.6693,-40.227,29.003,-0.005,0.255
473.80,-40.144,28.933,-1.6394,-40.237,29.032,-0.016,0.269
474.00,-40.158,28.970,-1.5964,-40.251,29.069,-0.027,0.300
474.20,-40.178,29.016,-1.5440,-40.271,29.113,-0.075,0.360
474.40,-40.204,29.068,-1.4821,-40.297,29.165,-0.102,0.371
474.60,-40.240,29.127,-1.4096,-40.332,29.224,-0.133,0.379
474.80,-40.286,29.191,-1.3246,-40.376,29.288,-0.159,0.408
475.00,-40.343,29.262,-1.2281,-40.433,29.359,-0.185,0.436
475.20,-40.365,29.317,-1.1354,-40.461,29.416,-0.169,0.514
475.40,-40.366,29.354,-1.0911,-40.464,29.456,-0.074,0.399
475.60,-40.368,29.391,-1.0475,-40.467,29.493,-0.021,0.343
475.80,-40.374,29.430,-1.0000,-40.472,29.532,-0.023,0.271
476.00,-40.382,29.471,-0.9531,-40.480,29.572,-0.015,0.284
476.20,-40.391,29.511,-0.9077,-40.489,29.613,-0.013,0.277
476.40,-40.400,29.547,-0.8663,-40.497,29.650,-0.005,0.241
476.60,-40.413,29.585,-0.8233,-40.508,29.688,-0.025,0.312
476.80,-40.423,29.613,-0.7890,-40.519,29.719,-0.019,0.270
477.00,-40.432,29.637,-0.7581,-40.529,29.744,0.005,0.190
477.20,-40.453,29.651,-0.7202,-40.547,29.763,0.014,0.194
477.40,-40.480,29.659,-0.6859,-40.575,29.772,0.016,0.171
477.60,-40.503,29.665,-0.6597,-40.599,29.779,0.020,0.162
477.80,-40.522,29.669,-0.6348,-40.620,29.784,0.032,0.139
478.00,-40.521,29.665,-0.5843,-40.624,29.781,0.066,0.200
478.20,-40.497,29.660,-0.5567,-40.603,29.776,0.122,0.247
478.40,-40.468,29.655,-0.5300,-40.573,29.772,0.164,0.201
478.60,-40.435,29.650,-0.4985,-40.540,29.768,0.182,0.191
478.80,-40.403,29.647,-0.4661,-40.507,29.766,0.193,0.184
479.00,-40.374,29.643,-0.4394,-40.477,29.762,0.193,0.156
479.20,-40.349,29.639,-0.4185,-40.452,29.759,0.182,0.121
479.40,-40.328,29.636,-0.4007,-40.430,29.756,0.184,0.113
479.60,-40.318,29.632,-0.3909,-40.419,29.754,0.180,0.110
479.80,-40.301,29.620,-0.3663,-40.404,29.743,0.173,0.157
480.00,-40.285,29.612,-0.3516,-40.389,29.736,0.174,0.170
480.20,-40.273,29.609,-0.3477,-40.378,29.733,0.164,0.137
480.40,-40.268,29.599,-0.3075,-40.373,29.725,0.147,0.149
480.60,-40.250,29.582,-0.2558,-40.358,29.709,0.163,0.243
480.80,-40.231,29.578,-0.2366,-40.339,29.703,0.178,0.209
481.00,-40.224,29.570,-0.1989,-40.331,29.697,0.166,0.158
481.20,-40.222,29.549,-0.1076,-40.328,29.678,0.149,0.321
481.40,-40.211,29.528,-0.0470,-40.320,29.655,0.149,0.329
481.60,-40.196,29.512,0.0028,-40.305,29.637,0.159,0.266
481.80,-40.182,29.511,0.0883,-40.291,29.633,0.164,0.210
482.00,-40.168,29.519,0.2265,-40.277,29.640,0.161,0.472
482.20,-40.155,29.512,0.3349,-40.264,29.635,0.149,0.486
482.40,-40.141,29.493,0.4081,-40.252,29.618,0.122,0.368
482.60,-40.120,29.455,0.5227,-40.231,29.581,0.107,0.350
482.80,-40.123,29.409,0.6120,-40.226,29.536,0.065,0.327
483.00,-40.155,29.355,0.6788,-40.254,29.484,-0.073,0.205
483.20,-40.183,29.297,0.7450,-40.282,29.426,-0.146,0.183
483.40,-40.206,29.242,0.8052,-40.307,29.369,-0.158,0.184
483.60,-40.222,29.203,0.8438,-40.323,29.326,-0.125,0.129
483.80,-40.234,29.174,0.8714,-40.335,29.295,-0.080,0.059
484.00,-40.244,29.150,0.8929,-40.344,29.269,-0.047,0.038
484.20,-40.254,29.133,0.9043,-40.352,29.250,-0.029,0.029
484.40,-40.260,29.124,0.9062,-40.358,29.240,-0.003,-0.029
484.60,-40.267,29.116,0.9063,-40.365,29.231,0.013,-0.094
484.80,-40.271,29.111,0.9063,-40.369,29.225,0.022,-0.123
485.00,-40.271,29.111,0.9056,-40.370,29.224,0.034,-0.131
485.20,-40.265,29.123,0.8957,-40.367,29.235,0.068,-0.167
485.40,-40.257,29.148,0.8712,-40.361,29.259,0.112,-0.219
485.60,-40.245,29.182,0.8376,-40.350,29.294,0.142,-0.249
485.80,-40.228,29.223,0.7951,-40.335,29.335,0.178,-0.272
486.00,-40.207,29.272,0.7409,-40.315,29.385,0.215,-0.300
486.20,-40.182,29.318,0.6865,-40.291,29.433,0.242,-0.312
486.40,-40.158,29.364,0.6325,-40.267,29.480,0.238,-0.351
486.60,-40.125,29.414,0.5714,-40.237,29.529,0.236,-0.363
486.80,-40.080,29.471,0.4982,-40.196,29.586,0.255,-0.389
487.00,-40.022,29.536,0.4089,-40.141,29.650,0.296,-0.437
487.20,-39.961,29.589,0.2914,-40.079,29.708,0.336,-0.507
487.40,-39.918,29.604,0.2178,-40.031,29.730,0.306,-0.502
487.60,-39.899,29.600,0.1857,-40.006,29.728,0.245,-0.240
487.80,-39.897,29.620,0.0017,-40.003,29.743,0.159,-0.434
488.00,-39.884,29.664,-0.2109,-39.994,29.782,0.142,-0.792
488.20,-39.875,29.701,-0.2988,-39.985,29.824,0.133,-0.648
488.40,-39.890,29.721,-0.3441,-39.995,29.847,0.088,-0.326
488.60,-39.913,29.743,-0.3915,-40.017,29.868,0.031,-0.176
488.80,-39.934,29.764,-0.4348,-40.038,29.890,0.012,-0.148
489.00,-39.954,29.788,-0.4728,-40.059,29.914,0.010,-0.158
489.20,-39.973,29.812,-0.5054,-40.078,29.939,0.010,-0.136
489.40,-39.991,29.836,-0.5352,-40.097,29.966,0.012,-0.105
489.60,-40.009,29.862,-0.5654,-40.116,29.993,0.012,-0.098
489.80,-40.021,29.867,-0.5844,-40.130,30.003,0.032,-0.084
490.00,-40.031,29.869,-0.5948,-40.140,30.005,0.066,-0.030
490.20,-40.040,29.872,-0.6026,-40.151,30.007,0.078,-0.015
490.40,-40.047,29.875,-0.6096,-40.159,30.009,0.084,-0.006
490.60,-40.042,29.870,-0.6125,-40.158,30.005,0.099,0.011
490.80,-40.029,29.861,-0.6124,-40.146,29.997,0.133,0.047
491.00,-40.015,29.851,-0.6124,-40.133,29.987,0.154,0.060
491.20,-39.999,29.840,-0.6124,-40.117,29.976,0.165,0.062
491.40,-39.979,29.826,-0.6123,-40.098,29.963,0.175,0.060
491.60,-39.957,29.811,-0.6120,-40.078,29.949,0.182,0.063
491.80,-39.937,29.797,-0.6119,-40.058,29.935,0.183,0.066
492.00,-39.919,29.784,-0.6118,-40.041,29.924,0.175,0.064
492.20,-39.900,29.772,-0.6118,-40.023,29.913,0.170,0.065
492.40,-39.884,29.761,-0.6118,-40.007,29.903,0.166,0.067
492.60,-39.868,29.750,-0.6119,-39.991,29.893,0.161,0.069
492.80,-39.853,29.741,-0.6120,-39.978,29.884,0.155,0.069
493.00,-39.840,29.732,-0.6122,-39.965,29.876,0.149,0.068
493.20,-39.827,29.723,-0.6122,-39.953,29.868,0.144,0.068
493.40,-39.814,29.714,-0.6118,-39.941,29.861,0.143,0.068
493.60,-39.801,29.705,-0.6109,-39.929,29.853,0.142,0.070
493.80,-39.790,29.698,-0.6121,-39.918,29.847,0.140,0.068
494.00,-39.780,29.691,-0.6128,-39.910,29.841,0.132,0.062
494.20,-39.771,29.684,-0.6121,-39.901,29.835,0.129,0.064
494.40,-39.757,29.678,-0.6041,-39.888,29.831,0.132,0.093
494.60,-39.743,29.670,-0.6019,-39.874,29.825,0.138,0.103
494.80,-39.733,29.663,-0.6025,-39.864,29.819,0.137,0.081
495.00,-39.719,29.665,-0.5763,-39.850,29.821,0.130,0.123
495.20,-39.703,29.669,-0.5460,-39.835,29.827,0.152,0.198
495.40,-39.686,29.670,-0.5213,-39.818,29.830,0.161,0.206
495.60,-39.670,29.680,-0.4760,-39.802,29.838,0.158,0.223
495.80,-39.668,29.699,-0.4294,-39.794,29.858,0.131,0.237
496.00,-39.689,29.723,-0.3958,-39.813,29.883,0.055,0.194
496.20,-39.715,29.749,-0.3556,-39.839,29.911,0.017,0.180
496.40,-39.749,29.779,-0.3069,-39.872,29.944,-0.020,0.193
496.60,-39.783,29.807,-0.2615,-39.908,29.974,-0.030,0.199
496.80,-39.817,29.833,-0.2191,-39.944,30.003,-0.026,0.190
497.00,-39.851,29.858,-0.1769,-39.979,30.030,-0.017,0.177
497.20,-39.889,29.880,-0.1321,-40.017,30.055,-0.048,0.154
497.40,-39.926,29.898,-0.0893,-40.055,30.075,-0.039,0.161
497.60,-39.956,29.913,-0.0543,-40.087,30.092,-0.012,0.136
497.80,-39.983,29.925,-0.0254,-40.115,30.106,0.002,0.116
498.00,-40.004,29.935,-0.0021,-40.137,30.117,0.022,0.101
498.20,-40.028,29.944,0.0220,-40.161,30.129,0.029,0.109
498.40,-40.049,29.951,0.0425,-40.183,30.139,0.031,0.091
498.60,-40.067,29.956,0.0586,-40.202,30.148,0.037,0.077
498.80,-40.084,29.963,0.0737,-40.219,30.158,0.045,0.068
499.00,-40.099,29.966,0.0870,-40.236,30.165,0.047,0.063
499.20,-40.107,29.968,0.0933,-40.246,30.171,0.062,0.038
499.40,-40.108,29.970,0.1008,-40.249,30.175,0.081,0.011
499.60,-40.105,29.974,0.1098,-40.247,30.181,0.097,0.008
499.80,-40.096,29.977,0.1121,-40.240,30.186,0.120,0.072
500.00,-40.081,29.979,0.1121,-40.226,30.188,0.143,0.017
500.20,-40.064,29.981,0.1122,-40.209,30.190,0.157,-0.002
500.40,-40.051,29.982,0.1138,-40.197,30.191,0.159,0.006
500.60,-40.026,29.985,0.1138,-40.174,30.193,0.170,0.006
500.80,-39.995,29.988,0.1137,-40.144,30.196,0.186,-0.003
501.00,-39.963,29.992,0.1137,-40.112,30.200,0.203,-0.009
501.20,-39.931,29.996,0.1138,-40.079,30.204,0.207,-0.011
501.40,-39.894,30.000,0.1138,-40.044,30.208,0.211,-0.011
501.60,-39.854,30.004,0.1138,-40.004,30.212,0.220,-0.011
501.80,-39.811,30.009,0.1138,-39.962,30.217,0.228,-0.012
502.00,-39.768,30.014,0.1138,-39.919,30.222,0.232,-0.013
502.20,-39.722,30.019,0.1138,-39.874,30.227,0.234,-0.013
502.40,-39.676,30.024,0.1138,-39.828,30.232,0.253,-0.013
502.60,-39.630,30.031,0.1138,-39.782,30.238,0.283,-0.034
502.80,-39.583,30.037,0.1138,-39.735,30.244,0.282,-0.025
503.00,-39.535,30.042,0.1138,-39.687,30.250,0.273,-0.019
503.20,-39.480,30.049,0.1138,-39.633,30.256,0.280,-0.019
503.40,-39.423,30.057,0.1138,-39.576,30.264,0.290,-0.020
503.60,-39.367,30.065,0.1138,-39.520,30.272,0.292,-0.022
503.80,-39.310,30.072,0.1138,-39.464,30.279,0.289,-0.023
504.00,-39.252,30.079,0.1139,-39.406,30.286,0.287,-0.024
504.20,-39.192,30.087,0.1139,-39.346,30.294,0.286,-0.026
504.40,-39.134,30.094,0.1140,-39.288,30.301,0.282,-0.028
504.60,-39.075,30.102,0.1141,-39.229,30.308,0.309,-0.028
504.80,-39.018,30.109,0.1141,-39.172,30.316,0.327,-0.039
505.00,-38.962,30.116,0.1142,-39.115,30.323,0.315,-0.033
505.20,-38.901,30.123,0.1144,-39.056,30.330,0.307,-0.031
505.40,-38.836,30.131,0.1145,-38.991,30.337,0.314,-0.032
505.60,-38.774,30.138,0.1146,-38.928,30.345,0.314,-0.033
505.80,-38.712,30.145,0.1148,-38.867,30.352,0.308,-0.035
506.00,-38.650,30.153,0.1150,-38.805,30.359,0.300,-0.037
506.20,-38.587,30.160,0.1152,-38.742,30.367,0.294,-0.040
506.40,-38.525,30.168,0.1153,-38.680,30.374,0.287,-0.042
506.60,-38.466,30.176,0.1154,-38.620,30.383,0.327,-0.042
506.80,-38.408,30.183,0.1157,-38.562,30.390,0.330,-0.048
507.00,-38.351,30.190,0.1161,-38.505,30.397,0.312,-0.046
507.20,-38.289,30.197,0.1164,-38.444,30.405,0.307,-0.045
507.40,-38.224,30.205,0.1166,-38.380,30.413,0.310,-0.048
507.60,-38.163,30.212,0.1169,-38.318,30.420,0.307,-0.049
507.80,-38.103,30.219,0.1171,-38.258,30.427,0.297,-0.050
508.00,-38.044,30.227,0.1173,-38.198,30.435,0.286,-0.056
508.20,-37.986,30.234,0.1173,-38.141,30.443,0.276,-0.059
508.40,-37.931,30.241,0.1173,-38.086,30.450,0.264,-0.063
508.60,-37.881,30.248,0.1172,-38.036,30.458,0.294,-0.058
508.80,-37.835,30.255,0.1171,-37.991,30.464,0.288,-0.066
509.00,-37.792,30.259,0.1173,-37.949,30.469,0.258,-0.059
509.20,-37.743,30.266,0.1172,-37.902,30.475,0.254,-0.059
509.40,-37.699,30.272,0.1173,-37.858,30.482,0.249,-0.059
509.60,-37.656,30.277,0.1174,-37.817,30.487,0.239,-0.060
509.80,-37.616,30.281,0.1175,-37.777,30.492,0.229,-0.059
510.00,-37.578,30.286,0.1176,-37.739,30.497,0.222,-0.059
510.20,-37.541,30.291,0.1177,-37.703,30.502,0.213,-0.059
510.40,-37.506,30.295,0.1178,-37.669,30.506,0.205,-0.061
510.60,-37.473,30.299,0.1178,-37.636,30.511,0.198,-0.062
510.80,-37.441,30.303,0.1179,-37.605,30.515,0.190,-0.063
511.00,-37.408,30.310,0.1175,-37.573,30.521,0.185,-0.058
511.20,-37.377,30.314,0.1175,-37.543,30.525,0.181,-0.060
511.40,-37.350,30.317,0.1177,-37.517,30.528,0.172,-0.061
511.60,-37.324,30.321,0.1178,-37.491,30.531,0.192,-0.041
511.80,-37.299,30.325,0.1180,-37.467,30.535,0.203,-0.063
512.00,-37.275,30.328,0.1182,-37.444,30.538,0.197,-0.061
512.20,-37.247,30.330,0.1187,-37.418,30.540,0.191,-0.055
512.40,-37.214,30.336,0.1187,-37.386,30.544,0.202,-0.054
512.60,-37.187,30.339,0.1192,-37.359,30.548,0.201,-0.055
512.80,-37.159,30.343,0.1196,-37.333,30.551,0.195,-0.057
513.00,-37.129,30.347,0.1199,-37.304,30.555,0.195,-0.058
513.20,-37.098,30.351,0.1202,-37.274,30.559,0.198,-0.059
513.40,-37.068,30.355,0.1206,-37.244,30.563,0.197,-0.060
513.60,-37.040,30.358,0.1209,-37.217,30.566,0.192,-0.060
513.80,-37.013,30.362,0.1213,-37.190,30.569,0.186,-0.060
514.00,-36.986,30.365,0.1217,-37.164,30.572,0.182,-0.060
514.20,-36.961,30.368,0.1222,-37.140,30.575,0.176,-0.060
514.40,-36.937,30.371,0.1227,-37.116,30.578,0.170,-0.061
514.60,-36.911,30.376,0.1226,-37.092,30.582,0.168,-0.059
514.80,-36.887,30.379,0.1230,-37.068,30.586,0.167,-0.062
515.00,-36.863,30.382,0.1233,-37.045,30.589,0.162,-0.067
515.20,-36.840,30.385,0.1236,-37.023,30.592,0.159,-0.071
515.40,-36.817,30.388,0.1240,-37.001,30.594,0.156,-0.072
515.60,-36.798,30.391,0.1245,-36.983,30.596,0.148,-0.067
515.80,-36.781,30.393,0.1254,-36.967,30.598,0.139,-0.064
516.00,-36.767,30.395,0.1261,-36.954,30.599,0.131,-0.068
516.20,-36.753,30.397,0.1266,-36.941,30.601,0.124,-0.073
516.40,-36.739,30.398,0.1276,-36.928,30.603,0.121,-0.067
516.60,-36.728,30.400,0.1288,-36.918,30.604,0.115,-0.066
516.80,-36.715,30.406,0.1164,-36.907,30.611,0.140,-0.075
517.00,-36.700,30.414,0.0999,-36.893,30.622,0.163,-0.147
517.20,-36.686,30.422,0.0845,-36.879,30.632,0.163,-0.150
517.40,-36.671,30.434,0.0539,-36.865,30.646,0.162,-0.152
517.60,-36.666,30.453,0.0038,-36.858,30.667,0.149,-0.227
517.80,-36.669,30.467,-0.0310,-36.860,30.684,0.126,-0.229
518.00,-36.685,30.475,-0.0522,-36.876,30.695,0.088,-0.168
518.20,-36.718,30.494,-0.0945,-36.908,30.714,0.034,-0.168
518.40,-36.756,30.517,-0.1423,-36.947,30.739,-0.052,-0.236
518.60,-36.784,30.536,-0.1775,-36.978,30.760,-0.036,-0.217
518.80,-36.817,30.559,-0.2209,-37.011,30.784,-0.012,-0.196
519.00,-36.867,30.597,-0.2849,-37.061,30.822,-0.052,-0.245
519.20,-36.921,30.632,-0.3488,-37.114,30.858,-0.105,-0.195
519.40,-36.969,30.673,-0.4039,-37.164,30.900,-0.116,-0.209
519.60,-37.016,30.720,-0.4626,-37.212,30.949,-0.110,-0.205
519.80,-37.063,30.775,-0.5254,-37.259,31.004,-0.113,-0.203
520.00,-37.110,30.835,-0.5896,-37.308,31.065,-0.133,-0.212
520.20,-37.152,30.898,-0.6554,-37.352,31.131,-0.139,-0.215
520.40,-37.184,30.962,-0.7208,-37.386,31.197,-0.125,-0.221
520.60,-37.214,31.026,-0.7877,-37.416,31.262,-0.114,-0.225
520.80,-37.243,31.096,-0.8546,-37.445,31.332,-0.116,-0.218
521.00,-37.267,31.168,-0.9199,-37.470,31.406,-0.127,-0.213
521.20,-37.288,31.234,-0.9766,-37.491,31.474,-0.119,-0.175
521.40,-37.303,31.304,-1.0394,-37.507,31.544,-0.112,-0.176
521.60,-37.314,31.359,-1.0867,-37.520,31.601,-0.113,-0.122
521.80,-37.319,31.405,-1.1291,-37.524,31.649,-0.095,-0.125
522.00,-37.322,31.451,-1.1697,-37.527,31.696,-0.061,-0.107
522.20,-37.333,31.473,-1.1977,-37.535,31.723,-0.027,-0.089
522.40,-37.347,31.491,-1.2160,-37.550,31.740,0.012,-0.005
522.60,-37.362,31.511,-1.2369,-37.567,31.759,0.019,0.012
522.80,-37.376,31.530,-1.2576,-37.584,31.779,0.016,0.001
523.00,-37.376,31.531,-1.2584,-37.588,31.783,0.038,0.037
523.20,-37.376,31.529,-1.2584,-37.587,31.781,0.073,0.087
523.40,-37.375,31.526,-1.2584,-37.587,31.778,0.089,0.104
523.60,-37.374,31.521,-1.2580,-37.585,31.773,0.095,0.105
523.80,-37.375,31.512,-1.2394,-37.588,31.765,0.100,0.140
524.00,-37.379,31.502,-1.2096,-37.591,31.755,0.109,0.254
524.20,-37.388,31.492,-1.1813,-37.602,31.744,0.105,0.265
524.40,-37.395,31.480,-1.1456,-37.612,31.732,0.102,0.278
524.60,-37.397,31.473,-1.0919,-37.615,31.724,0.106,0.267
524.80,-37.387,31.469,-0.9750,-37.607,31.719,0.119,0.431
525.00,-37.373,31.452,-0.9042,-37.595,31.704,0.138,0.471
525.20,-37.366,31.428,-0.8760,-37.588,31.682,0.154,0.323
525.40,-37.355,31.400,-0.8367,-37.576,31.654,0.166,0.230
525.60,-37.345,31.369,-0.7956,-37.566,31.623,0.179,0.252
525.80,-37.332,31.337,-0.7566,-37.554,31.592,0.186,0.228
526.00,-37.318,31.308,-0.7227,-37.540,31.562,0.187,0.199
526.20,-37.303,31.281,-0.6895,-37.526,31.534,0.183,0.181
526.40,-37.288,31.255,-0.6589,-37.511,31.507,0.179,0.172
526.60,-37.272,31.232,-0.6314,-37.496,31.483,0.187,0.158
526.80,-37.257,31.211,-0.6073,-37.482,31.461,0.210,0.165
527.00,-37.242,31.192,-0.5856,-37.467,31.441,0.199,0.160
527.20,-37.227,31.175,-0.5660,-37.453,31.424,0.183,0.156
527.40,-37.214,31.161,-0.5508,-37.440,31.409,0.173,0.163
527.60,-37.199,31.149,-0.5352,-37.428,31.395,0.164,0.140
527.80,-37.187,31.140,-0.5210,-37.415,31.386,0.156,0.127
528.00,-37.163,31.146,-0.4657,-37.392,31.389,0.163,0.226
528.20,-37.146,31.159,-0.4164,-37.374,31.402,0.160,0.291
528.40,-37.135,31.171,-0.3762,-37.361,31.417,0.143,0.267
528.60,-37.138,31.188,-0.3438,-37.362,31.434,0.114,0.215
528.80,-37.160,31.214,-0.3050,-37.381,31.460,0.057,0.157
529.00,-37.196,31.245,-0.2544,-37.415,31.491,-0.006,0.187
529.20,-37.231,31.272,-0.2093,-37.452,31.522,-0.038,0.215
529.40,-37.258,31.291,-0.1756,-37.481,31.544,-0.013,0.184
529.60,-37.292,31.312,-0.1351,-37.514,31.566,-0.001,0.165
529.80,-37.337,31.325,-0.1060,-37.559,31.579,-0.061,0.104
530.00,-37.382,31.343,-0.0556,-37.605,31.599,-0.058,0.166
530.20,-37.419,31.361,-0.0127,-37.645,31.619,-0.041,0.175
530.40,-37.451,31.373,0.0193,-37.679,31.634,-0.017,0.143
530.60,-37.490,31.388,0.0625,-37.718,31.651,-0.016,0.137
530.80,-37.534,31.404,0.1115,-37.762,31.668,-0.030,0.152
531.00,-37.575,31.415,0.1533,-37.806,31.682,-0.043,0.157
531.20,-37.608,31.422,0.1868,-37.843,31.691,-0.024,0.123
531.40,-37.646,31.430,0.2255,-37.882,31.701,-0.018,0.113
531.60,-37.691,31.437,0.2707,-37.928,31.710,-0.035,0.126
531.80,-37.728,31.441,0.3067,-37.969,31.716,-0.039,0.122
532.00,-37.756,31.443,0.3341,-38.000,31.719,-0.014,0.086
532.20,-37.790,31.444,0.3659,-38.035,31.723,-0.005,0.073
532.40,-37.823,31.442,0.3904,-38.072,31.723,-0.016,0.077
532.60,-37.848,31.434,0.3849,-38.100,31.716,0.000,-0.035
532.80,-37.864,31.429,0.3816,-38.119,31.711,0.022,-0.084
533.00,-37.878,31.424,0.3791,-38.137,31.706,0.004,-0.094
533.20,-37.879,31.424,0.3781,-38.140,31.705,0.037,-0.080
533.40,-37.877,31.423,0.3536,-38.138,31.704,0.070,-0.145
533.60,-37.882,31.425,0.3344,-38.142,31.705,0.079,-0.209
533.80,-37.891,31.424,0.3234,-38.152,31.707,0.064,-0.172
534.00,-37.896,31.434,0.2914,-38.158,31.718,0.071,-0.191
534.20,-37.918,31.438,0.2652,-38.178,31.723,0.051,-0.174
534.40,-37.936,31.436,0.2331,-38.197,31.723,0.031,-0.194
534.60,-37.945,31.445,0.1777,-38.207,31.730,0.050,-0.254
534.80,-37.968,31.451,0.1521,-38.228,31.738,0.050,-0.228
535.00,-37.995,31.459,0.1229,-38.256,31.745,0.026,-0.175
535.20,-38.027,31.469,0.0866,-38.288,31.755,0.010,-0.149
535.40,-38.066,31.482,0.0458,-38.327,31.769,-0.006,-0.169
535.60,-38.107,31.497,0.0059,-38.370,31.786,-0.027,-0.200
535.80,-38.141,31.511,-0.0274,-38.407,31.802,-0.018,-0.190
536.00,-38.173,31.520,-0.0633,-38.442,31.814,-0.010,-0.182
536.20,-38.192,31.517,-0.0906,-38.462,31.813,0.026,-0.175
536.40,-38.214,31.511,-0.1157,-38.483,31.806,0.047,-0.168
536.60,-38.242,31.503,-0.1458,-38.510,31.797,0.044,-0.165
536.80,-38.271,31.498,-0.1770,-38.541,31.789,0.030,-0.147
537.00,-38.291,31.511,-0.2027,-38.563,31.801,0.033,-0.127
537.20,-38.314,31.527,-0.2331,-38.588,31.818,0.036,-0.101
537.40,-38.342,31.546,-0.2649,-38.616,31.840,0.020,-0.118
537.60,-38.364,31.563,-0.2907,-38.642,31.861,0.016,-0.125
537.80,-38.376,31.572,-0.3030,-38.657,31.873,0.045,-0.086
538.00,-38.390,31.583,-0.3180,-38.672,31.884,0.063,-0.047
538.20,-38.407,31.596,-0.3363,-38.691,31.899,0.057,-0.044
538.40,-38.416,31.603,-0.3461,-38.704,31.909,0.032,-0.075
538.60,-38.408,31.601,-0.3479,-38.699,31.911,0.063,-0.066
538.80,-38.397,31.597,-0.3480,-38.689,31.907,0.116,-0.027
539.00,-38.387,31.592,-0.3509,-38.679,31.902,0.138,-0.019
539.20,-38.374,31.585,-0.3561,-38.666,31.892,0.180,-0.012
539.40,-38.353,31.578,-0.3561,-38.647,31.885,0.202,-0.012
539.60,-38.329,31.569,-0.3561,-38.623,31.876,0.207,0.005
539.80,-38.298,31.557,-0.3561,-38.593,31.865,0.214,0.012
540.00,-38.263,31.544,-0.3560,-38.559,31.852,0.227,0.014
540.20,-38.225,31.531,-0.3560,-38.522,31.838,0.236,0.014
540.40,-38.186,31.516,-0.3559,-38.483,31.824,0.244,0.014
540.60,-38.145,31.501,-0.3559,-38.442,31.808,0.250,0.014
540.80,-38.101,31.484,-0.3558,-38.398,31.792,0.255,0.013
541.00,-38.057,31.468,-0.3558,-38.354,31.776,0.259,0.013
541.20,-38.011,31.450,-0.3557,-38.308,31.758,0.261,0.014
541.40,-37.964,31.433,-0.3556,-38.261,31.741,0.263,0.014
541.60,-37.917,31.415,-0.3555,-38.214,31.723,0.264,0.014
541.80,-37.869,31.397,-0.3554,-38.166,31.705,0.263,0.015
542.00,-37.820,31.379,-0.3552,-38.118,31.687,0.261,0.016
542.20,-37.771,31.361,-0.3551,-38.069,31.669,0.286,0.034
542.40,-37.723,31.344,-0.3550,-38.020,31.651,0.316,0.041
542.60,-37.676,31.326,-0.3550,-37.973,31.634,0.305,0.041
542.80,-37.627,31.309,-0.3550,-37.925,31.616,0.291,0.041
543.00,-37.571,31.289,-0.3548,-37.870,31.597,0.290,0.042
543.20,-37.513,31.268,-0.3547,-37.812,31.576,0.301,0.044
543.40,-37.459,31.249,-0.3545,-37.757,31.557,0.301,0.046
543.60,-37.404,31.230,-0.3544,-37.703,31.538,0.294,0.048
543.80,-37.349,31.211,-0.3542,-37.647,31.518,0.290,0.050
544.00,-37.294,31.191,-0.3540,-37.592,31.499,0.285,0.052
544.20,-37.242,31.173,-0.3538,-37.540,31.481,0.277,0.055
544.40,-37.192,31.155,-0.3536,-37.491,31.463,0.288,0.052
544.60,-37.139,31.142,-0.3545,-37.438,31.450,0.318,0.057
544.80,-37.099,31.126,-0.3540,-37.397,31.434,0.293,0.065
545.00,-37.057,31.110,-0.3538,-37.356,31.419,0.265,0.066
545.20,-37.010,31.093,-0.3536,-37.310,31.402,0.260,0.068
545.40,-36.966,31.077,-0.3534,-37.266,31.387,0.258,0.068
545.60,-36.931,31.063,-0.3532,-37.230,31.374,0.241,0.069
545.80,-36.897,31.051,-0.3532,-37.197,31.362,0.226,0.070
546.00,-36.865,31.039,-0.3532,-37.165,31.351,0.213,0.071
546.20,-36.835,31.028,-0.3533,-37.136,31.340,0.202,0.072
546.40,-36.809,31.018,-0.3534,-37.109,31.331,0.192,0.075
546.60,-36.785,31.009,-0.3537,-37.086,31.324,0.183,0.079
546.80,-36.765,31.002,-0.3539,-37.065,31.317,0.198,-0.038
547.00,-36.746,30.995,-0.3539,-37.047,31.311,0.181,-0.009
547.20,-36.720,30.985,-0.3539,-37.024,31.303,0.174,-0.007
547.40,-36.688,30.974,-0.3537,-36.991,31.291,0.195,-0.010
547.60,-36.658,30.963,-0.3536,-36.960,31.279,0.205,-0.012
547.80,-36.629,30.952,-0.3535,-36.930,31.268,0.205,-0.012
548.00,-36.597,30.940,-0.3533,-36.898,31.256,0.242,0.022
548.20,-36.564,30.928,-0.3532,-36.863,31.243,0.260,0.014
548.40,-36.531,30.916,-0.3530,-36.829,31.230,0.250,0.015
548.60,-36.491,30.902,-0.3529,-36.790,31.216,0.246,0.017
548.80,-36.447,30.886,-0.3527,-36.745,31.200,0.257,0.018
549.00,-36.403,30.870,-0.3525,-36.701,31.184,0.263,0.019
549.20,-36.361,30.855,-0.3524,-36.657,31.168,0.262,0.021
549.40,-36.317,30.840,-0.3523,-36.612,31.153,0.261,0.020
549.60,-36.271,30.824,-0.3521,-36.566,31.137,0.262,0.021
549.80,-36.225,30.808,-0.3520,-36.519,31.121,0.263,0.021
550.00,-36.180,30.792,-0.3518,-36.472,31.104,0.262,0.021
550.20,-36.134,30.776,-0.3517,-36.426,31.088,0.259,0.022
550.40,-36.089,30.760,-0.3514,-36.380,31.071,0.256,0.022
550.60,-36.044,30.744,-0.3513,-36.334,31.055,0.253,0.023
550.80,-35.999,30.728,-0.3511,-36.288,31.038,0.305,0.042
551.00,-35.956,30.713,-0.3508,-36.243,31.023,0.296,0.044
551.20,-35.913,30.697,-0.3506,-36.199,31.007,0.278,0.044
551.40,-35.866,30.680,-0.3506,-36.152,30.990,0.272,0.044
551.60,-35.820,30.664,-0.3508,-36.105,30.974,0.270,0.044
551.80,-35.777,30.649,-0.3512,-36.062,30.959,0.264,0.045
552.00,-35.736,30.635,-0.3518,-36.020,30.945,0.254,0.045
552.20,-35.696,30.620,-0.3520,-35.980,30.930,0.247,0.046
552.40,-35.657,30.607,-0.3524,-35.941,30.915,0.239,0.047
552.60,-35.620,30.594,-0.3529,-35.903,30.902,0.230,0.047
552.80,-35.586,30.582,-0.3538,-35.868,30.889,0.220,0.049
553.00,-35.553,30.569,-0.3545,-35.835,30.877,0.214,0.049
553.20,-35.524,30.558,-0.3552,-35.805,30.865,0.204,0.051
553.40,-35.498,30.548,-0.3563,-35.778,30.854,0.191,0.051
553.60,-35.474,30.538,-0.3576,-35.754,30.844,0.180,0.051
553.80,-35.452,30.529,-0.3592,-35.731,30.835,0.189,0.043
554.00,-35.430,30.523,-0.3623,-35.710,30.827,0.210,0.046
554.20,-35.407,30.519,-0.3643,-35.686,30.823,0.202,0.049
554.40,-35.385,30.511,-0.3623,-35.664,30.817,0.191,0.077
554.60,-35.361,30.501,-0.3631,-35.640,30.806,0.190,0.072
554.80,-35.339,30.492,-0.3646,-35.617,30.797,0.189,0.063
555.00,-35.323,30.489,-0.3559,-35.600,30.793,0.176,0.072
555.20,-35.300,30.491,-0.3329,-35.577,30.795,0.173,0.122
555.40,-35.275,30.491,-0.3149,-35.551,30.797,0.180,0.149
555.60,-35.253,30.491,-0.2995,-35.528,30.798,0.181,0.137
555.80,-35.241,30.503,-0.2622,-35.512,30.809,0.164,0.165
556.00,-35.253,30.514,-0.2418,-35.519,30.822,0.119,0.163
556.20,-35.264,30.524,-0.2245,-35.531,30.834,0.074,0.129
556.40,-35.280,30.536,-0.2026,-35.546,30.846,0.061,0.110
556.60,-35.305,30.553,-0.1706,-35.570,30.865,0.034,0.129
556.80,-35.328,30.568,-0.1435,-35.594,30.881,0.023,0.142
557.00,-35.348,30.579,-0.1202,-35.615,30.895,0.032,0.126
557.20,-35.376,30.595,-0.0876,-35.642,30.911,0.031,0.126
557.40,-35.409,30.612,-0.0495,-35.675,30.929,0.014,0.145
557.60,-35.439,30.626,-0.0156,-35.706,30.946,0.010,0.149
557.80,-35.468,30.639,0.0158,-35.736,30.960,0.019,0.134
558.00,-35.502,30.653,0.0542,-35.770,30.975,-0.025,0.121
558.20,-35.540,30.667,0.0957,-35.808,30.991,-0.025,0.142
558.40,-35.575,30.675,0.1279,-35.845,31.001,-0.020,0.120
558.60,-35.610,30.683,0.1635,-35.881,31.011,-0.015,0.111
558.80,-35.651,30.691,0.2061,-35.922,31.021,-0.024,0.125
559.00,-35.689,30.697,0.2455,-35.962,31.028,-0.030,0.130
559.20,-35.722,30.701,0.2795,-35.997,31.034,-0.021,0.113
559.40,-35.756,30.704,0.3152,-36.033,31.039,-0.014,0.098
559.60,-35.796,30.706,0.3561,-36.073,31.042,-0.022,0.101
559.80,-35.829,30.706,0.3856,-36.110,31.044,-0.026,0.098
560.00,-35.849,30.704,0.3963,-36.134,31.044,0.001,0.027
560.20,-35.865,30.703,0.4114,-36.151,31.045,0.026,0.002
560.40,-35.888,30.702,0.4338,-36.175,31.045,0.031,0.018
560.60,-35.898,30.700,0.4399,-36.188,31.045,0.043,0.001
560.80,-35.894,30.702,0.4399,-36.186,31.046,0.071,-0.043
561.00,-35.889,30.705,0.4400,-36.181,31.049,0.100,-0.071
561.20,-35.884,30.707,0.4400,-36.176,31.052,0.111,-0.075
561.40,-35.873,30.714,0.4359,-36.167,31.059,0.119,-0.079
561.60,-35.854,30.730,0.4177,-36.150,31.075,0.142,-0.133
561.80,-35.830,30.751,0.3943,-36.127,31.097,0.168,-0.182
562.00,-35.816,30.766,0.3727,-36.111,31.116,0.174,-0.180
562.20,-35.815,30.785,0.3281,-36.110,31.137,0.148,-0.228
562.40,-35.827,30.797,0.2866,-36.121,31.153,0.106,-0.257
562.60,-35.850,30.801,0.2604,-36.144,31.159,0.051,-0.215
562.80,-35.877,30.806,0.2280,-36.172,31.165,0.027,-0.205
563.00,-35.911,30.814,0.1875,-36.205,31.174,0.015,-0.233
563.20,-35.957,30.827,0.1349,-36.251,31.187,-0.020,-0.252
563.40,-36.007,30.844,0.0792,-36.303,31.205,-0.047,-0.264
563.60,-36.066,30.868,0.0115,-36.363,31.229,-0.077,-0.289
563.80,-36.133,30.900,-0.0672,-36.431,31.262,-0.145,-0.333
564.00,-36.207,30.940,-0.1538,-36.506,31.303,-0.167,-0.358
564.20,-36.293,30.990,-0.2485,-36.592,31.353,-0.188,-0.382
564.40,-36.384,31.063,-0.3559,-36.684,31.422,-0.210,-0.409
564.60,-36.470,31.152,-0.4700,-36.774,31.510,-0.238,-0.405
564.80,-36.541,31.232,-0.5730,-36.848,31.589,-0.218,-0.417
565.00,-36.602,31.326,-0.6782,-36.911,31.681,-0.206,-0.384
565.20,-36.660,31.428,-0.7780,-36.971,31.780,-0.222,-0.402
565.40,-36.696,31.514,-0.8656,-37.012,31.865,-0.215,-0.339
565.60,-36.717,31.615,-0.9702,-37.036,31.963,-0.192,-0.336
565.80,-36.751,31.702,-1.0800,-37.066,32.055,-0.192,-0.390
566.00,-36.810,31.753,-1.1568,-37.121,32.107,-0.174,-0.284
566.20,-36.873,31.820,-1.2505,-37.184,32.172,-0.190,-0.274
566.40,-36.937,31.899,-1.3551,-37.249,32.247,-0.202,-0.329
566.60,-36.994,31.990,-1.4576,-37.312,32.337,-0.216,-0.362
566.80,-37.038,32.078,-1.5518,-37.360,32.427,-0.211,-0.334
567.00,-37.072,32.167,-1.6504,-37.398,32.517,-0.207,-0.319
567.20,-37.086,32.258,-1.7364,-37.414,32.610,-0.209,-0.262
567.40,-37.101,32.338,-1.8258,-37.430,32.693,-0.199,-0.273
567.60,-37.110,32.409,-1.9061,-37.441,32.767,-0.187,-0.233
567.80,-37.114,32.473,-1.9749,-37.447,32.833,-0.173,-0.216
568.00,-37.112,32.526,-2.0304,-37.447,32.889,-0.148,-0.179
568.20,-37.109,32.570,-2.0751,-37.444,32.934,-0.112,-0.129
568.40,-37.104,32.605,-2.1117,-37.440,32.972,-0.082,-0.085
568.60,-37.099,32.632,-2.1380,-37.436,33.001,-0.063,-0.053
568.80,-37.094,32.650,-2.1530,-37.432,33.020,-0.036,0.020
569.00,-37.089,32.664,-2.1613,-37.428,33.035,-0.018,0.070
569.20,-37.084,32.672,-2.1621,-37.424,33.044,-0.006,0.088
569.40,-37.078,32.680,-2.1621,-37.418,33.052,0.001,0.114
569.60,-37.072,32.689,-2.1634,-37.412,33.061,0.001,0.115
569.80,-37.059,32.704,-2.1678,-37.399,33.076,-0.015,0.106
570.00,-37.045,32.718,-2.1596,-37.382,33.091,-0.029,0.123
570.20,-37.033,32.726,-2.1459,-37.370,33.101,-0.026,0.162
570.40,-37.025,32.733,-2.1351,-37.359,33.109,-0.017,0.171
570.60,-37.023,32.736,-2.1021,-37.356,33.112,0.002,0.251
570.80,-37.019,32.752,-2.0744,-37.352,33.125,-0.010,0.332
571.00,-37.015,32.785,-2.0419,-37.349,33.157,-0.050,0.283
571.20,-37.005,32.799,-1.9974,-37.341,33.177,-0.067,0.289
571.40,-36.991,32.788,-1.8854,-37.327,33.168,-0.014,0.493
571.60,-36.968,32.779,-1.8085,-37.306,33.159,0.023,0.562
571.80,-36.940,32.778,-1.7253,-37.278,33.157,0.029,0.524
572.00,-36.900,32.788,-1.6045,-37.240,33.164,0.024,0.547
572.20,-36.850,32.807,-1.4649,-37.191,33.180,0.005,0.647
572.40,-36.833,32.851,-1.3998,-37.167,33.222,-0.044,0.517
572.60,-36.825,32.881,-1.3571,-37.157,33.256,-0.047,0.364
572.80,-36.816,32.899,-1.2154,-37.149,33.276,-0.013,0.451
573.00,-36.824,32.912,-1.0049,-37.154,33.291,0.037,0.845
573.20,-36.854,32.931,-0.9635,-37.184,33.311,0.026,0.611
573.40,-36.884,32.950,-0.9229,-37.214,33.329,0.003,0.366
573.60,-36.910,32.966,-0.8785,-37.242,33.344,0.004,0.306
573.80,-36.932,32.978,-0.8395,-37.264,33.358,0.017,0.261
574.00,-36.948,32.981,-0.7213,-37.281,33.362,0.051,0.358
574.20,-36.957,32.980,-0.5918,-37.292,33.362,0.085,0.534
574.40,-36.959,32.974,-0.4801,-37.297,33.355,0.108,0.549
574.60,-36.913,32.976,-0.4271,-37.255,33.359,0.165,0.356
574.80,-36.856,32.975,-0.3633,-37.201,33.357,0.215,0.268
575.00,-36.796,32.980,-0.2969,-37.143,33.361,0.263,0.236
575.20,-36.728,32.989,-0.2251,-37.075,33.369,0.284,0.246
575.40,-36.657,33.002,-0.1579,-37.004,33.381,0.305,0.254
575.60,-36.579,33.018,-0.0903,-36.927,33.398,0.313,0.240
575.80,-36.504,33.032,-0.0416,-36.853,33.411,0.341,0.235
576.00,-36.442,33.053,0.0137,-36.788,33.431,0.345,0.139
576.20,-36.378,33.079,0.0733,-36.726,33.457,0.321,0.159
576.40,-36.306,33.110,0.1309,-36.655,33.488,0.315,0.174
576.60,-36.227,33.137,0.1693,-36.578,33.518,0.325,0.132
576.80,-36.155,33.166,0.2088,-36.505,33.547,0.324,0.091
577.00,-36.106,33.190,0.2449,-36.453,33.574,0.288,0.071
577.20,-36.073,33.200,0.2518,-36.419,33.588,0.197,-0.027
577.40,-36.036,33.209,0.2526,-36.385,33.597,0.147,-0.124
577.60,-35.996,33.219,0.2531,-36.347,33.606,0.140,-0.150
577.80,-35.955,33.230,0.2529,-36.307,33.617,0.142,-0.157
578.00,-35.921,33.232,0.2376,-36.271,33.621,0.136,-0.181
578.20,-35.889,33.228,0.2094,-36.239,33.616,0.130,-0.238
578.40,-35.852,33.222,0.1756,-36.202,33.609,0.136,-0.273
578.60,-35.814,33.213,0.1374,-36.164,33.600,0.150,-0.287
578.80,-35.777,33.203,0.0985,-36.127,33.589,0.159,-0.283
579.00,-35.740,33.190,0.0576,-36.090,33.577,0.157,-0.275
579.20,-35.706,33.179,0.0205,-36.056,33.565,0.153,-0.268
579.40,-35.673,33.167,-0.0159,-36.024,33.553,0.184,-0.260
579.60,-35.634,33.150,-0.0584,-35.986,33.536,0.206,-0.311
579.80,-35.586,33.128,-0.1070,-35.940,33.513,0.221,-0.316
580.00,-35.534,33.100,-0.1609,-35.889,33.486,0.248,-0.307
580.20,-35.474,33.063,-0.2266,-35.830,33.450,0.272,-0.317
580.40,-35.415,33.019,-0.2967,-35.770,33.408,0.301,-0.338
580.60,-35.360,32.973,-0.3656,-35.715,33.361,0.310,-0.337
580.80,-35.305,32.919,-0.4387,-35.660,33.309,0.321,-0.337
581.00,-35.255,32.862,-0.5128,-35.609,33.252,0.330,-0.334
581.20,-35.214,32.807,-0.5806,-35.567,33.196,0.326,-0.314
581.40,-35.184,32.763,-0.6337,-35.535,33.149,0.374,-0.248
581.60,-35.169,32.746,-0.6664,-35.519,33.127,0.295,-0.168
581.80,-35.140,32.748,-0.7614,-35.495,33.126,0.212,-0.246
582.00,-35.101,32.756,-0.8492,-35.454,33.138,0.188,-0.362
582.20,-35.079,32.751,-0.8910,-35.432,33.133,0.186,-0.238
582.40,-35.059,32.773,-0.9614,-35.407,33.153,0.142,-0.234
582.60,-35.073,32.799,-1.0158,-35.417,33.179,0.071,-0.237
582.80,-35.098,32.815,-1.0501,-35.442,33.194,0.015,-0.157
583.00,-35.124,32.834,-1.0863,-35.469,33.213,0.008,-0.101
583.20,-35.152,32.856,-1.1249,-35.498,33.235,0.004,-0.083
583.40,-35.178,32.880,-1.1599,-35.528,33.260,-0.007,-0.160
583.60,-35.192,32.896,-1.1793,-35.547,33.279,0.001,-0.102
583.80,-35.202,32.907,-1.1910,-35.561,33.290,0.038,-0.049
584.00,-35.214,32.920,-1.2075,-35.575,33.302,0.054,-0.050
584.20,-35.228,32.937,-1.2265,-35.591,33.319,0.046,-0.068
584.40,-35.229,32.937,-1.2293,-35.597,33.321,0.067,-0.025
584.60,-35.227,32.928,-1.2309,-35.596,33.314,0.109,0.028
584.80,-35.229,32.923,-1.2416,-35.599,33.308,0.122,-0.002
585.00,-35.226,32.915,-1.2431,-35.598,33.300,0.127,0.005
585.20,-35.220,32.898,-1.2431,-35.592,33.284,0.144,0.049
585.40,-35.213,32.876,-1.2431,-35.585,33.263,0.159,0.063
585.60,-35.206,32.853,-1.2431,-35.578,33.240,0.173,0.068
585.80,-35.197,32.829,-1.2430,-35.569,33.216,0.180,0.068
586.00,-35.190,32.808,-1.2428,-35.563,33.196,0.176,0.073
586.20,-35.183,32.788,-1.2426,-35.557,33.176,0.198,0.099
586.40,-35.176,32.767,-1.2424,-35.551,33.156,0.208,0.108
586.60,-35.170,32.747,-1.2423,-35.546,33.137,0.199,0.109
586.80,-35.166,32.730,-1.2415,-35.543,33.122,0.181,0.107
587.00,-35.162,32.716,-1.2348,-35.541,33.109,0.159,0.118
587.20,-35.163,32.695,-1.2141,-35.543,33.090,0.159,0.163
587.40,-35.160,32.677,-1.2028,-35.542,33.071,0.165,0.189
587.60,-35.145,32.669,-1.1711,-35.528,33.064,0.164,0.185
587.80,-35.127,32.671,-1.1276,-35.509,33.065,0.152,0.228
588.00,-35.125,32.693,-1.0962,-35.503,33.085,0.109,0.215
588.20,-35.125,32.719,-1.0660,-35.503,33.112,0.051,0.187
588.40,-35.127,32.753,-1.0262,-35.504,33.147,0.019,0.200
588.60,-35.144,32.770,-0.9957,-35.518,33.170,0.018,0.183
588.80,-35.168,32.785,-0.9664,-35.542,33.187,0.024,0.153
589.00,-35.191,32.800,-0.9380,-35.567,33.203,0.029,0.137
589.20,-35.217,32.815,-0.9046,-35.594,33.219,-0.003,0.110
589.40,-35.225,32.839,-0.8786,-35.603,33.242,0.004,0.136
589.60,-35.235,32.868,-0.8509,-35.612,33.273,0.019,0.139
589.80,-35.245,32.893,-0.8275,-35.622,33.301,0.022,0.127
590.00,-35.257,32.921,-0.7998,-35.633,33.331,0.023,0.118
590.20,-35.270,32.951,-0.7692,-35.645,33.364,0.016,0.125
590.40,-35.282,32.976,-0.7432,-35.659,33.392,0.017,0.114
590.60,-35.293,32.998,-0.7198,-35.669,33.417,0.030,0.099
590.80,-35.304,33.017,-0.6963,-35.680,33.441,0.036,0.092
591.00,-35.311,33.026,-0.6804,-35.688,33.451,0.060,0.077
591.20,-35.317,33.034,-0.6658,-35.694,33.460,0.077,0.066
591.40,-35.319,33.038,-0.6562,-35.697,33.467,0.091,0.034
591.60,-35.311,33.037,-0.6390,-35.690,33.468,0.116,0.053
591.80,-35.301,33.035,-0.6272,-35.679,33.470,0.131,0.051
592.00,-35.289,33.028,-0.6246,-35.667,33.466,0.146,0.023
592.20,-35.275,33.018,-0.6246,-35.653,33.456,0.161,-0.023
592.40,-35.258,33.005,-0.6246,-35.637,33.445,0.167,-0.035
592.60,-35.234,32.989,-0.6247,-35.615,33.429,0.184,-0.040
592.80,-35.208,32.970,-0.6247,-35.589,33.411,0.199,-0.043
593.00,-35.181,32.951,-0.6247,-35.562,33.392,0.207,-0.046
593.20,-35.152,32.930,-0.6248,-35.533,33.371,0.213,-0.046
593.40,-35.121,32.908,-0.6248,-35.502,33.349,0.218,-0.048
593.60,-35.088,32.885,-0.6249,-35.470,33.326,0.220,-0.050
593.80,-35.056,32.861,-0.6249,-35.438,33.302,0.271,-0.025
594.00,-35.025,32.838,-0.6251,-35.406,33.279,0.256,-0.013
594.20,-34.993,32.815,-0.6253,-35.374,33.256,0.241,-0.006
594.40,-34.952,32.785,-0.6253,-35.334,33.227,0.253,-0.006
594.60,-34.912,32.757,-0.6253,-35.294,33.198,0.270,-0.005
594.80,-34.876,32.730,-0.6253,-35.256,33.171,0.270,-0.004
595.00,-34.837,32.702,-0.6253,-35.218,33.143,0.266,-0.005
595.20,-34.796,32.673,-0.6252,-35.177,33.113,0.268,-0.007
595.40,-34.755,32.643,-0.6252,-35.135,33.083,0.271,-0.007
595.60,-34.715,32.614,-0.6251,-35.094,33.053,0.272,-0.028
595.80,-34.674,32.584,-0.6251,-35.053,33.023,0.274,-0.033
596.00,-34.634,32.555,-0.6251,-35.012,32.993,0.270,-0.027
596.20,-34.593,32.526,-0.6251,-34.971,32.963,0.313,0.009
596.40,-34.552,32.497,-0.6251,-34.929,32.934,0.318,0.000
596.60,-34.511,32.468,-0.6250,-34.887,32.905,0.304,0.004
596.80,-34.463,32.434,-0.6249,-34.840,32.871,0.301,0.005
597.00,-34.413,32.399,-0.6248,-34.790,32.836,0.308,0.005
597.20,-34.365,32.366,-0.6247,-34.741,32.801,0.312,0.004
597.40,-34.318,32.333,-0.6245,-34.693,32.768,0.312,-0.004
597.60,-34.270,32.299,-0.6244,-34.644,32.733,0.307,-0.002
597.80,-34.216,32.266,-0.6247,-34.592,32.700,0.307,-0.003
598.00,-34.167,32.232,-0.6246,-34.540,32.665,0.309,-0.004
598.20,-34.125,32.198,-0.6242,-34.497,32.630,0.295,-0.003
598.40,-34.079,32.165,-0.6240,-34.450,32.596,0.289,-0.003
598.60,-34.033,32.133,-0.6238,-34.403,32.563,0.342,0.021
598.80,-33.988,32.101,-0.6236,-34.357,32.530,0.334,0.020
599.00,-33.942,32.070,-0.6235,-34.311,32.498,0.315,0.022
599.20,-33.891,32.034,-0.6233,-34.259,32.462,0.313,0.023
599.40,-33.839,31.997,-0.6231,-34.206,32.425,0.319,0.024
599.60,-33.790,31.963,-0.6229,-34.156,32.389,0.320,0.012
599.80,-33.742,31.929,-0.6228,-34.107,32.354,0.313,0.013
600.00,-33.693,31.895,-0.6225,-34.058,32.319,0.308,0.016
600.20,-33.645,31.861,-0.6223,-34.008,32.284,0.303,0.018
600.40,-33.596,31.827,-0.6220,-33.959,32.249,0.299,0.019
600.60,-33.550,31.794,-0.6218,-33.911,32.215,0.292,0.020
600.80,-33.504,31.762,-0.6216,-33.864,32.182,0.327,0.048
601.00,-33.457,31.730,-0.6214,-33.816,32.149,0.341,0.053
601.20,-33.409,31.700,-0.6225,-33.767,32.118,0.322,0.051
601.40,-33.365,31.670,-0.6232,-33.722,32.088,0.304,0.050
601.60,-33.325,31.639,-0.6225,-33.682,32.057,0.287,0.051
601.80,-33.287,31.611,-0.6226,-33.643,32.028,0.273,0.053
602.00,-33.248,31.585,-0.6237,-33.604,32.001,0.261,0.064
602.20,-33.214,31.560,-0.6240,-33.568,31.976,0.247,0.062
602.40,-33.187,31.539,-0.6240,-33.540,31.954,0.230,0.061
602.60,-33.164,31.521,-0.6251,-33.517,31.936,0.206,0.058
602.80,-33.142,31.504,-0.6265,-33.495,31.919,0.193,0.057
603.00,-33.121,31.488,-0.6280,-33.474,31.903,0.182,0.059
603.20,-33.103,31.474,-0.6296,-33.455,31.889,0.173,0.058
603.40,-33.087,31.462,-0.6313,-33.438,31.876,0.164,0.059
603.60,-33.073,31.451,-0.6332,-33.425,31.865,0.167,0.004
603.80,-33.061,31.441,-0.6354,-33.413,31.855,0.160,0.016
604.00,-33.050,31.433,-0.6371,-33.402,31.846,0.150,0.024
604.20,-33.029,31.417,-0.6371,-33.382,31.831,0.197,0.066
604.40,-33.008,31.402,-0.6371,-33.360,31.814,0.221,0.069
604.60,-32.988,31.387,-0.6376,-33.339,31.799,0.214,0.069
604.80,-32.974,31.377,-0.6382,-33.325,31.788,0.192,0.062
605.00,-32.953,31.366,-0.6282,-33.304,31.778,0.183,0.087
605.20,-32.928,31.356,-0.6124,-33.278,31.769,0.188,0.114
605.40,-32.903,31.347,-0.5969,-33.252,31.760,0.194,0.132
605.60,-32.880,31.344,-0.5706,-33.228,31.757,0.192,0.144
605.80,-32.859,31.351,-0.5274,-33.206,31.764,0.179,0.184
606.00,-32.843,31.364,-0.4809,-33.188,31.777,0.155,0.219
606.20,-32.834,31.381,-0.4474,-33.176,31.795,0.133,0.204
606.40,-32.853,31.405,-0.4123,-33.192,31.819,0.067,0.163
606.60,-32.881,31.436,-0.3651,-33.218,31.851,0.003,0.173
606.80,-32.912,31.466,-0.3191,-33.250,31.883,-0.023,0.187
607.00,-32.943,31.492,-0.2777,-33.280,31.910,-0.018,0.169
607.20,-32.982,31.521,-0.2262,-33.318,31.941,-0.025,0.170
607.40,-33.030,31.552,-0.1641,-33.365,31.975,-0.063,0.222
607.60,-33.075,31.580,-0.1099,-33.412,32.005,-0.067,0.215
607.80,-33.124,31.606,-0.0529,-33.461,32.033,-0.060,0.194
608.00,-33.188,31.635,0.0214,-33.523,32.064,-0.097,0.221
608.20,-33.252,31.661,0.0656,-33.589,32.093,-0.156,0.211
608.40,-33.302,31.681,0.1016,-33.643,32.116,-0.116,0.130
608.60,-33.344,31.705,0.1649,-33.688,32.141,-0.065,0.143
608.80,-33.379,31.731,0.2536,-33.725,32.168,-0.031,0.259
609.00,-33.392,31.749,0.3081,-33.742,32.191,0.015,0.222
609.20,-33.387,31.763,0.3404,-33.741,32.208,0.055,0.120
609.40,-33.388,31.779,0.3898,-33.739,32.223,0.082,0.092
609.60,-33.402,31.795,0.4513,-33.753,32.241,0.065,0.156
609.80,-33.399,31.808,0.4833,-33.755,32.256,0.045,0.116
610.00,-33.383,31.823,0.4997,-33.741,32.273,0.070,0.020
610.20,-33.364,31.847,0.5311,-33.723,32.296,0.083,-0.017
610.40,-33.343,31.874,0.5639,-33.701,32.327,0.100,0.027
610.60,-33.330,31.885,0.5706,-33.688,32.343,0.066,-0.034
610.80,-33.317,31.894,0.5706,-33.675,32.353,0.040,-0.097
611.00,-33.301,31.904,0.5707,-33.659,32.363,0.026,-0.136
611.20,-33.287,31.913,0.5706,-33.645,32.372,0.017,-0.136
611.40,-33.273,31.930,0.5506,-33.632,32.389,0.014,-0.156
611.60,-33.252,31.959,0.5154,-33.612,32.418,0.029,-0.219
611.80,-33.228,31.990,0.4764,-33.588,32.451,0.085,-0.258
612.00,-33.202,32.021,0.4346,-33.562,32.483,0.124,-0.270
612.20,-33.162,32.061,0.3753,-33.525,32.524,0.164,-0.314
612.40,-33.108,32.111,0.2956,-33.474,32.575,0.223,-0.340
612.60,-33.036,32.166,0.1979,-33.404,32.632,0.280,-0.428
612.80,-32.945,32.222,0.0824,-33.317,32.690,0.396,-0.505
613.00,-32.837,32.271,-0.0255,-33.209,32.743,0.497,-0.551
613.20,-32.748,32.315,-0.0974,-33.116,32.788,0.507,-0.350
613.40,-32.675,32.361,-0.2452,-33.041,32.842,0.454,-0.437
613.60,-32.627,32.339,-0.3107,-32.979,32.823,0.396,-0.383
613.80,-32.612,32.342,-0.3888,-32.961,32.821,0.264,-0.277
614.00,-32.578,32.376,-0.5261,-32.934,32.849,0.191,-0.399
614.20,-32.550,32.380,-0.5976,-32.900,32.864,0.206,-0.399
614.40,-32.536,32.359,-0.6200,-32.885,32.844,0.208,-0.207
614.60,-32.540,32.343,-0.6559,-32.884,32.827,0.189,-0.056
614.80,-32.574,32.328,-0.7264,-32.915,32.807,0.121,-0.147
615.00,-32.593,32.331,-0.7396,-32.940,32.807,0.071,-0.098
615.20,-32.576,32.321,-0.7403,-32.930,32.800,0.102,0.001
615.40,-32.571,32.316,-0.7427,-32.921,32.795,0.150,0.067
615.60,-32.581,32.313,-0.7599,-32.932,32.789,0.139,0.029
615.80,-32.575,32.308,-0.7604,-32.929,32.785,0.127,0.032
616.00,-32.563,32.302,-0.7535,-32.918,32.778,0.150,0.067
616.20,-32.543,32.294,-0.7412,-32.897,32.772,0.179,0.125
616.40,-32.526,32.283,-0.7410,-32.880,32.760,0.197,0.102
616.60,-32.514,32.277,-0.7318,-32.867,32.754,0.192,0.093
616.80,-32.498,32.281,-0.6983,-32.849,32.758,0.179,0.155
617.00,-32.478,32.283,-0.6645,-32.828,32.763,0.171,0.209
617.20,-32.458,32.281,-0.6377,-32.807,32.764,0.186,0.203
617.40,-32.442,32.293,-0.5900,-32.788,32.775,0.190,0.248
617.60,-32.459,32.319,-0.5546,-32.800,32.801,0.098,0.230
617.80,-32.479,32.344,-0.5150,-32.820,32.829,0.031,0.210
618.00,-32.502,32.378,-0.4703,-32.843,32.862,-0.006,0.180
618.20,-32.532,32.417,-0.4177,-32.872,32.903,-0.025,0.187
618.40,-32.568,32.457,-0.3615,-32.908,32.945,-0.055,0.225
618.60,-32.605,32.493,-0.3085,-32.946,32.984,-0.063,0.224
618.80,-32.649,32.531,-0.2479,-32.990,33.024,-0.076,0.224
619.00,-32.708,32.574,-0.1721,-33.046,33.069,-0.110,0.252
619.20,-32.743,32.569,-0.1504,-33.090,33.075,-0.099,0.182
619.40,-32.743,32.550,-0.1072,-33.096,33.058,0.015,0.103
619.60,-32.743,32.526,-0.0483,-33.097,33.035,0.088,0.163
619.80,-32.746,32.507,0.0041,-33.101,33.014,0.101,0.199
620.00,-32.737,32.504,0.0180,-33.092,33.007,0.112,0.125
620.20,-32.726,32.502,0.0337,-33.083,33.004,0.126,0.048
620.40,-32.716,32.500,0.0488,-33.071,33.002,0.133,0.015
620.60,-32.705,32.499,0.0576,-33.061,33.000,0.133,0.012
620.80,-32.686,32.502,0.0590,-33.044,33.002,0.138,-0.016
621.00,-32.658,32.507,0.0580,-33.018,33.006,0.160,-0.051
621.20,-32.629,32.513,0.0567,-32.988,33.012,0.178,-0.060
621.40,-32.602,32.515,0.0566,-32.961,33.015,0.180,-0.064
621.60,-32.573,32.517,0.0565,-32.932,33.017,0.180,-0.069
621.80,-32.546,32.519,0.0564,-32.905,33.019,0.175,-0.073
622.00,-32.518,32.521,0.0561,-32.879,33.020,0.171,-0.074
622.20,-32.492,32.522,0.0558,-32.855,33.021,0.164,-0.071
622.40,-32.468,32.524,0.0557,-32.833,33.021,0.156,-0.071
622.60,-32.447,32.525,0.0557,-32.814,33.022,0.147,-0.071
622.80,-32.426,32.526,0.0561,-32.795,33.022,0.182,-0.057
623.00,-32.406,32.527,0.0565,-32.777,33.023,0.181,-0.070
623.20,-32.385,32.528,0.0569,-32.759,33.024,0.172,-0.063
623.40,-32.346,32.531,0.0575,-32.724,33.027,0.189,-0.058
623.60,-32.315,32.532,0.0598,-32.690,33.029,0.215,-0.048
623.80,-32.302,32.526,0.0608,-32.677,33.022,0.179,-0.059
624.00,-32.284,32.525,0.0666,-32.659,33.022,0.166,-0.056
624.20,-32.268,32.525,0.0709,-32.644,33.022,0.161,-0.055
624.40,-32.258,32.524,0.0735,-32.635,33.021,0.148,-0.054
624.60,-32.247,32.524,0.0769,-32.625,33.022,0.139,-0.048
624.80,-32.236,32.524,0.0800,-32.614,33.023,0.138,-0.047
625.00,-32.224,32.524,0.0826,-32.602,33.024,0.141,-0.050
625.20,-32.211,32.525,0.0841,-32.589,33.025,0.144,-0.053
625.40,-32.200,32.525,0.0860,-32.577,33.025,0.144,-0.056
625.60,-32.184,32.526,0.0873,-32.562,33.026,0.146,-0.061
625.80,-32.170,32.527,0.0890,-32.547,33.027,0.150,-0.062
626.00,-32.150,32.529,0.0902,-32.530,33.029,0.152,-0.065
626.20,-32.133,32.530,0.0909,-32.514,33.030,0.150,-0.060
626.40,-32.117,32.531,0.0925,-32.497,33.032,0.152,-0.066
626.60,-32.097,32.533,0.0931,-32.477,33.035,0.154,-0.068
626.80,-32.077,32.535,0.0937,-32.458,33.037,0.156,-0.068
627.00,-32.057,32.537,0.0939,-32.437,33.040,0.157,-0.069
627.20,-32.037,32.539,0.0949,-32.418,33.043,0.156,-0.071
627.40,-32.014,32.543,0.0949,-32.396,33.047,0.154,-0.068
627.60,-31.992,32.546,0.0964,-32.375,33.051,0.155,-0.075
627.80,-31.965,32.550,0.0968,-32.351,33.056,0.155,-0.076
628.00,-31.934,32.554,0.0988,-32.321,33.063,0.164,-0.056
628.20,-31.900,32.558,0.1022,-32.288,33.069,0.174,-0.053
628.40,-31.863,32.563,0.1057,-32.252,33.076,0.180,-0.052
628.60,-31.831,32.566,0.1062,-32.220,33.081,0.204,-0.024
628.80,-31.798,32.571,0.1029,-32.187,33.087,0.219,-0.081
629.00,-31.759,32.577,0.0978,-32.150,33.095,0.228,-0.119
629.20,-31.717,32.582,0.0969,-32.109,33.101,0.233,-0.108
629.40,-31.666,32.593,0.0783,-32.059,33.113,0.258,-0.036
629.60,-31.606,32.613,0.0348,-32.000,33.135,0.282,-0.111
629.80,-31.544,32.630,-0.0097,-31.937,33.156,0.301,-0.162
630.00,-31.482,32.642,-0.0441,-31.874,33.173,0.311,-0.161
630.20,-31.420,32.644,-0.0563,-31.812,33.176,0.309,-0.090
630.40,-31.350,32.659,-0.1110,-31.743,33.192,0.320,-0.124
630.60,-31.266,32.674,-0.1816,-31.662,33.210,0.338,-0.218
630.80,-31.187,32.674,-0.2256,-31.579,33.216,0.398,-0.221
631.00,-31.108,32.666,-0.2555,-31.500,33.210,0.425,-0.110
631.20,-31.025,32.669,-0.3262,-31.416,33.213,0.408,-0.140
631.40,-30.955,32.681,-0.4036,-31.344,33.227,0.372,-0.204
631.60,-30.891,32.676,-0.4588,-31.278,33.229,0.327,-0.224
631.80,-30.850,32.660,-0.4659,-31.232,33.216,0.286,-0.082
632.00,-30.832,32.659,-0.4896,-31.212,33.214,0.207,-0.005
632.20,-30.808,32.678,-0.5656,-31.189,33.235,0.152,-0.139
632.40,-30.772,32.668,-0.5938,-31.154,33.233,0.150,-0.183
632.60,-30.735,32.646,-0.5942,-31.117,33.211,0.188,-0.012
632.80,-30.713,32.638,-0.6010,-31.091,33.202,0.194,0.069
633.00,-30.698,32.645,-0.6433,-31.076,33.207,0.149,-0.035
633.20,-30.674,32.628,-0.6462,-31.052,33.194,0.159,-0.030
633.40,-30.656,32.615,-0.6476,-31.034,33.180,0.197,0.049
633.60,-30.637,32.601,-0.6476,-31.015,33.166,0.198,0.098
633.80,-30.616,32.585,-0.6474,-30.995,33.151,0.185,0.100
634.00,-30.596,32.572,-0.6448,-30.974,33.136,0.180,0.103
634.20,-30.575,32.570,-0.6111,-30.953,33.134,0.166,0.184
634.40,-30.551,32.571,-0.5736,-30.929,33.137,0.161,0.240
634.60,-30.524,32.576,-0.5355,-30.902,33.141,0.163,0.250
634.80,-30.510,32.591,-0.4845,-30.883,33.157,0.156,0.261
635.00,-30.532,32.619,-0.4428,-30.900,33.185,0.079,0.246
635.20,-30.564,32.656,-0.3884,-30.930,33.223,-0.015,0.244
635.40,-30.603,32.695,-0.3266,-30.968,33.264,-0.064,0.264
635.60,-30.652,32.736,-0.2557,-31.016,33.307,-0.087,0.282
635.80,-30.712,32.781,-0.1746,-31.076,33.354,-0.153,0.297
636.00,-30.784,32.826,-0.0840,-31.147,33.401,-0.183,0.343
636.20,-30.870,32.868,0.0170,-31.231,33.446,-0.199,0.370
636.40,-30.976,32.905,0.1330,-31.335,33.487,-0.222,0.409
636.60,-31.090,32.935,0.2289,-31.450,33.520,-0.243,0.427
636.80,-31.181,32.940,0.2387,-31.548,33.531,-0.216,0.196
637.00,-31.241,32.939,0.2115,-31.616,33.530,-0.147,-0.050
637.20,-31.263,32.938,0.2028,-31.646,33.531,-0.059,-0.137
637.40,-31.284,32.945,0.2379,-31.666,33.537,0.042,0.022
637.60,-31.297,32.946,0.2238,-31.681,33.538,0.064,-0.044
637.80,-31.279,32.958,0.2025,-31.667,33.552,0.122,-0.147
638.00,-31.270,32.960,0.2026,-31.657,33.555,0.145,-0.125
638.20,-31.256,32.965,0.1968,-31.644,33.560,0.138,-0.097
638.40,-31.224,32.985,0.1596,-31.616,33.579,0.187,-0.136
638.60,-31.176,33.010,0.1098,-31.570,33.606,0.258,-0.258
638.80,-31.139,33.022,0.0897,-31.531,33.623,0.274,-0.225
639.00,-31.121,33.026,0.0935,-31.509,33.628,0.230,-0.108
639.20,-31.106,33.038,0.0280,-31.497,33.641,0.181,-0.194
639.40,-31.066,33.027,-0.0062,-31.459,33.631,0.187,-0.238
639.60,-31.022,33.017,-0.0301,-31.417,33.619,0.215,-0.203
639.80,-30.985,33.010,-0.0465,-31.378,33.610,0.233,-0.158
640.00,-30.969,33.003,-0.0637,-31.359,33.602,0.205,-0.127
640.20,-30.950,32.997,-0.0812,-31.341,33.593,0.177,-0.117
640.40,-30.931,32.996,-0.0869,-31.322,33.591,0.164,-0.095
640.60,-30.912,32.993,-0.0966,-31.304,33.589,0.163,-0.093
640.80,-30.895,32.988,-0.1035,-31.289,33.583,0.160,-0.092
641.00,-30.881,32.988,-0.1065,-31.276,33.582,0.150,-0.076
641.20,-30.864,32.986,-0.1068,-31.261,33.581,0.151,-0.039
641.40,-30.848,32.989,-0.1172,-31.247,33.585,0.148,-0.054
641.60,-30.827,32.991,-0.1291,-31.228,33.591,0.152,-0.090
641.80,-30.800,32.988,-0.1294,-31.203,33.589,0.168,-0.069
642.00,-30.771,32.985,-0.1292,-31.174,33.586,0.185,-0.044
642.20,-30.739,32.982,-0.1268,-31.142,33.584,0.193,-0.035
642.40,-30.720,32.981,-0.1302,-31.123,33.584,0.179,-0.050
642.60,-30.690,32.976,-0.1301,-31.095,33.581,0.176,-0.049
642.80,-30.653,32.972,-0.1301,-31.059,33.576,0.187,-0.046
643.00,-30.619,32.968,-0.1299,-31.025,33.572,0.241,-0.020
643.20,-30.590,32.963,-0.1296,-30.996,33.568,0.236,-0.031
643.40,-30.554,32.959,-0.1296,-30.962,33.564,0.227,-0.026
643.60,-30.507,32.954,-0.1299,-30.917,33.558,0.241,-0.026
643.80,-30.459,32.948,-0.1300,-30.869,33.552,0.262,-0.027
644.00,-30.414,32.942,-0.1300,-30.823,33.546,0.266,-0.027
644.20,-30.366,32.935,-0.1300,-30.776,33.539,0.265,-0.028
644.40,-30.314,32.929,-0.1300,-30.724,33.533,0.269,-0.029
644.60,-30.260,32.922,-0.1302,-30.671,33.526,0.275,-0.030
644.80,-30.207,32.915,-0.1304,-30.617,33.520,0.278,-0.032
645.00,-30.152,32.909,-0.1306,-30.563,33.513,0.277,-0.034
645.20,-30.096,32.901,-0.1307,-30.508,33.506,0.274,-0.037
645.40,-30.040,32.894,-0.1307,-30.452,33.499,0.302,-0.009
645.60,-29.985,32.887,-0.1308,-30.396,33.492,0.328,-0.024
645.80,-29.929,32.880,-0.1308,-30.341,33.485,0.316,-0.022
646.00,-29.871,32.872,-0.1308,-30.283,33.478,0.308,-0.019
646.20,-29.806,32.864,-0.1308,-30.219,33.469,0.315,-0.018
646.40,-29.741,32.855,-0.1307,-30.154,33.461,0.322,-0.019
646.60,-29.678,32.846,-0.1307,-30.091,33.452,0.319,-0.018
646.80,-29.615,32.838,-0.1307,-30.028,33.443,0.315,-0.020
647.00,-29.550,32.830,-0.1307,-29.964,33.435,0.311,-0.021
647.20,-29.486,32.822,-0.1305,-29.900,33.427,0.306,-0.023
647.40,-29.423,32.813,-0.1303,-29.836,33.419,0.352,-0.006
647.60,-29.361,32.805,-0.1300,-29.774,33.411,0.356,-0.010
647.80,-29.300,32.798,-0.1300,-29.713,33.403,0.336,-0.008
648.00,-29.233,32.789,-0.1297,-29.647,33.394,0.327,-0.007
648.20,-29.162,32.780,-0.1296,-29.576,33.385,0.333,-0.007
648.40,-29.094,32.771,-0.1293,-29.508,33.376,0.333,-0.007
648.60,-29.029,32.763,-0.1291,-29.442,33.368,0.325,-0.008
648.80,-28.963,32.754,-0.1288,-29.376,33.359,0.318,-0.009
649.00,-28.896,32.745,-0.1287,-29.310,33.350,0.312,-0.009
649.20,-28.831,32.736,-0.1284,-29.244,33.341,0.359,0.002
649.40,-28.768,32.728,-0.1283,-29.181,33.333,0.357,0.001
649.60,-28.706,32.720,-0.1285,-29.118,33.325,0.341,0.003
649.80,-28.638,32.711,-0.1286,-29.052,33.316,0.328,0.004
650.00,-28.566,32.702,-0.1288,-28.980,33.307,0.331,0.004
650.20,-28.498,32.694,-0.1289,-28.912,33.299,0.332,0.005
650.40,-28.433,32.685,-0.1290,-28.846,33.290,0.322,0.004
650.60,-28.368,32.677,-0.1290,-28.781,33.282,0.314,0.005
650.80,-28.303,32.669,-0.1292,-28.716,33.274,0.304,0.005
651.00,-28.239,32.660,-0.1293,-28.652,33.266,0.352,0.009
651.20,-28.177,32.652,-0.1295,-28.589,33.257,0.354,0.013
651.40,-28.115,32.644,-0.1296,-28.527,33.249,0.332,0.015
651.60,-28.046,32.634,-0.1298,-28.460,33.240,0.325,0.016
651.80,-27.976,32.625,-0.1300,-28.390,33.231,0.330,0.018
652.00,-27.910,32.616,-0.1300,-28.323,33.221,0.327,0.020
652.20,-27.845,32.607,-0.1302,-28.258,33.213,0.319,0.021
652.40,-27.781,32.598,-0.1303,-28.193,33.204,0.308,0.021
652.60,-27.717,32.590,-0.1302,-28.129,33.196,0.302,0.021
652.80,-27.654,32.582,-0.1300,-28.066,33.188,0.354,0.015
653.00,-27.594,32.575,-0.1298,-28.005,33.181,0.342,0.025
653.20,-27.534,32.567,-0.1297,-27.944,33.173,0.323,0.028
653.40,-27.466,32.559,-0.1294,-27.877,33.165,0.320,0.031
653.60,-27.400,32.551,-0.1291,-27.810,33.157,0.323,0.032
653.80,-27.336,32.543,-0.1289,-27.746,33.148,0.319,0.033
654.00,-27.275,32.535,-0.1287,-27.683,33.140,0.309,0.035
654.20,-27.212,32.527,-0.1284,-27.620,33.132,0.302,0.035
654.40,-27.150,32.518,-0.1282,-27.558,33.124,0.295,0.037
654.60,-27.091,32.510,-0.1281,-27.498,33.116,0.331,0.021
654.80,-27.034,32.503,-0.1279,-27.441,33.109,0.333,0.033
655.00,-26.979,32.495,-0.1278,-27.386,33.102,0.314,0.038
655.20,-26.917,32.487,-0.1275,-27.325,33.094,0.304,0.040
655.40,-26.852,32.478,-0.1273,-27.260,33.086,0.312,0.044
655.60,-26.790,32.471,-0.1273,-27.198,33.079,0.323,-0.052
655.80,-26.730,32.464,-0.1273,-27.137,33.072,0.320,-0.078
656.00,-26.669,32.456,-0.1273,-27.075,33.065,0.312,-0.062
656.20,-26.603,32.448,-0.1298,-27.010,33.058,0.302,-0.063
656.40,-26.527,32.442,-0.1398,-26.935,33.053,0.350,-0.060
656.60,-26.456,32.434,-0.1460,-26.861,33.046,0.389,-0.079
656.80,-26.385,32.425,-0.1534,-26.789,33.040,0.380,-0.075
657.00,-26.306,32.416,-0.1618,-26.711,33.032,0.372,-0.084
657.20,-26.216,32.403,-0.1691,-26.621,33.021,0.386,-0.081
657.40,-26.126,32.389,-0.1766,-26.529,33.009,0.403,-0.083
657.60,-26.036,32.376,-0.1855,-26.438,32.997,0.406,-0.088
657.80,-25.943,32.362,-0.1946,-26.343,32.985,0.439,-0.057
658.00,-25.846,32.346,-0.2051,-26.245,32.972,0.481,-0.060
658.20,-25.747,32.329,-0.2169,-26.144,32.957,0.470,-0.071
658.40,-25.649,32.310,-0.2236,-26.044,32.939,0.459,-0.067
658.60,-25.548,32.287,-0.2267,-25.942,32.918,0.451,-0.049
658.80,-25.451,32.266,-0.2284,-25.843,32.897,0.446,-0.042
659.00,-25.366,32.246,-0.2291,-25.758,32.878,0.448,-0.002
659.20,-25.283,32.226,-0.2293,-25.675,32.859,0.454,0.007
659.40,-25.197,32.206,-0.2291,-25.590,32.840,0.432,0.005
659.60,-25.112,32.186,-0.2290,-25.505,32.820,0.409,0.010
659.80,-25.023,32.166,-0.2289,-25.417,32.800,0.401,0.011
660.00,-24.938,32.146,-0.2289,-25.331,32.780,0.397,0.011
660.20,-24.858,32.128,-0.2290,-25.250,32.762,0.379,0.010
660.40,-24.780,32.110,-0.2291,-25.172,32.744,0.394,0.023
660.60,-24.703,32.092,-0.2291,-25.094,32.726,0.421,0.029
660.80,-24.629,32.075,-0.2292,-25.019,32.708,0.400,0.031
661.00,-24.552,32.058,-0.2292,-24.943,32.691,0.370,0.032
661.20,-24.476,32.040,-0.2292,-24.867,32.672,0.367,0.034
661.40,-24.403,32.023,-0.2292,-24.793,32.655,0.356,0.036
661.60,-24.332,32.006,-0.2290,-24.721,32.638,0.342,0.038
661.80,-24.262,31.988,-0.2288,-24.650,32.621,0.333,0.040
662.00,-24.193,31.972,-0.2286,-24.581,32.605,0.362,0.032
662.20,-24.127,31.957,-0.2285,-24.514,32.589,0.377,0.042
662.40,-24.063,31.943,-0.2281,-24.450,32.575,0.352,0.048
662.60,-23.995,31.927,-0.2280,-24.382,32.559,0.337,0.050
662.80,-23.922,31.911,-0.2277,-24.310,32.543,0.340,0.052
663.00,-23.853,31.895,-0.2269,-24.239,32.529,0.340,0.060
663.20,-23.790,31.881,-0.2266,-24.175,32.514,0.326,0.064
663.40,-23.728,31.866,-0.2263,-24.113,32.498,0.330,-0.059
663.60,-23.667,31.852,-0.2256,-24.054,32.483,0.316,-0.063
663.80,-23.609,31.838,-0.2246,-23.995,32.469,0.341,0.001
664.00,-23.544,31.823,-0.2266,-23.932,32.455,0.354,-0.017
664.20,-23.475,31.807,-0.2307,-23.862,32.441,0.353,-0.034
664.40,-23.409,31.791,-0.2314,-23.795,32.425,0.349,-0.037
664.60,-23.339,31.773,-0.2317,-23.727,32.408,0.346,-0.023
664.80,-23.271,31.756,-0.2318,-23.658,32.391,0.344,-0.018
665.00,-23.204,31.739,-0.2320,-23.590,32.375,0.339,-0.018
665.20,-23.136,31.722,-0.2322,-23.523,32.358,0.331,-0.019
665.40,-23.069,31.705,-0.2323,-23.456,32.341,0.323,-0.019
665.60,-23.003,31.689,-0.2324,-23.389,32.325,0.372,0.010
665.80,-22.938,31.672,-0.2325,-23.324,32.308,0.371,0.005
666.00,-22.875,31.656,-0.2327,-23.261,32.292,0.352,0.004
666.20,-22.806,31.639,-0.2328,-23.194,32.276,0.339,0.004
666.40,-22.734,31.621,-0.2329,-23.122,32.258,0.343,0.005
666.60,-22.667,31.604,-0.2330,-23.053,32.241,0.342,0.006
666.80,-22.601,31.588,-0.2331,-22.988,32.225,0.331,0.006
667.00,-22.536,31.572,-0.2332,-22.922,32.209,0.321,0.007
667.20,-22.471,31.555,-0.2333,-22.857,32.192,0.315,0.007
667.40,-22.408,31.540,-0.2333,-22.793,32.176,0.370,0.023
667.60,-22.346,31.525,-0.2334,-22.731,32.161,0.355,0.025
667.80,-22.286,31.510,-0.2334,-22.670,32.147,0.332,0.026
668.00,-22.217,31.493,-0.2334,-22.602,32.130,0.329,0.028
668.20,-22.149,31.477,-0.2334,-22.534,32.114,0.332,0.028
668.40,-22.084,31.461,-0.2334,-22.468,32.099,0.329,0.030
668.60,-22.021,31.446,-0.2335,-22.404,32.083,0.319,0.032
668.80,-21.958,31.431,-0.2335,-22.341,32.068,0.311,0.033
669.00,-21.895,31.416,-0.2336,-22.277,32.053,0.303,0.034
669.20,-21.833,31.401,-0.2336,-22.215,32.038,0.348,0.032
669.40,-21.773,31.387,-0.2336,-22.155,32.023,0.351,0.043
669.60,-21.712,31.372,-0.2336,-22.094,32.008,0.330,0.046
669.80,-21.645,31.356,-0.2336,-22.028,31.992,0.324,0.048
670.00,-21.578,31.340,-0.2335,-21.961,31.977,0.328,0.052
670.20,-21.519,31.326,-0.2333,-21.901,31.962,0.315,0.056
670.40,-21.461,31.312,-0.2331,-21.843,31.949,0.300,0.059
670.60,-21.404,31.299,-0.2327,-21.786,31.936,0.290,0.061
670.80,-21.352,31.286,-0.2323,-21.735,31.924,0.275,0.062
671.00,-21.304,31.275,-0.2319,-21.687,31.913,0.257,0.063
671.20,-21.260,31.265,-0.2315,-21.644,31.903,0.306,-0.045
671.40,-21.219,31.255,-0.2311,-21.604,31.894,0.292,-0.039
671.60,-21.179,31.246,-0.2307,-21.566,31.886,0.263,-0.015
671.80,-21.123,31.233,-0.2310,-21.513,31.874,0.269,-0.014
672.00,-21.063,31.219,-0.2314,-21.453,31.861,0.296,-0.020
672.20,-21.010,31.207,-0.2314,-21.399,31.848,0.300,-0.018
672.40,-20.954,31.194,-0.2314,-21.344,31.836,0.297,-0.019
672.60,-20.896,31.180,-0.2314,-21.286,31.822,0.299,-0.019
672.80,-20.837,31.167,-0.2314,-21.228,31.809,0.304,-0.021
673.00,-20.779,31.153,-0.2314,-21.170,31.795,0.300,-0.023
673.20,-20.720,31.139,-0.2314,-21.111,31.781,0.295,-0.022
673.40,-20.661,31.125,-0.2314,-21.052,31.767,0.343,0.005
673.60,-20.602,31.111,-0.2315,-20.993,31.753,0.346,-0.000
673.80,-20.543,31.097,-0.2315,-20.934,31.740,0.327,0.001
674.00,-20.478,31.081,-0.2315,-20.871,31.725,0.327,0.001
674.20,-20.415,31.066,-0.2315,-20.806,31.709,0.328,0.001
674.40,-20.353,31.051,-0.2315,-20.744,31.695,0.324,0.001
674.60,-20.289,31.035,-0.2316,-20.680,31.678,0.320,0.001
674.80,-20.226,31.020,-0.2316,-20.617,31.664,0.315,0.000
675.00,-20.164,31.006,-0.2316,-20.555,31.649,0.309,0.001
675.20,-20.102,30.991,-0.2316,-20.493,31.634,0.332,0.018
675.40,-20.040,30.976,-0.2317,-20.431,31.619,0.359,0.018
675.60,-19.981,30.963,-0.2317,-20.371,31.606,0.345,0.019
675.80,-19.920,30.948,-0.2316,-20.311,31.592,0.325,0.021
676.00,-19.852,30.932,-0.2316,-20.244,31.575,0.325,0.023
676.20,-19.785,30.916,-0.2315,-20.177,31.559,0.329,0.024
676.40,-19.722,30.900,-0.2315,-20.112,31.544,0.325,0.025
676.60,-19.659,30.885,-0.2315,-20.049,31.529,0.315,0.026
676.80,-19.594,30.871,-0.2315,-19.985,31.515,0.309,0.027
677.00,-19.532,30.856,-0.2315,-19.922,31.500,0.305,0.027
677.20,-19.471,30.841,-0.2315,-19.860,31.485,0.358,0.032
677.40,-19.411,30.826,-0.2315,-19.801,31.470,0.343,0.039
677.60,-19.349,30.812,-0.2315,-19.739,31.456,0.329,0.041
677.80,-19.281,30.796,-0.2314,-19.672,31.440,0.326,0.042
678.00,-19.211,30.780,-0.2314,-19.603,31.424,0.332,0.044
678.20,-19.147,30.765,-0.2313,-19.538,31.408,0.327,0.047
678.40,-19.084,30.749,-0.2312,-19.474,31.393,0.314,0.050
678.60,-19.019,30.734,-0.2311,-19.409,31.378,0.309,0.054
678.80,-18.952,30.719,-0.2307,-19.342,31.364,0.306,0.062
679.00,-18.887,30.703,-0.2301,-19.275,31.350,0.363,0.054
679.20,-18.821,30.688,-0.2293,-19.209,31.335,0.360,0.068
679.40,-18.753,30.673,-0.2282,-19.140,31.321,0.346,0.072
679.60,-18.679,30.656,-0.2275,-19.066,31.305,0.363,-0.048
679.80,-18.599,30.638,-0.2259,-18.985,31.287,0.379,-0.039
680.00,-18.520,30.620,-0.2237,-18.904,31.270,0.384,-0.020
680.20,-18.451,30.605,-0.2239,-18.834,31.254,0.363,-0.025
680.40,-18.380,30.589,-0.2240,-18.764,31.238,0.344,-0.032
680.60,-18.306,30.572,-0.2240,-18.690,31.221,0.391,0.000
680.80,-18.235,30.556,-0.2240,-18.618,31.205,0.394,-0.008
681.00,-18.169,30.541,-0.2240,-18.550,31.189,0.367,-0.008
681.20,-18.094,30.524,-0.2240,-18.477,31.173,0.357,-0.009
681.40,-18.017,30.507,-0.2240,-18.400,31.156,0.359,-0.009
681.60,-17.944,30.490,-0.2240,-18.326,31.139,0.358,-0.008
681.80,-17.875,30.474,-0.2240,-18.257,31.123,0.347,-0.008
682.00,-17.805,30.458,-0.2240,-18.187,31.106,0.335,-0.012
682.20,-17.735,30.442,-0.2240,-18.117,31.090,0.382,0.013
682.40,-17.668,30.426,-0.2240,-18.049,31.074,0.381,0.012
682.60,-17.602,30.411,-0.2241,-17.983,31.059,0.361,0.012
682.80,-17.531,30.395,-0.2241,-17.913,31.043,0.346,0.013
683.00,-17.458,30.379,-0.2241,-17.840,31.027,0.349,0.014
683.20,-17.389,30.363,-0.2240,-17.771,31.011,0.344,0.014
683.40,-17.322,30.348,-0.2240,-17.703,30.995,0.334,0.015
683.60,-17.255,30.333,-0.2240,-17.636,30.980,0.324,0.015
683.80,-17.188,30.317,-0.2239,-17.569,30.965,0.316,0.015
684.00,-17.123,30.303,-0.2239,-17.503,30.950,0.373,0.027
684.20,-17.060,30.288,-0.2238,-17.440,30.935,0.363,0.030
684.40,-16.998,30.274,-0.2238,-17.378,30.921,0.337,0.033
684.60,-16.929,30.258,-0.2238,-17.310,30.905,0.330,0.035
684.80,-16.858,30.241,-0.2237,-17.239,30.888,0.336,0.036
685.00,-16.792,30.226,-0.2237,-17.172,30.873,0.331,0.038
685.20,-16.727,30.211,-0.2237,-17.107,30.857,0.321,0.041
685.40,-16.662,30.196,-0.2236,-17.042,30.843,0.311,0.041
685.60,-16.598,30.183,-0.2235,-16.978,30.830,0.329,0.036
685.80,-16.537,30.170,-0.2235,-16.916,30.816,0.358,0.041
686.00,-16.479,30.157,-0.2234,-16.857,30.804,0.336,0.051
686.20,-16.419,30.144,-0.2233,-16.798,30.792,0.318,0.053
686.40,-16.352,30.130,-0.2232,-16.732,30.778,0.316,0.056
686.60,-16.292,30.117,-0.2229,-16.672,30.765,0.311,0.060
686.80,-16.236,30.104,-0.2226,-16.616,30.753,0.313,-0.045
687.00,-16.182,30.092,-0.2223,-16.562,30.742,0.320,-0.151
687.20,-16.129,30.080,-0.2220,-16.510,30.731,0.296,-0.133
687.40,-16.073,30.067,-0.2232,-16.456,30.718,0.282,-0.123
687.60,-16.006,30.047,-0.2357,-16.391,30.699,0.295,-0.159
687.80,-15.943,30.022,-0.2580,-16.328,30.674,0.305,-0.209
688.00,-15.876,29.992,-0.2857,-16.262,30.642,0.311,-0.233
688.20,-15.802,29.950,-0.3310,-16.189,30.599,0.333,-0.273
688.40,-15.724,29.892,-0.3957,-16.112,30.543,0.378,-0.201
688.60,-15.644,29.821,-0.4733,-16.032,30.471,0.417,-0.225
688.80,-15.578,29.750,-0.5499,-15.963,30.401,0.434,-0.250
689.00,-15.520,29.684,-0.6096,-15.905,30.332,0.413,-0.231
689.20,-15.466,29.651,-0.6491,-15.851,30.295,0.360,-0.154
689.40,-15.413,29.630,-0.6941,-15.799,30.273,0.306,-0.122
689.60,-15.350,29.602,-0.7498,-15.738,30.248,0.315,-0.109
689.80,-15.280,29.560,-0.8009,-15.668,30.211,0.338,-0.094
690.00,-15.213,29.507,-0.8334,-15.597,30.161,0.356,-0.066
690.20,-15.149,29.451,-0.8601,-15.530,30.107,0.362,-0.025
690.40,-15.089,29.389,-0.8763,-15.466,30.047,0.360,0.002
690.60,-15.031,29.323,-0.8823,-15.406,29.982,0.350,0.057
690.80,-14.982,29.263,-0.8827,-15.355,29.920,0.330,0.094
691.00,-14.936,29.207,-0.8828,-15.308,29.863,0.341,0.065
691.20,-14.894,29.155,-0.8823,-15.265,29.811,0.314,0.103
691.40,-14.857,29.109,-0.8814,-15.228,29.766,0.299,0.108
691.60,-14.819,29.063,-0.8804,-15.190,29.719,0.318,0.142
691.80,-14.789,29.026,-0.8785,-15.159,29.682,0.292,0.159
692.00,-14.773,29.007,-0.8784,-15.142,29.662,0.214,0.141
692.20,-14.766,28.998,-0.8798,-15.134,29.654,0.149,0.126
692.40,-14.742,28.991,-0.8418,-15.114,29.649,0.128,0.196
692.60,-14.728,28.980,-0.8263,-15.098,29.639,0.133,0.204
692.80,-14.724,28.968,-0.8032,-15.093,29.630,0.123,0.198
693.00,-14.718,28.953,-0.7420,-15.090,29.614,0.129,0.311
693.20,-14.703,28.945,-0.7218,-15.075,29.606,0.134,0.302
693.40,-14.699,28.939,-0.6775,-15.069,29.600,0.129,0.248
693.60,-14.704,28.926,-0.5734,-15.073,29.588,0.125,0.364
693.80,-14.704,28.911,-0.4303,-15.075,29.574,0.130,0.518
694.00,-14.671,28.909,-0.3690,-15.047,29.571,0.161,0.497
694.20,-14.625,28.912,-0.3201,-15.002,29.572,0.222,0.258
694.40,-14.573,28.918,-0.2623,-14.952,29.578,0.251,0.198
694.60,-14.519,28.928,-0.2025,-14.898,29.587,0.262,0.206
694.80,-14.464,28.939,-0.1503,-14.843,29.597,0.264,0.192
695.00,-14.407,28.949,-0.1031,-14.787,29.609,0.263,0.273
695.20,-14.377,28.953,-0.0714,-14.753,29.614,0.237,0.191
695.40,-14.353,28.954,-0.0395,-14.727,29.618,0.202,0.144
695.60,-14.330,28.947,-0.0101,-14.705,29.612,0.175,0.120
695.80,-14.299,28.937,0.0193,-14.676,29.602,0.173,0.152
696.00,-14.253,28.925,0.0554,-14.633,29.588,0.206,0.161
696.20,-14.199,28.914,0.0945,-14.580,29.574,0.272,0.147
696.40,-14.136,28.901,0.1453,-14.517,29.559,0.305,0.107
696.60,-14.063,28.891,0.2030,-14.444,29.546,0.321,0.116
696.80,-13.981,28.888,0.2597,-14.362,29.538,0.336,0.160
697.00,-13.898,28.895,0.3007,-14.277,29.541,0.340,0.140
697.20,-13.813,28.912,0.3286,-14.192,29.554,0.339,0.068
697.40,-13.723,28.926,0.3800,-14.101,29.566,0.339,0.080
697.60,-13.634,28.940,0.4354,-14.009,29.577,0.365,0.157
697.80,-13.557,28.970,0.4480,-13.928,29.604,0.370,0.058
698.00,-13.485,29.003,0.4526,-13.854,29.637,0.365,0.015
698.20,-13.409,29.034,0.4724,-13.778,29.666,0.354,0.009
698.40,-13.339,29.070,0.4762,-13.705,29.701,0.347,-0.009
698.60,-13.275,29.102,0.4761,-13.640,29.734,0.323,-0.069
698.80,-13.212,29.135,0.4761,-13.577,29.766,0.302,-0.088
699.00,-13.150,29.168,0.4761,-13.515,29.799,0.289,-0.090
699.20,-13.089,29.199,0.4739,-13.452,29.830,0.297,-0.085
699.40,-13.029,29.228,0.4699,-13.392,29.859,0.317,-0.135
699.60,-12.972,29.255,0.4653,-13.333,29.887,0.306,-0.142
699.80,-12.923,29.280,0.4627,-13.283,29.911,0.280,-0.133
700.00,-12.877,29.300,0.4548,-13.236,29.932,0.251,-0.141
700.20,-12.836,29.315,0.4421,-13.195,29.946,0.224,-0.168
700.40,-12.802,29.324,0.4287,-13.161,29.955,0.195,-0.179
700.60,-12.773,29.330,0.4101,-13.131,29.960,0.178,-0.188
700.80,-12.750,29.334,0.3928,-13.108,29.962,0.156,-0.176
701.00,-12.725,29.336,0.3709,-13.084,29.964,0.146,-0.153
701.20,-12.699,29.337,0.3454,-13.058,29.964,0.146,-0.149
701.40,-12.671,29.338,0.3205,-13.030,29.963,0.150,-0.149
701.60,-12.646,29.338,0.2990,-13.005,29.962,0.150,-0.147
701.80,-12.620,29.337,0.2752,-12.979,29.960,0.149,-0.147
702.00,-12.593,29.335,0.2513,-12.953,29.957,0.151,-0.155
702.20,-12.566,29.333,0.2271,-12.926,29.953,0.153,-0.156
702.40,-12.540,29.330,0.2036,-12.900,29.948,0.154,-0.157
702.60,-12.514,29.326,0.1803,-12.874,29.943,0.184,-0.131
702.80,-12.494,29.328,0.1556,-12.852,29.941,0.193,-0.151
703.00,-12.487,29.349,0.1073,-12.845,29.963,0.168,-0.204
703.20,-12.474,29.369,0.0717,-12.832,29.985,0.156,-0.216
703.40,-12.461,29.390,0.0329,-12.818,30.009,0.159,-0.201
703.60,-12.450,29.413,-0.0306,-12.807,30.033,0.158,-0.252
703.80,-12.433,29.433,-0.1152,-12.791,30.054,0.165,-0.331
704.00,-12.423,29.439,-0.1776,-12.779,30.062,0.166,-0.318
704.20,-12.403,29.443,-0.2900,-12.762,30.066,0.166,-0.364
704.40,-12.381,29.446,-0.4434,-12.741,30.070,0.183,-0.511
704.60,-12.356,29.443,-0.5941,-12.717,30.069,0.201,-0.602
704.80,-12.330,29.418,-0.6937,-12.691,30.045,0.221,-0.470
705.00,-12.313,29.380,-0.7433,-12.673,30.008,0.232,-0.217
705.20,-12.297,29.344,-0.7929,-12.656,29.972,0.231,-0.113
705.40,-12.300,29.340,-0.8269,-12.655,29.960,0.195,-0.069
705.60,-12.302,29.358,-0.8517,-12.658,29.976,0.092,-0.043
705.80,-12.293,29.361,-0.8645,-12.650,29.984,0.079,-0.037
706.00,-12.285,29.364,-0.8643,-12.640,29.990,0.091,0.028
706.20,-12.284,29.364,-0.8640,-12.640,29.989,0.098,0.071
706.40,-12.282,29.364,-0.8645,-12.638,29.991,0.096,0.069
706.60,-12.281,29.363,-0.8623,-12.638,29.991,0.097,0.080
706.80,-12.271,29.360,-0.8517,-12.627,29.987,0.113,0.112
707.00,-12.262,29.356,-0.8397,-12.616,29.982,0.127,0.148
707.20,-12.251,29.352,-0.8258,-12.605,29.977,0.134,0.162
707.40,-12.235,29.347,-0.7982,-12.589,29.972,0.141,0.190
707.60,-12.223,29.348,-0.7702,-12.575,29.973,0.140,0.213
707.80,-12.231,29.366,-0.7501,-12.582,29.991,0.094,0.178
708.00,-12.239,29.386,-0.7256,-12.590,30.013,0.049,0.166
708.20,-12.249,29.408,-0.6979,-12.598,30.036,0.038,0.181
708.40,-12.260,29.431,-0.6700,-12.609,30.062,0.032,0.196
708.60,-12.270,29.451,-0.6466,-12.620,30.084,0.034,0.170
708.80,-12.281,29.470,-0.6224,-12.632,30.104,0.040,0.123
709.00,-12.295,29.492,-0.5943,-12.646,30.127,0.037,0.103
709.20,-12.310,29.514,-0.5666,-12.662,30.150,0.032,0.103
709.40,-12.322,29.533,-0.5441,-12.676,30.171,0.037,0.111
709.60,-12.333,29.545,-0.5298,-12.689,30.187,0.048,0.094
709.80,-12.343,29.557,-0.5165,-12.702,30.201,0.057,0.070
710.00,-12.355,29.571,-0.5005,-12.716,30.217,0.043,0.152
710.20,-12.363,29.580,-0.4889,-12.728,30.229,0.045,0.126
710.40,-12.363,29.582,-0.4710,-12.730,30.234,0.071,0.118
710.60,-12.354,29.580,-0.4148,-12.723,30.234,0.110,0.238
710.80,-12.336,29.573,-0.3957,-12.706,30.228,0.145,0.229
711.00,-12.319,29.555,-0.3736,-12.688,30.211,0.168,0.158
711.20,-12.305,29.551,-0.3325,-12.673,30.200,0.179,0.162
711.40,-12.289,29.574,-0.2656,-12.656,30.223,0.156,0.239
711.60,-12.268,29.590,-0.2021,-12.636,30.241,0.157,0.286
711.80,-12.240,29.603,-0.1437,-12.611,30.255,0.171,0.296
712.00,-12.209,29.602,-0.0941,-12.581,30.256,0.190,0.289
712.20,-12.183,29.589,-0.0602,-12.556,30.243,0.192,0.226
712.40,-12.152,29.574,-0.0216,-12.526,30.228,0.198,0.205
712.60,-12.141,29.568,0.0000,-12.510,30.220,0.178,0.143
712.80,-12.127,29.566,0.0445,-12.499,30.215,0.147,0.157
713.00,-12.102,29.560,0.0768,-12.475,30.209,0.157,0.166
713.20,-12.079,29.549,0.1198,-12.453,30.198,0.165,0.170
713.40,-12.066,29.530,0.1727,-12.439,30.179,0.149,0.219
713.60,-12.058,29.511,0.2244,-12.430,30.158,0.124,0.230
713.80,-12.043,29.495,0.2774,-12.417,30.139,0.117,0.146
714.00,-12.018,29.483,0.3600,-12.394,30.125,0.114,0.208
714.20,-11.996,29.480,0.4556,-12.372,30.120,0.112,0.355
714.40,-11.974,29.478,0.5097,-12.350,30.118,0.103,0.304
714.60,-11.952,29.477,0.6000,-12.327,30.117,0.104,0.281
714.80,-11.962,29.485,0.6963,-12.332,30.124,0.085,0.401
715.00,-11.981,29.493,0.7563,-12.350,30.131,0.048,0.355
715.20,-12.004,29.501,0.8256,-12.374,30.140,0.008,0.243
715.40,-12.039,29.509,0.9174,-12.410,30.150,-0.003,0.308
715.60,-12.073,29.511,0.9904,-12.445,30.152,-0.017,0.314
715.80,-12.106,29.505,1.0473,-12.481,30.147,-0.035,0.265
716.00,-12.140,29.502,1.1086,-12.523,30.144,-0.043,0.230
716.20,-12.177,29.501,1.1768,-12.554,30.144,-0.036,0.232
716.40,-12.208,29.499,1.2342,-12.589,30.143,-0.027,0.240
716.60,-12.235,29.495,1.2825,-12.620,30.141,-0.024,0.207
716.80,-12.260,29.490,1.3293,-12.648,30.138,-0.022,0.178
717.00,-12.286,29.484,1.3769,-12.677,30.134,-0.022,0.173
717.20,-12.308,29.477,1.4188,-12.702,30.128,-0.024,0.164
717.40,-12.326,29.470,1.4522,-12.724,30.121,-0.027,0.137
717.60,-12.341,29.463,1.4830,-12.743,30.114,-0.030,0.110
717.80,-12.357,29.454,1.5109,-12.761,30.104,-0.035,0.088
718.00,-12.369,29.447,1.5346,-12.777,30.096,-0.037,0.077
718.20,-12.378,29.442,1.5511,-12.790,30.091,-0.031,0.067
718.40,-12.384,29.437,1.5619,-12.799,30.085,-0.032,0.036
718.60,-12.389,29.434,1.5708,-12.806,30.078,-0.035,0.000
718.80,-12.392,29.431,1.5772,-12.813,30.073,-0.035,-0.016
719.00,-12.393,29.431,1.5780,-12.815,30.070,-0.032,-0.044
719.20,-12.393,29.431,1.5780,-12.815,30.069,-0.029,-0.066
719.40,-12.392,29.432,1.5775,-12.815,30.070,-0.026,-0.077
719.60,-12.391,29.433,1.5764,-12.813,30.072,-0.022,-0.088
719.80,-12.392,29.431,1.5675,-12.815,30.070,-0.027,-0.122
720.00,-12.393,29.425,1.5496,-12.816,30.066,-0.037,-0.211
720.20,-12.393,29.416,1.5411,-12.815,30.058,-0.047,-0.214
720.40,-12.389,29.402,1.5294,-12.811,30.045,-0.056,-0.207
720.60,-12.380,29.397,1.5002,-12.801,30.039,-0.056,-0.227
720.80,-12.365,29.395,1.4500,-12.785,30.037,-0.036,-0.299
721.00,-12.357,29.386,1.3980,-12.774,30.031,-0.027,-0.374
721.20,-12.354,29.371,1.3701,-12.770,30.017,-0.033,-0.347
721.40,-12.350,29.350,1.3412,-12.767,29.996,-0.048,-0.265
721.60,-12.346,29.323,1.3079,-12.762,29.971,-0.063,-0.281
721.80,-12.342,29.291,1.2679,-12.758,29.939,-0.076,-0.253
722.00,-12.339,29.255,1.2272,-12.754,29.903,-0.087,-0.231
722.20,-12.338,29.216,1.1848,-12.751,29.865,-0.091,-0.238
722.40,-12.338,29.180,1.1464,-12.751,29.828,-0.089,-0.236
722.60,-12.339,29.146,1.1105,-12.751,29.793,-0.076,-0.220
722.80,-12.342,29.115,1.0768,-12.754,29.760,-0.060,-0.199
723.00,-12.346,29.084,1.0431,-12.757,29.728,-0.053,-0.186
723.20,-12.351,29.053,1.0101,-12.761,29.697,-0.045,-0.177
723.40,-12.362,29.031,0.9944,-12.770,29.671,-0.035,-0.177
723.60,-12.371,29.022,0.9942,-12.781,29.661,-0.006,-0.139
723.80,-12.384,29.027,0.9592,-12.794,29.664,0.023,-0.161
724.00,-12.394,29.039,0.9235,-12.807,29.675,0.060,-0.258
724.20,-12.388,29.059,0.9029,-12.805,29.694,0.096,-0.264
724.40,-12.380,29.086,0.8750,-12.799,29.721,0.132,-0.260
724.60,-12.370,29.117,0.8401,-12.790,29.751,0.153,-0.265
724.80,-12.357,29.151,0.8012,-12.778,29.785,0.168,-0.295
725.00,-12.341,29.188,0.7592,-12.763,29.823,0.181,-0.313
725.20,-12.323,29.227,0.7157,-12.746,29.861,0.191,-0.315
725.40,-12.301,29.267,0.6685,-12.726,29.902,0.200,-0.312
725.60,-12.277,29.306,0.6199,-12.703,29.942,0.206,-0.313
725.80,-12.259,29.334,0.5810,-12.683,29.973,0.196,-0.283
726.00,-12.244,29.356,0.5481,-12.666,29.996,0.173,-0.225
726.20,-12.225,29.377,0.5138,-12.648,30.018,0.160,-0.202
726.40,-12.206,29.401,0.4797,-12.629,30.041,0.159,-0.198
726.60,-12.183,29.425,0.4468,-12.607,30.065,0.161,-0.201
726.80,-12.161,29.448,0.4154,-12.586,30.089,0.164,-0.207
727.00,-12.138,29.470,0.3842,-12.563,30.112,0.000,0.000
727.20,-12.114,29.491,0.3536,-12.540,30.134,0.151,-0.206
727.40,-12.088,29.513,0.3212,-12.516,30.156,0.182,-0.256
727.60,-12.080,29.515,0.3150,-12.505,30.162,0.163,-0.183
727.80,-12.060,29.509,0.2617,-12.487,30.158,0.145,-0.220
728.00,-12.031,29.507,0.1679,-12.460,30.155,0.156,-0.379
728.20,-11.993,29.528,0.1263,-12.425,30.176,0.189,-0.350
728.40,-11.964,29.543,0.0926,-12.394,30.193,0.203,-0.265
728.60,-11.939,29.557,0.0588,-12.369,30.206,0.191,-0.199
728.80,-11.912,29.571,0.0252,-12.342,30.220,0.186,-0.192
729.00,-11.885,29.582,-0.0062,-12.315,30.234,0.172,-0.135
729.20,-11.863,29.591,-0.0302,-12.292,30.243,0.201,-0.107
729.40,-11.842,29.598,-0.0522,-12.271,30.252,0.219,-0.102
729.60,-11.821,29.604,-0.0700,-12.250,30.259,0.211,-0.094
729.80,-11.803,29.606,-0.0778,-12.233,30.262,0.195,-0.080
730.00,-11.786,29.604,-0.0779,-12.218,30.261,0.183,-0.033
730.20,-11.769,29.603,-0.0780,-12.203,30.259,0.179,-0.005
730.40,-11.748,29.601,-0.0782,-12.185,30.256,0.182,-0.001
730.60,-11.716,29.600,-0.0784,-12.156,30.255,0.198,-0.002
730.80,-11.679,29.596,-0.0784,-12.120,30.251,0.224,0.004
731.00,-11.642,29.592,-0.0784,-12.082,30.246,0.239,0.008
731.20,-11.602,29.589,-0.0784,-12.044,30.243,0.245,0.009
731.40,-11.558,29.585,-0.0784,-12.000,30.240,0.252,0.009
731.60,-11.509,29.581,-0.0785,-11.952,30.235,0.260,0.009
731.80,-11.460,29.577,-0.0786,-11.903,30.231,0.265,0.009
732.00,-11.410,29.573,-0.0786,-11.853,30.227,0.266,0.009
732.20,-11.358,29.569,-0.0787,-11.802,30.223,0.264,0.010
732.40,-11.305,29.565,-0.0787,-11.749,30.219,0.263,0.010
732.60,-11.253,29.561,-0.0788,-11.696,30.214,0.304,0.017
732.80,-11.200,29.556,-0.0788,-11.643,30.210,0.327,0.021
733.00,-11.148,29.553,-0.0789,-11.591,30.206,0.313,0.016
733.20,-11.089,29.549,-0.0789,-11.534,30.204,0.307,0.013
733.40,-11.032,29.544,-0.0792,-11.475,30.199,0.311,0.014
733.60,-10.971,29.539,-0.0792,-11.414,30.194,0.310,0.015
733.80,-10.912,29.534,-0.0793,-11.354,30.189,0.306,0.016
734.00,-10.851,29.529,-0.0794,-11.293,30.184,0.305,0.017
734.20,-10.791,29.523,-0.0794,-11.232,30.179,0.300,0.018
734.40,-10.731,29.519,-0.0795,-11.172,30.174,0.292,0.018
734.60,-10.673,29.515,-0.0796,-11.114,30.170,0.284,0.018
734.80,-10.615,29.510,-0.0796,-11.055,30.165,0.343,0.025
735.00,-10.558,29.506,-0.0796,-10.998,30.161,0.344,-0.084
735.20,-10.501,29.501,-0.0796,-10.941,30.156,0.324,-0.055
735.40,-10.437,29.496,-0.0798,-10.877,30.151,0.321,-0.052
735.60,-10.380,29.491,-0.0811,-10.820,30.147,0.314,-0.057
735.80,-10.324,29.487,-0.0816,-10.765,30.143,0.298,-0.057
736.00,-10.266,29.482,-0.0819,-10.708,30.139,0.288,-0.057
736.20,-10.212,29.478,-0.0824,-10.654,30.135,0.282,-0.057
736.40,-10.160,29.474,-0.0829,-10.602,30.131,0.268,-0.057
736.60,-10.111,29.470,-0.0834,-10.553,30.127,0.251,-0.058
736.80,-10.062,29.466,-0.0839,-10.506,30.124,0.296,-0.031
737.00,-10.017,29.462,-0.0843,-10.460,30.120,0.293,-0.044
737.20,-9.972,29.459,-0.0847,-10.417,30.117,0.281,-0.046
737.40,-9.917,29.454,-0.0847,-10.362,30.112,0.286,-0.043
737.60,-9.860,29.449,-0.0847,-10.305,30.107,0.299,-0.042
737.80,-9.806,29.445,-0.0847,-10.250,30.103,0.299,-0.044
738.00,-9.753,29.440,-0.0849,-10.198,30.098,0.292,-0.046
738.20,-9.697,29.436,-0.0850,-10.142,30.094,0.287,-0.044
738.40,-9.639,29.431,-0.0851,-10.084,30.089,0.287,-0.047
738.60,-9.579,29.426,-0.0854,-10.024,30.084,0.285,-0.051
738.80,-9.521,29.421,-0.0857,-9.965,30.080,0.282,-0.053
739.00,-9.463,29.416,-0.0860,-9.905,30.076,0.336,-0.030
739.20,-9.403,29.411,-0.0867,-9.845,30.072,0.341,-0.044
739.40,-9.342,29.406,-0.0872,-9.783,30.067,0.335,-0.048
739.60,-9.277,29.401,-0.0872,-9.718,30.061,0.333,-0.042
739.80,-9.209,29.395,-0.0876,-9.650,30.056,0.338,-0.045
740.00,-9.149,29.389,-0.0880,-9.589,30.051,0.323,-0.047
740.20,-9.089,29.384,-0.0881,-9.528,30.046,0.309,-0.048
740.40,-9.028,29.378,-0.0885,-9.468,30.041,0.300,-0.048
740.60,-8.971,29.373,-0.0888,-9.410,30.036,0.288,-0.048
740.80,-8.918,29.368,-0.0893,-9.356,30.031,0.294,-0.025
741.00,-8.866,29.363,-0.0896,-9.304,30.026,0.320,-0.026
741.20,-8.814,29.358,-0.0898,-9.252,30.021,0.314,-0.036
741.40,-8.760,29.353,-0.0899,-9.199,30.017,0.305,-0.036
741.60,-8.699,29.348,-0.0900,-9.138,30.011,0.312,-0.034
741.80,-8.638,29.342,-0.0900,-9.076,30.006,0.318,-0.032
742.00,-8.579,29.338,-0.0901,-9.016,30.001,0.315,-0.033
742.20,-8.517,29.333,-0.0900,-8.955,29.996,0.309,-0.035
742.40,-8.455,29.328,-0.0900,-8.892,29.991,0.305,-0.037
742.60,-8.393,29.323,-0.0900,-8.829,29.986,0.299,-0.038
742.80,-8.332,29.318,-0.0900,-8.768,29.981,0.314,-0.017
743.00,-8.273,29.312,-0.0901,-8.708,29.975,0.348,-0.017
743.20,-8.213,29.307,-0.0902,-8.648,29.970,0.341,-0.027
743.40,-8.152,29.302,-0.0902,-8.587,29.964,0.333,-0.030
743.60,-8.083,29.295,-0.0902,-8.519,29.958,0.336,-0.032
743.80,-8.016,29.289,-0.0902,-8.451,29.952,0.337,-0.033
744.00,-7.950,29.283,-0.0902,-8.385,29.946,0.331,-0.033
744.20,-7.884,29.277,-0.0902,-8.319,29.940,0.322,-0.033
744.40,-7.818,29.271,-0.0903,-8.253,29.933,0.315,-0.035
744.60,-7.753,29.266,-0.0903,-8.187,29.928,0.307,-0.036
744.80,-7.689,29.261,-0.0904,-8.122,29.923,0.361,-0.012
745.00,-7.625,29.256,-0.0904,-8.059,29.918,0.360,-0.024
745.20,-7.565,29.249,-0.0904,-7.998,29.912,0.341,-0.028
745.40,-7.495,29.243,-0.0905,-7.930,29.905,0.338,-0.029
745.60,-7.424,29.236,-0.0904,-7.859,29.899,0.341,-0.028
745.80,-7.355,29.230,-0.0904,-7.789,29.893,0.338,-0.030
746.00,-7.287,29.225,-0.0903,-7.721,29.887,0.331,-0.031
746.20,-7.219,29.219,-0.0903,-7.653,29.881,0.321,-0.031
746.40,-7.149,29.214,-0.0902,-7.583,29.876,0.356,-0.010
746.60,-7.081,29.208,-0.0902,-7.515,29.870,0.377,-0.018
746.80,-7.016,29.202,-0.0902,-7.450,29.865,0.363,-0.024
747.00,-6.948,29.196,-0.0902,-7.383,29.859,0.352,-0.030
747.20,-6.872,29.189,-0.0902,-7.309,29.852,0.351,-0.030
747.40,-6.798,29.183,-0.0902,-7.234,29.845,0.354,-0.052
747.60,-6.727,29.176,-0.0902,-7.163,29.839,0.346,-0.051
747.80,-6.657,29.170,-0.0901,-7.093,29.833,0.330,-0.048
748.00,-6.585,29.163,-0.0904,-7.021,29.826,0.319,-0.052
748.20,-6.514,29.157,-0.0908,-6.949,29.818,0.357,-0.049
748.40,-6.446,29.151,-0.0910,-6.881,29.811,0.378,-0.061
748.60,-6.379,29.145,-0.0914,-6.813,29.805,0.362,-0.061
748.80,-6.307,29.138,-0.0917,-6.741,29.797,0.353,-0.061
749.00,-6.236,29.131,-0.0924,-6.670,29.790,0.344,-0.040
749.20,-6.168,29.126,-0.0928,-6.603,29.786,0.332,-0.039
749.40,-6.101,29.119,-0.0933,-6.537,29.780,0.320,-0.046
749.60,-6.036,29.112,-0.0936,-6.473,29.773,0.308,-0.049
749.80,-5.971,29.106,-0.0936,-6.407,29.767,0.299,-0.045
750.00,-5.907,29.100,-0.0937,-6.343,29.761,0.356,-0.044
750.20,-5.849,29.095,-0.0939,-6.285,29.756,0.346,-0.049
750.40,-5.789,29.089,-0.0940,-6.226,29.751,0.325,-0.052
750.60,-5.718,29.083,-0.0943,-6.156,29.745,0.329,-0.049
750.80,-5.645,29.076,-0.0950,-6.083,29.739,0.341,-0.054
751.00,-5.574,29.070,-0.0961,-6.011,29.734,0.342,-0.061
751.20,-5.505,29.065,-0.0968,-5.940,29.729,0.334,-0.064
751.40,-5.433,29.058,-0.0975,-5.868,29.724,0.324,-0.038
751.60,-5.359,29.051,-0.0987,-5.794,29.717,0.365,-0.036
751.80,-5.283,29.044,-0.1007,-5.716,29.711,0.398,-0.056
752.00,-5.215,29.037,-0.1009,-5.646,29.705,0.386,-0.055
752.20,-5.146,29.030,-0.1010,-5.579,29.697,0.358,-0.051
752.40,-5.066,29.021,-0.1016,-5.501,29.689,0.355,-0.058
752.60,-4.981,29.013,-0.1026,-5.416,29.681,0.369,-0.062
752.80,-4.904,29.004,-0.1032,-5.336,29.673,0.363,-0.061
753.00,-4.830,28.996,-0.1040,-5.261,29.665,0.350,-0.061
753.20,-4.765,28.989,-0.1046,-5.195,29.657,0.328,-0.133
753.40,-4.702,28.982,-0.1051,-5.134,29.650,0.297,-0.107
753.60,-4.644,28.976,-0.1066,-5.075,29.644,0.292,-0.078
753.80,-4.603,28.972,-0.1098,-5.033,29.640,0.295,-0.119
754.00,-4.575,28.969,-0.1102,-5.006,29.637,0.237,-0.119
754.20,-4.542,28.965,-0.1107,-4.976,29.633,0.208,-0.098
754.40,-4.513,28.962,-0.1123,-4.948,29.629,0.201,-0.093
754.60,-4.489,28.961,-0.1178,-4.925,29.629,0.185,-0.085
754.80,-4.472,28.960,-0.1185,-4.909,29.628,0.169,-0.097
755.00,-4.456,28.958,-0.1189,-4.894,29.625,0.158,-0.079
755.20,-4.438,28.956,-0.1200,-4.880,29.623,0.155,-0.078
755.40,-4.425,28.955,-0.1216,-4.867,29.622,0.152,-0.084
755.60,-4.413,28.952,-0.1252,-4.857,29.618,0.147,-0.089
755.80,-4.397,28.949,-0.1276,-4.844,29.615,0.148,-0.086
756.00,-4.384,28.947,-0.1272,-4.833,29.614,0.146,-0.072
756.20,-4.372,28.948,-0.1337,-4.823,29.616,0.142,-0.076
756.40,-4.352,28.950,-0.1498,-4.805,29.620,0.155,-0.145
756.60,-4.331,28.946,-0.1535,-4.786,29.616,0.164,-0.149
756.80,-4.313,28.943,-0.1538,-4.769,29.613,0.164,-0.101
757.00,-4.299,28.941,-0.1670,-4.756,29.610,0.159,-0.103
757.20,-4.276,28.943,-0.1973,-4.736,29.612,0.165,-0.186
757.40,-4.255,28.940,-0.2169,-4.715,29.611,0.173,-0.209
757.60,-4.242,28.935,-0.2212,-4.703,29.605,0.165,-0.158
757.80,-4.225,28.932,-0.2421,-4.687,29.603,0.156,-0.131
758.00,-4.206,28.922,-0.2634,-4.668,29.594,0.164,-0.135
758.20,-4.185,28.908,-0.2847,-4.648,29.580,0.172,-0.127
758.40,-4.168,28.898,-0.2961,-4.631,29.569,0.175,-0.113
758.60,-4.155,28.893,-0.3060,-4.618,29.564,0.161,-0.102
758.80,-4.141,28.892,-0.3200,-4.606,29.561,0.151,-0.101
759.00,-4.117,28.894,-0.3487,-4.585,29.564,0.166,-0.222
759.20,-4.093,28.895,-0.3800,-4.561,29.567,0.182,-0.253
759.40,-4.069,28.897,-0.4141,-4.537,29.571,0.187,-0.256
759.60,-4.040,28.900,-0.4872,-4.510,29.574,0.194,-0.313
759.80,-4.006,28.898,-0.5541,-4.477,29.573,0.211,-0.354
760.00,-3.974,28.887,-0.6142,-4.442,29.565,0.227,-0.341
760.20,-3.957,28.865,-0.6493,-4.421,29.545,0.226,-0.238
760.40,-3.941,28.837,-0.6857,-4.403,29.517,0.223,-0.173
760.60,-3.926,28.810,-0.7205,-4.388,29.491,0.221,-0.159
760.80,-3.912,28.783,-0.7507,-4.374,29.463,0.220,-0.157
761.00,-3.899,28.760,-0.7705,-4.362,29.440,0.212,-0.170
761.20,-3.888,28.741,-0.7859,-4.352,29.420,0.203,-0.164
761.40,-3.876,28.721,-0.8020,-4.342,29.400,0.222,-0.095
761.60,-3.865,28.698,-0.8211,-4.332,29.378,0.223,-0.107
761.80,-3.853,28.679,-0.8335,-4.322,29.358,0.216,-0.112
762.00,-3.839,28.663,-0.8333,-4.309,29.344,0.209,-0.058
762.20,-3.828,28.651,-0.8325,-4.299,29.334,0.197,-0.014
762.40,-3.816,28.640,-0.8357,-4.290,29.325,0.183,-0.006
762.60,-3.793,28.614,-0.8358,-4.269,29.303,0.208,0.002
762.80,-3.767,28.585,-0.8358,-4.244,29.275,0.243,0.005
763.00,-3.742,28.558,-0.8358,-4.218,29.248,0.260,0.007
763.20,-3.713,28.526,-0.8358,-4.190,29.216,0.267,0.006
763.40,-3.680,28.489,-0.8358,-4.158,29.181,0.280,0.006
763.60,-3.645,28.450,-0.8358,-4.124,29.143,0.294,0.006
763.80,-3.609,28.410,-0.8358,-4.088,29.103,0.300,0.006
764.00,-3.570,28.368,-0.8358,-4.050,29.061,0.303,0.006
764.20,-3.530,28.324,-0.8358,-4.010,29.017,0.306,0.006
764.40,-3.489,28.278,-0.8358,-3.970,28.972,0.306,0.006
764.60,-3.446,28.232,-0.8359,-3.926,28.926,0.359,0.034
764.80,-3.405,28.187,-0.8359,-3.885,28.881,0.379,0.035
765.00,-3.363,28.142,-0.8359,-3.843,28.836,0.369,0.031
765.20,-3.318,28.090,-0.8358,-3.798,28.786,0.326,-0.070
765.40,-3.267,28.035,-0.8357,-3.748,28.731,0.334,-0.048
765.60,-3.218,27.981,-0.8355,-3.698,28.676,0.394,0.007
765.80,-3.167,27.925,-0.8363,-3.648,28.619,0.419,-0.008
766.00,-3.118,27.870,-0.8364,-3.598,28.564,0.384,0.014
766.20,-3.066,27.812,-0.8362,-3.547,28.507,0.372,0.013
766.40,-3.010,27.751,-0.8362,-3.491,28.446,0.376,0.014
766.60,-2.957,27.692,-0.8362,-3.438,28.386,0.375,0.016
766.80,-2.907,27.637,-0.8361,-3.387,28.331,0.381,-0.032
767.00,-2.857,27.583,-0.8359,-3.338,28.276,0.395,-0.048
767.20,-2.807,27.528,-0.8359,-3.288,28.221,0.381,-0.036
767.40,-2.758,27.472,-0.8359,-3.239,28.166,0.370,-0.035
767.60,-2.708,27.416,-0.8360,-3.189,28.111,0.374,0.012
767.80,-2.656,27.360,-0.8360,-3.137,28.055,0.406,0.041
768.00,-2.607,27.305,-0.8361,-3.087,28.000,0.393,0.025
768.20,-2.556,27.249,-0.8361,-3.037,27.945,0.377,0.023
768.40,-2.502,27.189,-0.8360,-2.982,27.885,0.376,0.025
768.60,-2.449,27.130,-0.8360,-2.930,27.827,0.373,0.026
768.80,-2.398,27.074,-0.8360,-2.879,27.771,0.361,0.028
769.00,-2.347,27.018,-0.8359,-2.828,27.715,0.408,0.053
769.20,-2.297,26.963,-0.8359,-2.778,27.659,0.419,0.061
769.40,-2.248,26.908,-0.8359,-2.728,27.605,0.403,0.055
769.60,-2.196,26.851,-0.8358,-2.677,27.548,0.380,0.053
769.80,-2.135,26.783,-0.8347,-2.617,27.482,0.389,0.063
770.00,-2.077,26.719,-0.8340,-2.556,27.417,0.409,0.029
770.20,-2.021,26.658,-0.8334,-2.499,27.355,0.417,0.035
770.40,-1.965,26.597,-0.8320,-2.441,27.295,0.402,0.046
770.60,-1.907,26.534,-0.8314,-2.383,27.231,0.397,0.048
770.80,-1.850,26.472,-0.8313,-2.326,27.169,0.386,0.040
771.00,-1.795,26.410,-0.8313,-2.271,27.107,0.383,0.030
771.20,-1.741,26.349,-0.8313,-2.216,27.045,0.425,0.078
771.40,-1.687,26.291,-0.8312,-2.162,26.987,0.423,0.079
771.60,-1.636,26.235,-0.8312,-2.110,26.931,0.389,0.068
771.80,-1.585,26.179,-0.8301,-2.061,26.875,0.365,0.073
772.00,-1.534,26.124,-0.8287,-2.011,26.821,0.348,0.084
772.20,-1.486,26.071,-0.8276,-1.963,26.769,0.337,0.089
772.40,-1.441,26.022,-0.8264,-1.918,26.719,0.320,0.095
772.60,-1.400,25.976,-0.8252,-1.877,26.673,0.297,0.095
772.80,-1.360,25.932,-0.8237,-1.837,26.630,0.281,0.094
773.00,-1.321,25.890,-0.8216,-1.798,26.587,0.266,0.097
773.20,-1.284,25.851,-0.8191,-1.761,26.548,0.275,0.098
773.40,-1.252,25.816,-0.8173,-1.729,26.513,0.270,0.035
773.60,-1.222,25.783,-0.8160,-1.700,26.480,0.292,0.095
773.80,-1.186,25.748,-0.8113,-1.665,26.446,0.290,0.107
774.00,-1.151,25.710,-0.8112,-1.630,26.409,0.283,0.094
774.20,-1.119,25.674,-0.8106,-1.599,26.373,0.270,0.083
774.40,-1.088,25.638,-0.8100,-1.568,26.338,0.261,0.081
774.60,-1.054,25.600,-0.8091,-1.536,26.301,0.257,0.083
774.80,-1.016,25.558,-0.8082,-1.499,26.260,0.262,0.088
775.00,-0.974,25.514,-0.8065,-1.457,26.216,0.276,0.095
775.20,-0.927,25.469,-0.8011,-1.408,26.170,0.287,0.110
775.40,-0.879,25.423,-0.7952,-1.358,26.125,0.298,0.126
775.60,-0.828,25.376,-0.7881,-1.305,26.078,0.303,0.138
775.80,-0.775,25.327,-0.7797,-1.251,26.029,0.328,0.066
776.00,-0.719,25.280,-0.7648,-1.194,25.982,0.340,0.099
776.20,-0.659,25.238,-0.7393,-1.133,25.940,0.372,0.183
776.40,-0.607,25.192,-0.7354,-1.079,25.895,0.388,0.184
776.60,-0.559,25.147,-0.7308,-1.030,25.850,0.360,0.125
776.80,-0.525,25.105,-0.7046,-0.995,25.807,0.324,0.145
777.00,-0.494,25.065,-0.6725,-0.966,25.767,0.289,0.200
777.20,-0.455,25.032,-0.6641,-0.930,25.732,0.271,0.174
777.40,-0.423,25.001,-0.6499,-0.897,25.701,0.257,0.134
777.60,-0.401,24.969,-0.6154,-0.875,25.669,0.234,0.186
777.80,-0.375,24.937,-0.5835,-0.852,25.637,0.226,0.213
778.00,-0.347,24.907,-0.5544,-0.825,25.605,0.225,0.208
778.20,-0.321,24.876,-0.5181,-0.801,25.574,0.223,0.213
778.40,-0.292,24.843,-0.4749,-0.773,25.541,0.225,0.229
778.60,-0.255,24.804,-0.4240,-0.739,25.502,0.241,0.257
778.80,-0.211,24.763,-0.3675,-0.696,25.461,0.257,0.274
779.00,-0.162,24.721,-0.3055,-0.649,25.418,0.298,0.173
779.20,-0.104,24.678,-0.2366,-0.594,25.374,0.298,0.228
779.40,-0.037,24.636,-0.1622,-0.529,25.330,0.373,0.283
779.60,0.038,24.601,-0.0974,-0.454,25.292,0.386,0.262
779.80,0.109,24.570,-0.0268,-0.383,25.259,0.377,0.255
780.00,0.170,24.557,0.0578,-0.319,25.241,0.343,0.275
780.20,0.217,24.568,0.1076,-0.268,25.248,0.294,0.244
780.40,0.251,24.585,0.1419,-0.233,25.265,0.251,0.154
780.60,0.282,24.602,0.1746,-0.203,25.283,0.211,0.086
780.80,0.312,24.621,0.2094,-0.174,25.301,0.189,0.058
781.00,0.343,24.637,0.2346,-0.145,25.319,0.181,0.050
781.20,0.371,24.647,0.2420,-0.118,25.331,0.175,0.027
781.40,0.397,24.653,0.2423,-0.093,25.338,0.166,-0.031
781.60,0.426,24.660,0.2426,-0.066,25.346,0.164,-0.055
781.80,0.459,24.669,0.2426,-0.034,25.354,0.168,-0.068
782.00,0.490,24.676,0.2426,-0.002,25.361,0.171,-0.073
782.20,0.517,24.683,0.2424,0.026,25.368,0.210,-0.063
782.40,0.538,24.688,0.2422,0.046,25.374,0.203,-0.079
782.60,0.557,24.693,0.2417,0.063,25.379,0.180,-0.067
782.80,0.586,24.700,0.2413,0.089,25.385,0.181,-0.064
783.00,0.610,24.707,0.2411,0.111,25.392,0.185,-0.066
783.20,0.632,24.712,0.2406,0.132,25.398,0.182,-0.072
783.40,0.655,24.718,0.2403,0.154,25.405,0.180,-0.079
783.60,0.679,24.724,0.2397,0.176,25.411,0.180,-0.076
783.80,0.701,24.729,0.2393,0.197,25.416,0.176,-0.073
784.00,0.719,24.734,0.2387,0.213,25.419,0.166,-0.068
784.20,0.738,24.739,0.2381,0.230,25.423,0.157,-0.068
784.40,0.758,24.743,0.2376,0.247,25.427,0.155,-0.067
784.60,0.777,24.748,0.2371,0.264,25.431,0.154,-0.066
784.80,0.795,24.753,0.2366,0.280,25.435,0.152,-0.066
785.00,0.813,24.757,0.2360,0.295,25.438,0.148,-0.067
785.20,0.830,24.762,0.2355,0.311,25.441,0.146,-0.068
785.40,0.848,24.766,0.2349,0.326,25.445,0.145,-0.069
785.60,0.864,24.770,0.2343,0.340,25.448,0.142,-0.069
785.80,0.878,24.773,0.2334,0.353,25.451,0.138,-0.073
786.00,0.892,24.777,0.2328,0.365,25.455,0.133,-0.074
786.20,0.905,24.781,0.2317,0.376,25.458,0.131,-0.079
786.40,0.916,24.784,0.2304,0.387,25.462,0.129,-0.084
786.60,0.927,24.787,0.2275,0.396,25.466,0.125,-0.091
786.80,0.937,24.792,0.2212,0.404,25.471,0.123,-0.107
787.00,0.950,24.799,0.2077,0.415,25.480,0.127,-0.135
787.20,0.963,24.806,0.1924,0.426,25.489,0.134,-0.164
787.40,0.974,24.811,0.1802,0.437,25.495,0.135,-0.169
787.60,0.984,24.816,0.1543,0.446,25.500,0.131,-0.183
787.80,0.994,24.825,0.0951,0.455,25.508,0.131,-0.228
788.00,1.015,24.825,0.0505,0.474,25.511,0.143,-0.267
788.20,1.038,24.817,0.0247,0.497,25.502,0.166,-0.180
788.40,1.066,24.806,-0.0094,0.524,25.490,0.178,-0.165
788.60,1.099,24.791,-0.0486,0.557,25.475,0.197,-0.305
788.80,1.133,24.775,-0.0842,0.590,25.458,0.230,-0.230
789.00,1.166,24.760,-0.1178,0.623,25.441,0.266,-0.182
789.20,1.198,24.742,-0.1561,0.655,25.423,0.262,-0.165
789.40,1.230,24.722,-0.1921,0.686,25.403,0.252,-0.146
789.60,1.258,24.706,-0.2224,0.714,25.385,0.243,-0.139
789.80,1.277,24.683,-0.2708,0.733,25.363,0.218,-0.171
790.00,1.295,24.656,-0.3230,0.749,25.334,0.202,-0.202
790.20,1.311,24.631,-0.3724,0.764,25.306,0.195,-0.206
790.40,1.321,24.606,-0.4367,0.773,25.281,0.184,-0.228
790.60,1.321,24.579,-0.5099,0.774,25.252,0.172,-0.268
790.80,1.330,24.559,-0.5557,0.780,25.228,0.167,-0.189
791.00,1.343,24.547,-0.5939,0.794,25.216,0.168,-0.119
791.20,1.351,24.533,-0.6816,0.802,25.204,0.167,-0.209
791.40,1.366,24.509,-0.7078,0.816,25.181,0.177,-0.172
791.60,1.383,24.483,-0.7305,0.831,25.154,0.184,-0.087
791.80,1.401,24.452,-0.7601,0.847,25.123,0.197,-0.044
792.00,1.419,24.413,-0.7982,0.864,25.085,0.213,-0.058
792.20,1.445,24.374,-0.8195,0.886,25.042,0.229,-0.060
792.40,1.474,24.341,-0.8214,0.914,25.007,0.236,0.008
792.60,1.505,24.308,-0.8222,0.944,24.972,0.233,0.071
792.80,1.540,24.270,-0.8234,0.978,24.933,0.239,0.086
793.00,1.573,24.235,-0.8233,1.011,24.898,0.241,0.097
793.20,1.599,24.206,-0.8229,1.039,24.868,0.223,0.105
793.40,1.624,24.180,-0.8217,1.063,24.843,0.239,0.020
793.60,1.647,24.155,-0.8201,1.087,24.819,0.224,0.054
793.80,1.672,24.130,-0.8160,1.111,24.796,0.207,0.079
794.00,1.705,24.096,-0.8160,1.142,24.764,0.215,0.076
794.20,1.737,24.061,-0.8155,1.175,24.730,0.225,0.068
794.40,1.765,24.032,-0.8134,1.205,24.700,0.280,0.119
794.60,1.781,24.015,-0.8127,1.221,24.682,0.240,0.115
794.80,1.801,23.994,-0.8120,1.239,24.661,0.217,0.102
795.00,1.819,23.974,-0.8110,1.255,24.643,0.199,0.089
795.20,1.832,23.959,-0.8087,1.266,24.629,0.182,0.093
795.40,1.843,23.947,-0.8059,1.275,24.617,0.164,0.096
795.60,1.856,23.933,-0.8050,1.285,24.605,0.158,0.092
795.80,1.866,23.920,-0.8027,1.293,24.593,0.156,0.092
796.00,1.873,23.908,-0.7918,1.298,24.581,0.150,0.122
796.20,1.881,23.892,-0.7765,1.304,24.565,0.153,0.162
796.40,1.890,23.877,-0.7642,1.310,24.551,0.156,0.184
796.60,1.899,23.868,-0.7553,1.319,24.542,0.155,0.159
796.80,1.917,23.858,-0.7383,1.336,24.533,0.158,0.133
797.00,1.935,23.847,-0.7153,1.355,24.523,0.169,0.125
797.20,1.946,23.830,-0.6776,1.366,24.507,0.172,0.200
797.40,1.965,23.819,-0.6601,1.383,24.494,0.178,0.195
797.60,1.985,23.810,-0.6455,1.403,24.486,0.175,0.147
797.80,2.011,23.800,-0.6210,1.428,24.478,0.177,0.130
798.00,2.041,23.792,-0.5923,1.458,24.470,0.188,0.140
798.20,2.066,23.784,-0.5725,1.485,24.463,0.191,0.144
798.40,2.083,23.777,-0.5615,1.503,24.457,0.177,0.121
798.60,2.101,23.771,-0.5481,1.520,24.452,0.163,0.108
798.80,2.115,23.763,-0.5382,1.534,24.446,0.156,0.120
799.00,2.126,23.755,-0.5298,1.545,24.438,0.150,0.134
799.20,2.137,23.744,-0.5156,1.554,24.427,0.145,0.144
799.40,2.154,23.738,-0.5051,1.570,24.422,0.150,0.127
799.60,2.168,23.732,-0.4938,1.585,24.417,0.151,0.118
799.80,2.181,23.724,-0.4811,1.598,24.410,0.149,0.119
800.00,2.195,23.714,-0.4664,1.611,24.401,0.150,0.136
800.20,2.207,23.706,-0.4528,1.622,24.393,0.148,0.140
800.40,2.220,23.699,-0.4459,1.635,24.387,0.146,0.140
800.60,2.232,23.689,-0.4233,1.646,24.377,0.145,0.140
800.80,2.249,23.684,-0.4123,1.662,24.373,0.149,0.140
801.00,2.271,23.682,-0.3955,1.683,24.372,0.155,0.151
801.20,2.292,23.679,-0.3794,1.705,24.371,0.164,0.174
801.40,2.305,23.672,-0.3591,1.719,24.365,0.158,0.172
801.60,2.318,23.659,-0.3258,1.731,24.353,0.153,0.188
801.80,2.331,23.638,-0.2587,1.744,24.334,0.155,0.266
802.00,2.349,23.621,-0.1929,1.760,24.315,0.158,0.340
802.20,2.379,23.611,-0.1487,1.789,24.302,0.216,0.267
802.40,2.409,23.618,-0.1180,1.819,24.307,0.237,0.161
802.60,2.446,23.629,-0.0763,1.854,24.317,0.240,0.122
802.80,2.488,23.643,-0.0316,1.896,24.332,0.246,0.127
803.00,2.510,23.646,-0.0182,1.920,24.338,0.229,0.137
803.20,2.534,23.637,0.0085,1.941,24.330,0.206,0.124
803.40,2.562,23.624,0.0479,1.968,24.317,0.201,0.171
803.60,2.592,23.610,0.0944,1.997,24.302,0.200,0.208
803.80,2.620,23.597,0.1391,2.024,24.287,0.195,0.190
804.00,2.644,23.583,0.2015,2.049,24.271,0.184,0.205
804.20,2.665,23.569,0.2852,2.069,24.257,0.163,0.296
804.40,2.686,23.558,0.3445,2.090,24.243,0.145,0.299
804.60,2.695,23.562,0.3881,2.101,24.244,0.133,0.180
804.80,2.690,23.578,0.5017,2.099,24.259,0.102,0.311
805.00,2.672,23.597,0.6015,2.084,24.279,0.077,0.400
805.20,2.639,23.591,0.6367,2.051,24.277,0.020,0.237
805.40,2.600,23.582,0.6807,2.013,24.269,-0.027,0.131
805.60,2.550,23.568,0.7383,1.964,24.257,-0.056,0.134
805.80,2.498,23.548,0.7945,1.909,24.239,-0.097,0.160
806.00,2.464,23.532,0.8290,1.870,24.222,-0.078,0.123
806.20,2.429,23.514,0.8637,1.832,24.205,-0.049,0.084
806.40,2.388,23.492,0.9063,1.791,24.183,-0.053,0.088
806.60,2.352,23.467,0.9431,1.751,24.159,-0.063,0.092
806.80,2.328,23.448,0.9655,1.723,24.140,-0.042,0.055
807.00,2.310,23.433,0.9836,1.701,24.125,-0.016,0.019
807.20,2.289,23.415,1.0043,1.677,24.108,-0.003,0.008
807.40,2.276,23.401,1.0148,1.659,24.095,0.004,-0.007
807.60,2.273,23.396,1.0148,1.655,24.088,0.037,-0.068
807.80,2.272,23.393,1.0149,1.654,24.085,0.059,-0.096
808.00,2.272,23.393,1.0149,1.654,24.085,0.039,-0.098
808.20,2.272,23.397,1.0096,1.653,24.088,0.055,-0.095
808.40,2.267,23.395,1.0021,1.645,24.088,0.053,-0.147
808.60,2.262,23.394,0.9848,1.640,24.086,0.053,-0.184
808.80,2.253,23.390,0.9741,1.629,24.081,0.043,-0.161
809.00,2.234,23.379,0.9519,1.609,24.070,0.025,-0.151
809.20,2.211,23.366,0.9248,1.586,24.056,0.007,-0.171
809.40,2.189,23.354,0.8986,1.562,24.043,0.004,-0.180
809.60,2.164,23.337,0.8678,1.534,24.026,-0.000,-0.189
809.80,2.131,23.319,0.8330,1.501,24.008,-0.011,-0.210
810.00,2.095,23.301,0.7952,1.463,23.991,-0.019,-0.226
810.20,2.054,23.284,0.7534,1.421,23.974,-0.025,-0.239
810.40,2.009,23.268,0.7072,1.375,23.958,-0.032,-0.240
810.60,1.958,23.253,0.6565,1.324,23.943,-0.041,-0.256
810.80,1.902,23.239,0.6009,1.267,23.929,-0.054,-0.273
811.00,1.841,23.228,0.5423,1.206,23.918,-0.068,-0.283
811.20,1.781,23.221,0.4838,1.145,23.910,-0.071,-0.288
811.40,1.722,23.217,0.4260,1.084,23.906,-0.063,-0.279
811.60,1.675,23.216,0.3798,1.033,23.906,-0.044,-0.262
811.80,1.662,23.214,0.3022,1.018,23.904,0.029,-0.228
812.00,1.633,23.205,0.2214,0.991,23.895,0.009,-0.361
812.20,1.600,23.208,0.1860,0.960,23.896,0.020,-0.256
812.40,1.555,23.219,0.1404,0.916,23.906,0.006,-0.183
812.60,1.490,23.239,0.0733,0.855,23.924,-0.051,-0.216
812.80,1.422,23.262,0.0082,0.783,23.949,-0.114,-0.250
813.00,1.373,23.282,-0.0387,0.730,23.971,-0.083,-0.215
813.20,1.318,23.307,-0.0935,0.675,23.997,-0.065,-0.200
813.40,1.264,23.336,-0.1509,0.619,24.027,-0.072,-0.208
813.60,1.218,23.364,-0.2009,0.572,24.056,-0.059,-0.194
813.80,1.179,23.390,-0.2444,0.532,24.084,-0.032,-0.167
814.00,1.147,23.414,-0.2827,0.498,24.109,-0.006,-0.143
814.20,1.121,23.435,-0.3144,0.471,24.132,0.017,-0.115
814.40,1.102,23.451,-0.3382,0.451,24.150,-0.001,-0.123
814.60,1.087,23.464,-0.3559,0.435,24.165,0.034,-0.067
814.80,1.071,23.478,-0.3732,0.418,24.180,0.046,-0.038
815.00,1.054,23.493,-0.3923,0.400,24.196,0.047,-0.027
815.20,1.046,23.500,-0.4004,0.389,24.208,0.053,-0.037
815.40,1.053,23.497,-0.4005,0.393,24.207,0.089,0.001
815.60,1.060,23.494,-0.4005,0.401,24.204,0.123,0.033
815.80,1.069,23.490,-0.4005,0.409,24.200,0.137,0.043
816.00,1.084,23.483,-0.4005,0.423,24.194,0.145,0.044
816.20,1.105,23.474,-0.4005,0.443,24.185,0.161,0.042
816.40,1.130,23.464,-0.4004,0.468,24.175,0.175,0.043
816.60,1.157,23.453,-0.4003,0.494,24.164,0.199,0.058
816.80,1.186,23.440,-0.4002,0.523,24.151,0.241,0.078
817.00,1.219,23.426,-0.4001,0.554,24.138,0.245,0.070
817.20,1.254,23.411,-0.3990,0.588,24.123,0.242,0.070
817.40,1.291,23.395,-0.3966,0.624,24.106,0.241,0.079
817.60,1.332,23.378,-0.3948,0.663,24.089,0.244,0.087
817.80,1.374,23.360,-0.3927,0.705,24.070,0.249,0.089
818.00,1.417,23.341,-0.3892,0.747,24.051,0.251,0.096
818.20,1.462,23.321,-0.3843,0.791,24.031,0.254,0.106
818.40,1.507,23.301,-0.3781,0.835,24.010,0.254,0.113
818.60,1.535,23.290,-0.3762,0.864,23.996,0.234,0.112
818.80,1.554,23.282,-0.3765,0.883,23.989,0.187,0.088
819.00,1.570,23.276,-0.3764,0.897,23.982,0.162,0.082
819.20,1.582,23.271,-0.3744,0.907,23.976,0.144,0.071
819.40,1.599,23.257,-0.3566,0.920,23.962,0.146,0.117
819.60,1.616,23.243,-0.3387,0.935,23.945,0.155,0.152
819.80,1.632,23.231,-0.3224,0.948,23.930,0.161,0.171
820.00,1.646,23.219,-0.2997,0.961,23.917,0.161,0.180
820.20,1.654,23.201,-0.2476,0.969,23.899,0.158,0.238
820.40,1.661,23.179,-0.1927,0.974,23.876,0.152,0.283
820.60,1.674,23.168,-0.1548,0.987,23.863,0.155,0.280
820.80,1.686,23.159,-0.0895,0.998,23.857,0.156,0.262
821.00,1.711,23.146,-0.0309,1.020,23.844,0.165,0.327
821.20,1.753,23.130,0.0143,1.059,23.827,0.203,0.270
821.40,1.793,23.116,0.0545,1.099,23.815,0.223,0.221
821.60,1.848,23.099,0.1152,1.151,23.797,0.243,0.235
821.80,1.920,23.082,0.1874,1.220,23.779,0.316,0.267
822.00,2.005,23.071,0.2643,1.303,23.765,0.379,0.298
822.20,2.094,23.066,0.3449,1.393,23.757,0.392,0.320
822.40,2.180,23.067,0.4263,1.481,23.756,0.388,0.319
822.60,2.262,23.075,0.5045,1.564,23.762,0.373,0.295
822.80,2.337,23.089,0.5807,1.642,23.774,0.351,0.276
823.00,2.407,23.106,0.6524,1.713,23.789,0.331,0.262
823.20,2.471,23.127,0.7184,1.779,23.809,0.323,0.239
823.40,2.525,23.148,0.7738,1.836,23.829,0.323,0.165
823.60,2.569,23.169,0.8192,1.882,23.849,0.284,0.131
823.80,2.603,23.188,0.8523,1.918,23.868,0.241,0.100
824.00,2.629,23.209,0.8675,1.946,23.886,0.203,0.045
824.20,2.644,23.226,0.8695,1.962,23.902,0.178,-0.015
824.40,2.659,23.243,0.8695,1.974,23.917,0.158,-0.058
824.60,2.681,23.270,0.8695,1.994,23.941,0.162,-0.070
824.80,2.703,23.298,0.8695,2.017,23.969,0.181,-0.078
825.00,2.722,23.321,0.8694,2.036,23.993,0.184,-0.080
825.20,2.734,23.340,0.8698,2.048,24.011,0.168,-0.078
825.40,2.748,23.356,0.8695,2.060,24.027,0.152,-0.082
825.60,2.760,23.371,0.8694,2.070,24.042,0.136,-0.107
825.80,2.772,23.385,0.8690,2.080,24.054,0.128,-0.093
826.00,2.780,23.397,0.8638,2.086,24.065,0.119,-0.098
826.20,2.780,23.411,0.8335,2.085,24.080,0.116,-0.184
826.40,2.781,23.426,0.8106,2.083,24.096,0.115,-0.223
826.60,2.783,23.441,0.7851,2.082,24.112,0.117,-0.230
826.80,2.778,23.456,0.7342,2.078,24.126,0.119,-0.292
827.00,2.771,23.484,0.6657,2.070,24.154,0.128,-0.342
827.20,2.767,23.513,0.5921,2.065,24.183,0.140,-0.391
827.40,2.778,23.538,0.4697,2.073,24.210,0.160,-0.460
827.60,2.801,23.551,0.3475,2.095,24.226,0.186,-0.579
827.80,2.821,23.554,0.1862,2.115,24.231,0.194,-0.603
828.00,2.835,23.547,-0.0434,2.131,24.227,0.182,-0.848
828.20,2.841,23.529,-0.3401,2.140,24.212,0.154,-1.007
828.40,2.845,23.504,-0.6284,2.146,24.189,0.134,-1.014
828.60,2.845,23.530,-0.8792,2.142,24.202,0.095,-1.020
828.80,2.816,23.599,-1.0287,2.115,24.265,-0.087,-0.745
829.00,2.780,23.657,-1.1553,2.080,24.322,-0.144,-0.604
829.20,2.734,23.710,-1.3001,2.038,24.374,-0.147,-0.510
829.40,2.686,23.780,-1.4808,1.988,24.442,-0.177,-0.610
829.60,2.716,23.863,-1.5726,2.010,24.531,-0.228,-0.437
829.80,2.750,23.932,-1.6525,2.042,24.602,-0.207,-0.343
830.00,2.779,23.988,-1.7387,2.073,24.661,-0.165,-0.302
830.20,2.784,24.034,-1.8088,2.082,24.709,-0.111,-0.281
830.40,2.778,24.073,-1.8539,2.077,24.748,-0.073,-0.215
830.60,2.774,24.116,-1.9016,2.072,24.790,-0.055,-0.181
830.80,2.771,24.163,-1.9529,2.068,24.837,-0.063,-0.171
831.00,2.772,24.210,-2.0000,2.067,24.884,-0.074,-0.150
831.20,2.775,24.255,-2.0438,2.069,24.931,-0.079,-0.126
831.40,2.780,24.298,-2.0853,2.072,24.975,-0.076,-0.111
831.60,2.787,24.338,-2.1236,2.078,25.019,-0.069,-0.092
831.80,2.795,24.374,-2.1563,2.085,25.058,-0.071,-0.026
832.00,2.804,24.405,-2.1830,2.092,25.092,-0.079,-0.053
832.20,2.812,24.431,-2.2042,2.099,25.121,-0.073,-0.054
832.40,2.821,24.446,-2.2102,2.107,25.140,-0.056,-0.019
832.60,2.829,24.457,-2.2109,2.115,25.152,-0.030,0.061
832.80,2.835,24.465,-2.2120,2.121,25.159,-0.012,0.065
833.00,2.840,24.472,-2.2120,2.127,25.166,-0.006,0.084
833.20,2.843,24.476,-2.2102,2.130,25.171,-0.001,0.096
833.40,2.844,24.476,-2.2006,2.131,25.173,0.007,0.149
833.60,2.841,24.468,-2.1921,2.130,25.165,0.023,0.195
833.80,2.835,24.450,-2.1772,2.127,25.146,0.048,0.201
834.00,2.830,24.426,-2.1532,2.123,25.122,0.068,0.223
834.20,2.824,24.395,-2.1221,2.119,25.091,0.085,0.250
834.40,2.818,24.358,-2.0866,2.114,25.055,0.100,0.271
834.60,2.814,24.316,-2.0451,2.110,25.013,0.116,0.296
834.80,2.810,24.266,-1.9970,2.107,24.964,0.135,0.326
835.00,2.809,24.215,-1.9476,2.106,24.912,0.146,0.341
835.20,2.811,24.162,-1.8950,2.108,24.859,0.155,0.353
835.40,2.817,24.105,-1.8381,2.114,24.803,0.162,0.367
835.60,2.826,24.045,-1.7788,2.123,24.744,0.173,0.388
835.80,2.839,23.990,-1.7215,2.136,24.687,0.204,0.354
836.00,2.853,23.939,-1.6675,2.150,24.636,0.200,0.362
836.20,2.864,23.892,-1.5945,2.162,24.588,0.195,0.394
836.40,2.856,23.860,-1.5491,2.157,24.554,0.181,0.383
836.60,2.843,23.825,-1.5067,2.144,24.520,0.158,0.321
836.80,2.829,23.784,-1.4565,2.131,24.481,0.154,0.291
837.00,2.816,23.739,-1.4024,2.117,24.437,0.164,0.298
837.20,2.805,23.689,-1.3445,2.104,24.388,0.178,0.320
837.40,2.796,23.631,-1.2812,2.094,24.332,0.203,0.359
837.60,2.791,23.564,-1.2099,2.086,24.266,0.230,0.400
837.80,2.795,23.502,-1.1453,2.088,24.202,0.251,0.378
838.00,2.800,23.453,-1.0519,2.092,24.149,0.239,0.403
838.20,2.817,23.400,-0.9580,2.102,24.093,0.250,0.451
838.40,2.861,23.372,-0.9063,2.146,24.060,0.256,0.408
838.60,2.894,23.354,-0.8632,2.180,24.039,0.225,0.324
838.80,2.927,23.338,-0.8224,2.213,24.022,0.198,0.295
839.00,2.953,23.326,-0.7881,2.240,24.010,0.177,0.296
839.20,2.977,23.315,-0.7576,2.265,24.000,0.159,0.296
839.40,3.002,23.304,-0.7279,2.289,23.992,0.150,0.289
839.60,3.026,23.295,-0.6986,2.314,23.985,0.180,0.321
839.80,3.044,23.288,-0.6731,2.336,23.979,0.177,0.313
840.00,3.027,23.292,-0.6469,2.322,23.982,0.117,0.259
840.20,2.988,23.298,-0.6012,2.287,23.988,0.047,0.236
840.40,2.950,23.303,-0.5556,2.247,23.993,-0.006,0.256
840.60,2.919,23.306,-0.5191,2.213,23.996,-0.036,0.206
840.80,2.904,23.305,-0.4807,2.194,23.996,0.011,0.213
841.00,2.904,23.297,-0.3758,2.191,23.988,0.064,0.344
841.20,2.902,23.294,-0.2746,2.189,23.984,0.102,0.483
841.40,2.903,23.296,-0.1877,2.190,23.985,0.113,0.449
841.60,2.910,23.293,-0.0340,2.196,23.983,0.121,0.548
841.80,2.924,23.301,0.1732,2.209,23.985,0.131,0.772
842.00,2.931,23.319,0.3941,2.220,24.003,0.152,0.852
842.20,2.915,23.355,0.5557,2.211,24.037,0.134,0.762
842.40,2.886,23.416,0.7322,2.187,24.095,0.116,0.663
842.60,2.842,23.497,0.9552,2.149,24.172,0.119,0.761
842.80,2.789,23.594,1.2119,2.101,24.267,0.162,0.923
843.00,2.770,23.652,1.5536,2.076,24.322,0.154,1.024
843.20,2.763,23.690,1.9140,2.064,24.356,0.097,1.021
843.40,2.779,23.722,2.1738,2.076,24.383,0.051,1.013
843.60,2.691,23.762,2.3193,1.996,24.427,0.132,0.788
843.80,2.604,23.794,2.4243,1.913,24.463,0.228,0.485
844.00,2.548,23.815,2.5000,1.855,24.487,0.205,0.321
844.20,2.499,23.825,2.5603,1.805,24.499,0.155,0.236
844.40,2.446,23.832,2.6193,1.753,24.507,0.119,0.207
844.60,2.386,23.839,2.6799,1.694,24.514,0.114,0.197
844.80,2.316,23.843,2.7438,1.625,24.518,0.138,0.181
845.00,2.244,23.844,2.8066,1.551,24.518,0.169,0.195
845.20,2.180,23.841,2.8627,1.484,24.515,0.173,0.186
845.40,2.121,23.836,2.9138,1.422,24.509,0.159,0.162
845.60,2.070,23.827,2.9605,1.369,24.500,0.133,0.127
845.80,2.033,23.820,2.9970,1.329,24.491,0.101,0.096
846.00,2.011,23.816,3.0184,1.304,24.485,0.062,0.035
846.20,1.994,23.814,3.0317,1.287,24.482,0.029,0.003
846.40,1.982,23.813,3.0422,1.274,24.480,0.010,-0.024
846.60,1.972,23.813,3.0443,1.264,24.478,-0.005,-0.074
846.80,1.966,23.814,3.0443,1.257,24.478,-0.015,-0.115
847.00,1.963,23.814,3.0442,1.254,24.479,-0.026,-0.134
847.20,1.958,23.815,3.0442,1.249,24.479,-0.031,-0.136
847.40,1.943,23.822,3.0295,1.233,24.487,-0.017,-0.164
847.60,1.920,23.835,3.0053,1.210,24.501,0.008,-0.225
847.80,1.896,23.849,2.9794,1.184,24.517,0.023,-0.264
848.00,1.869,23.866,2.9485,1.157,24.536,0.032,-0.281
848.20,1.842,23.885,2.9141,1.129,24.556,0.038,-0.291
848.40,1.815,23.906,2.8783,1.101,24.577,0.039,-0.298
848.60,1.788,23.928,2.8414,1.074,24.599,0.042,-0.334
848.80,1.760,23.952,2.8016,1.047,24.624,0.046,-0.360
849.00,1.733,23.978,2.7616,1.020,24.650,0.051,-0.360
849.20,1.708,24.005,2.7209,0.994,24.677,0.052,-0.359
849.40,1.683,24.032,2.6806,0.969,24.705,0.050,-0.363
849.60,1.653,24.042,2.6244,0.939,24.714,0.044,-0.379
849.80,1.621,24.058,2.5650,0.907,24.728,0.045,-0.416
850.00,1.605,24.082,2.5281,0.890,24.752,0.034,-0.380
850.20,1.591,24.105,2.4936,0.876,24.776,0.028,-0.367
850.40,1.589,24.119,2.4255,0.871,24.790,0.007,-0.320
850.60,1.606,24.140,2.3500,0.884,24.812,-0.022,-0.426
850.80,1.635,24.135,2.2687,0.916,24.815,-0.065,-0.493
851.00,1.646,24.095,2.2236,0.928,24.777,-0.118,-0.398
851.20,1.653,24.059,2.1409,0.937,24.741,-0.147,-0.360
851.40,1.660,24.041,1.9286,0.943,24.720,-0.117,-0.683
851.60,1.665,24.020,1.7525,0.950,24.702,-0.067,-0.964
851.80,1.663,23.980,1.6541,0.950,24.665,-0.069,-0.794
852.00,1.651,23.928,1.5464,0.941,24.616,-0.104,-0.593
852.20,1.616,23.858,1.3839,0.912,24.548,-0.154,-0.630
852.40,1.578,23.776,1.2197,0.875,24.467,-0.201,-0.746
852.60,1.578,23.709,1.1352,0.872,24.401,-0.184,-0.609
852.80,1.575,23.639,1.0511,0.869,24.332,-0.135,-0.467
853.00,1.562,23.567,0.9215,0.859,24.260,-0.125,-0.529
853.20,1.550,23.497,0.7768,0.848,24.190,-0.109,-0.604
853.40,1.524,23.433,0.6425,0.825,24.125,-0.100,-0.665
853.60,1.488,23.376,0.5086,0.790,24.068,-0.092,-0.629
853.80,1.440,23.318,0.3594,0.745,24.010,-0.100,-0.614
854.00,1.379,23.257,0.1867,0.688,23.950,-0.133,-0.669
854.20,1.301,23.219,0.0365,0.612,23.905,-0.156,-0.703
854.40,1.228,23.219,-0.0836,0.534,23.904,-0.174,-0.527
854.60,1.170,23.211,-0.1984,0.474,23.898,-0.110,-0.429
854.80,1.105,23.195,-0.3359,0.411,23.882,-0.084,-0.422
855.00,1.030,23.191,-0.4798,0.338,23.875,-0.123,-0.498
855.20,0.958,23.195,-0.6204,0.266,23.878,-0.138,-0.574
855.40,0.907,23.212,-0.7210,0.210,23.893,-0.115,-0.508
855.60,0.893,23.241,-0.7600,0.191,23.921,-0.057,-0.293
855.80,0.878,23.279,-0.8069,0.176,23.958,-0.019,-0.145
856.00,0.863,23.326,-0.8609,0.160,24.003,-0.032,-0.141
856.20,0.848,23.376,-0.9128,0.146,24.053,-0.053,-0.144
856.40,0.837,23.416,-0.9494,0.134,24.098,-0.051,-0.111
856.60,0.828,23.450,-0.9798,0.126,24.135,-0.032,-0.078
856.80,0.818,23.466,-1.0024,0.117,24.155,-0.009,-0.059
857.00,0.804,23.479,-1.0177,0.102,24.166,0.014,-0.059
857.20,0.791,23.491,-1.0306,0.086,24.177,0.018,-0.037
857.40,0.785,23.497,-1.0345,0.077,24.183,0.033,0.020
857.60,0.781,23.502,-1.0375,0.071,24.188,0.046,0.051
857.80,0.781,23.501,-1.0390,0.068,24.188,0.058,0.060
858.00,0.783,23.497,-1.0390,0.070,24.184,0.079,0.094
858.20,0.788,23.489,-1.0385,0.075,24.177,0.091,0.102
858.40,0.792,23.479,-1.0351,0.077,24.167,0.103,0.123
858.60,0.799,23.466,-1.0369,0.082,24.153,0.112,0.111
858.80,0.806,23.451,-1.0395,0.088,24.138,0.118,0.103
859.00,0.816,23.431,-1.0429,0.097,24.118,0.129,0.107
859.20,0.828,23.408,-1.0448,0.109,24.094,0.138,0.117
859.40,0.841,23.393,-1.0360,0.122,24.078,0.144,0.153
859.60,0.850,23.382,-1.0295,0.133,24.069,0.131,0.180
859.80,0.856,23.368,-1.0144,0.139,24.056,0.119,0.175
860.00,0.864,23.340,-0.9891,0.145,24.032,0.132,0.220
860.20,0.874,23.295,-0.9442,0.154,23.989,0.159,0.255
860.40,0.891,23.236,-0.8873,0.168,23.931,0.202,0.311
860.60,0.917,23.179,-0.8397,0.192,23.872,0.223,0.331
860.80,0.942,23.115,-0.7711,0.216,23.808,0.236,0.385
861.00,0.977,23.048,-0.6999,0.246,23.739,0.243,0.424
861.20,1.013,22.987,-0.6268,0.283,23.677,0.287,0.415
861.40,1.052,22.928,-0.5500,0.322,23.617,0.300,0.430
861.60,1.094,22.871,-0.4719,0.363,23.560,0.291,0.391
861.80,1.148,22.811,-0.3854,0.414,23.500,0.310,0.425
862.00,1.211,22.760,-0.2859,0.475,23.442,0.329,0.465
862.20,1.257,22.735,-0.2150,0.526,23.413,0.285,0.477
862.40,1.289,22.716,-0.1659,0.560,23.393,0.277,0.428
862.60,1.317,22.700,-0.1242,0.589,23.375,0.250,0.349
862.80,1.345,22.685,-0.0837,0.617,23.359,0.226,0.315
863.00,1.376,22.670,-0.0420,0.647,23.344,0.224,0.267
863.20,1.405,22.657,-0.0033,0.676,23.330,0.230,0.232
863.40,1.443,22.665,0.0398,0.712,23.332,0.234,0.217
863.60,1.508,22.694,0.1115,0.775,23.359,0.286,0.316
863.80,1.563,22.712,0.1580,0.833,23.380,0.320,0.307
864.00,1.602,22.729,0.2009,0.876,23.398,0.307,0.262
864.20,1.633,22.756,0.2753,0.909,23.425,0.266,0.276
864.40,1.668,22.794,0.3742,0.943,23.461,0.241,0.385
864.60,1.706,22.817,0.4427,0.980,23.486,0.240,0.380
864.80,1.731,22.821,0.4746,1.006,23.492,0.219,0.225
865.00,1.755,22.828,0.5080,1.031,23.499,0.200,0.157
865.20,1.775,22.840,0.5460,1.051,23.511,0.194,0.127
865.40,1.804,22.850,0.5824,1.080,23.524,0.246,0.102
865.60,1.832,22.859,0.6065,1.108,23.532,0.255,0.059
865.80,1.859,22.869,0.6266,1.135,23.539,0.241,0.039
866.00,1.882,22.881,0.6377,1.158,23.549,0.226,0.029
866.20,1.913,22.905,0.6381,1.186,23.570,0.240,-0.023
866.40,1.951,22.932,0.6382,1.223,23.596,0.264,-0.043
866.60,1.987,22.960,0.6382,1.259,23.624,0.283,-0.052
866.80,2.023,22.986,0.6382,1.296,23.650,0.286,-0.053
867.00,2.063,23.016,0.6381,1.336,23.680,0.287,-0.054
867.20,2.105,23.047,0.6379,1.377,23.710,0.282,-0.057
867.40,2.146,23.078,0.6377,1.418,23.741,0.275,-0.061
867.60,2.187,23.107,0.6374,1.458,23.771,0.267,-0.062
867.80,2.226,23.137,0.6371,1.497,23.800,0.258,-0.063
868.00,2.262,23.164,0.6367,1.533,23.828,0.253,-0.049
868.20,2.297,23.192,0.6365,1.567,23.855,0.241,-0.054
868.40,2.334,23.219,0.6364,1.601,23.882,0.230,-0.055
868.60,2.373,23.248,0.6362,1.641,23.910,0.230,-0.058
868.80,2.409,23.275,0.6358,1.677,23.937,0.227,-0.061
869.00,2.447,23.303,0.6348,1.717,23.965,0.225,-0.070
869.20,2.479,23.328,0.6347,1.749,23.991,0.267,-0.091
869.40,2.508,23.350,0.6346,1.777,24.013,0.250,-0.077
869.60,2.536,23.371,0.6344,1.803,24.034,0.228,-0.070
869.80,2.562,23.393,0.6349,1.827,24.054,0.214,-0.067
870.00,2.589,23.412,0.6347,1.851,24.074,0.208,-0.071
870.20,2.615,23.432,0.6347,1.876,24.093,0.203,-0.074
870.40,2.642,23.452,0.6346,1.900,24.112,0.200,-0.072
870.60,2.665,23.469,0.6345,1.922,24.129,0.192,-0.069
870.80,2.687,23.485,0.6345,1.942,24.144,0.183,-0.068
871.00,2.708,23.500,0.6345,1.961,24.158,0.174,-0.068
871.20,2.729,23.515,0.6344,1.980,24.173,0.169,-0.066
871.40,2.750,23.531,0.6343,1.998,24.187,0.167,-0.070
871.60,2.778,23.551,0.6329,2.025,24.206,0.174,-0.078
871.80,2.805,23.570,0.6319,2.053,24.225,0.187,-0.089
872.00,2.823,23.584,0.6319,2.071,24.240,0.176,-0.085
872.20,2.838,23.595,0.6319,2.084,24.250,0.154,-0.078
872.40,2.851,23.606,0.6287,2.095,24.261,0.139,-0.080
872.60,2.866,23.623,0.6161,2.107,24.278,0.136,-0.144
872.80,2.881,23.634,0.6141,2.120,24.289,0.133,-0.133
873.00,2.899,23.645,0.6108,2.137,24.300,0.135,-0.106
873.20,2.917,23.650,0.5943,2.155,24.305,0.135,-0.127
873.40,2.932,23.649,0.5471,2.171,24.304,0.133,-0.222
873.60,2.947,23.644,0.5142,2.187,24.297,0.126,-0.264
873.80,2.961,23.636,0.4793,2.202,24.287,0.120,-0.252
874.00,2.971,23.627,0.4146,2.213,24.277,0.146,-0.267
874.20,2.969,23.617,0.3142,2.210,24.270,0.133,-0.374
874.40,2.967,23.596,0.2409,2.211,24.250,0.081,-0.486
874.60,2.939,23.574,0.2012,2.187,24.227,0.040,-0.339
874.80,2.899,23.547,0.1468,2.149,24.200,-0.017,-0.268
875.00,2.849,23.516,0.0797,2.101,24.169,-0.061,-0.278
875.20,2.785,23.484,0.0051,2.040,24.137,-0.103,-0.309
875.40,2.715,23.457,-0.0696,1.970,24.107,-0.130,-0.318
875.60,2.631,23.433,-0.1538,1.888,24.080,-0.157,-0.320
875.80,2.531,23.416,-0.2499,1.788,24.059,-0.191,-0.343
876.00,2.419,23.407,-0.3565,1.676,24.047,-0.216,-0.374
876.20,2.300,23.411,-0.4686,1.556,24.046,-0.234,-0.402
876.40,2.177,23.430,-0.5892,1.431,24.061,-0.240,-0.417
876.60,2.053,23.463,-0.7185,1.305,24.091,-0.244,-0.475
876.80,1.926,23.511,-0.8578,1.177,24.135,-0.244,-0.510
877.00,1.816,23.583,-0.9810,1.060,24.202,-0.246,-0.484
877.20,1.712,23.657,-1.1159,0.954,24.274,-0.243,-0.466
877.40,1.624,23.742,-1.2496,0.862,24.357,-0.243,-0.503
877.60,1.550,23.837,-1.3779,0.785,24.450,-0.240,-0.488
877.80,1.503,23.967,-1.4618,0.730,24.575,-0.247,-0.437
878.00,1.453,24.100,-1.5829,0.675,24.706,-0.251,-0.379
878.20,1.421,24.219,-1.6886,0.646,24.829,-0.248,-0.345
878.40,1.401,24.334,-1.8344,0.619,24.947,-0.244,-0.429
878.60,1.408,24.417,-1.9731,0.624,25.038,-0.224,-0.539
878.80,1.427,24.479,-2.0760,0.641,25.106,-0.187,-0.481
879.00,1.458,24.524,-2.1535,0.669,25.155,-0.165,-0.322
879.20,1.501,24.550,-2.2087,0.711,25.185,-0.128,-0.229
879.40,1.547,24.575,-2.2659,0.756,25.210,-0.117,-0.214
879.60,1.594,24.597,-2.3181,0.802,25.233,-0.119,-0.206
879.80,1.638,24.617,-2.3646,0.847,25.252,-0.118,-0.176
880.00,1.680,24.634,-2.4073,0.890,25.269,-0.114,-0.145
880.20,1.731,24.652,-2.4552,0.940,25.286,-0.121,-0.141
880.40,1.783,24.673,-2.4932,0.996,25.305,-0.154,-0.172
880.60,1.816,24.688,-2.5142,1.032,25.321,-0.137,-0.091
880.80,1.849,24.697,-2.5424,1.067,25.330,-0.099,-0.064
881.00,1.886,24.706,-2.5747,1.103,25.337,-0.089,-0.069
881.20,1.926,24.719,-2.5994,1.146,25.347,-0.102,-0.080
881.40,1.953,24.729,-2.6104,1.177,25.355,-0.099,-0.042
881.60,1.978,24.738,-2.6233,1.205,25.360,-0.087,-0.018
881.80,2.007,24.745,-2.6429,1.237,25.365,-0.085,-0.030
882.00,2.027,24.753,-2.6484,1.261,25.371,-0.079,-0.009
882.20,2.042,24.761,-2.6484,1.277,25.379,-0.061,0.051
882.40,2.056,24.768,-2.6484,1.291,25.386,-0.049,0.078
882.60,2.069,24.775,-2.6484,1.305,25.393,-0.043,0.085
882.80,2.078,24.781,-2.6474,1.315,25.399,-0.037,0.091
883.00,2.086,24.785,-2.6436,1.323,25.404,-0.028,0.124
883.20,2.092,24.791,-2.6318,1.329,25.410,-0.022,0.145
883.40,2.092,24.794,-2.6041,1.330,25.414,-0.009,0.220
883.60,2.084,24.797,-2.5749,1.324,25.418,0.011,0.279
883.80,2.063,24.793,-2.5530,1.304,25.414,0.038,0.234
884.00,2.031,24.787,-2.5176,1.273,25.408,0.071,0.232
884.20,1.994,24.779,-2.4772,1.236,25.401,0.099,0.274
884.40,1.955,24.767,-2.4351,1.197,25.391,0.121,0.304
884.60,1.913,24.753,-2.3899,1.155,25.378,0.133,0.319
884.80,1.869,24.736,-2.3407,1.110,25.362,0.140,0.331
885.00,1.825,24.717,-2.2895,1.065,25.343,0.147,0.346
885.20,1.779,24.693,-2.2350,1.019,25.321,0.154,0.361
885.40,1.731,24.666,-2.1762,0.971,25.296,0.164,0.386
885.60,1.680,24.631,-2.1104,0.920,25.263,0.177,0.409
885.80,1.621,24.585,-2.0317,0.862,25.220,0.205,0.442
886.00,1.553,24.520,-1.9349,0.794,25.160,0.265,0.510
886.20,1.480,24.431,-1.8173,0.720,25.076,0.337,0.586
886.40,1.427,24.323,-1.7264,0.666,24.967,0.431,0.542
886.60,1.383,24.226,-1.5895,0.619,24.868,0.439,0.613
886.80,1.354,24.150,-1.4854,0.589,24.788,0.377,0.677
887.00,1.332,24.072,-1.3959,0.565,24.709,0.325,0.551
887.20,1.318,23.991,-1.2941,0.550,24.628,0.328,0.548
887.40,1.312,23.916,-1.2056,0.542,24.553,0.322,0.538
887.60,1.319,23.849,-1.1159,0.545,24.482,0.308,0.517
887.80,1.348,23.819,-1.0610,0.573,24.445,0.271,0.447
888.00,1.373,23.799,-1.0230,0.599,24.422,0.221,0.300
888.20,1.396,23.782,-0.9852,0.622,24.403,0.203,0.264
888.40,1.412,23.765,-0.9243,0.640,24.388,0.180,0.280
888.60,1.423,23.737,-0.8318,0.650,24.362,0.180,0.452
888.80,1.434,23.707,-0.7983,0.660,24.333,0.190,0.367
889.00,1.448,23.676,-0.7612,0.673,24.303,0.197,0.318
889.20,1.463,23.643,-0.7170,0.688,24.269,0.206,0.318
889.40,1.482,23.606,-0.6699,0.706,24.233,0.223,0.308
889.60,1.506,23.566,-0.6203,0.728,24.193,0.237,0.313
889.80,1.532,23.527,-0.5707,0.753,24.153,0.253,0.307
890.00,1.558,23.491,-0.5241,0.779,24.116,0.253,0.279
890.20,1.586,23.457,-0.4779,0.805,24.081,0.249,0.260
890.40,1.617,23.423,-0.4299,0.835,24.046,0.247,0.248
890.60,1.653,23.388,-0.3803,0.868,24.011,0.251,0.253
890.80,1.693,23.354,-0.3300,0.907,23.975,0.261,0.271
891.00,1.738,23.318,-0.2746,0.950,23.939,0.266,0.263
891.20,1.791,23.281,-0.2113,1.001,23.901,0.283,0.290
891.40,1.856,23.241,-0.1384,1.063,23.860,0.306,0.321
891.60,1.938,23.208,-0.0689,1.141,23.825,0.338,0.357
891.80,2.018,23.178,0.0020,1.223,23.797,0.416,0.310
892.00,2.102,23.153,0.0785,1.307,23.770,0.434,0.344
892.20,2.173,23.135,0.1498,1.380,23.752,0.411,0.299
892.40,2.242,23.123,0.2173,1.450,23.737,0.370,0.295
892.60,2.304,23.115,0.2795,1.514,23.728,0.334,0.260
892.80,2.363,23.112,0.3365,1.573,23.724,0.300,0.239
893.00,2.417,23.112,0.3903,1.628,23.722,0.275,0.226
893.20,2.468,23.114,0.4392,1.680,23.722,0.256,0.206
893.40,2.508,23.119,0.4765,1.722,23.726,0.257,0.129
893.60,2.539,23.124,0.5048,1.754,23.729,0.247,0.074
893.80,2.562,23.129,0.5263,1.779,23.734,0.214,0.037
894.00,2.579,23.137,0.5344,1.796,23.741,0.191,0.023
894.20,2.604,23.152,0.5345,1.817,23.755,0.190,0.025
894.40,2.637,23.172,0.5346,1.848,23.774,0.218,-0.010
894.60,2.670,23.191,0.5346,1.881,23.794,0.242,-0.031
894.80,2.702,23.211,0.5346,1.913,23.813,0.247,-0.035
895.00,2.738,23.232,0.5346,1.949,23.834,0.252,-0.036
895.20,2.777,23.256,0.5346,1.988,23.858,0.259,-0.037
895.40,2.818,23.281,0.5346,2.029,23.882,0.265,-0.037
895.60,2.859,23.305,0.5346,2.070,23.908,0.266,-0.038
895.80,2.901,23.333,0.5345,2.113,23.934,0.257,-0.057
896.00,2.947,23.361,0.5345,2.159,23.962,0.258,-0.054
896.20,2.993,23.388,0.5344,2.205,23.989,0.257,-0.052
896.40,3.042,23.416,0.5335,2.254,24.018,0.258,-0.060
896.60,3.089,23.444,0.5329,2.303,24.045,0.295,-0.061
896.80,3.137,23.472,0.5322,2.352,24.073,0.315,-0.081
897.00,3.186,23.500,0.5308,2.403,24.100,0.311,-0.081
897.20,3.229,23.525,0.5297,2.447,24.126,0.297,-0.083
897.40,3.268,23.548,0.5290,2.486,24.148,0.271,-0.074
897.60,3.308,23.570,0.5281,2.524,24.169,0.250,-0.069
897.80,3.345,23.592,0.5271,2.561,24.190,0.237,-0.075
898.00,3.379,23.611,0.5264,2.594,24.208,0.223,-0.073
898.20,3.410,23.629,0.5257,2.624,24.225,0.201,-0.135
898.40,3.438,23.645,0.5251,2.651,24.240,0.180,-0.114
898.60,3.461,23.658,0.5233,2.675,24.253,0.163,-0.104
898.80,3.474,23.668,0.5130,2.688,24.264,0.141,-0.124
899.00,3.492,23.670,0.4943,2.705,24.266,0.126,-0.159
899.20,3.511,23.671,0.4706,2.723,24.266,0.126,-0.212
899.40,3.530,23.670,0.4428,2.743,24.265,0.129,-0.228
899.60,3.548,23.669,0.3939,2.762,24.263,0.134,-0.257
899.80,3.566,23.669,0.3113,2.778,24.264,0.143,-0.375
900.00,3.588,23.673,0.2508,2.801,24.266,0.156,-0.404
900.20,3.596,23.680,0.1999,2.811,24.273,0.151,-0.295
900.40,3.617,23.677,0.0872,2.831,24.272,0.152,-0.445
900.60,3.638,23.683,0.0181,2.853,24.279,0.168,-0.364
900.80,3.660,23.686,-0.1081,2.874,24.282,0.176,-0.465
901.00,3.683,23.674,-0.1722,2.898,24.272,0.183,-0.435
901.20,3.700,23.665,-0.2338,2.916,24.262,0.180,-0.290
901.40,3.714,23.656,-0.4211,2.930,24.253,0.173,-0.480
901.60,3.734,23.656,-0.6128,2.947,24.250,0.195,-0.812
901.80,3.752,23.681,-0.6938,2.968,24.278,0.171,-0.529
902.00,3.726,23.665,-0.8026,2.951,24.264,0.130,-0.346
902.20,3.688,23.651,-1.0716,2.915,24.249,0.075,-0.815
902.40,3.678,23.641,-1.3131,2.902,24.243,0.061,-0.973
902.60,3.680,23.628,-1.4787,2.902,24.233,0.073,-0.847
902.80,3.646,23.598,-1.7340,2.874,24.201,0.066,-0.870
903.00,3.601,23.547,-2.1233,2.832,24.152,0.127,-1.018
903.20,3.561,23.500,-2.5110,2.797,24.108,0.159,-1.013
903.40,3.516,23.466,-2.8735,2.755,24.074,0.156,-1.012
903.60,3.466,23.452,2.9801,2.704,24.055,0.138,-1.001
903.80,3.417,23.456,2.5024,2.656,24.057,0.132,-1.000
904.00,3.382,23.546,2.3112,2.606,24.129,0.189,-1.001
904.20,3.351,23.605,2.2318,2.574,24.192,0.227,-0.627
904.40,3.341,23.652,2.1743,2.561,24.242,0.168,-0.305
904.60,3.335,23.695,2.1203,2.554,24.287,0.118,-0.163
904.80,3.332,23.729,2.0812,2.550,24.322,0.087,-0.107
905.00,3.329,23.757,2.0510,2.547,24.351,0.066,-0.041
905.20,3.322,23.777,2.0281,2.543,24.374,0.052,-0.009
905.40,3.305,23.796,2.0068,2.525,24.392,0.078,0.014
905.60,3.293,23.813,1.9979,2.510,24.409,0.095,0.003
905.80,3.288,23.823,1.9979,2.504,24.420,0.082,0.057
906.00,3.282,23.837,1.9980,2.498,24.433,0.073,0.086
906.20,3.274,23.854,1.9980,2.491,24.449,0.076,0.094
906.40,3.266,23.869,2.0024,2.481,24.464,0.077,0.107
906.60,3.253,23.884,2.0162,2.467,24.478,0.077,0.157
906.80,3.236,23.901,2.0347,2.449,24.495,0.079,0.189
907.00,3.218,23.918,2.0568,2.428,24.512,0.083,0.222
907.20,3.194,23.938,2.0866,2.404,24.531,0.086,0.251
907.40,3.167,23.958,2.1208,2.377,24.551,0.089,0.270
907.60,3.140,23.977,2.1565,2.348,24.570,0.088,0.286
907.80,3.108,23.996,2.1967,2.317,24.589,0.089,0.300
908.00,3.079,24.014,2.2593,2.288,24.607,0.083,0.358
908.20,3.057,24.039,2.3115,2.266,24.631,0.069,0.442
908.40,3.048,24.064,2.3433,2.258,24.656,0.047,0.384
908.60,3.043,24.081,2.3916,2.250,24.675,0.029,0.334
908.80,3.062,24.095,2.5273,2.269,24.690,-0.012,0.497
909.00,3.059,24.100,2.7078,2.270,24.698,-0.032,0.760
909.20,3.046,24.100,2.8733,2.257,24.698,-0.021,0.831
909.40,3.026,24.109,3.1001,2.240,24.707,0.002,0.965
909.60,2.997,24.124,-2.8854,2.216,24.724,0.026,1.005
909.80,2.932,24.057,-2.6943,2.147,24.666,0.138,1.001
910.00,2.868,23.980,-2.5786,2.080,24.594,0.266,0.867
910.20,2.826,23.907,-2.4807,2.034,24.521,0.278,0.673
910.40,2.803,23.854,-2.4077,2.007,24.464,0.228,0.550
910.60,2.792,23.825,-2.3669,1.994,24.431,0.138,0.395
910.80,2.787,23.807,-2.1649,1.989,24.411,0.068,0.658
911.00,2.781,23.772,-1.9144,1.982,24.381,0.069,1.007
911.20,2.765,23.722,-1.8214,1.968,24.333,0.116,0.853
911.40,2.738,23.688,-1.7643,1.941,24.299,0.139,0.531
911.60,2.711,23.649,-1.7007,1.915,24.260,0.148,0.455
911.80,2.684,23.606,-1.6349,1.888,24.217,0.161,0.434
912.00,2.660,23.557,-1.5698,1.865,24.169,0.184,0.453
912.20,2.638,23.503,-1.5034,1.842,24.116,0.199,0.459
912.40,2.620,23.447,-1.4350,1.824,24.061,0.213,0.445
912.60,2.608,23.387,-1.3337,1.808,24.001,0.221,0.477
912.80,2.607,23.332,-1.2313,1.805,23.944,0.222,0.546
913.00,2.600,23.275,-1.1135,1.799,23.887,0.205,0.584
913.20,2.602,23.211,-0.9852,1.798,23.824,0.204,0.653
913.40,2.613,23.136,-0.8339,1.805,23.748,0.235,0.685
913.60,2.678,23.089,-0.7305,1.862,23.690,0.291,0.656
913.80,2.708,23.060,-0.7202,1.899,23.658,0.284,0.412
914.00,2.695,23.006,-0.5844,1.891,23.609,0.203,0.420
914.20,2.656,22.948,-0.4076,1.854,23.552,0.119,0.724
914.40,2.604,22.923,-0.3089,1.807,23.521,0.045,0.688
914.60,2.548,22.913,-0.2429,1.753,23.510,-0.027,0.504
914.80,2.492,22.901,-0.1613,1.697,23.498,-0.063,0.379
915.00,2.427,22.884,-0.0253,1.634,23.483,-0.123,0.460
915.20,2.365,22.871,0.0900,1.571,23.469,-0.128,0.531
915.40,2.323,22.880,0.1448,1.526,23.475,-0.071,0.407
915.60,2.289,22.890,0.1883,1.490,23.484,-0.006,0.269
915.80,2.255,22.897,0.2328,1.455,23.492,0.017,0.244
916.00,2.219,22.903,0.2770,1.420,23.499,0.025,0.240
916.20,2.185,22.908,0.3159,1.385,23.505,0.026,0.215
916.40,2.156,22.911,0.3495,1.355,23.509,0.035,0.184
916.60,2.128,22.913,0.3817,1.326,23.513,0.045,0.162
916.80,2.100,22.915,0.4132,1.298,23.515,0.054,0.175
917.00,2.073,22.915,0.4433,1.270,23.517,0.055,0.150
917.20,2.046,22.914,0.4729,1.241,23.518,0.053,0.139
917.40,2.018,22.913,0.5028,1.212,23.517,0.052,0.127
917.60,1.994,22.910,0.5289,1.185,23.516,0.055,0.121
917.80,1.971,22.908,0.5527,1.159,23.515,0.060,0.116
918.00,1.949,22.905,0.5745,1.135,23.512,0.065,0.090
918.20,1.930,22.901,0.5943,1.112,23.509,0.068,0.081
918.40,1.913,22.898,0.6113,1.092,23.505,0.077,0.052
918.60,1.903,22.896,0.6220,1.079,23.501,0.094,0.023
918.80,1.900,22.898,0.6304,1.072,23.502,0.120,0.010
919.00,1.908,22.905,0.6346,1.076,23.509,0.158,0.012
919.20,1.921,22.915,0.6346,1.088,23.518,0.188,-0.014
919.40,1.938,22.928,0.6346,1.105,23.530,0.215,-0.035
919.60,1.962,22.945,0.6346,1.127,23.547,0.237,-0.042
919.80,1.991,22.967,0.6346,1.156,23.568,0.255,-0.044
920.00,2.025,22.992,0.6346,1.190,23.592,0.270,-0.046
920.20,2.061,23.018,0.6345,1.226,23.618,0.284,-0.048
920.40,2.099,23.046,0.6345,1.264,23.646,0.291,-0.050
920.60,2.140,23.076,0.6344,1.305,23.676,0.296,-0.054
920.80,2.182,23.107,0.6343,1.347,23.707,0.291,-0.057
921.00,2.225,23.139,0.6341,1.390,23.739,0.284,-0.061
921.20,2.267,23.171,0.6339,1.432,23.771,0.277,-0.063
921.40,2.309,23.203,0.6338,1.472,23.802,0.268,-0.064
921.60,2.349,23.232,0.6335,1.511,23.833,0.265,-0.049
921.80,2.387,23.260,0.6329,1.548,23.860,0.252,-0.055
922.00,2.429,23.291,0.6315,1.591,23.890,0.248,-0.066
922.20,2.471,23.322,0.6314,1.633,23.921,0.249,-0.067
922.40,2.506,23.348,0.6311,1.669,23.948,0.237,-0.063
922.60,2.537,23.371,0.6308,1.699,23.971,0.214,-0.060
922.80,2.567,23.397,0.6311,1.728,23.995,0.228,-0.061
923.00,2.598,23.421,0.6309,1.757,24.020,0.245,-0.083
923.20,2.627,23.442,0.6307,1.785,24.041,0.234,-0.075
923.40,2.655,23.462,0.6305,1.812,24.061,0.222,-0.071
923.60,2.680,23.481,0.6305,1.835,24.079,0.209,-0.069
923.80,2.706,23.499,0.6304,1.858,24.096,0.200,-0.068
924.00,2.732,23.518,0.6303,1.881,24.115,0.183,-0.126
924.20,2.758,23.537,0.6298,1.906,24.133,0.175,-0.107
924.40,2.792,23.561,0.6270,1.940,24.156,0.183,-0.112
924.60,2.820,23.573,0.6098,1.968,24.168,0.182,-0.148
924.80,2.845,23.582,0.5946,1.994,24.177,0.168,-0.181
925.00,2.861,23.589,0.5873,2.012,24.183,0.153,-0.179
925.20,2.868,23.602,0.5495,2.019,24.193,0.128,-0.228
925.40,2.877,23.608,0.5258,2.026,24.202,0.122,-0.242
925.60,2.888,23.595,0.4708,2.038,24.190,0.113,-0.301
925.80,2.899,23.576,0.4137,2.051,24.170,0.107,-0.306
926.00,2.903,23.552,0.3532,2.060,24.145,0.105,-0.318
926.20,2.874,23.525,0.3087,2.036,24.118,0.044,-0.269
926.40,2.837,23.493,0.2558,2.002,24.086,-0.010,-0.255
926.60,2.795,23.460,0.1961,1.960,24.052,-0.050,-0.268
926.80,2.747,23.429,0.1357,1.913,24.019,-0.065,-0.274
927.00,2.687,23.395,0.0671,1.854,23.984,-0.086,-0.282
927.20,2.612,23.362,-0.0125,1.780,23.947,-0.136,-0.309
927.40,2.526,23.333,-0.0978,1.695,23.915,-0.175,-0.323
927.60,2.434,23.311,-0.1888,1.603,23.890,-0.185,-0.328
927.80,2.330,23.295,-0.2919,1.499,23.871,-0.208,-0.356
928.00,2.217,23.290,-0.4002,1.386,23.863,-0.221,-0.393
928.20,2.099,23.298,-0.5160,1.267,23.866,-0.231,-0.409
928.40,1.979,23.319,-0.6416,1.145,23.883,-0.239,-0.436
928.60,1.880,23.350,-0.7450,1.040,23.912,-0.240,-0.432
928.80,1.787,23.395,-0.8414,0.944,23.955,-0.218,-0.402
929.00,1.693,23.450,-0.9472,0.852,24.011,-0.221,-0.325
929.20,1.599,23.513,-1.0681,0.756,24.069,-0.223,-0.382
929.40,1.509,23.593,-1.1946,0.663,24.145,-0.236,-0.433
929.60,1.436,23.697,-1.2912,0.584,24.246,-0.245,-0.455
929.80,1.388,23.814,-1.3461,0.537,24.367,-0.248,-0.213
930.00,1.326,23.911,-1.4618,0.474,24.465,-0.242,-0.325
930.20,1.273,24.018,-1.5834,0.418,24.571,-0.216,-0.283
930.40,1.242,24.125,-1.6804,0.380,24.681,-0.242,-0.393
930.60,1.222,24.226,-1.7724,0.357,24.784,-0.236,-0.372
930.80,1.210,24.326,-1.8711,0.341,24.885,-0.229,-0.368
931.00,1.207,24.426,-1.9766,0.335,24.985,-0.225,-0.379
931.20,1.210,24.523,-2.0787,0.336,25.083,-0.244,-0.358
931.40,1.226,24.620,-2.1817,0.348,25.181,-0.238,-0.392
931.60,1.248,24.707,-2.2783,0.368,25.272,-0.234,-0.394
931.80,1.270,24.771,-2.3522,0.391,25.342,-0.218,-0.337
932.00,1.285,24.808,-2.3980,0.407,25.385,-0.154,-0.235
932.20,1.297,24.826,-2.4346,0.419,25.407,-0.081,-0.156
932.40,1.308,24.826,-2.5539,0.429,25.411,-0.042,-0.337
932.60,1.323,24.814,-2.6612,0.445,25.401,-0.036,-0.467
932.80,1.329,24.799,-2.7145,0.453,25.386,-0.025,-0.374
933.00,1.310,24.779,-2.7471,0.438,25.366,-0.001,-0.227
933.20,1.284,24.751,-2.7940,0.414,25.338,0.040,-0.173
933.40,1.249,24.718,-2.8499,0.381,25.306,0.071,-0.170
933.60,1.210,24.686,-2.9030,0.342,25.272,0.085,-0.156
933.80,1.175,24.679,-2.9442,0.305,25.259,0.079,-0.140
934.00,1.139,24.686,-2.9783,0.269,25.265,0.055,-0.090
934.20,1.091,24.695,-3.0197,0.221,25.276,0.065,-0.094
934.40,1.043,24.706,-3.0586,0.170,25.288,0.084,-0.104
934.60,1.012,24.712,-3.0806,0.134,25.299,0.069,-0.076
934.80,0.986,24.718,-3.0993,0.106,25.308,0.036,-0.032
935.00,0.961,24.724,-3.1172,0.080,25.316,0.018,-0.017
935.20,0.944,24.727,-3.1259,0.062,25.322,0.005,-0.004
935.40,0.934,24.727,-3.1268,0.050,25.325,-0.011,0.030
935.60,0.930,24.727,-3.1268,0.044,25.325,-0.027,0.074
935.80,0.929,24.727,-3.1268,0.043,25.325,-0.039,0.089
936.00,0.933,24.727,-3.1262,0.045,25.325,-0.049,0.090
936.20,0.943,24.725,-3.1205,0.054,25.322,-0.062,0.116
936.40,0.964,24.720,-3.1045,0.075,25.315,-0.083,0.141
936.60,0.991,24.713,-3.0837,0.101,25.306,-0.104,0.181
936.80,1.025,24.704,-3.0541,0.135,25.295,-0.121,0.213
937.00,1.067,24.694,-3.0154,0.177,25.283,-0.142,0.252
937.20,1.120,24.683,-2.9651,0.229,25.271,-0.160,0.283
937.40,1.182,24.673,-2.9044,0.290,25.258,-0.187,0.329
937.60,1.227,24.678,-2.8424,0.341,25.260,-0.185,0.369
937.80,1.248,24.695,-2.8107,0.366,25.276,-0.144,0.301
938.00,1.265,24.701,-2.7327,0.384,25.284,-0.093,0.326
938.20,1.279,24.695,-2.5741,0.397,25.280,-0.057,0.568
938.40,1.293,24.683,-2.4261,0.410,25.268,-0.016,0.783
938.60,1.313,24.678,-2.2958,0.430,25.261,-0.005,0.770
938.80,1.328,24.682,-2.0654,0.447,25.264,-0.001,0.860
939.00,1.346,24.682,-1.7195,0.466,25.262,0.018,1.011
939.20,1.355,24.674,-1.3103,0.474,25.259,0.093,1.002
939.40,1.318,24.653,-0.9585,0.443,25.250,0.137,1.009
939.60,1.338,24.665,-0.6427,0.461,25.246,0.158,1.009
939.80,1.405,24.695,-0.4899,0.526,25.275,0.190,0.892
940.00,1.464,24.692,-0.4186,0.582,25.274,0.234,0.523
940.20,1.511,24.694,-0.3600,0.632,25.275,0.295,0.366
940.40,1.539,24.699,-0.2331,0.662,25.278,0.278,0.301
940.60,1.563,24.703,0.0335,0.686,25.285,0.223,0.879
940.80,1.608,24.693,0.1846,0.724,25.276,0.214,0.777
941.00,1.666,24.682,0.2901,0.778,25.265,0.223,0.542
941.20,1.741,24.673,0.4240,0.849,25.254,0.251,0.481
941.40,1.829,24.678,0.5304,0.936,25.256,0.299,0.404
941.60,1.904,24.688,0.6202,1.014,25.265,0.306,0.335
941.80,1.971,24.703,0.6985,1.083,25.280,0.286,0.250
942.00,2.031,24.723,0.7695,1.146,25.298,0.256,0.205
942.20,2.083,24.745,0.8295,1.201,25.319,0.244,0.193
942.40,2.129,24.769,0.8800,1.249,25.342,0.219,0.126
942.60,2.175,24.797,0.9271,1.295,25.368,0.199,0.100
942.80,2.213,24.825,0.9699,1.337,25.396,0.187,0.093
943.00,2.236,24.845,0.9905,1.364,25.416,0.154,0.065
943.20,2.248,24.860,0.9942,1.377,25.431,0.103,-0.011
943.40,2.254,24.876,1.0024,1.381,25.446,0.079,-0.044
943.60,2.265,24.894,1.0027,1.391,25.463,0.074,-0.070
943.80,2.276,24.911,1.0027,1.401,25.481,0.083,-0.105
944.00,2.283,24.923,1.0025,1.410,25.493,0.080,-0.112
944.20,2.286,24.930,0.9935,1.413,25.501,0.068,-0.130
944.40,2.284,24.940,0.9633,1.412,25.510,0.058,-0.243
944.60,2.277,24.948,0.9335,1.405,25.520,0.055,-0.297
944.80,2.268,24.955,0.9045,1.394,25.527,0.078,-0.230
945.00,2.252,24.956,0.8701,1.380,25.530,0.078,-0.252
945.20,2.224,24.943,0.8335,1.353,25.520,0.043,-0.278
945.40,2.187,24.928,0.7926,1.316,25.505,0.003,-0.283
945.60,2.146,24.913,0.7469,1.275,25.490,-0.022,-0.274
945.80,2.104,24.900,0.6995,1.232,25.477,-0.027,-0.269
946.00,2.064,24.889,0.6554,1.191,25.466,-0.018,-0.263
946.20,2.031,24.882,0.6187,1.155,25.458,0.002,-0.242
946.40,2.012,24.871,0.5858,1.133,25.449,-0.022,-0.234
946.60,1.994,24.844,0.5495,1.117,25.424,0.010,-0.232
946.80,1.967,24.807,0.5015,1.092,25.388,-0.016,-0.242
947.00,1.930,24.765,0.4453,1.056,25.346,-0.061,-0.284
947.20,1.890,24.722,0.3881,1.017,25.302,-0.079,-0.293
947.40,1.844,24.679,0.3271,0.971,25.256,-0.094,-0.302
947.60,1.791,24.635,0.2576,0.919,25.211,-0.106,-0.316
947.80,1.732,24.592,0.1831,0.861,25.166,-0.120,-0.328
948.00,1.665,24.551,0.1043,0.795,25.123,-0.132,-0.335
948.20,1.595,24.517,0.0221,0.725,25.086,-0.139,-0.334
948.40,1.521,24.486,-0.0631,0.651,25.053,-0.139,-0.325
948.60,1.438,24.459,-0.1553,0.570,25.024,-0.154,-0.329
948.80,1.346,24.440,-0.2544,0.479,25.002,-0.198,-0.370
949.00,1.282,24.444,-0.3585,0.406,25.000,-0.158,-0.404
949.20,1.256,24.456,-0.4010,0.372,25.012,-0.076,-0.319
949.40,1.253,24.466,-0.4601,0.365,25.023,0.042,-0.167
949.60,1.258,24.464,-0.6286,0.370,25.023,0.092,-0.400
949.80,1.265,24.462,-0.7465,0.375,25.020,0.125,-0.641
950.00,1.278,24.466,-0.7969,0.390,25.026,0.134,-0.342
950.20,1.291,24.445,-0.9380,0.402,25.008,0.143,-0.406
950.40,1.298,24.384,-1.0080,0.412,24.950,0.194,-0.347
950.60,1.304,24.334,-1.0623,0.418,24.899,0.232,-0.238
950.80,1.308,24.290,-1.1110,0.423,24.853,0.239,-0.153
951.00,1.311,24.246,-1.1537,0.426,24.808,0.240,-0.166
951.20,1.314,24.203,-1.1901,0.427,24.765,0.243,-0.100
951.40,1.317,24.163,-1.2170,0.430,24.725,0.228,-0.052
951.60,1.319,24.121,-1.2474,0.430,24.684,0.216,-0.034
951.80,1.323,24.069,-1.2723,0.431,24.634,0.219,-0.034
952.00,1.335,24.017,-1.2804,0.440,24.579,0.226,-0.018
952.20,1.348,23.974,-1.2805,0.453,24.535,0.207,0.085
952.40,1.360,23.933,-1.2805,0.465,24.493,0.192,0.119
952.60,1.373,23.890,-1.2803,0.478,24.450,0.185,0.129
952.80,1.388,23.844,-1.2755,0.493,24.404,0.187,0.145
953.00,1.407,23.809,-1.2544,0.514,24.369,0.172,0.209
953.20,1.422,23.786,-1.2369,0.531,24.345,0.152,0.234
953.40,1.431,23.771,-1.2226,0.541,24.329,0.122,0.203
953.60,1.426,23.753,-1.1589,0.539,24.313,0.100,0.264
953.80,1.413,23.735,-1.0569,0.526,24.295,0.107,0.416
954.00,1.392,23.719,-0.9909,0.505,24.278,0.093,0.462
954.20,1.370,23.706,-0.9222,0.482,24.264,0.119,0.315
954.40,1.349,23.682,-0.8370,0.461,24.241,0.123,0.354
954.60,1.319,23.662,-0.7299,0.429,24.220,0.113,0.425
954.80,1.299,23.647,-0.6518,0.408,24.205,0.102,0.430
955.00,1.288,23.635,-0.5295,0.393,24.191,0.100,0.429
955.20,1.298,23.640,-0.3329,0.401,24.192,0.110,0.597
955.40,1.308,23.654,-0.1251,0.411,24.204,0.131,0.861
955.60,1.313,23.677,0.0788,0.418,24.227,0.126,0.795
955.80,1.323,23.669,0.3200,0.423,24.223,0.115,0.857
956.00,1.338,23.665,0.7167,0.436,24.217,0.107,1.020
956.20,1.361,23.673,1.1262,0.457,24.223,0.071,1.006
956.40,1.399,23.673,1.4939,0.494,24.217,0.081,1.008
956.60,1.344,23.754,1.6333,0.453,24.304,0.173,0.899
956.80,1.297,23.828,1.7384,0.409,24.378,0.262,0.566
957.00,1.252,23.886,1.8263,0.364,24.438,0.251,0.368
957.20,1.205,23.939,1.9146,0.317,24.492,0.217,0.294
957.40,1.170,23.994,2.0331,0.281,24.546,0.191,0.375
957.60,1.160,24.038,2.0882,0.267,24.591,0.150,0.309
957.80,1.156,24.079,2.1328,0.262,24.632,0.094,0.136
958.00,1.149,24.120,2.1795,0.256,24.673,0.066,0.073
958.20,1.137,24.165,2.2286,0.247,24.718,0.067,0.079
958.40,1.122,24.208,2.2667,0.233,24.764,0.077,0.091
958.60,1.110,24.231,2.2831,0.222,24.793,0.057,0.048
958.80,1.099,24.251,2.2984,0.212,24.816,0.026,0.001
959.00,1.088,24.273,2.3161,0.201,24.840,0.014,-0.007
959.20,1.076,24.284,2.3200,0.191,24.855,0.007,-0.024
959.40,1.071,24.288,2.3199,0.184,24.860,-0.020,-0.094
959.60,1.069,24.290,2.3199,0.181,24.863,-0.033,-0.108
959.80,1.068,24.292,2.3180,0.180,24.864,-0.043,-0.114
960.00,1.065,24.299,2.3109,0.179,24.871,-0.042,-0.169
960.20,1.058,24.315,2.2963,0.175,24.888,-0.022,-0.219
960.40,1.052,24.334,2.2771,0.169,24.909,-0.003,-0.228
960.60,1.045,24.357,2.2531,0.163,24.933,0.008,-0.232
960.80,1.039,24.384,2.2247,0.157,24.959,0.017,-0.250
961.00,1.032,24.414,2.1922,0.151,24.990,0.043,-0.262
961.20,1.026,24.448,2.1574,0.145,25.024,0.054,-0.282
961.40,1.020,24.483,2.1208,0.140,25.059,0.061,-0.290
961.60,1.016,24.521,2.0817,0.136,25.097,0.065,-0.293
961.80,1.013,24.567,2.0348,0.133,25.141,0.078,-0.307
962.00,1.012,24.622,1.9793,0.131,25.196,0.110,-0.344
962.20,1.009,24.670,1.9164,0.129,25.246,0.118,-0.377
962.40,0.993,24.689,1.8818,0.115,25.271,0.089,-0.327
962.60,0.984,24.705,1.8236,0.104,25.288,0.046,-0.326
962.80,0.981,24.715,1.6635,0.100,25.298,0.033,-0.545
963.00,0.991,24.732,1.5128,0.106,25.314,0.050,-0.771
963.20,1.003,24.743,1.3672,0.118,25.327,0.064,-0.783
963.40,1.020,24.735,1.1707,0.132,25.324,0.051,-0.876
963.60,1.045,24.715,0.8392,0.160,25.307,0.069,-0.996
963.80,1.030,24.728,0.5332,0.144,25.308,0.096,-1.013
964.00,0.992,24.780,0.2863,0.104,25.350,0.103,-1.001
964.20,0.936,24.835,0.1262,0.052,25.405,0.068,-0.888
964.40,0.861,24.857,0.0412,-0.016,25.428,-0.066,-0.566
964.60,0.804,24.885,-0.0342,-0.074,25.455,-0.087,-0.372
964.80,0.759,24.910,-0.0966,-0.121,25.481,-0.050,-0.284
965.00,0.718,24.935,-0.1522,-0.163,25.506,-0.073,-0.166
965.20,0.685,24.957,-0.1961,-0.198,25.529,-0.032,-0.140
965.40,0.653,24.980,-0.2388,-0.230,25.553,-0.001,-0.118
965.60,0.619,25.004,-0.2753,-0.263,25.578,0.001,-0.124
965.80,0.588,25.027,-0.3088,-0.296,25.604,-0.003,-0.137
966.00,0.564,25.047,-0.3346,-0.322,25.627,0.013,-0.113
966.20,0.540,25.067,-0.3617,-0.347,25.650,0.022,-0.100
966.40,0.515,25.090,-0.3904,-0.373,25.676,0.019,-0.102
966.60,0.494,25.109,-0.4150,-0.395,25.699,0.024,-0.095
966.80,0.479,25.123,-0.4317,-0.412,25.717,0.044,-0.066
967.00,0.465,25.137,-0.4482,-0.426,25.734,0.055,-0.052
967.20,0.452,25.151,-0.4641,-0.440,25.751,0.060,-0.050
967.40,0.445,25.158,-0.4721,-0.449,25.762,0.071,-0.037
967.60,0.447,25.159,-0.4767,-0.449,25.767,0.100,-0.014
967.80,0.455,25.157,-0.4804,-0.440,25.769,0.124,-0.011
968.00,0.464,25.152,-0.4818,-0.430,25.769,0.144,-0.007
968.20,0.478,25.145,-0.4818,-0.416,25.762,0.162,0.026
968.40,0.498,25.135,-0.4818,-0.397,25.753,0.175,0.039
968.60,0.522,25.122,-0.4818,-0.374,25.741,0.190,0.044
968.80,0.550,25.107,-0.4818,-0.346,25.726,0.203,0.046
969.00,0.582,25.091,-0.4818,-0.316,25.710,0.214,0.047
969.20,0.616,25.072,-0.4815,-0.281,25.692,0.221,0.049
969.40,0.653,25.053,-0.4810,-0.245,25.671,0.230,0.060
969.60,0.692,25.032,-0.4803,-0.206,25.649,0.236,0.066
969.80,0.734,25.009,-0.4793,-0.165,25.625,0.240,0.069
970.00,0.779,24.985,-0.4769,-0.120,25.600,0.248,0.078
970.20,0.825,24.960,-0.4743,-0.073,25.572,0.254,0.086
970.40,0.872,24.935,-0.4715,-0.026,25.546,0.255,0.091
970.60,0.919,24.910,-0.4683,0.021,25.520,0.291,0.103
970.80,0.966,24.885,-0.4642,0.067,25.494,0.314,0.120
971.00,1.018,24.863,-0.4630,0.118,25.471,0.305,0.107
971.20,1.067,24.837,-0.4582,0.167,25.445,0.292,0.099
971.40,1.116,24.809,-0.4492,0.216,25.417,0.284,0.115
971.60,1.166,24.781,-0.4390,0.265,25.389,0.311,0.030
971.80,1.219,24.753,-0.4313,0.317,25.360,0.311,0.055
972.00,1.270,24.727,-0.4255,0.367,25.333,0.307,0.065
972.20,1.327,24.701,-0.4255,0.423,25.306,0.306,0.035
972.40,1.388,24.673,-0.4247,0.484,25.279,0.312,0.022
972.60,1.452,24.644,-0.4235,0.550,25.250,0.322,0.024
972.80,1.509,24.618,-0.4234,0.607,25.223,0.338,0.040
973.00,1.565,24.593,-0.4234,0.664,25.198,0.367,0.057
973.20,1.623,24.566,-0.4234,0.722,25.172,0.346,0.046
973.40,1.683,24.539,-0.4232,0.782,25.145,0.335,0.046
973.60,1.744,24.511,-0.4230,0.842,25.117,0.328,0.051
973.80,1.808,24.481,-0.4228,0.904,25.087,0.327,0.053
974.00,1.869,24.453,-0.4228,0.967,25.059,0.325,0.053
974.20,1.927,24.428,-0.4227,1.025,25.033,0.314,0.057
974.40,1.983,24.404,-0.4225,1.080,25.008,0.296,0.062
974.60,2.039,24.379,-0.4224,1.135,24.984,0.281,0.064
974.80,2.092,24.355,-0.4221,1.187,24.959,0.297,0.067
975.00,2.140,24.333,-0.4217,1.235,24.937,0.325,0.087
975.20,2.184,24.313,-0.4213,1.278,24.916,0.298,0.079
975.40,2.226,24.294,-0.4209,1.318,24.897,0.289,-0.017
975.60,2.264,24.276,-0.4206,1.356,24.879,0.280,-0.011
975.80,2.299,24.260,-0.4202,1.389,24.863,0.261,0.008
976.00,2.343,24.240,-0.4200,1.430,24.845,0.256,0.010
976.20,2.395,24.217,-0.4201,1.481,24.822,0.279,0.008
976.40,2.443,24.195,-0.4201,1.530,24.801,0.289,0.006
976.60,2.487,24.175,-0.4201,1.575,24.780,0.283,0.006
976.80,2.536,24.154,-0.4201,1.624,24.759,0.280,0.006
977.00,2.587,24.131,-0.4201,1.675,24.736,0.282,0.006
977.20,2.638,24.108,-0.4202,1.726,24.713,0.283,0.007
977.40,2.688,24.086,-0.4202,1.776,24.690,0.313,0.040
977.60,2.738,24.063,-0.4202,1.826,24.668,0.335,0.048
977.80,2.788,24.041,-0.4202,1.876,24.645,0.325,0.040
978.00,2.840,24.017,-0.4202,1.928,24.622,0.312,0.037
978.20,2.898,23.991,-0.4201,1.985,24.597,0.312,0.041
978.40,2.957,23.965,-0.4201,2.045,24.570,0.316,0.043
978.60,3.014,23.940,-0.4201,2.103,24.545,0.314,0.043
978.80,3.069,23.915,-0.4201,2.158,24.520,0.305,0.043
979.00,3.125,23.891,-0.4200,2.214,24.495,0.296,0.045
979.20,3.180,23.866,-0.4200,2.269,24.469,0.291,0.047
979.40,3.235,23.842,-0.4199,2.324,24.445,0.283,0.049
979.60,3.288,23.818,-0.4198,2.378,24.421,0.315,0.064
979.80,3.338,23.796,-0.4197,2.429,24.398,0.336,0.077
980.00,3.387,23.774,-0.4194,2.478,24.377,0.307,0.071
980.20,3.436,23.753,-0.4189,2.526,24.356,0.285,0.069
980.40,3.483,23.732,-0.4180,2.572,24.337,0.272,0.073
980.60,3.528,23.713,-0.4173,2.616,24.318,0.258,0.073
980.80,3.570,23.695,-0.4167,2.657,24.301,0.244,0.073
981.00,3.606,23.679,-0.4162,2.693,24.287,0.229,0.072
981.20,3.639,23.665,-0.4155,2.725,24.273,0.245,-0.038
981.40,3.670,23.651,-0.4149,2.755,24.261,0.235,-0.011
981.60,3.701,23.638,-0.4146,2.785,24.248,0.222,0.003
981.80,3.744,23.619,-0.4147,2.826,24.229,0.241,0.002
982.00,3.785,23.601,-0.4146,2.868,24.211,0.252,-0.001
982.20,3.826,23.583,-0.4146,2.909,24.193,0.254,-0.003
982.40,3.869,23.564,-0.4146,2.952,24.174,0.297,0.040
982.60,3.914,23.544,-0.4146,2.997,24.153,0.314,0.037
982.80,3.960,23.524,-0.4146,3.043,24.133,0.308,0.031
983.00,4.012,23.501,-0.4146,3.094,24.111,0.307,0.031
983.20,4.067,23.477,-0.4146,3.149,24.087,0.311,0.030
983.40,4.121,23.453,-0.4146,3.205,24.063,0.312,0.030
983.60,4.174,23.430,-0.4145,3.259,24.039,0.309,0.031
983.80,4.229,23.406,-0.4145,3.314,24.015,0.304,0.034
984.00,4.283,23.382,-0.4144,3.369,23.991,0.299,0.035
984.20,4.337,23.358,-0.4144,3.424,23.967,0.292,0.037
984.40,4.390,23.335,-0.4144,3.478,23.943,0.283,0.039
984.60,4.443,23.312,-0.4143,3.531,23.919,0.299,0.058
984.80,4.494,23.289,-0.4143,3.583,23.896,0.329,0.084
985.00,4.544,23.267,-0.4142,3.634,23.874,0.311,0.077
985.20,4.589,23.247,-0.4138,3.679,23.853,0.285,0.076
985.40,4.630,23.229,-0.4133,3.718,23.835,0.262,0.078
985.60,4.671,23.210,-0.4129,3.758,23.817,0.240,0.083
985.80,4.711,23.192,-0.4128,3.796,23.799,0.224,0.092
986.00,4.746,23.176,-0.4125,3.830,23.783,0.202,0.097
986.20,4.776,23.163,-0.4121,3.858,23.769,0.182,0.102
986.40,4.802,23.152,-0.4116,3.883,23.758,0.151,0.103
986.60,4.820,23.144,-0.4114,3.900,23.750,0.127,0.098
986.80,4.834,23.132,-0.3966,3.913,23.739,0.109,0.115
987.00,4.850,23.115,-0.3742,3.927,23.719,0.097,0.174
987.20,4.864,23.100,-0.3523,3.939,23.701,0.100,0.186
987.40,4.873,23.088,-0.3195,3.948,23.687,0.127,0.156
987.60,4.886,23.077,-0.2714,3.960,23.675,0.141,0.194
987.80,4.896,23.068,-0.1984,3.970,23.666,0.142,0.286
988.00,4.902,23.057,-0.1435,3.976,23.655,0.151,0.343
988.20,4.907,23.042,-0.0658,3.981,23.640,0.169,0.359
988.40,4.911,23.026,0.0499,3.986,23.625,0.159,0.436
988.60,4.890,23.004,0.0998,3.970,23.603,0.110,0.380
988.80,4.853,22.981,0.1488,3.935,23.581,0.035,0.274
989.00,4.810,22.953,0.2071,3.893,23.553,-0.056,0.262
989.20,4.768,22.921,0.2630,3.850,23.521,-0.059,0.255
989.40,4.732,22.887,0.3137,3.813,23.487,-0.038,0.232
989.60,4.692,22.851,0.3692,3.773,23.451,-0.038,0.230
989.80,4.649,22.808,0.4292,3.729,23.406,-0.050,0.268
990.00,4.640,22.826,0.4828,3.718,23.421,0.045,0.244
990.20,4.624,22.842,0.5482,3.700,23.439,0.096,0.224
990.40,4.606,22.857,0.6257,3.682,23.456,0.114,0.265
990.60,4.589,22.868,0.6904,3.664,23.468,0.112,0.286
990.80,4.574,22.876,0.7403,3.647,23.477,0.103,0.226
991.00,4.558,22.882,0.8058,3.630,23.483,0.103,0.203
991.20,4.554,22.891,0.9119,3.623,23.492,0.108,0.306
991.40,4.559,22.895,1.0121,3.627,23.495,0.112,0.373
991.60,4.566,22.898,1.1005,3.633,23.498,0.117,0.344
991.80,4.575,22.893,1.2350,3.642,23.494,0.106,0.411
992.00,4.579,22.894,1.4131,3.647,23.494,0.094,0.566
992.20,4.564,22.902,1.5894,3.636,23.503,0.085,0.691
992.40,4.549,22.899,1.7474,3.616,23.505,0.072,0.667
992.60,4.546,22.881,1.9748,3.615,23.487,0.037,0.811
992.80,4.532,22.890,2.2288,3.602,23.491,0.054,0.953
993.00,4.544,22.883,2.3627,3.618,23.482,0.033,0.712
993.20,4.535,22.871,2.6943,3.610,23.473,-0.002,0.910
993.40,4.512,22.858,3.0648,3.584,23.461,0.002,1.026
993.60,4.498,22.847,-2.8298,3.572,23.452,0.009,1.008
993.80,4.492,22.864,-2.4997,3.573,23.464,-0.019,1.012
994.00,4.451,22.920,-2.2551,3.547,23.518,-0.074,0.996
994.20,4.359,22.956,-2.0056,3.466,23.560,-0.040,0.976
994.40,4.280,22.967,-1.7979,3.386,23.570,0.019,0.889
994.60,4.196,23.002,-1.5689,3.310,23.603,0.020,0.856
994.80,4.091,23.042,-1.3079,3.210,23.642,-0.117,1.000
995.00,4.035,23.077,-0.9746,3.155,23.672,-0.146,1.007
995.20,4.005,23.130,-0.7001,3.124,23.709,-0.105,1.004
995.40,3.956,23.227,-0.5597,3.086,23.803,-0.162,0.818
995.60,3.892,23.304,-0.4447,3.024,23.883,-0.199,0.581
995.80,3.835,23.367,-0.3412,2.968,23.948,-0.184,0.469
996.00,3.761,23.432,-0.2246,2.897,24.014,-0.180,0.436
996.20,3.668,23.493,-0.0999,2.809,24.077,-0.200,0.478
996.40,3.552,23.547,0.0360,2.697,24.135,-0.228,0.502
996.60,3.414,23.578,0.1591,2.561,24.175,-0.248,0.526
996.80,3.285,23.601,0.2933,2.432,24.199,-0.247,0.464
997.00,3.166,23.585,0.4139,2.305,24.192,-0.247,0.444
997.20,3.089,23.540,0.5424,2.219,24.147,-0.220,0.463
997.40,3.017,23.524,0.6251,2.147,24.128,-0.182,0.379
997.60,2.938,23.502,0.7139,2.070,24.108,-0.153,0.296
997.80,2.850,23.469,0.8147,1.983,24.078,-0.199,0.312
998.00,2.755,23.423,0.9239,1.889,24.037,-0.210,0.357
998.20,2.662,23.362,1.0341,1.792,23.980,-0.224,0.377
998.40,2.574,23.288,1.1491,1.700,23.908,-0.240,0.396
998.60,2.512,23.200,1.2411,1.632,23.820,-0.244,0.345
998.80,2.454,23.130,1.3395,1.572,23.750,-0.226,0.340
999.00,2.412,23.059,1.4544,1.526,23.676,-0.200,0.353
999.20,2.393,22.997,1.5651,1.503,23.611,-0.172,0.396
999.40,2.386,22.943,1.6558,1.493,23.555,-0.128,0.333
999.60,2.394,22.899,1.7192,1.496,23.508,-0.105,0.251
999.80,2.415,22.865,1.7636,1.517,23.473,-0.072,0.116
1000.00,2.438,22.833,1.7994,1.540,23.438,-0.054,0.051
1000.20,2.438,22.840,1.8327,1.543,23.441,0.000,0.012
1000.40,2.429,22.846,1.8444,1.533,23.447,0.052,0.013
1000.60,2.432,22.842,1.8482,1.531,23.446,0.059,-0.018
1000.80,2.431,22.842,1.8482,1.531,23.446,0.057,-0.076
1001.00,2.428,22.846,1.8484,1.528,23.449,0.063,-0.111
1001.20,2.424,22.856,1.8481,1.525,23.459,0.074,-0.120
1001.40,2.418,22.869,1.8406,1.518,23.471,0.086,-0.134
1001.60,2.407,22.887,1.8239,1.506,23.489,0.101,-0.153
1001.80,2.393,22.909,1.8007,1.491,23.510,0.116,-0.190
1002.00,2.378,22.933,1.7742,1.475,23.533,0.128,-0.233
1002.20,2.361,22.959,1.7441,1.458,23.559,0.128,-0.262
1002.40,2.343,22.990,1.7082,1.439,23.588,0.141,-0.277
1002.60,2.325,23.022,1.6688,1.420,23.620,0.149,-0.289
1002.80,2.307,23.058,1.6265,1.401,23.655,0.159,-0.299
1003.00,2.289,23.098,1.5796,1.382,23.694,0.159,-0.306
1003.20,2.271,23.143,1.5277,1.363,23.738,0.158,-0.323
1003.40,2.254,23.194,1.4707,1.345,23.788,0.173,-0.342
1003.60,2.239,23.248,1.4103,1.328,23.841,0.196,-0.362
1003.80,2.227,23.302,1.3495,1.315,23.895,0.206,-0.368
1004.00,2.242,23.340,1.3075,1.326,23.939,0.221,-0.320
1004.20,2.256,23.361,1.2734,1.342,23.962,0.191,-0.287
1004.40,2.263,23.373,1.2061,1.351,23.976,0.154,-0.274
1004.60,2.250,23.388,1.0698,1.341,23.989,0.133,-0.528
1004.80,2.232,23.408,0.9680,1.323,24.008,0.103,-0.643
1005.00,2.218,23.435,0.8574,1.307,24.034,0.112,-0.583
1005.20,2.196,23.464,0.6633,1.286,24.062,0.118,-0.756
1005.40,2.175,23.496,0.4066,1.265,24.093,0.140,-0.937
1005.60,2.158,23.530,0.1619,1.247,24.126,0.145,-0.990
1005.80,2.151,23.571,-0.1075,1.239,24.165,0.145,-0.983
1006.00,2.174,23.544,-0.4377,1.270,24.146,0.202,-1.007
1006.20,2.186,23.551,-0.7950,1.274,24.148,0.189,-1.023
1006.40,2.181,23.516,-1.1234,1.280,24.116,0.120,-1.014
1006.60,2.201,23.470,-1.5576,1.297,24.079,0.169,-1.005
1006.80,2.264,23.457,-1.8704,1.346,24.073,0.116,-1.008
1007.00,2.329,23.500,-1.9908,1.410,24.106,-0.063,-0.750
1007.20,2.376,23.541,-2.0661,1.457,24.145,-0.136,-0.473
1007.40,2.413,23.567,-2.1237,1.497,24.173,-0.134,-0.261
1007.60,2.438,23.587,-2.1718,1.524,24.194,-0.094,-0.173
1007.80,2.460,23.602,-2.2148,1.547,24.210,-0.058,-0.119
1008.00,2.483,23.617,-2.2432,1.569,24.226,-0.043,-0.059
1008.20,2.506,23.632,-2.2668,1.593,24.241,-0.040,-0.010
1008.40,2.526,23.644,-2.2833,1.615,24.253,-0.036,0.007
1008.60,2.536,23.653,-2.2874,1.629,24.263,-0.022,0.031
1008.80,2.541,23.659,-2.2874,1.635,24.269,-0.006,0.071
1009.00,2.545,23.663,-2.2874,1.639,24.274,0.008,0.094
1009.20,2.546,23.665,-2.2854,1.641,24.277,0.015,0.098
1009.40,2.537,23.660,-2.2772,1.633,24.275,0.032,0.150
1009.60,2.521,23.651,-2.2616,1.616,24.267,0.060,0.192
1009.80,2.502,23.640,-2.2420,1.595,24.257,0.080,0.211
1010.00,2.475,23.624,-2.2123,1.568,24.243,0.084,0.258
1010.20,2.440,23.602,-2.1717,1.533,24.223,0.096,0.279
1010.40,2.398,23.573,-2.1207,1.491,24.195,0.128,0.317
1010.60,2.349,23.535,-2.0578,1.441,24.159,0.166,0.368
1010.80,2.292,23.484,-1.9797,1.384,24.111,0.205,0.431
1011.00,2.231,23.419,-1.8871,1.323,24.050,0.244,0.503
1011.20,2.173,23.345,-1.7850,1.262,23.979,0.272,0.559
1011.40,2.132,23.283,-1.6512,1.217,23.912,0.243,0.679
1011.60,2.144,23.199,-1.5603,1.215,23.830,0.234,0.668
1011.80,2.183,23.117,-1.4683,1.249,23.746,0.218,0.620
1012.00,2.230,23.041,-1.3744,1.293,23.669,0.239,0.596
1012.20,2.283,22.969,-1.2814,1.345,23.596,0.247,0.600
1012.40,2.342,22.904,-1.1900,1.402,23.529,0.256,0.562
1012.60,2.397,22.868,-1.1439,1.458,23.486,0.213,0.486
1012.80,2.400,22.878,-1.0301,1.474,23.489,0.105,0.380
1013.00,2.363,22.897,-0.9806,1.441,23.510,-0.007,0.422
1013.20,2.325,22.918,-0.9276,1.403,23.532,-0.058,0.370
1013.40,2.286,22.938,-0.8764,1.364,23.552,-0.076,0.329
1013.60,2.234,22.965,-0.8118,1.313,23.578,-0.103,0.367
1013.80,2.183,22.987,-0.7550,1.261,23.602,-0.111,0.374
1014.00,2.160,22.995,-0.7216,1.236,23.613,-0.058,0.297
1014.20,2.123,23.007,-0.6778,1.201,23.624,-0.025,0.314
1014.40,2.083,23.017,-0.6307,1.161,23.635,-0.015,0.345
1014.60,2.039,23.025,-0.5821,1.118,23.644,-0.019,0.348
1014.80,1.989,23.032,-0.5275,1.068,23.651,-0.031,0.333
1015.00,1.931,23.037,-0.4650,1.011,23.655,-0.046,0.333
1015.20,1.868,23.037,-0.3980,0.949,23.657,-0.067,0.346
1015.40,1.794,23.034,-0.3214,0.876,23.654,-0.096,0.366
1015.60,1.717,23.025,-0.2450,0.798,23.646,-0.145,0.369
1015.80,1.644,23.010,-0.1690,0.724,23.632,-0.137,0.367
1016.00,1.572,22.989,-0.0927,0.651,23.613,-0.122,0.370
1016.20,1.504,22.963,-0.0158,0.583,23.588,-0.106,0.370
1016.40,1.440,22.935,0.0629,0.517,23.559,-0.095,0.355
1016.60,1.386,22.928,0.1481,0.462,23.548,-0.070,0.388
1016.80,1.341,22.939,0.1992,0.417,23.558,-0.019,0.300
1017.00,1.294,22.948,0.2519,0.370,23.568,-0.006,0.241
1017.20,1.247,22.954,0.3043,0.323,23.575,-0.047,0.184
1017.40,1.201,22.958,0.3546,0.276,23.580,-0.035,0.196
1017.60,1.161,22.960,0.3974,0.235,23.582,-0.011,0.180
1017.80,1.130,22.959,0.4315,0.200,23.583,0.010,0.149
1018.00,1.112,22.946,0.4580,0.181,23.572,0.046,0.171
1018.20,1.093,22.924,0.4865,0.163,23.550,0.056,0.166
1018.40,1.074,22.901,0.5146,0.144,23.525,0.048,0.144
1018.60,1.055,22.876,0.5464,0.124,23.498,0.040,0.132
1018.80,1.038,22.852,0.5757,0.107,23.472,0.036,0.131
1019.00,1.030,22.847,0.6014,0.097,23.462,0.064,0.122
1019.20,1.028,22.852,0.6321,0.093,23.466,0.114,0.126
1019.40,1.024,22.856,0.6590,0.088,23.471,0.135,0.125
1019.60,1.020,22.859,0.6801,0.083,23.476,0.139,0.104
1019.80,1.023,22.862,0.7011,0.085,23.479,0.145,0.092
1020.00,1.029,22.865,0.7179,0.089,23.483,0.155,0.072
1020.20,1.040,22.868,0.7363,0.099,23.484,0.161,0.074
1020.40,1.057,22.872,0.7580,0.117,23.484,0.173,0.077
1020.60,1.073,22.880,0.7716,0.135,23.488,0.182,0.068
1020.80,1.084,22.890,0.7736,0.147,23.496,0.190,0.019
1021.00,1.096,22.901,0.7739,0.158,23.506,0.191,-0.024
1021.20,1.110,22.914,0.7743,0.170,23.518,0.193,-0.040
1021.40,1.133,22.937,0.7743,0.192,23.539,0.213,-0.052
1021.60,1.161,22.963,0.7743,0.219,23.565,0.231,-0.055
1021.80,1.187,22.990,0.7743,0.245,23.591,0.244,-0.055
1022.00,1.214,23.014,0.7742,0.272,23.615,0.245,-0.057
1022.20,1.239,23.039,0.7739,0.296,23.639,0.240,-0.060
1022.40,1.265,23.064,0.7736,0.322,23.664,0.235,-0.062
1022.60,1.291,23.090,0.7732,0.347,23.688,0.226,-0.062
1022.80,1.316,23.114,0.7729,0.372,23.712,0.211,-0.063
1023.00,1.340,23.136,0.7725,0.395,23.734,0.227,-0.108
1023.20,1.361,23.157,0.7722,0.416,23.754,0.220,-0.103
1023.40,1.379,23.175,0.7721,0.434,23.771,0.205,-0.088
1023.60,1.389,23.185,0.7721,0.444,23.780,0.174,-0.081
1023.80,1.405,23.193,0.7599,0.458,23.786,0.119,-0.062
1024.00,1.421,23.204,0.7525,0.475,23.795,0.133,-0.101
1024.20,1.433,23.216,0.7524,0.486,23.804,0.135,-0.073
1024.40,1.448,23.230,0.7504,0.501,23.817,0.143,-0.069
1024.60,1.466,23.240,0.7372,0.519,23.826,0.144,-0.100
1024.80,1.491,23.256,0.7241,0.546,23.839,0.161,-0.128
1025.00,1.518,23.274,0.7135,0.575,23.855,0.174,-0.139
1025.20,1.541,23.286,0.6994,0.600,23.867,0.221,-0.166
1025.40,1.560,23.295,0.6865,0.619,23.876,0.200,-0.164
1025.60,1.575,23.303,0.6749,0.634,23.883,0.175,-0.126
1025.80,1.588,23.315,0.6568,0.647,23.895,0.167,-0.153
1026.00,1.601,23.331,0.6293,0.660,23.910,0.170,-0.159
1026.20,1.615,23.342,0.6141,0.673,23.922,0.163,-0.202
1026.40,1.629,23.348,0.6028,0.687,23.927,0.156,-0.187
1026.60,1.644,23.355,0.5912,0.701,23.933,0.150,-0.184
1026.80,1.659,23.363,0.5688,0.716,23.940,0.151,-0.192
1027.00,1.689,23.369,0.5413,0.744,23.946,0.165,-0.167
1027.20,1.722,23.374,0.5104,0.778,23.950,0.186,-0.176
1027.40,1.754,23.377,0.4803,0.810,23.953,0.196,-0.180
1027.60,1.777,23.381,0.4587,0.835,23.956,0.187,-0.156
1027.80,1.797,23.386,0.4402,0.856,23.960,0.173,-0.125
1028.00,1.812,23.393,0.4217,0.873,23.966,0.162,-0.121
1028.20,1.823,23.404,0.3890,0.883,23.976,0.153,-0.150
1028.40,1.838,23.421,0.3555,0.896,23.994,0.159,-0.235
1028.60,1.853,23.432,0.3375,0.911,24.006,0.163,-0.213
1028.80,1.863,23.437,0.3228,0.921,24.011,0.149,-0.154
1029.00,1.869,23.447,0.2369,0.927,24.020,0.144,-0.256
1029.20,1.872,23.465,0.1475,0.930,24.037,0.140,-0.411
1029.40,1.883,23.484,0.0844,0.938,24.057,0.144,-0.400
1029.60,1.899,23.501,-0.0137,0.954,24.075,0.161,-0.384
1029.80,1.920,23.512,-0.1999,0.973,24.087,0.180,-0.637
1030.00,1.947,23.512,-0.3741,0.999,24.090,0.189,-0.781
1030.20,1.982,23.490,-0.4538,1.034,24.072,0.219,-0.578
1030.40,2.007,23.483,-0.5183,1.061,24.063,0.221,-0.318
1030.60,2.024,23.485,-0.7963,1.079,24.065,0.184,-0.692
1030.80,2.016,23.463,-1.0417,1.080,24.047,0.129,-1.006
1031.00,1.983,23.410,-1.1767,1.051,23.993,0.139,-0.771
1031.20,1.975,23.371,-1.3697,1.041,23.956,0.150,-0.573
1031.40,2.001,23.344,-1.7259,1.070,23.935,0.099,-1.006
1031.60,1.961,23.326,-1.9478,1.034,23.908,0.061,-0.975
1031.80,1.926,23.323,-2.1092,0.999,23.901,0.046,-0.841
1032.00,1.872,23.358,-2.3108,0.949,23.925,0.013,-0.745
1032.20,1.820,23.412,-2.5105,0.894,23.978,-0.027,-0.780
1032.40,1.764,23.445,-2.6588,0.841,24.015,-0.014,-0.717
1032.60,1.690,23.442,-2.7469,0.773,24.017,0.067,-0.489
1032.80,1.623,23.448,-2.8226,0.708,24.022,0.134,-0.306
1033.00,1.554,23.458,-2.9015,0.639,24.031,0.145,-0.251
1033.20,1.476,23.475,-2.9835,0.563,24.046,0.157,-0.254
1033.40,1.382,23.500,-3.0722,0.471,24.069,0.214,-0.288
1033.60,1.285,23.531,3.1278,0.372,24.100,0.260,-0.297
1033.80,1.193,23.568,3.0474,0.277,24.138,0.278,-0.280
1034.00,1.103,23.587,3.0242,0.188,24.159,0.264,-0.129
1034.20,1.009,23.613,2.9865,0.093,24.181,0.264,0.003
1034.40,0.945,23.629,2.9080,0.023,24.202,0.225,-0.192
1034.60,0.902,23.631,2.8851,-0.022,24.202,0.128,-0.122
1034.80,0.851,23.644,2.8850,-0.071,24.215,0.090,0.037
1035.00,0.801,23.646,2.8546,-0.121,24.219,0.082,0.019
1035.20,0.752,23.646,2.8157,-0.173,24.216,0.083,-0.060
1035.40,0.731,23.652,2.8141,-0.198,24.221,0.045,-0.001
1035.60,0.721,23.655,2.8144,-0.208,24.223,-0.004,0.084
1035.80,0.704,23.660,2.8115,-0.226,24.227,-0.016,0.097
1036.00,0.694,23.663,2.8115,-0.237,24.230,-0.022,0.094
1036.20,0.697,23.664,2.8272,-0.237,24.232,-0.034,0.142
1036.40,0.711,23.664,2.8378,-0.223,24.234,-0.064,0.202
1036.60,0.732,23.664,2.8534,-0.202,24.236,-0.092,0.208
1036.80,0.760,23.666,2.8787,-0.173,24.240,-0.113,0.225
1037.00,0.791,23.671,2.9092,-0.142,24.245,-0.128,0.229
1037.20,0.825,23.677,2.9429,-0.108,24.252,-0.136,0.237
1037.40,0.859,23.684,2.9760,-0.075,24.259,-0.138,0.245
1037.60,0.894,23.693,3.0118,-0.040,24.269,-0.139,0.263
1037.80,0.929,23.704,3.0482,-0.005,24.279,-0.140,0.262
1038.00,0.959,23.714,3.0866,0.027,24.291,-0.137,0.259
1038.20,0.989,23.724,-3.1371,0.056,24.301,-0.125,0.318
1038.40,1.022,23.733,-3.1073,0.088,24.309,-0.122,0.308
1038.60,1.054,23.739,-3.1128,0.121,24.316,-0.126,0.157
1038.80,1.086,23.746,-3.1190,0.154,24.324,-0.129,0.093
1039.00,1.123,23.753,-3.1259,0.190,24.331,-0.136,0.095
1039.20,1.161,23.757,-3.1319,0.229,24.337,-0.148,0.105
1039.40,1.194,23.756,-3.1252,0.263,24.336,-0.148,0.128
1039.60,1.220,23.752,-3.1103,0.290,24.331,-0.134,0.186
1039.80,1.243,23.748,-3.0960,0.314,24.325,-0.119,0.206
1040.00,1.262,23.744,-3.0829,0.333,24.321,-0.105,0.182
1040.20,1.280,23.740,-3.0633,0.351,24.316,-0.098,0.162
1040.40,1.301,23.735,-3.0401,0.370,24.310,-0.097,0.212
1040.60,1.330,23.729,-3.0114,0.397,24.303,-0.097,0.248
1040.80,1.358,23.723,-2.9836,0.425,24.296,-0.098,0.265
1041.00,1.387,23.716,-2.9520,0.454,24.288,-0.095,0.289
1041.20,1.418,23.711,-2.9182,0.484,24.282,-0.099,0.319
1041.40,1.451,23.706,-2.8826,0.516,24.276,-0.108,0.330
1041.60,1.484,23.703,-2.8458,0.550,24.271,-0.109,0.320
1041.80,1.516,23.700,-2.8090,0.582,24.267,-0.107,0.314
1042.00,1.547,23.699,-2.7728,0.613,24.265,-0.100,0.317
1042.20,1.575,23.699,-2.7389,0.642,24.263,-0.093,0.318
1042.40,1.604,23.700,-2.7048,0.670,24.263,-0.085,0.316
1042.60,1.630,23.702,-2.6723,0.696,24.263,-0.080,0.310
1042.80,1.656,23.704,-2.6401,0.722,24.263,-0.075,0.306
1043.00,1.678,23.708,-2.6088,0.745,24.267,-0.070,0.274
1043.20,1.700,23.711,-2.5775,0.767,24.270,-0.067,0.248
1043.40,1.720,23.717,-2.5443,0.788,24.276,-0.064,0.241
1043.60,1.741,23.723,-2.5158,0.810,24.282,-0.062,0.205
1043.80,1.762,23.727,-2.4907,0.830,24.286,-0.054,0.220
1044.00,1.786,23.734,-2.4632,0.854,24.292,-0.055,0.210
1044.20,1.816,23.744,-2.4317,0.884,24.300,-0.067,0.203
1044.40,1.844,23.753,-2.4007,0.913,24.310,-0.067,0.207
1044.60,1.871,23.764,-2.3710,0.941,24.321,-0.062,0.210
1044.80,1.897,23.776,-2.3425,0.968,24.332,-0.058,0.207
1045.00,1.923,23.788,-2.3136,0.994,24.344,-0.056,0.205
1045.20,1.949,23.802,-2.2841,1.021,24.357,-0.081,0.226
1045.40,1.973,23.815,-2.2566,1.047,24.371,-0.092,0.198
1045.60,1.995,23.827,-2.2312,1.069,24.384,-0.088,0.174
1045.80,2.018,23.841,-2.2021,1.091,24.398,-0.082,0.168
1046.00,2.040,23.857,-2.1748,1.115,24.413,-0.079,0.175
1046.20,2.064,23.873,-2.1472,1.139,24.429,-0.077,0.187
1046.40,2.088,23.892,-2.1178,1.164,24.447,-0.078,0.207
1046.60,2.113,23.911,-2.0881,1.190,24.465,-0.066,0.230
1046.80,2.135,23.930,-2.0596,1.214,24.483,-0.052,0.246
1047.00,2.157,23.948,-2.0313,1.237,24.501,-0.047,0.251
1047.20,2.177,23.968,-2.0022,1.258,24.520,-0.046,0.232
1047.40,2.196,23.986,-1.9720,1.278,24.539,-0.044,0.211
1047.60,2.216,24.006,-1.9403,1.298,24.559,-0.045,0.200
1047.80,2.238,24.029,-1.9065,1.320,24.582,-0.049,0.207
1048.00,2.259,24.053,-1.8743,1.342,24.605,-0.050,0.225
1048.20,2.277,24.076,-1.8450,1.361,24.629,-0.045,0.223
1048.40,2.293,24.097,-1.8165,1.378,24.651,-0.040,0.207
1048.60,2.309,24.119,-1.7864,1.395,24.673,-0.036,0.195
1048.80,2.324,24.141,-1.7565,1.411,24.695,-0.031,0.191
1049.00,2.338,24.163,-1.7283,1.425,24.718,-0.027,0.184
1049.20,2.352,24.185,-1.7003,1.439,24.741,-0.020,0.183
1049.40,2.364,24.207,-1.6743,1.452,24.763,-0.015,0.181
1049.60,2.376,24.230,-1.6468,1.465,24.787,-0.011,0.178
1049.80,2.389,24.255,-1.6185,1.478,24.812,-0.005,0.189
1050.00,2.397,24.276,-1.5922,1.488,24.835,0.001,0.177
1050.20,2.388,24.300,-1.5658,1.481,24.860,0.008,0.170
1050.40,2.375,24.328,-1.5341,1.469,24.889,0.006,0.207
1050.60,2.362,24.355,-1.5043,1.455,24.916,0.012,0.235
1050.80,2.349,24.380,-1.4755,1.441,24.942,0.018,0.248
1051.00,2.334,24.407,-1.4433,1.425,24.970,-0.020,0.273
1051.20,2.318,24.432,-1.4114,1.408,24.995,-0.020,0.237
1051.40,2.301,24.458,-1.3744,1.390,25.021,-0.020,0.198
1051.60,2.281,24.485,-1.3363,1.370,25.048,-0.015,0.198
1051.80,2.260,24.511,-1.2991,1.349,25.075,-0.010,0.222
1052.00,2.239,24.539,-1.2637,1.326,25.103,-0.008,0.250
1052.20,2.212,24.569,-1.2235,1.299,25.133,-0.011,0.271
1052.40,2.173,24.610,-1.1693,1.260,25.173,-0.049,0.315
1052.60,2.124,24.654,-1.1057,1.211,25.218,-0.082,0.340
1052.80,2.066,24.700,-1.0337,1.153,25.265,-0.119,0.367
1053.00,2.012,24.738,-0.9680,1.098,25.305,-0.117,0.362
1053.20,1.958,24.769,-0.9025,1.043,25.338,-0.090,0.343
1053.40,1.911,24.793,-0.8454,0.994,25.363,-0.086,0.289
1053.60,1.872,24.810,-0.7986,0.952,25.381,-0.028,0.257
1053.80,1.839,24.823,-0.7579,0.918,25.394,0.003,0.214
1054.00,1.808,24.834,-0.7203,0.887,25.405,0.025,0.171
1054.20,1.777,24.844,-0.6848,0.856,25.415,0.034,0.146
1054.40,1.746,24.852,-0.6503,0.824,25.424,0.033,0.149
1054.60,1.723,24.858,-0.6265,0.797,25.431,0.040,0.143
1054.80,1.699,24.864,-0.6024,0.771,25.437,0.050,0.122
1055.00,1.676,24.868,-0.5795,0.746,25.442,0.053,0.117
1055.20,1.652,24.873,-0.5567,0.720,25.447,0.053,0.119
1055.40,1.633,24.876,-0.5387,0.697,25.451,0.057,0.111
1055.60,1.616,24.879,-0.5229,0.676,25.455,0.064,0.097
1055.80,1.600,24.881,-0.5071,0.655,25.458,0.069,0.087
1056.00,1.584,24.884,-0.4934,0.635,25.462,0.071,0.080
1056.20,1.574,24.884,-0.4825,0.620,25.463,0.083,0.067
1056.40,1.568,24.884,-0.4744,0.611,25.462,0.099,0.073
1056.60,1.567,24.879,-0.4618,0.606,25.457,0.120,0.083
1056.80,1.573,24.870,-0.4463,0.608,25.446,0.149,0.107
1057.00,1.586,24.859,-0.4393,0.619,25.433,0.172,0.094
1057.20,1.602,24.851,-0.4403,0.633,25.422,0.193,0.047
1057.40,1.617,24.842,-0.4393,0.648,25.413,0.200,0.019
1057.60,1.633,24.834,-0.4386,0.661,25.404,0.196,0.024
1057.80,1.664,24.821,-0.4388,0.689,25.391,0.215,0.027
1058.00,1.699,24.805,-0.4388,0.723,25.375,0.241,0.023
1058.20,1.735,24.787,-0.4388,0.759,25.358,0.256,0.021
1058.40,1.774,24.767,-0.4387,0.797,25.338,0.263,0.022
1058.60,1.818,24.746,-0.4387,0.840,25.318,0.272,0.023
1058.80,1.864,24.724,-0.4388,0.886,25.296,0.279,0.024
1059.00,1.912,24.701,-0.4389,0.934,25.273,0.283,0.025
1059.20,1.961,24.678,-0.4389,0.983,25.250,0.284,0.026
1059.40,2.012,24.654,-0.4389,1.033,25.226,0.284,0.026
1059.60,2.063,24.630,-0.4391,1.084,25.203,0.282,0.027
1059.80,2.114,24.606,-0.4392,1.135,25.179,0.278,0.029
1060.00,2.165,24.582,-0.4394,1.186,25.155,0.296,0.043
1060.20,2.216,24.558,-0.4395,1.238,25.131,0.335,0.064
1060.40,2.267,24.534,-0.4396,1.288,25.107,0.321,0.055
1060.60,2.318,24.510,-0.4396,1.339,25.083,0.307,0.053
1060.80,2.371,24.486,-0.4392,1.390,25.059,0.295,0.057
1061.00,2.424,24.461,-0.4389,1.442,25.035,0.290,0.062
1061.20,2.475,24.437,-0.4386,1.491,25.011,0.284,0.064
1061.40,2.525,24.413,-0.4377,1.541,24.987,0.275,0.067
1061.60,2.572,24.391,-0.4370,1.587,24.964,0.267,0.074
1061.80,2.616,24.371,-0.4363,1.631,24.944,0.251,0.077
1062.00,2.656,24.352,-0.4355,1.670,24.925,0.234,0.079
1062.20,2.696,24.333,-0.4341,1.709,24.907,0.220,0.080
1062.40,2.732,24.316,-0.4325,1.745,24.890,0.209,0.084
1062.60,2.767,24.300,-0.4304,1.779,24.873,0.237,0.092
1062.80,2.798,24.285,-0.4280,1.810,24.858,0.253,0.109
1063.00,2.826,24.272,-0.4248,1.838,24.844,0.250,0.017
1063.20,2.851,24.259,-0.4219,1.862,24.831,0.239,0.045
1063.40,2.879,24.246,-0.4205,1.888,24.820,0.224,0.061
1063.60,2.924,24.226,-0.4205,1.931,24.801,0.254,0.030
1063.80,2.967,24.207,-0.4197,1.974,24.782,0.274,0.022
1064.00,3.009,24.189,-0.4188,2.016,24.762,0.278,0.030
1064.20,3.054,24.169,-0.4187,2.061,24.742,0.279,0.025
1064.40,3.104,24.147,-0.4187,2.110,24.720,0.284,0.020
1064.60,3.155,24.125,-0.4187,2.160,24.698,0.288,0.016
1064.80,3.206,24.103,-0.4186,2.211,24.676,0.286,0.016
1065.00,3.257,24.081,-0.4185,2.263,24.653,0.285,0.017
1065.20,3.307,24.059,-0.4185,2.314,24.631,0.280,0.018
1065.40,3.357,24.036,-0.4185,2.365,24.608,0.296,0.036
1065.60,3.407,24.014,-0.4185,2.415,24.586,0.333,0.056
1065.80,3.456,23.992,-0.4185,2.465,24.564,0.321,0.048
1066.00,3.507,23.969,-0.4183,2.515,24.541,0.306,0.045
1066.20,3.560,23.946,-0.4179,2.567,24.518,0.298,0.049
1066.40,3.615,23.921,-0.4178,2.621,24.493,0.297,0.053
1066.60,3.671,23.897,-0.4176,2.678,24.469,0.300,0.055
1066.80,3.726,23.872,-0.4173,2.734,24.445,0.297,0.060
1067.00,3.779,23.849,-0.4169,2.788,24.421,0.291,0.065
1067.20,3.827,23.828,-0.4167,2.836,24.400,0.271,0.064
1067.40,3.872,23.808,-0.4163,2.880,24.379,0.255,0.063
1067.60,3.913,23.789,-0.4159,2.921,24.361,0.234,0.064
1067.80,3.951,23.773,-0.4156,2.957,24.344,0.266,0.077
1068.00,3.984,23.758,-0.4152,2.991,24.329,0.263,0.081
1068.20,4.014,23.745,-0.4149,3.020,24.316,0.241,0.074
1068.40,4.043,23.731,-0.4146,3.048,24.303,0.233,-0.017
1068.60,4.071,23.719,-0.4143,3.074,24.291,0.233,-0.020
1068.80,4.096,23.708,-0.4140,3.098,24.280,0.224,0.009
1069.00,4.129,23.693,-0.4139,3.129,24.267,0.224,0.011
1069.20,4.171,23.675,-0.4139,3.170,24.249,0.250,0.007
1069.40,4.211,23.657,-0.4139,3.210,24.231,0.266,0.006
1069.60,4.249,23.640,-0.4139,3.250,24.213,0.268,0.006
1069.80,4.293,23.621,-0.4139,3.293,24.195,0.270,0.007
1070.00,4.340,23.601,-0.4138,3.339,24.174,0.277,0.008
1070.20,4.387,23.580,-0.4138,3.387,24.153,0.281,0.008
1070.40,4.435,23.559,-0.4138,3.435,24.132,0.280,0.008
1070.60,4.484,23.537,-0.4138,3.484,24.110,0.276,0.009
1070.80,4.534,23.515,-0.4138,3.534,24.088,0.310,0.042
1071.00,4.583,23.494,-0.4138,3.584,24.066,0.332,0.048
1071.20,4.632,23.472,-0.4137,3.633,24.045,0.322,0.041
1071.40,4.682,23.450,-0.4137,3.683,24.022,0.309,0.040
1071.60,4.735,23.427,-0.4134,3.735,23.999,0.302,0.042
1071.80,4.789,23.402,-0.4132,3.790,23.975,0.302,0.045
1072.00,4.844,23.378,-0.4131,3.844,23.951,0.300,0.050
1072.20,4.899,23.353,-0.4129,3.900,23.926,0.299,0.051
1072.40,4.954,23.330,-0.4128,3.955,23.902,0.291,0.053
1072.60,5.006,23.307,-0.4126,4.007,23.879,0.281,0.056
1072.80,5.056,23.286,-0.4124,4.057,23.857,0.267,0.060
1073.00,5.104,23.265,-0.4120,4.104,23.837,0.249,0.066
1073.20,5.150,23.245,-0.4117,4.149,23.817,0.283,0.113
1073.40,5.191,23.227,-0.4116,4.189,23.799,0.263,0.120
1073.60,5.227,23.211,-0.4107,4.224,23.783,0.224,0.112
1073.80,5.256,23.198,-0.4076,4.254,23.769,0.195,0.122
1074.00,5.277,23.188,-0.4045,4.273,23.759,0.164,0.130
1074.20,5.291,23.181,-0.4020,4.287,23.752,0.140,0.133
1074.40,5.309,23.183,-0.3779,4.302,23.754,0.121,0.152
1074.60,5.333,23.188,-0.3411,4.325,23.759,0.138,0.229
1074.80,5.353,23.186,-0.3158,4.344,23.759,0.160,0.250
1075.00,5.361,23.185,-0.2829,4.353,23.756,0.154,0.204
1075.20,5.375,23.192,-0.1825,4.366,23.763,0.144,0.326
1075.40,5.393,23.199,-0.0926,4.382,23.769,0.146,0.445
1075.60,5.410,23.194,-0.0685,4.399,23.764,0.162,0.286
1075.80,5.421,23.194,0.0405,4.409,23.763,0.159,0.261
1076.00,5.433,23.215,0.2095,4.422,23.779,0.146,0.562
1076.20,5.451,23.244,0.3324,4.439,23.809,0.148,0.538
1076.40,5.472,23.261,0.3631,4.460,23.827,0.164,0.326
1076.60,5.488,23.276,0.3982,4.478,23.843,0.169,0.133
1076.80,5.483,23.294,0.5713,4.476,23.862,0.146,0.307
1077.00,5.490,23.301,0.7568,4.479,23.870,0.106,0.751
1077.20,5.511,23.308,0.8177,4.497,23.874,0.098,0.497
1077.40,5.527,23.312,0.9348,4.515,23.879,0.090,0.348
1077.60,5.538,23.308,1.2589,4.525,23.877,0.062,0.865
1077.80,5.558,23.313,1.3683,4.543,23.881,0.045,0.843
1078.00,5.550,23.347,1.4099,4.537,23.913,0.069,0.279
1078.20,5.538,23.385,1.4716,4.527,23.951,0.110,0.141
1078.40,5.567,23.407,1.6297,4.544,23.973,0.114,0.402
1078.60,5.585,23.435,1.6880,4.566,23.998,0.080,0.314
1078.80,5.591,23.461,1.7126,4.574,24.026,0.078,0.102
1079.00,5.596,23.477,1.7581,4.579,24.044,0.057,0.037
1079.20,5.599,23.481,1.8939,4.584,24.050,0.017,0.356
1079.40,5.590,23.484,1.9307,4.576,24.053,-0.006,0.346
1079.60,5.586,23.494,1.9310,4.570,24.062,-0.004,0.067
1079.80,5.582,23.496,2.0077,4.567,24.066,-0.013,0.078
1080.00,5.588,23.485,2.1589,4.573,24.057,-0.042,0.486
1080.20,5.592,23.474,2.1747,4.575,24.044,-0.071,0.305
1080.40,5.592,23.468,2.1931,4.577,24.039,-0.073,0.055
1080.60,5.564,23.447,2.2880,4.553,24.021,-0.064,0.130
1080.80,5.567,23.411,2.3498,4.546,23.986,-0.071,0.255
1081.00,5.581,23.388,2.3650,4.558,23.958,-0.114,0.117
1081.20,5.593,23.364,2.3891,4.570,23.934,-0.121,0.026
1081.40,5.613,23.323,2.4357,4.587,23.896,-0.133,0.051
1081.60,5.640,23.282,2.4757,4.612,23.850,-0.159,0.108
1081.80,5.661,23.263,2.4791,4.633,23.827,-0.144,0.018
1082.00,5.683,23.244,2.4825,4.655,23.808,-0.120,-0.078
1082.20,5.707,23.216,2.5050,4.676,23.780,-0.107,-0.039
1082.40,5.733,23.196,2.5073,4.701,23.757,-0.127,-0.040
1082.60,5.746,23.185,2.5047,4.715,23.743,-0.082,-0.118
1082.80,5.760,23.175,2.5047,4.729,23.734,-0.050,-0.141
1083.00,5.779,23.161,2.5037,4.747,23.720,-0.041,-0.134
1083.20,5.789,23.150,2.4936,4.758,23.709,-0.021,-0.155
1083.40,5.797,23.138,2.4800,4.767,23.697,-0.003,-0.170
1083.60,5.809,23.120,2.4611,4.779,23.679,-0.018,-0.182
1083.80,5.821,23.098,2.4364,4.791,23.656,-0.090,-0.186
1084.00,5.832,23.075,2.4108,4.803,23.632,-0.095,-0.202
1084.20,5.843,23.053,2.3851,4.814,23.609,-0.073,-0.201
1084.40,5.854,23.028,2.3586,4.825,23.584,-0.059,-0.194
1084.60,5.867,23.000,2.3269,4.837,23.556,-0.040,-0.204
1084.80,5.881,22.965,2.2894,4.851,23.521,-0.053,-0.242
1085.00,5.897,22.918,2.2446,4.866,23.475,-0.090,-0.297
1085.20,5.912,22.887,2.1896,4.881,23.438,-0.099,-0.350
1085.40,5.923,22.884,2.0891,4.892,23.435,-0.047,-0.467
1085.60,5.932,22.882,1.9569,4.902,23.433,0.014,-0.636
1085.80,5.942,22.873,1.8023,4.912,23.426,0.044,-0.761
1086.00,5.947,22.853,1.5838,4.918,23.408,0.038,-0.888
1086.20,5.961,22.843,1.3059,4.930,23.395,0.083,-1.012
1086.40,5.980,22.884,1.0704,4.947,23.432,0.189,-0.999
1086.60,5.968,22.908,0.6914,4.934,23.455,0.242,-1.016
1086.80,5.972,22.917,0.2122,4.941,23.467,0.181,-1.004
1087.00,5.966,22.921,-0.2735,4.939,23.467,0.107,-1.000
1087.20,6.016,22.846,-0.4805,4.997,23.404,0.201,-0.961
1087.40,6.017,22.886,-0.5571,5.000,23.429,0.201,-0.621
1087.60,5.999,22.913,-0.6231,4.984,23.452,0.049,-0.266
1087.80,6.009,22.944,-0.9655,4.988,23.483,-0.000,-0.794
1088.00,6.027,22.954,-1.2196,5.007,23.497,-0.037,-1.028
1088.20,6.037,22.929,-1.3173,5.020,23.475,-0.008,-0.790
1088.40,6.055,22.917,-1.4810,5.036,23.462,0.029,-0.510
1088.60,6.023,22.873,-1.8504,5.017,23.420,0.029,-0.999
1088.80,5.995,22.883,-2.0887,4.987,23.411,-0.015,-1.004
1089.00,5.974,22.903,-2.3388,4.961,23.430,-0.065,-0.953
1089.20,5.963,22.906,-2.7603,4.952,23.437,-0.075,-1.018
1089.40,5.949,22.899,3.0168,4.944,23.431,-0.025,-1.001
1089.60,5.949,22.910,2.6228,4.939,23.441,0.027,-1.000
1089.80,5.950,22.873,2.4496,4.944,23.416,0.012,-0.987
1090.00,5.952,22.900,2.2345,4.942,23.435,0.028,-0.902
1090.20,5.971,22.912,1.8427,4.959,23.448,0.049,-1.001
1090.40,5.981,22.909,1.3677,4.970,23.447,0.130,-1.001
1090.60,5.958,22.909,1.0051,4.953,23.439,0.144,-1.001
1090.80,5.941,22.899,0.5504,4.937,23.433,0.109,-1.004
1091.00,5.938,22.882,0.0418,4.936,23.421,0.062,-1.000
1091.20,5.938,22.886,-0.3904,4.931,23.424,0.065,-1.000
1091.40,5.945,22.870,-0.7133,4.940,23.415,0.080,-1.000
1091.60,5.978,22.899,-1.0367,4.962,23.441,0.050,-1.010
1091.80,6.016,22.899,-1.3805,4.999,23.444,0.014,-1.015
1092.00,5.991,22.853,-1.7414,4.997,23.397,0.024,-1.009
1092.20,5.933,22.850,-1.8586,4.940,23.377,0.081,-0.844
1092.40,5.927,22.905,-1.9363,4.928,23.427,-0.071,-0.503
1092.60,5.924,22.949,-1.9933,4.923,23.472,-0.160,-0.309
1092.80,5.925,22.989,-2.0474,4.923,23.512,-0.173,-0.212
1093.00,5.929,23.027,-2.0940,4.925,23.551,-0.160,-0.172
1093.20,5.934,23.058,-2.1310,4.930,23.585,-0.135,-0.137
1093.40,5.941,23.085,-2.1580,4.936,23.612,-0.112,-0.139
1093.60,5.948,23.108,-2.1788,4.941,23.636,-0.092,-0.121
1093.80,5.956,23.128,-2.1943,4.948,23.657,-0.078,-0.099
1094.00,5.964,23.145,-2.2080,4.953,23.675,-0.065,-0.081
1094.20,5.969,23.156,-2.2176,4.958,23.687,-0.054,-0.066
1094.40,5.975,23.156,-2.2414,4.962,23.689,-0.032,-0.059
1094.60,5.983,23.153,-2.2600,4.971,23.684,-0.019,-0.067
1094.80,5.989,23.155,-2.2693,4.979,23.682,-0.017,-0.038
1095.00,5.992,23.158,-2.2717,4.984,23.685,-0.022,0.019
1095.20,5.992,23.154,-2.2808,4.985,23.681,-0.010,-0.005
1095.40,5.993,23.155,-2.2811,4.985,23.681,-0.005,0.038
1095.60,5.995,23.158,-2.2811,4.988,23.684,-0.009,0.061
1095.80,5.998,23.160,-2.2810,4.990,23.686,-0.014,0.073
1096.00,5.999,23.162,-2.2809,4.992,23.687,-0.013,0.074
1096.20,6.001,23.162,-2.2728,4.993,23.687,-0.011,0.112
1096.40,6.004,23.162,-2.2576,4.996,23.687,-0.008,0.188
1096.60,6.006,23.161,-2.2413,4.998,23.686,-0.006,0.220
1096.80,6.009,23.160,-2.2028,5.001,23.684,-0.005,0.248
1097.00,6.011,23.162,-2.1257,5.004,23.686,-0.006,0.346
1097.20,6.015,23.162,-2.0330,5.007,23.687,-0.005,0.476
1097.40,6.017,23.153,-1.9309,5.009,23.679,0.005,0.545
1097.60,6.021,23.139,-1.7842,5.013,23.667,0.018,0.643
1097.80,6.027,23.121,-1.5733,5.018,23.650,0.045,0.859
1098.00,6.001,23.141,-1.4408,4.995,23.666,0.022,0.839
1098.20,5.973,23.180,-1.3818,4.969,23.704,-0.042,0.549
1098.40,5.973,23.203,-1.1311,4.963,23.728,-0.067,0.596
1098.60,5.988,23.211,-0.7807,4.971,23.733,0.026,1.012
1098.80,6.001,23.195,-0.4978,4.981,23.720,0.107,1.017
1099.00,6.011,23.168,-0.2454,4.988,23.697,0.163,0.996
1099.20,6.028,23.142,0.0531,5.003,23.666,0.203,1.017
1099.40,6.017,23.097,0.3641,4.994,23.627,0.148,0.972
1099.60,6.017,23.065,0.8344,4.993,23.597,0.075,1.004
1099.80,6.054,23.022,1.2123,5.020,23.551,0.050,1.001
1100.00,6.122,22.979,1.4077,5.084,23.505,0.083,0.965
1100.20,6.169,22.954,1.5590,5.133,23.480,0.071,0.717
1100.40,6.185,22.923,1.6115,5.159,23.452,0.038,0.460
1100.60,6.203,22.889,1.6629,5.178,23.420,0.001,0.164
1100.80,6.225,22.853,1.7145,5.200,23.385,-0.024,0.103
1101.00,6.248,22.822,1.7553,5.224,23.348,-0.047,0.075
1101.20,6.247,22.836,1.7888,5.227,23.358,0.006,0.039
1101.40,6.244,22.841,1.7946,5.224,23.364,0.059,-0.018
1101.60,6.241,22.838,1.8040,5.218,23.363,0.070,-0.035
1101.80,6.241,22.839,1.8040,5.218,23.363,0.065,-0.087
1102.00,6.238,22.850,1.8040,5.215,23.372,0.077,-0.117
1102.20,6.236,22.862,1.8040,5.212,23.385,0.086,-0.121
1102.40,6.234,22.870,1.7950,5.210,23.393,0.085,-0.137
1102.60,6.238,22.878,1.7591,5.212,23.400,0.081,-0.240
1102.80,6.240,22.888,1.7242,5.215,23.410,0.080,-0.310
1103.00,6.246,22.898,1.6715,5.220,23.420,0.090,-0.332
1103.20,6.256,22.905,1.5774,5.229,23.427,0.088,-0.466
1103.40,6.284,22.921,1.4747,5.254,23.442,0.108,-0.584
1103.60,6.298,22.922,1.3161,5.271,23.446,0.112,-0.693
1103.80,6.317,22.915,1.1153,5.289,23.442,0.116,-0.823
1104.00,6.332,22.894,0.8569,5.306,23.424,0.129,-0.961
1104.20,6.341,22.875,0.5617,5.315,23.403,0.122,-1.006
1104.40,6.350,22.867,0.1765,5.322,23.395,0.133,-1.027
1104.60,6.360,22.852,-0.2588,5.331,23.384,0.125,-1.003
1104.80,6.367,22.861,-0.6498,5.330,23.394,0.090,-1.000
1105.00,6.329,22.921,-0.8246,5.293,23.441,-0.083,-0.918
1105.20,6.296,22.964,-0.9273,5.263,23.483,-0.147,-0.627
1105.40,6.257,22.987,-0.9868,5.224,23.508,-0.152,-0.382
1105.60,6.216,23.016,-1.0728,5.184,23.536,-0.137,-0.311
1105.80,6.163,23.056,-1.1933,5.132,23.572,-0.132,-0.422
1106.00,6.128,23.098,-1.2638,5.094,23.615,-0.133,-0.361
1106.20,6.110,23.128,-1.3081,5.075,23.649,-0.111,-0.223
1106.40,6.106,23.152,-1.3498,5.069,23.675,-0.071,-0.144
1106.60,6.118,23.192,-1.3912,5.080,23.713,-0.049,-0.079
1106.80,6.123,23.220,-1.4287,5.086,23.743,-0.041,-0.089
1107.00,6.120,23.236,-1.4437,5.084,23.762,-0.040,-0.042
1107.20,6.117,23.247,-1.4491,5.081,23.774,-0.019,0.003
1107.40,6.115,23.256,-1.4528,5.077,23.784,-0.004,0.034
1107.60,6.114,23.263,-1.4528,5.076,23.791,0.005,0.072
1107.80,6.113,23.267,-1.4528,5.075,23.795,0.014,0.097
1108.00,6.113,23.267,-1.4526,5.075,23.796,0.022,0.104
1108.20,6.113,23.260,-1.4529,5.074,23.790,0.033,0.112
1108.40,6.113,23.247,-1.4554,5.074,23.777,0.048,0.115
1108.60,6.113,23.231,-1.4589,5.073,23.760,0.058,0.116
1108.80,6.113,23.221,-1.4576,5.071,23.748,0.057,0.114
1109.00,6.107,23.217,-1.4226,5.066,23.743,0.043,0.198
1109.20,6.107,23.206,-1.4115,5.062,23.734,0.040,0.238
1109.40,6.106,23.191,-1.4015,5.060,23.720,0.040,0.221
1109.60,6.106,23.179,-1.3375,5.060,23.708,0.044,0.247
1109.80,6.110,23.163,-1.2460,5.062,23.693,0.067,0.442
1110.00,6.114,23.139,-1.2096,5.065,23.671,0.069,0.440
1110.20,6.115,23.114,-1.1819,5.066,23.647,0.083,0.277
1110.40,6.117,23.085,-1.1422,5.070,23.617,0.090,0.220
1110.60,6.119,23.055,-1.1027,5.071,23.587,0.086,0.225
1110.80,6.122,23.020,-1.0633,5.074,23.553,0.091,0.232
1111.00,6.128,22.980,-1.0220,5.078,23.513,0.130,0.261
1111.20,6.135,22.939,-0.9782,5.084,23.472,0.152,0.290
1111.40,6.144,22.898,-0.9344,5.092,23.431,0.156,0.301
1111.60,6.157,22.888,-0.8708,5.104,23.414,0.133,0.322
1111.80,6.177,22.880,-0.7407,5.123,23.407,0.117,0.493
1112.00,6.211,22.863,-0.6563,5.154,23.391,0.135,0.566
1112.20,6.223,22.855,-0.5595,5.169,23.381,0.148,0.415
1112.40,6.240,22.849,-0.3494,5.185,23.374,0.142,0.703
1112.60,6.261,22.847,-0.0687,5.204,23.370,0.145,0.960
1112.80,6.300,22.853,0.1055,5.240,23.373,0.191,0.983
1113.00,6.339,22.857,0.1785,5.278,23.378,0.266,0.537
1113.20,6.391,22.848,0.2872,5.324,23.373,0.294,0.447
1113.40,6.468,22.832,0.4404,5.395,23.357,0.328,0.519
1113.60,6.549,22.853,0.5824,5.478,23.369,0.366,0.594
1113.80,6.589,22.886,0.6599,5.527,23.403,0.371,0.442
1114.00,6.604,22.910,0.6979,5.546,23.429,0.298,0.226
1114.20,6.619,22.932,0.8898,5.561,23.450,0.231,0.435
1114.40,6.636,22.989,1.0527,5.580,23.500,0.231,0.713
1114.60,6.659,23.028,1.1119,5.602,23.541,0.245,0.436
1114.80,6.682,23.051,1.1557,5.625,23.565,0.178,0.106
1115.00,6.699,23.072,1.2122,5.643,23.589,0.137,0.059
1115.20,6.711,23.092,1.3636,5.657,23.606,0.093,0.418
1115.40,6.721,23.124,1.3897,5.668,23.638,0.088,0.250
1115.60,6.731,23.153,1.3996,5.680,23.667,0.093,0.038
1115.80,6.744,23.178,1.4354,5.694,23.692,0.089,0.008
1116.00,6.755,23.198,1.4645,5.706,23.713,0.072,0.034
1116.20,6.762,23.218,1.4751,5.714,23.734,0.077,0.010
1116.40,6.763,23.235,1.4751,5.717,23.751,0.075,-0.093
1116.60,6.765,23.250,1.4751,5.718,23.767,0.065,-0.098
1116.80,6.766,23.265,1.4751,5.720,23.782,0.057,-0.097
1117.00,6.771,23.282,1.4660,5.726,23.798,0.055,-0.117
1117.20,6.779,23.291,1.4495,5.735,23.809,0.052,-0.153
1117.40,6.784,23.287,1.4327,5.743,23.807,0.038,-0.213
1117.60,6.789,23.270,1.4150,5.748,23.789,0.003,-0.186
1117.80,6.789,23.249,1.3910,5.751,23.766,-0.026,-0.200
1118.00,6.774,23.229,1.3632,5.738,23.745,-0.033,-0.185
1118.20,6.759,23.207,1.3367,5.723,23.722,-0.030,-0.188
1118.40,6.741,23.182,1.3071,5.705,23.697,-0.027,-0.184
1118.60,6.722,23.158,1.2773,5.685,23.672,-0.025,-0.198
1118.80,6.706,23.137,1.2527,5.667,23.652,-0.034,-0.249
1119.00,6.686,23.114,1.2243,5.646,23.630,-0.026,-0.262
1119.20,6.662,23.089,1.1907,5.622,23.605,-0.025,-0.258
1119.40,6.637,23.065,1.1554,5.596,23.581,-0.017,-0.250
1119.60,6.611,23.041,1.1195,5.570,23.557,-0.006,-0.244
1119.80,6.584,23.020,1.0845,5.543,23.536,0.003,-0.240
1120.00,6.556,22.998,1.0480,5.514,23.514,0.006,-0.241
1120.20,6.527,22.979,1.0120,5.484,23.495,0.006,-0.237
1120.40,6.502,22.962,0.9810,5.458,23.477,0.013,-0.233
1120.60,6.479,22.946,0.9515,5.433,23.461,0.024,-0.235
1120.80,6.453,22.932,0.9204,5.406,23.446,0.029,-0.254
1121.00,6.441,22.915,0.8882,5.391,23.429,0.045,-0.237
1121.20,6.430,22.900,0.8543,5.380,23.414,0.065,-0.241
1121.40,6.421,22.897,0.7946,5.369,23.409,0.082,-0.235
1121.60,6.428,22.902,0.6898,5.373,23.413,0.131,-0.410
1121.80,6.449,22.911,0.6360,5.391,23.422,0.187,-0.409
1122.00,6.472,22.917,0.6101,5.414,23.427,0.214,-0.230
1122.20,6.489,22.921,0.5327,5.433,23.432,0.217,-0.217
1122.40,6.507,22.923,0.3470,5.449,23.435,0.211,-0.520
1122.60,6.543,22.916,0.2324,5.483,23.430,0.237,-0.489
1122.80,6.590,22.910,0.0501,5.527,23.425,0.252,-0.532
1123.00,6.656,22.889,-0.0992,5.590,23.407,0.281,-0.650
1123.20,6.723,22.873,-0.2161,5.656,23.391,0.301,-0.556
1123.40,6.778,22.881,-0.2824,5.712,23.396,0.301,-0.360
1123.60,6.837,22.888,-0.3514,5.770,23.404,0.278,-0.225
1123.80,6.896,22.889,-0.4208,5.829,23.406,0.292,-0.187
1124.00,6.951,22.887,-0.4801,5.885,23.405,0.296,-0.145
1124.20,7.003,22.879,-0.5279,5.938,23.399,0.269,-0.116
1124.40,7.055,22.865,-0.5719,5.990,23.388,0.242,-0.095
1124.60,7.106,22.850,-0.6107,6.041,23.375,0.224,-0.098
1124.80,7.122,22.855,-0.6362,6.064,23.379,0.164,-0.059
1125.00,7.131,22.858,-0.6511,6.075,23.381,0.123,0.007
1125.20,7.139,22.861,-0.6645,6.086,23.383,0.100,0.032
1125.40,7.143,22.861,-0.6703,6.090,23.384,0.086,0.073
1125.60,7.147,22.861,-0.6665,6.097,23.382,0.087,0.089
1125.80,7.153,22.859,-0.6594,6.105,23.380,0.095,0.127
1126.00,7.161,22.858,-0.6494,6.114,23.377,0.103,0.162
1126.20,7.172,22.855,-0.6369,6.125,23.373,0.112,0.188
1126.40,7.189,22.851,-0.6189,6.142,23.368,0.124,0.210
1126.60,7.206,22.847,-0.5993,6.160,23.363,0.132,0.234
1126.80,7.229,22.842,-0.5744,6.183,23.359,0.142,0.261
1127.00,7.256,22.836,-0.5473,6.210,23.354,0.153,0.263
1127.20,7.286,22.830,-0.5168,6.240,23.348,0.163,0.275
1127.40,7.318,22.826,-0.4839,6.271,23.345,0.170,0.281
1127.60,7.350,22.823,-0.4501,6.304,23.343,0.176,0.287
1127.80,7.382,22.820,-0.4173,6.336,23.341,0.176,0.282
1128.00,7.413,22.819,-0.3839,6.368,23.340,0.174,0.281
1128.20,7.444,22.819,-0.3515,6.399,23.341,0.170,0.278
1128.40,7.476,22.820,-0.3181,6.430,23.343,0.198,0.287
1128.60,7.508,22.821,-0.2855,6.461,23.346,0.212,0.288
1128.80,7.543,22.826,-0.2502,6.495,23.350,0.214,0.270
1129.00,7.583,22.832,-0.2102,6.534,23.356,0.218,0.268
1129.20,7.625,22.840,-0.1683,6.576,23.365,0.222,0.267
1129.40,7.665,22.850,-0.1278,6.617,23.374,0.226,0.257
1129.60,7.700,22.855,-0.0812,6.653,23.383,0.221,0.251
1129.80,7.724,22.848,-0.0489,6.679,23.377,0.209,0.209
1130.00,7.748,22.838,-0.0204,6.704,23.369,0.197,0.158
1130.20,7.774,22.829,0.0101,6.730,23.359,0.197,0.145
1130.40,7.801,22.819,0.0404,6.756,23.349,0.199,0.144
1130.60,7.823,22.813,0.0616,6.777,23.342,0.194,0.142
1130.80,7.837,22.813,0.0760,6.791,23.340,0.181,0.127
1131.00,7.853,22.821,0.0997,6.806,23.347,0.166,0.151
1131.20,7.869,22.826,0.1189,6.822,23.353,0.156,0.139
1131.40,7.881,22.828,0.1281,6.833,23.355,0.153,0.125
1131.60,7.894,22.829,0.1380,6.845,23.355,0.148,0.096
1131.80,7.909,22.829,0.1490,6.859,23.355,0.150,0.076
1132.00,7.923,22.830,0.1599,6.873,23.356,0.154,0.068
1132.20,7.937,22.832,0.1646,6.885,23.356,0.154,0.072
1132.40,7.952,22.834,0.1653,6.898,23.358,0.155,0.058
1132.60,7.970,22.837,0.1661,6.914,23.361,0.162,0.029
1132.80,7.988,22.840,0.1671,6.930,23.363,0.166,0.025
1133.00,8.010,22.844,0.1675,6.949,23.367,0.171,0.024
1133.20,8.040,22.849,0.1675,6.978,23.372,0.188,0.020
1133.40,8.072,22.855,0.1675,7.009,23.377,0.247,0.037
1133.60,8.106,22.860,0.1676,7.043,23.382,0.273,0.033
1133.80,8.142,22.867,0.1676,7.078,23.388,0.277,0.028
1134.00,8.189,22.875,0.1676,7.123,23.395,0.288,0.024
1134.20,8.242,22.884,0.1677,7.175,23.404,0.307,0.023
1134.40,8.297,22.893,0.1677,7.230,23.414,0.317,0.025
1134.60,8.355,22.903,0.1677,7.287,23.423,0.320,0.027
1134.80,8.415,22.913,0.1678,7.346,23.433,0.323,0.028
1135.00,8.477,22.923,0.1678,7.408,23.443,0.320,0.012
1135.20,8.540,22.934,0.1679,7.471,23.453,0.314,0.012
1135.40,8.604,22.945,0.1679,7.534,23.464,0.312,0.022
1135.60,8.668,22.956,0.1680,7.599,23.476,0.369,0.031
1135.80,8.730,22.967,0.1680,7.661,23.486,0.382,0.024
1136.00,8.792,22.977,0.1681,7.723,23.497,0.374,0.022
1136.20,8.861,22.989,0.1682,7.791,23.509,0.370,0.017
1136.40,8.937,23.002,0.1682,7.865,23.521,0.381,0.006
1136.60,9.011,23.015,0.1683,7.939,23.534,0.385,-0.005
1136.80,9.084,23.028,0.1683,8.012,23.547,0.364,-0.025
1137.00,9.158,23.041,0.1683,8.086,23.560,0.351,-0.022
1137.20,9.234,23.054,0.1683,8.162,23.573,0.398,-0.011
1137.40,9.305,23.066,0.1683,8.234,23.585,0.407,-0.021
1137.60,9.372,23.078,0.1683,8.303,23.597,0.387,-0.029
1137.80,9.447,23.090,0.1683,8.376,23.609,0.372,-0.028
1138.00,9.525,23.103,0.1683,8.454,23.623,0.371,-0.030
1138.20,9.601,23.116,0.1682,8.530,23.635,0.368,-0.031
1138.40,9.673,23.129,0.1682,8.603,23.648,0.353,-0.089
1138.60,9.745,23.141,0.1682,8.676,23.660,0.337,-0.078
1138.80,9.816,23.152,0.1675,8.747,23.671,0.323,-0.071
1139.00,9.895,23.168,0.1653,8.826,23.686,0.361,-0.054
1139.20,9.969,23.179,0.1625,8.902,23.697,0.386,-0.086
1139.40,10.042,23.189,0.1595,8.976,23.706,0.379,-0.102
1139.60,10.118,23.202,0.1579,9.054,23.717,0.371,-0.101
1139.80,10.204,23.215,0.1552,9.138,23.729,0.368,-0.099
1140.00,10.300,23.227,0.1494,9.235,23.740,0.374,-0.029
1140.20,10.395,23.238,0.1420,9.333,23.750,0.393,-0.042
1140.40,10.489,23.247,0.1343,9.430,23.758,0.462,-0.067
1140.60,10.572,23.257,0.1315,9.517,23.767,0.467,-0.066
1140.80,10.648,23.267,0.1314,9.593,23.777,0.418,-0.039
1141.00,10.727,23.278,0.1308,9.670,23.787,0.384,-0.033
1141.20,10.805,23.288,0.1302,9.747,23.797,0.366,-0.033
1141.40,10.885,23.298,0.1301,9.827,23.807,0.359,-0.033
1141.60,10.961,23.307,0.1300,9.904,23.816,0.351,-0.031
1141.80,11.033,23.316,0.1299,9.977,23.826,0.363,-0.022
1142.00,11.101,23.327,0.1298,10.046,23.836,0.389,-0.025
1142.20,11.173,23.336,0.1298,10.117,23.846,0.375,-0.029
1142.40,11.245,23.346,0.1298,10.188,23.855,0.361,-0.031
1142.60,11.319,23.355,0.1298,10.263,23.865,0.356,-0.032
1142.80,11.392,23.364,0.1298,10.336,23.874,0.350,-0.035
1143.00,11.461,23.373,0.1297,10.406,23.883,0.338,-0.036
1143.20,11.529,23.382,0.1297,10.475,23.892,0.322,-0.037
1143.40,11.596,23.391,0.1296,10.543,23.901,0.311,-0.038
1143.60,11.661,23.399,0.1296,10.608,23.909,0.363,-0.032
1143.80,11.723,23.407,0.1296,10.671,23.917,0.354,-0.037
1144.00,11.784,23.414,0.1295,10.732,23.925,0.335,-0.039
1144.20,11.853,23.423,0.1295,10.800,23.934,0.332,-0.038
1144.40,11.921,23.432,0.1294,10.869,23.942,0.333,-0.039
1144.60,11.988,23.442,0.1293,10.936,23.952,0.326,-0.041
1144.80,12.055,23.453,0.1291,11.003,23.963,0.316,-0.046
1145.00,12.123,23.462,0.1290,11.071,23.972,0.311,-0.045
1145.20,12.189,23.471,0.1289,11.137,23.981,0.322,-0.031
1145.40,12.252,23.479,0.1287,11.201,23.989,0.355,-0.041
1145.60,12.313,23.486,0.1287,11.262,23.997,0.343,-0.044
1145.80,12.374,23.495,0.1286,11.323,24.005,0.326,-0.045
1146.00,12.444,23.503,0.1285,11.392,24.014,0.328,-0.047
1146.20,12.513,23.511,0.1285,11.461,24.022,0.328,-0.049
1146.40,12.577,23.519,0.1284,11.526,24.029,0.321,-0.049
1146.60,12.639,23.526,0.1283,11.589,24.037,0.307,-0.050
1146.80,12.697,23.533,0.1280,11.647,24.043,0.286,-0.054
1147.00,12.753,23.540,0.1277,11.702,24.049,0.265,-0.056
1147.20,12.803,23.546,0.1275,11.753,24.055,0.309,-0.051
1147.40,12.846,23.551,0.1271,11.795,24.060,0.285,-0.052
1147.60,12.897,23.557,0.1270,11.844,24.065,0.276,-0.052
1147.80,12.949,23.563,0.1267,11.895,24.071,0.279,-0.052
1148.00,12.998,23.569,0.1264,11.943,24.077,0.273,-0.051
1148.20,13.042,23.574,0.1261,11.987,24.081,0.263,-0.052
1148.40,13.090,23.580,0.1258,12.034,24.087,0.254,-0.052
1148.60,13.140,23.586,0.1257,12.083,24.092,0.254,-0.054
1148.80,13.186,23.591,0.1255,12.129,24.097,0.248,-0.054
1149.00,13.230,23.596,0.1253,12.172,24.102,0.240,-0.054
1149.20,13.273,23.603,0.1249,12.214,24.108,0.227,-0.056
1149.40,13.316,23.608,0.1247,12.257,24.113,0.220,-0.058
1149.60,13.358,23.613,0.1245,12.298,24.117,0.212,-0.059
1149.80,13.397,23.618,0.1243,12.336,24.122,0.249,-0.046
1150.00,13.433,23.622,0.1242,12.371,24.125,0.253,-0.056
1150.20,13.469,23.626,0.1242,12.406,24.129,0.239,-0.053
1150.40,13.515,23.631,0.1241,12.451,24.133,0.247,-0.053
1150.60,13.558,23.636,0.1239,12.494,24.138,0.253,-0.053
1150.80,13.600,23.642,0.1237,12.535,24.143,0.249,-0.054
1151.00,13.643,23.647,0.1235,12.577,24.148,0.244,-0.055
1151.20,13.688,23.652,0.1233,12.620,24.153,0.242,-0.056
1151.40,13.733,23.658,0.1231,12.664,24.158,0.240,-0.059
1151.60,13.777,23.663,0.1230,12.708,24.163,0.236,-0.061
1151.80,13.821,23.669,0.1227,12.751,24.167,0.232,-0.061
1152.00,13.864,23.675,0.1221,12.793,24.173,0.224,-0.064
1152.20,13.912,23.680,0.1216,12.840,24.178,0.224,-0.070
1152.40,13.964,23.687,0.1206,12.892,24.185,0.233,-0.072
1152.60,14.017,23.694,0.1190,12.946,24.193,0.297,-0.064
1152.80,14.069,23.700,0.1168,13.000,24.200,0.309,-0.073
1153.00,14.105,23.704,0.1158,13.037,24.203,0.275,-0.069
1153.20,14.150,23.709,0.1151,13.080,24.209,0.259,-0.065
1153.40,14.195,23.714,0.1142,13.124,24.214,0.251,-0.063
1153.60,14.239,23.721,0.1140,13.166,24.220,0.245,-0.064
1153.80,14.286,23.727,0.1134,13.211,24.227,0.242,-0.066
1154.00,14.336,23.733,0.1119,13.260,24.231,0.247,-0.070
1154.20,14.390,23.738,0.1091,13.315,24.235,0.257,-0.082
1154.40,14.447,23.742,0.1052,13.373,24.238,0.265,-0.091
1154.60,14.504,23.746,0.1002,13.432,24.239,0.270,-0.099
1154.80,14.566,23.749,0.0921,13.495,24.240,0.312,-0.092
1155.00,14.629,23.751,0.0827,13.560,24.241,0.345,-0.120
1155.20,14.685,23.753,0.0757,13.616,24.242,0.336,-0.118
1155.40,14.734,23.755,0.0719,13.665,24.243,0.299,-0.103
1155.60,14.778,23.758,0.0704,13.709,24.246,0.278,-0.087
1155.80,14.817,23.761,0.0699,13.746,24.250,0.247,-0.075
1156.00,14.853,23.763,0.0693,13.780,24.253,0.226,-0.066
1156.20,14.890,23.766,0.0691,13.814,24.256,0.212,-0.061
1156.40,14.926,23.769,0.0689,13.848,24.259,0.207,-0.061
1156.60,14.962,23.772,0.0688,13.881,24.263,0.204,-0.062
1156.80,14.997,23.775,0.0687,13.915,24.266,0.202,-0.060
1157.00,15.031,23.777,0.0685,13.948,24.270,0.197,-0.061
1157.20,15.066,23.778,0.0673,13.982,24.271,0.195,-0.072
1157.40,15.106,23.780,0.0660,14.021,24.273,0.201,-0.081
1157.60,15.143,23.782,0.0646,14.059,24.274,0.201,-0.085
1157.80,15.177,23.784,0.0631,14.093,24.275,0.244,-0.069
1158.00,15.206,23.785,0.0612,14.122,24.276,0.237,-0.080
1158.20,15.232,23.787,0.0606,14.145,24.277,0.214,-0.069
1158.40,15.270,23.791,0.0606,14.180,24.281,0.217,-0.062
1158.60,15.302,23.792,0.0602,14.211,24.284,0.221,-0.056
1158.80,15.332,23.793,0.0596,14.238,24.285,0.211,-0.052
1159.00,15.366,23.796,0.0594,14.269,24.288,0.210,-0.055
1159.20,15.406,23.800,0.0593,14.308,24.292,0.222,-0.058
1159.40,15.445,23.803,0.0591,14.346,24.295,0.228,-0.062
1159.60,15.483,23.806,0.0589,14.383,24.299,0.226,-0.063
1159.80,15.523,23.809,0.0586,14.421,24.302,0.224,-0.065
1160.00,15.561,23.811,0.0583,14.458,24.305,0.220,-0.066
1160.20,15.599,23.813,0.0580,14.494,24.308,0.213,-0.065
1160.40,15.634,23.815,0.0577,14.528,24.311,0.206,-0.067
1160.60,15.669,23.818,0.0574,14.561,24.313,0.198,-0.068
1160.80,15.703,23.820,0.0571,14.594,24.316,0.193,-0.068
1161.00,15.735,23.822,0.0569,14.624,24.319,0.185,-0.068
1161.20,15.765,23.824,0.0567,14.653,24.321,0.175,0.057
1161.40,15.793,23.825,0.0566,14.678,24.324,0.228,0.047
1161.60,15.823,23.826,0.0565,14.707,24.325,0.231,0.044
1161.80,15.857,23.829,0.0566,14.740,24.327,0.234,0.041
1162.00,15.898,23.830,0.0568,14.778,24.329,0.239,0.041
1162.20,15.944,23.833,0.0569,14.823,24.331,0.253,0.040
1162.40,15.991,23.836,0.0570,14.870,24.334,0.263,0.042
1162.60,16.039,23.839,0.0570,14.918,24.337,0.267,0.045
1162.80,16.090,23.843,0.0571,14.969,24.341,0.269,0.046
1163.00,16.143,23.848,0.0571,15.021,24.345,0.272,0.048
1163.20,16.194,23.851,0.0572,15.072,24.349,0.269,0.052
1163.40,16.245,23.854,0.0573,15.123,24.352,0.257,0.017
1163.60,16.295,23.857,0.0575,15.173,24.355,0.255,0.021
1163.80,16.343,23.860,0.0578,15.220,24.359,0.249,0.032
1164.00,16.391,23.862,0.0579,15.268,24.361,0.283,0.042
1164.20,16.441,23.865,0.0579,15.318,24.364,0.306,-0.025
1164.40,16.490,23.868,0.0580,15.367,24.367,0.299,-0.026
1164.60,16.544,23.871,0.0582,15.420,24.370,0.296,-0.015
1164.80,16.605,23.875,0.0583,15.480,24.373,0.304,-0.014
1165.00,16.664,23.878,0.0582,15.540,24.377,0.310,-0.012
1165.20,16.722,23.881,0.0582,15.598,24.380,0.306,-0.011
1165.40,16.782,23.885,0.0581,15.657,24.383,0.300,-0.013
1165.60,16.842,23.889,0.0581,15.718,24.388,0.297,-0.014
1165.80,16.903,23.892,0.0580,15.779,24.391,0.294,-0.016
1166.00,16.963,23.896,0.0580,15.839,24.395,0.315,-0.010
1166.20,17.023,23.899,0.0580,15.899,24.398,0.348,-0.010
1166.40,17.082,23.903,0.0579,15.958,24.402,0.342,-0.015
1166.60,17.141,23.906,0.0579,16.017,24.405,0.329,-0.017
1166.80,17.208,23.910,0.0578,16.082,24.409,0.326,-0.018
1167.00,17.277,23.914,0.0577,16.151,24.413,0.330,-0.018
1167.20,17.343,23.918,0.0576,16.218,24.417,0.328,-0.019
1167.40,17.408,23.921,0.0576,16.283,24.421,0.319,-0.015
1167.60,17.473,23.925,0.0575,16.348,24.425,0.312,-0.017
1167.80,17.537,23.928,0.0575,16.413,24.428,0.326,-0.012
1168.00,17.599,23.932,0.0576,16.475,24.431,0.359,-0.014
1168.20,17.659,23.935,0.0576,16.536,24.435,0.350,-0.019
1168.40,17.721,23.938,0.0577,16.598,24.438,0.334,-0.021
1168.60,17.790,23.942,0.0577,16.666,24.441,0.334,-0.022
1168.80,17.859,23.946,0.0577,16.736,24.445,0.338,-0.023
1169.00,17.925,23.950,0.0578,16.803,24.449,0.332,-0.023
1169.20,17.991,23.954,0.0579,16.868,24.453,0.322,-0.024
1169.40,18.057,23.958,0.0579,16.935,24.457,0.314,-0.025
1169.60,18.122,23.962,0.0579,17.001,24.461,0.330,-0.016
1169.80,18.186,23.966,0.0579,17.065,24.465,0.364,-0.017
1170.00,18.249,23.971,0.0579,17.128,24.469,0.356,-0.023
1170.20,18.313,23.974,0.0579,17.192,24.472,0.341,-0.023
1170.40,18.385,23.978,0.0578,17.263,24.476,0.340,-0.025
1170.60,18.458,23.983,0.0579,17.336,24.480,0.345,-0.027
1170.80,18.527,23.987,0.0579,17.406,24.484,0.341,-0.027
1171.00,18.596,23.991,0.0579,17.475,24.488,0.330,-0.029
1171.20,18.666,23.995,0.0578,17.545,24.493,0.321,-0.031
1171.40,18.736,23.999,0.0578,17.615,24.497,0.357,-0.016
1171.60,18.804,24.003,0.0578,17.683,24.501,0.376,-0.024
1171.80,18.870,24.007,0.0577,17.749,24.504,0.364,-0.026
1172.00,18.939,24.011,0.0577,17.817,24.508,0.347,-0.028
1172.20,19.015,24.015,0.0577,17.892,24.512,0.347,-0.031
1172.40,19.090,24.019,0.0576,17.967,24.516,0.350,-0.031
1172.60,19.160,24.023,0.0575,18.039,24.520,0.339,-0.034
1172.80,19.230,24.026,0.0574,18.109,24.524,0.325,-0.035
1173.00,19.300,24.030,0.0573,18.178,24.527,0.339,-0.021
1173.20,19.368,24.034,0.0573,18.247,24.531,0.374,-0.024
1173.40,19.433,24.038,0.0572,18.312,24.535,0.366,-0.030
1173.60,19.497,24.042,0.0571,18.377,24.539,0.345,-0.031
1173.80,19.570,24.047,0.0571,18.448,24.544,0.341,-0.033
1174.00,19.645,24.051,0.0570,18.522,24.548,0.343,-0.034
1174.20,19.716,24.054,0.0568,18.595,24.551,0.340,-0.035
1174.40,19.784,24.058,0.0567,18.663,24.555,0.324,-0.031
1174.60,19.852,24.061,0.0566,18.731,24.558,0.312,-0.035
1174.80,19.920,24.065,0.0565,18.799,24.562,0.347,-0.019
1175.00,19.985,24.069,0.0565,18.865,24.566,0.366,-0.030
1175.20,20.048,24.072,0.0563,18.928,24.569,0.352,-0.034
1175.40,20.113,24.076,0.0562,18.992,24.573,0.334,-0.035
1175.60,20.186,24.080,0.0562,19.063,24.577,0.334,-0.036
1175.80,20.257,24.084,0.0561,19.135,24.581,0.336,-0.038
1176.00,20.324,24.088,0.0560,19.203,24.585,0.330,-0.038
1176.20,20.391,24.092,0.0559,19.269,24.589,0.315,-0.041
1176.40,20.459,24.095,0.0558,19.337,24.592,0.304,-0.043
1176.60,20.525,24.099,0.0557,19.403,24.596,0.360,-0.027
1176.80,20.588,24.102,0.0556,19.467,24.599,0.359,-0.033
1177.00,20.650,24.105,0.0555,19.530,24.603,0.340,-0.038
1177.20,20.720,24.109,0.0554,19.598,24.607,0.333,-0.039
1177.40,20.791,24.113,0.0553,19.669,24.610,0.335,-0.039
1177.60,20.859,24.115,0.0552,19.738,24.613,0.332,-0.041
1177.80,20.925,24.118,0.0551,19.804,24.616,0.320,-0.043
1178.00,20.991,24.122,0.0550,19.870,24.619,0.308,-0.043
1178.20,21.056,24.125,0.0549,19.936,24.623,0.320,-0.027
1178.40,21.119,24.128,0.0547,19.999,24.626,0.355,-0.032
1178.60,21.179,24.132,0.0545,20.061,24.630,0.345,-0.043
1178.80,21.242,24.135,0.0543,20.123,24.634,0.331,-0.047
1179.00,21.311,24.139,0.0541,20.191,24.638,0.329,-0.043
1179.20,21.380,24.142,0.0541,20.261,24.640,0.329,-0.044
1179.40,21.445,24.148,0.0534,20.327,24.647,0.326,-0.046
1179.60,21.512,24.153,0.0531,20.393,24.652,0.312,-0.051
1179.80,21.580,24.155,0.0529,20.461,24.655,0.306,-0.051
1180.00,21.647,24.158,0.0524,20.529,24.658,0.326,-0.031
1180.20,21.713,24.162,0.0516,20.596,24.663,0.365,-0.044
1180.40,21.777,24.165,0.0510,20.661,24.667,0.357,-0.053
1180.60,21.845,24.168,0.0508,20.728,24.671,0.341,-0.051
1180.80,21.920,24.172,0.0504,20.803,24.675,0.344,-0.050
1181.00,21.995,24.176,0.0496,20.878,24.679,0.349,-0.055
1181.20,22.065,24.180,0.0491,20.950,24.684,0.342,-0.059
1181.40,22.127,24.182,0.0487,21.013,24.687,0.317,-0.057
1181.60,22.189,24.185,0.0482,21.074,24.689,0.293,-0.057
1181.80,22.250,24.188,0.0476,21.135,24.692,0.329,-0.036
1182.00,22.307,24.191,0.0473,21.192,24.695,0.332,-0.049
1182.20,22.359,24.193,0.0469,21.243,24.698,0.314,-0.051
1182.40,22.420,24.196,0.0469,21.302,24.701,0.302,-0.048
1182.60,22.486,24.200,0.0466,21.368,24.703,0.313,-0.046
1182.80,22.551,24.203,0.0459,21.434,24.705,0.320,-0.058
1183.00,22.611,24.205,0.0457,21.495,24.707,0.312,-0.059
1183.20,22.671,24.209,0.0456,21.556,24.711,0.298,-0.054
1183.40,22.731,24.211,0.0448,21.616,24.713,0.286,-0.056
1183.60,22.788,24.214,0.0442,21.673,24.715,0.274,-0.065
1183.80,22.843,24.217,0.0440,21.728,24.718,0.312,-0.043
1184.00,22.897,24.220,0.0438,21.780,24.722,0.316,-0.050
1184.20,22.952,24.224,0.0431,21.834,24.725,0.305,-0.055
1184.40,23.013,24.227,0.0430,21.894,24.728,0.305,-0.052
1184.60,23.078,24.230,0.0427,21.958,24.731,0.311,-0.051
1184.80,23.142,24.232,0.0419,22.023,24.733,0.314,-0.061
1185.00,23.207,24.235,0.0412,22.090,24.734,0.313,-0.063
1185.20,23.273,24.237,0.0405,22.156,24.735,0.308,-0.064
1185.40,23.341,24.239,0.0393,22.225,24.736,0.308,-0.136
1185.60,23.404,24.241,0.0382,22.289,24.738,0.303,-0.169
1185.80,23.457,24.242,0.0376,22.344,24.739,0.279,-0.152
1186.00,23.502,24.244,0.0362,22.389,24.741,0.242,-0.130
1186.20,23.521,24.246,0.0306,22.412,24.744,0.183,-0.142
1186.40,23.541,24.233,-0.0051,22.429,24.733,0.150,-0.188
1186.60,23.569,24.216,-0.0463,22.455,24.714,0.148,-0.279
1186.80,23.590,24.201,-0.0873,22.475,24.697,0.150,-0.291
1187.00,23.602,24.188,-0.1661,22.489,24.684,0.156,-0.339
1187.20,23.607,24.173,-0.2894,22.495,24.669,0.157,-0.404
1187.40,23.603,24.152,-0.4051,22.493,24.650,0.148,-0.502
1187.60,23.594,24.117,-0.4945,22.485,24.615,0.143,-0.379
1187.80,23.582,24.073,-0.6069,22.475,24.572,0.146,-0.351
1188.00,23.572,24.020,-0.7558,22.464,24.517,0.162,-0.428
1188.20,23.606,24.009,-0.8041,22.487,24.502,0.177,-0.351
1188.40,23.644,23.991,-0.8516,22.523,24.485,0.203,-0.174
1188.60,23.682,23.971,-0.9011,22.561,24.466,0.215,-0.146
1188.80,23.721,23.948,-0.9500,22.600,24.443,0.220,-0.143
1189.00,23.760,23.919,-0.9923,22.640,24.416,0.225,-0.124
1189.20,23.794,23.889,-1.0274,22.677,24.387,0.228,-0.091
1189.40,23.825,23.859,-1.0596,22.710,24.359,0.219,-0.067
1189.60,23.851,23.827,-1.0820,22.739,24.329,0.213,-0.035
1189.80,23.871,23.789,-1.0851,22.760,24.293,0.210,0.033
1190.00,23.889,23.755,-1.0858,22.779,24.259,0.199,0.081
1190.20,23.907,23.721,-1.0858,22.796,24.224,0.213,0.062
1190.40,23.926,23.684,-1.0857,22.815,24.188,0.230,0.119
1190.60,23.944,23.651,-1.0847,22.833,24.154,0.234,0.149
1190.80,23.962,23.616,-1.0838,22.851,24.121,0.224,0.142
1191.00,23.985,23.585,-1.0712,22.873,24.091,0.204,0.147
1191.20,24.013,23.557,-1.0428,22.902,24.064,0.202,0.216
1191.40,24.049,23.524,-1.0093,22.938,24.034,0.215,0.264
1191.60,24.088,23.492,-0.9731,22.978,24.002,0.228,0.278
1191.80,24.127,23.466,-0.9308,23.018,23.975,0.232,0.294
1192.00,24.155,23.451,-0.8733,23.047,23.959,0.215,0.313
1192.20,24.184,23.443,-0.7695,23.076,23.949,0.195,0.419
1192.40,24.218,23.457,-0.6692,23.109,23.959,0.175,0.512
1192.60,24.253,23.480,-0.5673,23.146,23.980,0.160,0.494
1192.80,24.280,23.494,-0.4199,23.174,23.998,0.153,0.519
1193.00,24.297,23.505,-0.1623,23.191,24.008,0.153,0.879
1193.20,24.321,23.520,0.0955,23.212,24.021,0.171,0.982
1193.40,24.346,23.529,0.3449,23.233,24.028,0.183,0.967
1193.60,24.371,23.511,0.6867,23.254,24.011,0.164,1.009
1193.80,24.397,23.488,1.1352,23.277,23.989,0.104,1.007
1194.00,24.392,23.482,1.5236,23.278,23.989,0.024,1.004
1194.20,24.457,23.408,1.6812,23.334,23.913,-0.105,0.889
1194.40,24.509,23.331,1.7870,23.383,23.839,-0.211,0.589
1194.60,24.549,23.263,1.9158,23.424,23.771,-0.226,0.504
1194.80,24.581,23.201,2.0439,23.456,23.708,-0.222,0.511
1195.00,24.596,23.153,2.1167,23.474,23.658,-0.195,0.397
1195.20,24.601,23.120,2.1582,23.481,23.622,-0.132,0.166
1195.40,24.609,23.093,2.2021,23.489,23.594,-0.090,0.057
1195.60,24.620,23.070,2.2407,23.500,23.570,-0.061,0.051
1195.80,24.630,23.060,2.2513,23.509,23.557,-0.043,0.010
1196.00,24.639,23.056,2.2627,23.520,23.554,-0.020,-0.029
1196.20,24.646,23.052,2.2706,23.529,23.553,0.002,-0.163
1196.40,24.651,23.046,2.2706,23.535,23.547,-0.046,-0.111
1196.60,24.655,23.042,2.2706,23.538,23.543,-0.054,-0.105
1196.80,24.663,23.038,2.2646,23.545,23.539,-0.057,-0.114
1197.00,24.683,23.020,2.2619,23.565,23.525,-0.076,-0.133
1197.20,24.698,22.991,2.2456,23.582,23.495,-0.111,-0.149
1197.40,24.712,22.961,2.2274,23.595,23.463,-0.126,-0.194
1197.60,24.724,22.924,2.1965,23.605,23.425,-0.131,-0.223
1197.80,24.737,22.877,2.1562,23.618,23.377,-0.129,-0.240
1198.00,24.749,22.820,2.1052,23.629,23.320,-0.150,-0.303
1198.20,24.757,22.790,2.0773,23.638,23.287,-0.133,-0.299
1198.40,24.761,22.765,2.0487,23.642,23.261,-0.088,-0.224
1198.60,24.763,22.734,2.0143,23.644,23.230,-0.071,-0.210
1198.80,24.764,22.699,1.9784,23.645,23.196,-0.070,-0.224
1199.00,24.763,22.666,1.9460,23.645,23.163,-0.066,-0.236
1199.20,24.762,22.636,1.9149,23.643,23.131,-0.061,-0.239
1199.40,24.760,22.606,1.8834,23.641,23.102,-0.053,-0.230
1199.60,24.756,22.575,1.8503,23.637,23.070,-0.044,-0.225
1199.80,24.754,22.542,1.8096,23.634,23.038,-0.045,-0.238
1200.00,24.764,22.520,1.7769,23.643,23.016,-0.028,-0.294
1200.20,24.778,22.497,1.7485,23.659,22.995,-0.017,-0.308
1200.40,24.793,22.473,1.7178,23.674,22.972,-0.030,-0.367
1200.60,24.808,22.447,1.6833,23.690,22.946,-0.038,-0.338
1200.80,24.824,22.417,1.6462,23.707,22.918,-0.047,-0.319
1201.00,24.838,22.387,1.6065,23.722,22.888,-0.046,-0.324
1201.20,24.850,22.362,1.5712,23.736,22.863,-0.032,-0.324
1201.40,24.862,22.334,1.5347,23.749,22.835,-0.022,-0.324
1201.60,24.872,22.303,1.4971,23.761,22.806,-0.017,-0.317
1201.80,24.879,22.272,1.4649,23.768,22.773,-0.019,-0.303
1202.00,24.888,22.245,1.4305,23.777,22.745,-0.026,-0.237
1202.20,24.897,22.211,1.3912,23.785,22.712,-0.023,-0.216
1202.40,24.905,22.170,1.3459,23.795,22.673,-0.027,-0.210
1202.60,24.912,22.125,1.2978,23.803,22.629,-0.037,-0.227
1202.80,24.917,22.073,1.2454,23.810,22.577,-0.059,-0.273
1203.00,24.915,22.020,1.1865,23.811,22.521,-0.076,-0.300
1203.20,24.893,21.996,1.1506,23.791,22.492,-0.039,-0.285
1203.40,24.869,21.975,1.1151,23.767,22.470,0.000,-0.266
1203.60,24.843,21.953,1.0764,23.740,22.448,0.002,-0.301
1203.80,24.817,21.934,1.0396,23.713,22.429,0.005,-0.296
1204.00,24.791,21.915,1.0038,23.686,22.410,0.011,-0.285
1204.20,24.763,21.897,0.9667,23.658,22.392,0.014,-0.279
1204.40,24.731,21.879,0.9270,23.626,22.374,0.002,-0.327
1204.60,24.698,21.861,0.8862,23.593,22.357,-0.006,-0.321
1204.80,24.662,21.844,0.8441,23.556,22.340,-0.010,-0.285
1205.00,24.625,21.828,0.8006,23.519,22.324,-0.010,-0.268
1205.20,24.587,21.813,0.7570,23.479,22.309,-0.009,-0.265
1205.40,24.554,21.803,0.7198,23.446,22.298,0.003,-0.263
1205.60,24.521,21.793,0.6817,23.412,22.289,0.017,-0.269
1205.80,24.488,21.785,0.6458,23.378,22.281,0.020,-0.249
1206.00,24.460,21.780,0.6133,23.349,22.275,-0.000,-0.221
1206.20,24.435,21.775,0.5835,23.323,22.269,0.002,-0.164
1206.40,24.411,21.772,0.5531,23.298,22.266,0.021,-0.136
1206.60,24.387,21.769,0.5262,23.273,22.262,0.030,-0.124
1206.80,24.361,21.765,0.5016,23.246,22.258,0.028,-0.122
1207.00,24.336,21.762,0.4782,23.219,22.254,0.026,-0.129
1207.20,24.311,21.760,0.4555,23.191,22.253,0.028,-0.150
1207.40,24.289,21.758,0.4357,23.166,22.253,0.035,-0.156
1207.60,24.269,21.757,0.4169,23.143,22.254,0.047,-0.162
1207.80,24.255,21.744,0.3948,23.129,22.243,0.056,-0.161
1208.00,24.236,21.725,0.3680,23.111,22.223,0.050,-0.170
1208.20,24.213,21.704,0.3370,23.089,22.200,0.033,-0.168
1208.40,24.189,21.682,0.3043,23.064,22.176,0.022,-0.160
1208.60,24.169,21.665,0.2757,23.042,22.156,0.027,-0.153
1208.80,24.154,21.653,0.2551,23.026,22.143,0.049,-0.129
1209.00,24.134,21.638,0.2295,23.005,22.127,0.054,-0.087
1209.20,24.115,21.624,0.2048,22.984,22.112,0.052,-0.092
1209.40,24.100,21.615,0.1873,22.967,22.100,0.058,-0.089
1209.60,24.094,21.609,0.1772,22.957,22.093,0.083,-0.055
1209.80,24.088,21.604,0.1692,22.949,22.086,0.097,-0.048
1210.00,24.081,21.600,0.1606,22.939,22.080,0.099,-0.033
1210.20,24.088,21.599,0.1526,22.943,22.076,0.123,-0.042
1210.40,24.105,21.601,0.1519,22.958,22.076,0.158,-0.037
1210.60,24.125,21.604,0.1519,22.977,22.079,0.185,-0.014
1210.80,24.150,21.608,0.1518,23.001,22.082,0.203,-0.003
1211.00,24.182,21.612,0.1518,23.032,22.087,0.220,-0.001
1211.20,24.219,21.617,0.1518,23.068,22.092,0.236,-0.001
1211.40,24.259,21.623,0.1518,23.107,22.098,0.248,-0.002
1211.60,24.302,21.630,0.1518,23.150,22.104,0.255,-0.002
1211.80,24.348,21.637,0.1518,23.195,22.111,0.261,-0.001
1212.00,24.396,21.644,0.1518,23.243,22.118,0.265,-0.001
1212.20,24.446,21.651,0.1518,23.293,22.126,0.268,-0.001
1212.40,24.497,21.659,0.1518,23.344,22.134,0.268,-0.007
1212.60,24.549,21.667,0.1518,23.396,22.142,0.268,-0.005
1212.80,24.602,21.675,0.1519,23.449,22.150,0.306,0.011
1213.00,24.655,21.683,0.1519,23.502,22.158,0.331,0.012
1213.20,24.707,21.692,0.1519,23.555,22.167,0.321,0.004
1213.40,24.767,21.701,0.1519,23.613,22.176,0.315,0.003
1213.60,24.832,21.711,0.1518,23.677,22.186,0.325,0.003
1213.80,24.895,21.721,0.1518,23.741,22.195,0.327,0.004
1214.00,24.957,21.730,0.1518,23.803,22.205,0.321,0.004
1214.20,25.021,21.739,0.1517,23.867,22.214,0.316,0.004
1214.40,25.086,21.749,0.1517,23.932,22.223,0.312,0.004
1214.60,25.149,21.758,0.1516,23.995,22.232,0.349,0.018
1214.80,25.211,21.767,0.1515,24.058,22.241,0.372,0.021
1215.00,25.273,21.776,0.1515,24.120,22.251,0.357,0.015
1215.20,25.342,21.787,0.1515,24.187,22.261,0.347,0.013
1215.40,25.415,21.800,0.1514,24.260,22.273,0.353,0.014
1215.60,25.487,21.811,0.1515,24.332,22.285,0.354,0.012
1215.80,25.557,21.824,0.1515,24.402,22.298,0.348,0.013
1216.00,25.627,21.836,0.1515,24.473,22.310,0.340,0.015
1216.20,25.697,21.846,0.1514,24.542,22.320,0.357,0.035
1216.40,25.765,21.858,0.1513,24.611,22.332,0.389,0.041
1216.60,25.832,21.867,0.1514,24.678,22.341,0.373,0.038
1216.80,25.904,21.877,0.1513,24.749,22.351,0.361,0.036
1217.00,25.981,21.889,0.1513,24.826,22.363,0.362,0.036
1217.20,26.057,21.902,0.1514,24.902,22.375,0.362,0.037
1217.40,26.129,21.913,0.1514,24.974,22.387,0.355,0.039
1217.60,26.200,21.924,0.1514,25.046,22.397,0.343,0.040
1217.80,26.271,21.933,0.1516,25.117,22.407,0.317,-0.084
1218.00,26.343,21.946,0.1516,25.189,22.418,0.331,-0.020
1218.20,26.412,21.958,0.1517,25.258,22.430,0.315,0.004
1218.40,26.483,21.968,0.1499,25.329,22.440,0.301,0.005
1218.60,26.550,21.978,0.1499,25.397,22.451,0.288,0.009
1218.80,26.612,21.987,0.1499,25.460,22.460,0.266,0.016
1219.00,26.671,21.996,0.1500,25.519,22.468,0.230,0.027
1219.20,26.728,22.004,0.1500,25.577,22.477,0.211,0.027
1219.40,26.781,22.012,0.1500,25.631,22.485,0.196,0.020
1219.60,26.829,22.019,0.1500,25.680,22.492,0.192,0.022
1219.80,26.871,22.025,0.1500,25.723,22.498,0.157,0.005
1220.00,26.911,22.031,0.1501,25.763,22.504,0.095,-0.013
1220.20,26.949,22.037,0.1501,25.802,22.510,0.059,-0.019
1220.40,26.981,22.041,0.1501,25.835,22.514,0.063,-0.017
1220.60,27.001,22.044,0.1501,25.857,22.518,0.064,-0.006
1220.80,27.012,22.046,0.1501,25.870,22.520,0.052,-0.003
1221.00,27.024,22.048,0.1501,25.882,22.521,0.038,-0.008
1221.20,27.035,22.050,0.1501,25.894,22.523,0.032,-0.008
1221.40,27.044,22.051,0.1501,25.903,22.525,0.027,-0.008
1221.60,27.050,22.054,0.1501,25.910,22.527,0.018,-0.007
1221.80,27.056,22.055,0.1501,25.916,22.529,0.011,-0.019
1222.00,27.062,22.056,0.1501,25.921,22.530,0.004,-0.023
1222.20,27.067,22.056,0.1501,25.926,22.531,-0.003,-0.019
1222.40,27.070,22.057,0.1501,25.929,22.531,-0.011,-0.015
1222.60,27.071,22.057,0.1501,25.930,22.531,-0.015,-0.014
1222.80,27.071,22.057,0.1501,25.931,22.531,-0.020,-0.017
1223.00,27.069,22.057,0.1501,25.929,22.531,-0.018,-0.012
1223.20,27.067,22.056,0.1501,25.927,22.531,-0.016,-0.013
1223.40,27.063,22.056,0.1501,25.923,22.531,-0.018,0.030
1223.60,27.060,22.055,0.1501,25.920,22.530,0.009,0.067
1223.80,27.057,22.055,0.1501,25.917,22.530,0.027,0.072
1224.00,27.053,22.054,0.1501,25.913,22.529,0.031,0.069
1224.20,27.044,22.054,0.1482,25.903,22.528,0.026,0.063
1224.40,27.034,22.053,0.1453,25.891,22.528,0.018,0.053
1224.60,27.025,22.053,0.1427,25.880,22.528,0.018,0.048
1224.80,27.019,22.053,0.1409,25.871,22.528,0.023,0.050
1225.00,27.017,22.052,0.1429,25.868,22.526,0.035,0.067
1225.20,27.018,22.051,0.1458,25.869,22.522,0.050,0.108
1225.40,27.020,22.049,0.1498,25.871,22.518,0.054,0.122
1225.60,27.022,22.045,0.1623,25.872,22.512,0.055,0.141
1225.80,27.025,22.036,0.1846,25.876,22.502,0.060,0.168
1226.00,27.031,22.028,0.2209,25.881,22.493,0.067,0.212
1226.20,27.037,22.020,0.2729,25.887,22.485,0.071,0.288
1226.40,27.044,22.015,0.3432,25.894,22.479,0.072,0.355
1226.60,27.053,22.014,0.4403,25.902,22.477,0.077,0.425
1226.80,27.066,22.022,0.5726,25.914,22.482,0.094,0.511
1227.00,27.085,22.036,0.7334,25.932,22.494,0.124,0.625
1227.20,27.108,22.061,0.8919,25.955,22.516,0.167,0.671
1227.40,27.143,22.101,0.9741,25.987,22.554,0.219,0.515
1227.60,27.189,22.131,1.0385,26.032,22.583,0.252,0.300
1227.80,27.230,22.172,1.1425,26.081,22.619,0.292,0.220
1228.00,27.230,22.239,1.3622,26.086,22.685,0.290,0.681
1228.20,27.235,22.309,1.4567,26.090,22.757,0.298,0.577
1228.40,27.263,22.365,1.5161,26.115,22.813,0.272,0.338
1228.60,27.267,22.432,1.5309,26.122,22.877,0.273,0.079
1228.80,27.259,22.507,1.5062,26.113,22.951,0.298,-0.160
1229.00,27.257,22.585,1.4924,26.109,23.029,0.312,-0.220
1229.20,27.262,22.648,1.4928,26.114,23.096,0.281,-0.161
1229.40,27.270,22.686,1.4773,26.122,23.138,0.212,-0.169
1229.60,27.274,22.700,1.4561,26.127,23.157,0.100,-0.174
1229.80,27.268,22.721,1.4285,26.123,23.175,0.020,-0.174
1230.00,27.260,22.747,1.3855,26.113,23.200,0.012,-0.235
1230.20,27.264,22.770,1.3562,26.116,23.223,0.013,-0.294
1230.40,27.278,22.791,1.3324,26.130,23.243,0.059,-0.272
1230.60,27.294,22.813,1.3027,26.148,23.264,0.068,-0.269
1230.80,27.315,22.838,1.2674,26.169,23.288,0.100,-0.289
1231.00,27.337,22.862,1.2325,26.192,23.313,0.122,-0.304
1231.20,27.357,22.885,1.1995,26.214,23.335,0.131,-0.312
1231.40,27.379,22.906,1.1658,26.236,23.356,0.136,-0.319
1231.60,27.397,22.924,1.1339,26.256,23.373,0.135,-0.317
1231.80,27.417,22.941,1.1020,26.276,23.389,0.135,-0.320
1232.00,27.436,22.958,1.0743,26.296,23.405,0.136,-0.313
1232.20,27.467,22.975,1.0406,26.326,23.422,0.140,-0.244
1232.40,27.514,22.993,0.9805,26.372,23.441,0.160,-0.297
1232.60,27.566,23.012,0.9191,26.425,23.459,0.191,-0.328
1232.80,27.615,23.039,0.8637,26.475,23.485,0.226,-0.360
1233.00,27.665,23.064,0.8091,26.525,23.510,0.257,-0.339
1233.20,27.716,23.084,0.7542,26.576,23.530,0.276,-0.333
1233.40,27.765,23.100,0.7010,26.625,23.547,0.271,-0.325
1233.60,27.812,23.115,0.6473,26.672,23.562,0.263,-0.317
1233.80,27.848,23.138,0.5836,26.709,23.583,0.255,-0.374
1234.00,27.880,23.147,0.5449,26.742,23.595,0.238,-0.331
1234.20,27.915,23.152,0.5083,26.776,23.600,0.217,-0.278
1234.40,27.953,23.156,0.4674,26.814,23.604,0.208,-0.277
1234.60,27.993,23.159,0.4265,26.854,23.607,0.205,-0.284
1234.80,28.033,23.161,0.3881,26.894,23.609,0.205,-0.284
1235.00,28.064,23.162,0.3576,26.927,23.609,0.196,-0.270
1235.20,28.090,23.162,0.3317,26.954,23.608,0.177,-0.227
1235.40,28.120,23.161,0.3013,26.982,23.608,0.200,-0.181
1235.60,28.157,23.158,0.2641,27.018,23.605,0.222,-0.190
1235.80,28.201,23.153,0.2244,27.060,23.599,0.253,-0.219
1236.00,28.242,23.148,0.1911,27.102,23.593,0.266,-0.224
1236.20,28.277,23.143,0.1626,27.137,23.587,0.253,-0.203
1236.40,28.310,23.136,0.1328,27.170,23.579,0.233,-0.179
1236.60,28.348,23.129,0.1006,27.206,23.570,0.232,-0.168
1236.80,28.386,23.120,0.0692,27.243,23.560,0.241,-0.169
1237.00,28.420,23.111,0.0425,27.277,23.550,0.244,-0.142
1237.20,28.447,23.104,0.0225,27.304,23.542,0.238,-0.129
1237.40,28.466,23.100,0.0107,27.323,23.536,0.200,-0.144
1237.60,28.480,23.101,0.0047,27.336,23.535,0.165,-0.112
1237.80,28.504,23.107,-0.0123,27.356,23.542,0.166,-0.119
1238.00,28.521,23.109,-0.0246,27.373,23.546,0.169,-0.107
1238.20,28.531,23.108,-0.0294,27.383,23.544,0.157,-0.095
1238.40,28.544,23.095,-0.0604,27.393,23.533,0.143,-0.115
1238.60,28.563,23.086,-0.0861,27.410,23.520,0.156,-0.168
1238.80,28.574,23.084,-0.0901,27.420,23.519,0.155,-0.135
1239.00,28.588,23.076,-0.1138,27.433,23.510,0.152,-0.125
1239.20,28.603,23.072,-0.1346,27.447,23.506,0.156,-0.149
1239.40,28.617,23.071,-0.1453,27.459,23.505,0.152,-0.125
1239.60,28.636,23.073,-0.1604,27.477,23.507,0.157,-0.089
1239.80,28.663,23.077,-0.1848,27.502,23.512,0.168,-0.085
1240.00,28.696,23.080,-0.2118,27.534,23.517,0.187,-0.109
1240.20,28.729,23.081,-0.2347,27.566,23.520,0.240,-0.096
1240.40,28.767,23.080,-0.2563,27.605,23.521,0.262,-0.104
1240.60,28.812,23.080,-0.2870,27.649,23.523,0.267,-0.119
1240.80,28.859,23.073,-0.3091,27.696,23.519,0.272,-0.122
1241.00,28.904,23.063,-0.3207,27.742,23.510,0.274,-0.084
1241.20,28.947,23.054,-0.3371,27.785,23.503,0.268,-0.069
1241.40,28.994,23.046,-0.3581,27.831,23.497,0.262,-0.080
1241.60,29.046,23.030,-0.3683,27.882,23.484,0.268,-0.073
1241.80,29.102,23.010,-0.3723,27.939,23.465,0.285,-0.037
1242.00,29.162,22.989,-0.3789,28.001,23.445,0.297,-0.025
1242.20,29.222,22.967,-0.3855,28.063,23.425,0.305,-0.026
1242.40,29.276,22.943,-0.3857,28.119,23.400,0.301,-0.006
1242.60,29.327,22.924,-0.3855,28.171,23.382,0.335,0.045
1242.80,29.382,22.901,-0.3856,28.226,23.359,0.340,0.050
1243.00,29.437,22.880,-0.3855,28.281,23.337,0.327,0.045
1243.20,29.496,22.856,-0.3853,28.339,23.314,0.320,0.043
1243.40,29.560,22.830,-0.3846,28.404,23.289,0.327,0.055
1243.60,29.618,22.806,-0.3845,28.463,23.265,0.321,0.054
1243.80,29.675,22.783,-0.3844,28.521,23.242,0.312,0.051
1244.00,29.730,22.760,-0.3842,28.576,23.218,0.297,0.055
1244.20,29.784,22.738,-0.3838,28.629,23.196,0.281,0.057
1244.40,29.836,22.716,-0.3835,28.681,23.173,0.269,0.059
1244.60,29.885,22.695,-0.3831,28.729,23.153,0.298,0.066
1244.80,29.929,22.677,-0.3826,28.773,23.134,0.310,0.076
1245.00,29.972,22.659,-0.3822,28.815,23.116,0.282,0.069
1245.20,30.017,22.640,-0.3815,28.858,23.097,0.264,0.067
1245.40,30.060,22.621,-0.3808,28.900,23.079,0.264,-0.020
1245.60,30.100,22.605,-0.3801,28.939,23.062,0.269,-0.012
1245.80,30.137,22.589,-0.3794,28.975,23.047,0.259,0.007
1246.00,30.182,22.571,-0.3792,29.017,23.029,0.258,0.009
1246.20,30.233,22.550,-0.3793,29.067,23.009,0.277,0.005
1246.40,30.281,22.530,-0.3793,29.116,22.989,0.285,0.004
1246.60,30.329,22.511,-0.3793,29.164,22.970,0.283,0.004
1246.80,30.381,22.491,-0.3793,29.215,22.950,0.281,0.004
1247.00,30.433,22.470,-0.3793,29.268,22.929,0.281,0.004
1247.20,30.485,22.449,-0.3793,29.320,22.908,0.315,0.036
1247.40,30.538,22.429,-0.3794,29.373,22.888,0.339,0.043
1247.60,30.589,22.409,-0.3794,29.425,22.868,0.329,0.036
1247.80,30.643,22.388,-0.3793,29.478,22.846,0.315,0.033
1248.00,30.705,22.363,-0.3793,29.539,22.822,0.318,0.033
1248.20,30.766,22.339,-0.3792,29.600,22.798,0.321,0.034
1248.40,30.824,22.316,-0.3792,29.659,22.774,0.318,0.037
1248.60,30.883,22.293,-0.3791,29.718,22.752,0.310,0.038
1248.80,30.942,22.270,-0.3791,29.777,22.729,0.303,0.039
1249.00,31.000,22.247,-0.3791,29.835,22.706,0.295,0.041
1249.20,31.057,22.224,-0.3791,29.893,22.683,0.313,0.049
1249.40,31.112,22.202,-0.3790,29.949,22.661,0.349,0.067
1249.60,31.166,22.181,-0.3790,30.003,22.639,0.337,0.063
1249.80,31.218,22.160,-0.3787,30.055,22.618,0.311,0.059
1250.00,31.269,22.139,-0.3781,30.105,22.599,0.290,0.062
1250.20,31.319,22.119,-0.3774,30.154,22.579,0.276,0.064
1250.40,31.368,22.100,-0.3769,30.201,22.560,0.266,0.067
1250.60,31.414,22.081,-0.3765,30.246,22.541,0.253,0.068
1250.80,31.455,22.065,-0.3762,30.287,22.524,0.243,0.018
1251.00,31.495,22.049,-0.3758,30.324,22.508,0.240,0.023
1251.20,31.531,22.035,-0.3754,30.360,22.494,0.269,0.069
1251.40,31.570,22.021,-0.3752,30.397,22.480,0.273,0.069
1251.60,31.614,22.004,-0.3752,30.440,22.463,0.272,0.058
1251.80,31.652,21.988,-0.3747,30.478,22.448,0.267,0.058
1252.00,31.690,21.973,-0.3741,30.515,22.433,0.253,0.060
1252.20,31.733,21.956,-0.3737,30.555,22.417,0.249,0.062
1252.40,31.775,21.940,-0.3732,30.596,22.401,0.251,0.063
1252.60,31.813,21.925,-0.3728,30.634,22.385,0.245,0.064
1252.80,31.850,21.910,-0.3724,30.670,22.371,0.234,0.066
1253.00,31.886,21.896,-0.3719,30.705,22.357,0.227,0.068
1253.20,31.920,21.882,-0.3715,30.738,22.344,0.219,0.068
1253.40,31.951,21.870,-0.3710,30.768,22.332,0.209,0.068
1253.60,31.978,21.859,-0.3706,30.795,22.321,0.195,0.070
1253.80,32.004,21.848,-0.3701,30.820,22.311,0.187,0.069
1254.00,32.028,21.839,-0.3697,30.843,22.301,0.181,0.054
1254.20,32.050,21.830,-0.3694,30.864,22.293,0.172,0.053
1254.40,32.069,21.822,-0.3691,30.882,22.285,0.164,0.057
1254.60,32.090,21.814,-0.3686,30.901,22.278,0.157,0.057
1254.80,32.115,21.804,-0.3682,30.924,22.269,0.162,0.059
1255.00,32.137,21.795,-0.3677,30.946,22.259,0.165,0.062
1255.20,32.157,21.787,-0.3673,30.965,22.251,0.161,0.063
1255.40,32.177,21.779,-0.3669,30.985,22.244,0.155,0.063
1255.60,32.196,21.771,-0.3665,31.003,22.237,0.150,0.061
1255.80,32.214,21.764,-0.3660,31.020,22.231,0.193,0.079
1256.00,32.232,21.757,-0.3653,31.036,22.226,0.191,0.079
1256.20,32.250,21.750,-0.3650,31.052,22.219,0.179,0.069
1256.40,32.270,21.742,-0.3643,31.070,22.212,0.179,0.065
1256.60,32.289,21.735,-0.3635,31.087,22.206,0.176,0.065
1256.80,32.310,21.727,-0.3631,31.105,22.198,0.176,0.064
1257.00,32.333,21.718,-0.3625,31.126,22.190,0.180,0.063
1257.20,32.358,21.709,-0.3622,31.149,22.182,0.186,0.072
1257.40,32.380,21.700,-0.3621,31.170,22.174,0.185,0.068
1257.60,32.404,21.691,-0.3620,31.193,22.165,0.183,0.071
1257.80,32.427,21.683,-0.3617,31.214,22.157,0.180,0.075
1258.00,32.450,21.674,-0.3617,31.235,22.149,0.177,0.075
1258.20,32.471,21.666,-0.3617,31.255,22.141,0.174,0.077
1258.40,32.490,21.659,-0.3618,31.273,22.133,0.169,0.084
1258.60,32.508,21.653,-0.3621,31.289,22.127,0.162,0.084
1258.80,32.525,21.646,-0.3625,31.304,22.119,0.156,0.082
1259.00,32.540,21.639,-0.3622,31.317,22.112,0.151,0.082
1259.20,32.557,21.633,-0.3610,31.332,22.106,0.149,0.086
1259.40,32.575,21.627,-0.3596,31.348,22.101,0.148,0.088
1259.60,32.592,21.623,-0.3562,31.364,22.098,0.150,0.082
1259.80,32.607,21.620,-0.3519,31.378,22.096,0.149,0.120
1260.00,32.618,21.614,-0.3442,31.389,22.092,0.140,0.120
1260.20,32.634,21.605,-0.3337,31.403,22.083,0.145,0.149
1260.40,32.649,21.604,-0.3256,31.417,22.081,0.146,0.130
1260.60,32.664,21.603,-0.3156,31.432,22.081,0.144,0.116
1260.80,32.678,21.600,-0.3028,31.446,22.080,0.143,0.112
1261.00,32.691,21.597,-0.2907,31.459,22.076,0.140,0.121
1261.20,32.703,21.598,-0.2719,31.470,22.077,0.136,0.144
1261.40,32.722,21.605,-0.2424,31.488,22.085,0.144,0.189
1261.60,32.745,21.611,-0.2180,31.511,22.093,0.156,0.185
1261.80,32.768,21.620,-0.1891,31.534,22.103,0.165,0.169
1262.00,32.786,21.630,-0.1191,31.554,22.114,0.166,0.249
1262.20,32.800,21.642,-0.0436,31.568,22.126,0.152,0.347
1262.40,32.813,21.663,0.0242,31.580,22.144,0.141,0.356
1262.60,32.827,21.688,0.1162,31.594,22.170,0.138,0.353
1262.80,32.835,21.706,0.2822,31.603,22.189,0.149,0.562
1263.00,32.843,21.723,0.4572,31.610,22.206,0.163,0.656
1263.20,32.851,21.735,0.6187,31.618,22.218,0.151,0.634
1263.40,32.849,21.745,0.8740,31.618,22.230,0.126,0.809
1263.60,32.849,21.758,1.1939,31.618,22.242,0.107,1.017
1263.80,32.851,21.759,1.5070,31.619,22.244,0.089,1.024
1264.00,32.861,21.765,1.8892,31.626,22.246,0.033,1.019
1264.20,32.822,21.781,2.2391,31.599,22.270,0.017,1.008
1264.40,32.739,21.818,2.3633,31.520,22.305,0.169,0.770
1264.60,32.670,21.845,2.4492,31.454,22.334,0.224,0.458
1264.80,32.625,21.860,2.5092,31.405,22.351,0.188,0.280
1265.00,32.576,21.869,2.5665,31.355,22.361,0.124,0.148
1265.20,32.527,21.876,2.6180,31.306,22.367,0.095,0.123
1265.40,32.479,21.881,2.6643,31.257,22.372,0.088,0.117
1265.60,32.432,21.887,2.7026,31.210,22.377,0.084,0.104
1265.80,32.392,21.891,2.7338,31.167,22.380,0.075,0.087
1266.00,32.359,21.894,2.7592,31.131,22.381,0.058,0.061
1266.20,32.329,21.896,2.7805,31.100,22.381,0.043,0.036
1266.40,32.300,21.898,2.7994,31.069,22.381,0.034,0.022
1266.60,32.278,21.901,2.8096,31.043,22.382,0.024,0.004
1266.80,32.267,21.905,2.8103,31.030,22.384,-0.001,-0.049
1267.00,32.259,21.907,2.8103,31.022,22.387,-0.024,-0.101
1267.20,32.253,21.909,2.8103,31.016,22.389,-0.034,-0.115
1267.40,32.251,21.910,2.8101,31.013,22.389,-0.043,-0.118
1267.60,32.250,21.905,2.7951,31.012,22.384,-0.050,-0.153
1267.80,32.246,21.897,2.7738,31.008,22.375,-0.053,-0.215
1268.00,32.234,21.896,2.7608,30.997,22.373,-0.043,-0.215
1268.20,32.210,21.896,2.7355,30.973,22.373,-0.007,-0.196
1268.40,32.181,21.896,2.7024,30.943,22.373,0.020,-0.223
1268.60,32.151,21.897,2.6694,30.912,22.373,0.032,-0.246
1268.80,32.140,21.895,2.6325,30.897,22.371,0.017,-0.258
1269.00,32.146,21.895,2.5401,30.899,22.371,-0.025,-0.429
1269.20,32.162,21.894,2.4576,30.912,22.369,-0.057,-0.489
1269.40,32.191,21.885,2.4231,30.940,22.362,-0.093,-0.384
1269.60,32.222,21.875,2.3843,30.971,22.352,-0.117,-0.284
1269.80,32.248,21.862,2.3460,30.999,22.340,-0.118,-0.249
1270.00,32.263,21.858,2.2251,31.015,22.333,-0.098,-0.391
1270.20,32.273,21.857,2.1052,31.027,22.334,-0.048,-0.636
1270.40,32.267,21.838,1.9986,31.024,22.316,-0.025,-0.658
1270.60,32.246,21.826,1.8484,31.006,22.301,-0.004,-0.698
1270.80,32.223,21.828,1.5549,30.983,22.300,0.054,-0.987
1271.00,32.209,21.840,1.2262,30.968,22.312,0.116,-1.016
1271.20,32.201,21.850,0.8975,30.960,22.323,0.160,-1.014
1271.40,32.194,21.862,0.4778,30.954,22.333,0.178,-1.008
1271.60,32.177,21.895,0.0466,30.935,22.360,0.129,-1.000
1271.80,32.254,21.823,-0.1287,31.022,22.303,0.234,-0.973
1272.00,32.337,21.770,-0.2969,31.101,22.253,0.380,-0.700
1272.20,32.420,21.714,-0.4899,31.183,22.200,0.431,-0.707
1272.40,32.497,21.669,-0.6372,31.259,22.153,0.431,-0.665
1272.60,32.562,21.653,-0.7163,31.325,22.134,0.372,-0.384
1272.80,32.616,21.636,-0.7875,31.381,22.115,0.326,-0.277
1273.00,32.667,21.614,-0.8520,31.433,22.094,0.288,-0.246
1273.20,32.711,21.589,-0.9058,31.479,22.069,0.269,-0.211
1273.40,32.746,21.565,-0.9476,31.516,22.045,0.240,-0.160
1273.60,32.780,21.540,-0.9869,31.550,22.021,0.213,-0.133
1273.80,32.813,21.514,-1.0251,31.583,21.996,0.197,-0.115
1274.00,32.843,21.487,-1.0578,31.615,21.970,0.185,-0.093
1274.20,32.871,21.458,-1.0842,31.644,21.943,0.174,-0.061
1274.40,32.892,21.430,-1.1028,31.668,21.917,0.162,-0.034
1274.60,32.909,21.403,-1.1102,31.687,21.891,0.186,-0.015
1274.80,32.922,21.374,-1.1104,31.700,21.864,0.199,0.068
1275.00,32.937,21.344,-1.1104,31.715,21.835,0.192,0.110
1275.20,32.951,21.313,-1.1104,31.729,21.804,0.184,0.122
1275.40,32.967,21.277,-1.1104,31.744,21.769,0.185,0.132
1275.60,32.983,21.237,-1.1118,31.760,21.729,0.190,0.124
1275.80,33.005,21.204,-1.0993,31.782,21.695,0.197,0.141
1276.00,33.024,21.185,-1.0812,31.802,21.675,0.167,0.211
1276.20,33.039,21.169,-1.0679,31.819,21.661,0.140,0.203
1276.40,33.048,21.155,-1.0528,31.829,21.647,0.115,0.174
1276.60,33.048,21.150,-1.0131,31.832,21.641,0.098,0.205
1276.80,33.031,21.142,-0.9592,31.814,21.633,0.094,0.329
1277.00,33.006,21.157,-0.9306,31.788,21.645,0.045,0.313
1277.20,32.969,21.177,-0.8890,31.753,21.664,-0.005,0.290
1277.40,32.916,21.201,-0.8280,31.702,21.687,-0.058,0.319
1277.60,32.881,21.234,-0.7647,31.660,21.718,-0.078,0.352
1277.80,32.861,21.279,-0.7120,31.640,21.761,-0.051,0.307
1278.00,32.834,21.330,-0.6501,31.615,21.812,-0.055,0.303
1278.20,32.801,21.380,-0.5782,31.583,21.864,-0.070,0.325
1278.40,32.772,21.408,-0.5092,31.552,21.896,-0.049,0.341
1278.60,32.747,21.431,-0.4483,31.527,21.921,-0.004,0.312
1278.80,32.718,21.446,-0.3925,31.497,21.940,0.014,0.269
1279.00,32.691,21.446,-0.3603,31.469,21.944,0.036,0.201
1279.20,32.663,21.443,-0.3263,31.441,21.942,0.018,0.125
1279.40,32.635,21.439,-0.2940,31.412,21.939,0.013,0.102
1279.60,32.610,21.435,-0.2647,31.385,21.936,0.035,0.092
1279.80,32.581,21.432,-0.2377,31.355,21.932,0.036,0.103
1280.00,32.559,21.430,-0.2196,31.330,21.927,0.039,0.113
1280.20,32.543,21.428,-0.2064,31.310,21.923,0.055,0.125
1280.40,32.529,21.426,-0.1940,31.293,21.919,0.071,0.103
1280.60,32.509,21.423,-0.1757,31.272,21.913,0.069,0.104
1280.80,32.488,21.418,-0.1565,31.248,21.907,0.057,0.116
1281.00,32.476,21.416,-0.1459,31.233,21.903,0.068,0.098
1281.20,32.464,21.413,-0.1347,31.218,21.899,0.078,0.085
1281.40,32.448,21.410,-0.1199,31.200,21.893,0.078,0.086
1281.60,32.434,21.406,-0.1069,31.183,21.887,0.075,0.091
1281.80,32.428,21.404,-0.1007,31.174,21.882,0.088,0.084
1282.00,32.424,21.402,-0.0947,31.168,21.878,0.106,0.064
1282.20,32.418,21.400,-0.0878,31.160,21.873,0.109,0.065
1282.40,32.422,21.395,-0.0736,31.161,21.866,0.118,0.087
1282.60,32.435,21.393,-0.0699,31.172,21.863,0.150,0.092
1282.80,32.446,21.392,-0.0689,31.181,21.861,0.166,0.043
1283.00,32.457,21.391,-0.0631,31.192,21.860,0.166,0.043
1283.20,32.471,21.390,-0.0601,31.203,21.859,0.169,0.053
1283.40,32.500,21.388,-0.0601,31.229,21.857,0.193,0.031
1283.60,32.531,21.386,-0.0599,31.260,21.855,0.216,0.019
1283.80,32.558,21.384,-0.0596,31.286,21.853,0.218,0.015
1284.00,32.594,21.382,-0.0596,31.321,21.851,0.225,0.014
1284.20,32.636,21.379,-0.0595,31.362,21.848,0.238,0.013
1284.40,32.679,21.377,-0.0595,31.405,21.845,0.247,0.012
1284.60,32.722,21.374,-0.0595,31.449,21.843,0.248,0.012
1284.80,32.768,21.371,-0.0595,31.494,21.840,0.246,-0.008
1285.00,32.816,21.368,-0.0595,31.542,21.836,0.272,0.007
1285.20,32.864,21.365,-0.0596,31.590,21.833,0.313,0.026
1285.40,32.912,21.363,-0.0596,31.639,21.830,0.313,0.022
1285.60,32.964,21.360,-0.0596,31.690,21.827,0.305,0.018
1285.80,33.023,21.356,-0.0596,31.748,21.824,0.310,0.016
1286.00,33.084,21.353,-0.0596,31.810,21.820,0.318,0.016
1286.20,33.146,21.352,-0.0596,31.871,21.818,0.318,0.014
1286.40,33.210,21.352,-0.0598,31.936,21.818,0.322,0.014
1286.60,33.272,21.349,-0.0598,31.998,21.815,0.315,0.015
1286.80,33.334,21.345,-0.0598,32.060,21.812,0.309,0.017
1287.00,33.396,21.342,-0.0598,32.123,21.808,0.303,0.019
1287.20,33.458,21.338,-0.0598,32.185,21.805,0.324,0.020
1287.40,33.518,21.335,-0.0598,32.246,21.802,0.360,0.026
1287.60,33.577,21.331,-0.0597,32.305,21.798,0.346,0.023
1287.80,33.637,21.325,-0.0595,32.365,21.792,0.329,0.021
1288.00,33.707,21.320,-0.0595,32.433,21.787,0.330,0.020
1288.20,33.780,21.318,-0.0596,32.505,21.785,0.342,0.021
1288.40,33.846,21.314,-0.0596,32.571,21.781,0.336,0.023
1288.60,33.913,21.310,-0.0596,32.638,21.777,0.326,0.025
1288.80,33.982,21.307,-0.0597,32.707,21.774,0.318,-0.003
1289.00,34.049,21.303,-0.0597,32.774,21.770,0.371,0.027
1289.20,34.114,21.299,-0.0597,32.840,21.766,0.378,0.031
1289.40,34.178,21.295,-0.0597,32.904,21.762,0.355,0.027
1289.60,34.251,21.290,-0.0597,32.975,21.758,0.349,0.026
1289.80,34.327,21.285,-0.0597,33.051,21.753,0.356,0.027
1290.00,34.400,21.281,-0.0597,33.124,21.748,0.355,0.028
1290.20,34.470,21.276,-0.0597,33.195,21.744,0.344,0.030
1290.40,34.542,21.271,-0.0597,33.267,21.739,0.335,0.003
1290.60,34.615,21.267,-0.0597,33.339,21.734,0.355,0.020
1290.80,34.685,21.262,-0.0596,33.409,21.730,0.391,0.040
1291.00,34.752,21.258,-0.0597,33.477,21.726,0.384,0.037
1291.20,34.821,21.254,-0.0596,33.545,21.722,0.361,0.034
1291.40,34.898,21.250,-0.0595,33.621,21.717,0.356,0.033
1291.60,34.973,21.245,-0.0595,33.696,21.712,0.357,0.036
1291.80,35.044,21.241,-0.0594,33.768,21.708,0.348,0.038
1292.00,35.114,21.237,-0.0594,33.838,21.704,0.337,0.007
1292.20,35.185,21.232,-0.0594,33.909,21.699,0.328,0.017
1292.40,35.255,21.228,-0.0593,33.979,21.695,0.381,0.041
1292.60,35.322,21.225,-0.0593,34.047,21.692,0.384,0.043
1292.80,35.386,21.221,-0.0592,34.111,21.688,0.357,0.038
1293.00,35.460,21.216,-0.0591,34.183,21.684,0.347,0.038
1293.20,35.534,21.211,-0.0591,34.258,21.679,0.351,0.041
1293.40,35.605,21.207,-0.0590,34.330,21.674,0.345,0.017
1293.60,35.673,21.203,-0.0590,34.398,21.670,0.335,0.017
1293.80,35.741,21.199,-0.0590,34.467,21.667,0.324,0.024
1294.00,35.809,21.195,-0.0589,34.535,21.663,0.343,0.035
1294.20,35.874,21.191,-0.0589,34.601,21.659,0.379,0.049
1294.40,35.938,21.187,-0.0589,34.665,21.655,0.361,0.044
1294.60,36.004,21.184,-0.0587,34.731,21.651,0.342,0.042
1294.80,36.075,21.179,-0.0585,34.800,21.647,0.338,0.047
1295.00,36.144,21.175,-0.0583,34.870,21.642,0.337,0.051
1295.20,36.212,21.171,-0.0582,34.938,21.639,0.331,0.051
1295.40,36.280,21.167,-0.0579,35.005,21.634,0.320,0.060
1295.60,36.351,21.163,-0.0573,35.077,21.629,0.321,0.061
1295.80,36.421,21.158,-0.0568,35.148,21.625,0.363,0.047
1296.00,36.491,21.154,-0.0558,35.219,21.619,0.385,0.055
1296.20,36.561,21.150,-0.0549,35.290,21.615,0.371,0.059
1296.40,36.633,21.146,-0.0548,35.361,21.611,0.359,0.058
1296.60,36.708,21.142,-0.0545,35.435,21.607,0.351,0.056
1296.80,36.782,21.138,-0.0540,35.509,21.603,0.346,0.059
1297.00,36.857,21.134,-0.0533,35.584,21.599,0.341,0.064
1297.20,36.934,21.130,-0.0525,35.660,21.594,0.339,0.066
1297.40,37.010,21.128,-0.0521,35.738,21.591,0.364,0.046
1297.60,37.077,21.124,-0.0513,35.806,21.587,0.394,0.056
1297.80,37.135,21.121,-0.0508,35.864,21.585,0.353,0.058
1298.00,37.199,21.118,-0.0504,35.925,21.582,0.327,0.056
1298.20,37.274,21.114,-0.0501,35.998,21.579,0.330,0.056
1298.40,37.343,21.111,-0.0494,36.067,21.575,0.333,0.061
1298.60,37.415,21.107,-0.0481,36.140,21.573,0.334,0.067
1298.80,37.488,21.104,-0.0467,36.214,21.570,0.334,0.070
1299.00,37.561,21.101,-0.0452,36.288,21.568,0.333,0.126
1299.20,37.635,21.098,-0.0432,36.363,21.567,0.342,0.145
1299.40,37.705,21.096,-0.0416,36.434,21.564,0.384,0.147
1299.60,37.778,21.096,-0.0313,36.507,21.565,0.382,0.168
1299.80,37.854,21.103,-0.0112,36.583,21.571,0.373,0.200
1300.00,37.940,21.108,0.0079,36.667,21.578,0.373,0.214
1300.20,38.023,21.117,0.0328,36.751,21.587,0.382,0.224
1300.40,38.091,21.139,0.0784,36.821,21.608,0.361,0.271
1300.60,38.153,21.164,0.1279,36.883,21.634,0.308,0.237
1300.80,38.211,21.191,0.1743,36.942,21.661,0.345,0.281
1301.00,38.258,21.213,0.2089,36.990,21.686,0.341,0.266
1301.20,38.284,21.209,0.2267,37.018,21.684,0.274,0.167
1301.40,38.323,21.195,0.3300,37.054,21.670,0.223,0.177
1301.60,38.370,21.182,0.4469,37.099,21.656,0.207,0.424
1301.80,38.419,21.173,0.5223,37.148,21.644,0.208,0.395
1302.00,38.450,21.184,0.5497,37.184,21.649,0.210,0.221
1302.20,38.463,21.198,0.5956,37.199,21.662,0.190,0.140
1302.40,38.481,21.209,0.7541,37.215,21.673,0.157,0.368
1302.60,38.513,21.228,0.8243,37.245,21.690,0.150,0.447
1302.80,38.540,21.245,0.8560,37.273,21.705,0.159,0.161
1303.00,38.556,21.264,0.9091,37.290,21.724,0.143,0.130
1303.20,38.555,21.281,1.0466,37.292,21.741,0.116,0.326
1303.40,38.534,21.302,1.1145,37.270,21.765,0.071,0.322
1303.60,38.523,21.318,1.1632,37.256,21.781,0.058,0.183
1303.80,38.510,21.330,1.3035,37.243,21.794,0.047,0.367
1304.00,38.506,21.341,1.4479,37.237,21.803,0.024,0.567
1304.20,38.511,21.366,1.4931,37.239,21.825,0.030,0.414
1304.40,38.529,21.403,1.5379,37.256,21.858,0.068,0.170
1304.60,38.554,21.459,1.6090,37.280,21.911,0.126,0.162
1304.80,38.577,21.523,1.6823,37.305,21.974,0.169,0.212
1305.00,38.590,21.581,1.7373,37.322,22.036,0.180,0.194
1305.20,38.599,21.637,1.7871,37.332,22.092,0.168,0.156
1305.40,38.606,21.710,1.8533,37.341,22.164,0.193,0.164
1305.60,38.607,21.794,1.9247,37.346,22.249,0.234,0.203
1305.80,38.603,21.865,1.9825,37.345,22.324,0.233,0.189
1306.00,38.595,21.935,2.0400,37.339,22.397,0.207,0.174
1306.20,38.583,22.008,2.1038,37.329,22.471,0.195,0.185
1306.40,38.566,22.078,2.1685,37.314,22.543,0.188,0.192
1306.60,38.549,22.140,2.2271,37.298,22.607,0.166,0.183
1306.80,38.531,22.192,2.2779,37.281,22.663,0.135,0.157
1307.00,38.513,22.240,2.3271,37.264,22.712,0.111,0.147
1307.20,38.493,22.286,2.3752,37.245,22.759,0.099,0.132
1307.40,38.477,22.315,2.4029,37.228,22.793,0.075,0.088
1307.60,38.462,22.343,2.4329,37.214,22.822,0.042,0.049
1307.80,38.447,22.370,2.4613,37.199,22.850,0.032,0.040
1308.00,38.432,22.392,2.4808,37.185,22.876,0.029,0.032
1308.20,38.423,22.402,2.4879,37.176,22.890,0.009,-0.012
1308.40,38.417,22.407,2.4885,37.170,22.897,-0.018,-0.067
1308.60,38.413,22.410,2.4886,37.165,22.901,-0.031,-0.103
1308.80,38.410,22.412,2.4885,37.162,22.903,-0.041,-0.119
1309.00,38.409,22.415,2.4854,37.161,22.906,-0.047,-0.124
1309.20,38.402,22.430,2.4718,37.157,22.922,-0.033,-0.185
1309.40,38.392,22.448,2.4522,37.147,22.942,-0.009,-0.226
1309.60,38.381,22.468,2.4294,37.137,22.965,0.006,-0.235
1309.80,38.366,22.499,2.3943,37.123,22.996,0.026,-0.258
1310.00,38.349,22.541,2.3483,37.105,23.038,0.056,-0.299
1310.20,38.331,22.589,2.2936,37.088,23.087,0.087,-0.339
1310.40,38.310,22.609,2.2493,37.067,23.110,0.075,-0.382
1310.60,38.289,22.622,2.2171,37.046,23.124,0.039,-0.300
1310.80,38.264,22.637,2.1809,37.021,23.139,0.028,-0.234
1311.00,38.237,22.654,2.1415,36.995,23.156,0.033,-0.221
1311.20,38.210,22.673,2.1028,36.968,23.175,0.038,-0.222
1311.40,38.184,22.692,2.0669,36.941,23.194,0.042,-0.230
1311.60,38.154,22.715,2.0259,36.911,23.217,0.057,-0.252
1311.80,38.120,22.746,1.9783,36.876,23.245,0.074,-0.286
1312.00,38.081,22.784,1.9223,36.837,23.282,0.106,-0.330
1312.20,38.040,22.831,1.8571,36.794,23.327,0.134,-0.360
1312.40,37.996,22.887,1.7826,36.750,23.382,0.170,-0.401
1312.60,37.955,22.950,1.7020,36.707,23.443,0.195,-0.440
1312.80,37.915,23.022,1.6123,36.665,23.514,0.217,-0.477
1313.00,37.908,23.091,1.5169,36.648,23.586,0.228,-0.526
1313.20,37.946,23.164,1.4353,36.682,23.661,0.233,-0.504
1313.40,37.990,23.233,1.3526,36.724,23.732,0.235,-0.497
1313.60,38.039,23.298,1.2693,36.772,23.798,0.231,-0.503
1313.80,38.086,23.350,1.1968,36.819,23.852,0.208,-0.488
1314.00,38.133,23.393,1.1296,36.865,23.897,0.183,-0.465
1314.20,38.172,23.424,1.0757,36.906,23.930,0.167,-0.392
1314.40,38.206,23.450,1.0269,36.941,23.958,0.141,-0.365
1314.60,38.232,23.467,0.9886,36.969,23.975,0.114,-0.329
1314.80,38.256,23.481,0.9544,36.994,23.989,0.090,-0.321
1315.00,38.268,23.505,0.9135,37.010,24.010,0.083,-0.285
1315.20,38.279,23.543,0.8688,37.020,24.046,0.087,-0.266
1315.40,38.293,23.587,0.8180,37.033,24.089,0.108,-0.297
1315.60,38.312,23.636,0.7617,37.050,24.138,0.137,-0.337
1315.80,38.337,23.689,0.7012,37.072,24.191,0.211,-0.355
1316.00,38.367,23.746,0.6332,37.101,24.248,0.251,-0.368
1316.20,38.403,23.803,0.5617,37.136,24.306,0.275,-0.404
1316.40,38.442,23.857,0.4907,37.174,24.362,0.287,-0.404
1316.60,38.487,23.905,0.4198,37.219,24.411,0.294,-0.340
1316.80,38.530,23.948,0.3532,37.261,24.456,0.295,-0.342
1317.00,38.570,23.988,0.2893,37.302,24.497,0.285,-0.342
1317.20,38.618,24.025,0.2245,37.348,24.535,0.280,-0.345
1317.40,38.672,24.060,0.1568,37.400,24.572,0.283,-0.332
1317.60,38.730,24.092,0.0865,37.457,24.605,0.287,-0.333
1317.80,38.790,24.121,0.0151,37.517,24.636,0.292,-0.342
1318.00,38.852,24.144,-0.0656,37.579,24.661,0.351,-0.304
1318.20,38.902,24.156,-0.1572,37.631,24.675,0.348,-0.352
1318.40,38.946,24.137,-0.2095,37.679,24.662,0.311,-0.293
1318.60,38.983,24.113,-0.2517,37.717,24.639,0.277,-0.214
1318.80,39.018,24.088,-0.2945,37.752,24.613,0.257,-0.168
1319.00,39.053,24.060,-0.3367,37.785,24.585,0.243,-0.137
1319.20,39.088,24.032,-0.3744,37.819,24.557,0.236,-0.126
1319.40,39.124,24.003,-0.4066,37.854,24.527,0.238,-0.127
1319.60,39.162,23.975,-0.4338,37.890,24.498,0.239,-0.101
1319.80,39.196,23.952,-0.4512,37.924,24.473,0.229,-0.034
1320.00,39.228,23.929,-0.4686,37.954,24.449,0.214,-0.026
1320.20,39.263,23.905,-0.4796,37.987,24.423,0.208,-0.011
1320.40,39.304,23.884,-0.4797,38.027,24.402,0.213,0.042
1320.60,39.344,23.864,-0.4798,38.067,24.382,0.215,0.077
1320.80,39.381,23.845,-0.4797,38.104,24.362,0.239,0.094
1321.00,39.417,23.826,-0.4794,38.141,24.343,0.260,0.119
1321.20,39.449,23.809,-0.4774,38.173,24.325,0.246,0.124
1321.40,39.475,23.795,-0.4759,38.199,24.311,0.219,0.122
1321.60,39.494,23.784,-0.4731,38.217,24.300,0.191,0.128
1321.80,39.508,23.778,-0.4683,38.230,24.294,0.161,0.133
1322.00,39.532,23.778,-0.4376,38.250,24.294,0.154,0.114
1322.20,39.558,23.775,-0.4062,38.275,24.293,0.172,0.182
1322.40,39.580,23.772,-0.3894,38.298,24.291,0.186,0.172
1322.60,39.603,23.768,-0.3748,38.320,24.288,0.191,0.164
1322.80,39.626,23.766,-0.3548,38.343,24.286,0.193,0.162
1323.00,39.654,23.764,-0.3304,38.370,24.286,0.198,0.180
1323.20,39.681,23.764,-0.3067,38.398,24.286,0.204,0.186
1323.40,39.709,23.763,-0.2835,38.426,24.287,0.207,0.177
1323.60,39.733,23.763,-0.2632,38.450,24.288,0.199,0.167
1323.80,39.754,23.762,-0.2452,38.470,24.288,0.188,0.156
1324.00,39.781,23.762,-0.2231,38.496,24.289,0.186,0.153
1324.20,39.810,23.764,-0.2006,38.524,24.292,0.190,0.156
1324.40,39.838,23.766,-0.1787,38.552,24.295,0.235,0.183
1324.60,39.866,23.770,-0.1567,38.580,24.299,0.186,0.079
1324.80,39.892,23.773,-0.1356,38.606,24.303,0.179,0.101
1325.00,39.915,23.772,-0.1257,38.628,24.304,0.168,0.086
1325.20,39.935,23.769,-0.1248,38.648,24.300,0.163,0.024
1325.40,39.950,23.763,-0.1138,38.661,24.294,0.150,0.000
1325.60,39.970,23.757,-0.1022,38.678,24.287,0.161,0.076
1325.80,40.000,23.754,-0.1022,38.707,24.283,0.209,0.018
1326.00,40.028,23.751,-0.1021,38.736,24.280,0.227,-0.025
1326.20,40.051,23.748,-0.1021,38.758,24.277,0.220,-0.032
1326.40,40.087,23.745,-0.1020,38.792,24.274,0.222,-0.037
1326.60,40.132,23.740,-0.1021,38.835,24.269,0.248,-0.037
1326.80,40.175,23.736,-0.1021,38.879,24.265,0.260,-0.037
1327.00,40.219,23.732,-0.1021,38.922,24.261,0.264,-0.036
1327.20,40.266,23.727,-0.1022,38.968,24.256,0.267,-0.038
1327.40,40.317,23.721,-0.1022,39.019,24.251,0.272,-0.039
1327.60,40.369,23.716,-0.1023,39.071,24.245,0.275,-0.041
1327.80,40.421,23.710,-0.1023,39.123,24.240,0.273,-0.042
1328.00,40.474,23.704,-0.1024,39.176,24.234,0.272,-0.043
1328.20,40.528,23.699,-0.1025,39.230,24.229,0.267,-0.043
1328.40,40.582,23.693,-0.1025,39.284,24.223,0.286,-0.018
1328.60,40.637,23.687,-0.1026,39.339,24.218,0.322,-0.024
1328.80,40.691,23.682,-0.1027,39.392,24.212,0.320,-0.033
1329.00,40.747,23.676,-0.1028,39.448,24.206,0.313,-0.035
1329.20,40.809,23.669,-0.1028,39.510,24.200,0.316,-0.035
1329.40,40.871,23.662,-0.1028,39.572,24.193,0.320,-0.035
1329.60,40.932,23.656,-0.1028,39.634,24.186,0.316,-0.035
1329.80,40.994,23.650,-0.1028,39.696,24.180,0.310,-0.038
1330.00,41.057,23.643,-0.1028,39.759,24.173,0.304,-0.039
1330.20,41.119,23.637,-0.1028,39.822,24.166,0.299,-0.040
1330.40,41.180,23.630,-0.1028,39.883,24.160,0.330,-0.009
1330.60,41.240,23.624,-0.1028,39.943,24.153,0.350,-0.020
1330.80,41.298,23.618,-0.1028,40.003,24.147,0.339,-0.029
1331.00,41.362,23.611,-0.1028,40.066,24.140,0.333,-0.030
1331.20,41.431,23.605,-0.1029,40.134,24.134,0.336,-0.031
1331.40,41.499,23.598,-0.1030,40.202,24.127,0.338,-0.032
1331.60,41.566,23.590,-0.1031,40.269,24.119,0.333,-0.032
1331.80,41.632,23.583,-0.1031,40.336,24.112,0.322,-0.035
1332.00,41.698,23.575,-0.1032,40.402,24.105,0.314,-0.036
1332.20,41.763,23.568,-0.1033,40.468,24.097,0.358,-0.007
1332.40,41.826,23.562,-0.1034,40.532,24.090,0.367,-0.015
1332.60,41.888,23.555,-0.1035,40.594,24.084,0.352,-0.023
1332.80,41.954,23.550,-0.1036,40.659,24.079,0.342,-0.025
1333.00,42.027,23.543,-0.1037,40.731,24.072,0.344,-0.025
1333.20,42.100,23.533,-0.1037,40.804,24.063,0.348,-0.025
1333.40,42.168,23.526,-0.1038,40.873,24.055,0.342,-0.025
1333.60,42.236,23.519,-0.1039,40.941,24.048,0.330,-0.027
1333.80,42.305,23.512,-0.1040,41.009,24.042,0.320,-0.029
1334.00,42.373,23.505,-0.1040,41.078,24.034,0.375,-0.001
1334.20,42.438,23.498,-0.1041,41.144,24.027,0.375,-0.010
1334.40,42.503,23.492,-0.1042,41.208,24.021,0.356,-0.015
1334.60,42.576,23.484,-0.1042,41.280,24.013,0.351,-0.017
1334.80,42.650,23.475,-0.1043,41.355,24.005,0.355,-0.018
1335.00,42.721,23.467,-0.1044,41.426,23.997,0.349,-0.018
1335.20,42.789,23.459,-0.1045,41.495,23.989,0.340,-0.019
1335.40,42.858,23.452,-0.1046,41.564,23.981,0.328,-0.021
1335.60,42.926,23.444,-0.1046,41.633,23.973,0.344,-0.005
1335.80,42.992,23.437,-0.1047,41.700,23.966,0.379,0.003
1336.00,43.055,23.430,-0.1048,41.764,23.959,0.364,-0.007
1336.20,43.121,23.424,-0.1048,41.829,23.952,0.346,-0.009
1336.40,43.193,23.418,-0.1048,41.900,23.946,0.344,-0.010
1336.60,43.266,23.411,-0.1049,41.973,23.939,0.345,-0.010
1336.80,43.337,23.403,-0.1050,42.044,23.931,0.342,-0.010
1337.00,43.406,23.396,-0.1050,42.113,23.924,0.332,-0.011
1337.20,43.476,23.388,-0.1050,42.183,23.916,0.323,-0.012
1337.40,43.544,23.380,-0.1050,42.252,23.909,0.382,0.011
1337.60,43.609,23.373,-0.1050,42.318,23.901,0.375,0.002
1337.80,43.674,23.366,-0.1051,42.383,23.894,0.353,0.000
1338.00,43.748,23.358,-0.1051,42.456,23.885,0.350,-0.001
1338.20,43.821,23.350,-0.1051,42.529,23.877,0.353,-0.000
1338.40,43.890,23.342,-0.1051,42.599,23.870,0.346,-0.000
1338.60,43.959,23.335,-0.1051,42.667,23.862,0.333,-0.000
1338.80,44.028,23.328,-0.1052,42.737,23.855,0.324,-0.001
1339.00,44.097,23.323,-0.1051,42.806,23.849,0.361,0.013
1339.20,44.163,23.316,-0.1051,42.873,23.842,0.382,0.016
1339.40,44.226,23.309,-0.1051,42.936,23.835,0.357,0.008
1339.60,44.294,23.302,-0.1051,43.004,23.828,0.343,0.007
1339.80,44.368,23.294,-0.1051,43.077,23.820,0.345,0.007
1340.00,44.438,23.287,-0.1051,43.148,23.813,0.344,0.007
1340.20,44.505,23.279,-0.1051,43.216,23.805,0.335,0.008
1340.40,44.572,23.272,-0.1052,43.284,23.798,0.323,0.009
1340.60,44.639,23.265,-0.1051,43.351,23.790,0.314,0.010
1340.80,44.707,23.261,-0.1050,43.419,23.785,0.375,0.022
1341.00,44.773,23.257,-0.1050,43.485,23.781,0.368,0.017
1341.20,44.835,23.251,-0.1050,43.548,23.775,0.348,0.014
1341.40,44.905,23.243,-0.1049,43.617,23.767,0.338,0.013
1341.60,44.978,23.236,-0.1049,43.690,23.759,0.343,0.014
1341.80,45.046,23.229,-0.1049,43.759,23.752,0.340,0.015
1342.00,45.112,23.222,-0.1049,43.825,23.745,0.327,0.017
1342.20,45.178,23.215,-0.1048,43.891,23.738,0.315,0.018
1342.40,45.244,23.207,-0.1048,43.958,23.730,0.335,0.019
1342.60,45.308,23.200,-0.1047,44.022,23.723,0.371,0.026
1342.80,45.371,23.194,-0.1047,44.085,23.716,0.363,-0.069
1343.00,45.436,23.187,-0.1047,44.150,23.710,0.349,-0.068
1343.20,45.510,23.180,-0.1047,44.222,23.703,0.350,-0.049
1343.40,45.582,23.173,-0.1053,44.294,23.695,0.351,-0.048
1343.60,45.648,23.165,-0.1061,44.362,23.688,0.340,-0.054
1343.80,45.714,23.158,-0.1062,44.427,23.682,0.323,-0.054
1344.00,45.782,23.151,-0.1065,44.494,23.675,0.311,-0.054
1344.20,45.844,23.144,-0.1068,44.557,23.668,0.341,-0.018
1344.40,45.904,23.138,-0.1072,44.617,23.661,0.353,-0.031
1344.60,45.962,23.132,-0.1075,44.673,23.655,0.339,-0.037
1344.80,46.023,23.125,-0.1077,44.733,23.648,0.324,-0.036
1345.00,46.093,23.117,-0.1077,44.802,23.640,0.332,-0.036
1345.20,46.160,23.110,-0.1078,44.869,23.633,0.335,-0.036
1345.40,46.223,23.104,-0.1078,44.933,23.626,0.328,-0.036
1345.60,46.288,23.097,-0.1079,44.998,23.620,0.318,-0.038
1345.80,46.354,23.089,-0.1080,45.064,23.613,0.311,-0.039
1346.00,46.420,23.082,-0.1081,45.130,23.606,0.345,-0.003
1346.20,46.483,23.075,-0.1081,45.194,23.599,0.365,-0.014
1346.40,46.546,23.068,-0.1082,45.256,23.592,0.354,-0.023
1346.60,46.614,23.061,-0.1083,45.323,23.584,0.347,-0.025
1346.80,46.687,23.052,-0.1083,45.395,23.576,0.352,-0.026
1347.00,46.758,23.044,-0.1084,45.466,23.568,0.352,-0.025
1347.20,46.828,23.036,-0.1085,45.537,23.560,0.346,-0.026
1347.40,46.899,23.028,-0.1086,45.608,23.552,0.337,-0.028
1347.60,46.969,23.020,-0.1086,45.678,23.544,0.330,-0.029
1347.80,47.037,23.013,-0.1086,45.747,23.537,0.374,0.010
1348.00,47.104,23.005,-0.1086,45.814,23.529,0.380,-0.001
1348.20,47.171,22.998,-0.1086,45.880,23.522,0.361,-0.008
1348.40,47.244,22.990,-0.1086,45.952,23.514,0.355,-0.009
1348.60,47.318,22.982,-0.1086,46.026,23.506,0.357,-0.010
1348.80,47.390,22.974,-0.1086,46.099,23.498,0.352,-0.010
1349.00,47.460,22.967,-0.1087,46.169,23.491,0.343,-0.011
1349.20,47.530,22.959,-0.1087,46.240,23.482,0.332,-0.014
1349.40,47.599,22.951,-0.1088,46.310,23.475,0.380,0.026
1349.60,47.668,22.944,-0.1089,46.379,23.468,0.386,0.022
1349.80,47.736,22.937,-0.1089,46.447,23.461,0.366,0.014
1350.00,47.810,22.928,-0.1089,46.519,23.452,0.356,0.013
1350.20,47.887,22.920,-0.1089,46.596,23.443,0.357,0.014
1350.40,47.961,22.913,-0.1090,46.670,23.436,0.354,0.015
1350.60,48.031,22.905,-0.1089,46.741,23.428,0.344,0.017
1350.80,48.101,22.897,-0.1090,46.811,23.420,0.331,0.013
1351.00,48.171,22.889,-0.1089,46.881,23.412,0.364,0.044
1351.20,48.239,22.881,-0.1089,46.950,23.405,0.384,0.054
1351.40,48.304,22.874,-0.1089,47.016,23.398,0.366,0.048
1351.60,48.372,22.867,-0.1088,47.083,23.390,0.344,0.046
1351.80,48.445,22.859,-0.1084,47.154,23.382,0.339,0.055
1352.00,48.523,22.850,-0.1079,47.232,23.374,0.345,0.059
1352.20,48.596,22.842,-0.1075,47.306,23.367,0.344,0.061
1352.40,48.671,22.834,-0.1068,47.381,23.359,0.339,0.061
1352.60,48.747,22.825,-0.1058,47.459,23.352,0.377,0.077
1352.80,48.824,22.818,-0.1048,47.537,23.344,0.410,0.101
1353.00,48.900,22.810,-0.1039,47.614,23.337,0.392,0.090
1353.20,48.977,22.802,-0.1024,47.691,23.330,0.370,0.089
1353.40,49.057,22.794,-0.0999,47.770,23.322,0.361,0.095
1353.60,49.136,22.786,-0.0980,47.848,23.314,0.354,0.101
1353.80,49.212,22.782,-0.0939,47.925,23.310,0.345,0.109
1354.00,49.286,22.776,-0.0908,48.000,23.303,0.337,0.112
1354.20,49.359,22.770,-0.0869,48.074,23.298,0.363,0.116
1354.40,49.413,22.765,-0.0846,48.130,23.294,0.367,0.145
1354.60,49.453,22.761,-0.0835,48.170,23.290,0.304,0.128
1354.80,49.490,22.757,-0.0826,48.206,23.286,0.254,0.111
1355.00,49.518,22.755,-0.0822,48.233,23.283,0.218,0.103
1355.20,49.541,22.753,-0.0809,48.253,23.281,0.187,0.102
1355.40,49.571,22.749,-0.0752,48.279,23.276,0.181,0.115
1355.60,49.607,22.742,-0.0614,48.312,23.267,0.197,0.151
1355.80,49.651,22.730,-0.0366,48.354,23.253,0.219,0.191
1356.00,49.707,22.713,0.0028,48.407,23.234,0.251,0.237
1356.20,49.772,22.694,0.0549,48.472,23.213,0.290,0.292
1356.40,49.847,22.684,0.0981,48.547,23.202,0.322,0.268
1356.60,49.926,22.668,0.1725,48.624,23.184,0.342,0.308
1356.80,50.012,22.652,0.2577,48.710,23.167,0.365,0.391
1357.00,50.100,22.646,0.3414,48.798,23.159,0.414,0.403
1357.20,50.194,22.647,0.4319,48.891,23.157,0.454,0.424
1357.40,50.296,22.658,0.5368,48.992,23.164,0.474,0.440
1357.60,50.405,22.681,0.6516,49.100,23.183,0.482,0.466
1357.80,50.502,22.720,0.7821,49.202,23.219,0.483,0.493
1358.00,50.572,22.762,0.9261,49.275,23.263,0.435,0.554
1358.20,50.646,22.799,1.0853,49.347,23.299,0.387,0.614
1358.40,50.719,22.849,1.2583,49.418,23.347,0.405,0.671
1358.60,50.723,22.931,1.3392,49.436,23.427,0.409,0.427
1358.80,50.713,22.998,1.4086,49.428,23.499,0.392,0.270
1359.00,50.704,23.034,1.4555,49.419,23.539,0.304,0.162
1359.20,50.693,23.074,1.5001,49.408,23.578,0.253,0.138
1359.40,50.680,23.118,1.5400,49.396,23.620,0.226,0.119
1359.60,50.668,23.167,1.5731,49.383,23.667,0.224,0.094
1359.80,50.656,23.218,1.6019,49.369,23.717,0.231,0.059
1360.00,50.643,23.269,1.6294,49.353,23.767,0.234,0.042
1360.20,50.634,23.322,1.6439,49.341,23.820,0.237,0.018
1360.40,50.629,23.374,1.6449,49.335,23.874,0.220,0.004
1360.60,50.625,23.422,1.6450,49.330,23.922,0.235,-0.061
1360.80,50.622,23.469,1.6449,49.327,23.970,0.262,-0.121
1361.00,50.618,23.514,1.6448,49.323,24.015,0.263,-0.135
1361.20,50.615,23.552,1.6440,49.320,24.055,0.248,-0.134
1361.40,50.613,23.577,1.6419,49.318,24.080,0.212,-0.131
1361.60,50.613,23.595,1.6374,49.321,24.096,0.174,-0.143
1361.80,50.615,23.614,1.6283,49.323,24.113,0.154,-0.153
1362.00,50.619,23.637,1.6141,49.327,24.133,0.158,-0.176
1362.20,50.629,23.672,1.5851,49.337,24.166,0.187,-0.223
1362.40,50.644,23.717,1.5449,49.353,24.210,0.231,-0.257
1362.60,50.663,23.763,1.5013,49.373,24.256,0.263,-0.279
1362.80,50.686,23.807,1.4538,49.396,24.300,0.273,-0.287
1363.00,50.712,23.855,1.4015,49.423,24.348,0.284,-0.295
1363.20,50.742,23.904,1.3472,49.452,24.396,0.296,-0.300
1363.40,50.782,23.957,1.2828,49.491,24.449,0.309,-0.314
1363.60,50.831,24.015,1.2102,49.539,24.506,0.353,-0.307
1363.80,50.891,24.075,1.1293,49.597,24.565,0.380,-0.341
1364.00,50.958,24.133,1.0448,49.662,24.623,0.395,-0.354
1364.20,51.029,24.189,0.9639,49.733,24.680,0.406,-0.346
1364.40,51.101,24.236,0.8864,49.805,24.728,0.417,-0.326
1364.60,51.176,24.275,0.8074,49.879,24.769,0.416,-0.299
1364.80,51.249,24.307,0.7316,49.953,24.802,0.404,-0.278
1365.00,51.302,24.334,0.6396,50.009,24.829,0.377,-0.304
1365.20,51.333,24.354,0.5836,50.045,24.850,0.331,-0.284
1365.40,51.348,24.365,0.5557,50.061,24.862,0.236,-0.137
1365.60,51.389,24.370,0.4841,50.099,24.867,0.210,-0.130
1365.80,51.439,24.373,0.4080,50.149,24.871,0.263,-0.302
1366.00,51.463,24.383,0.3956,50.176,24.879,0.270,-0.145
1366.20,51.482,24.390,0.3656,50.194,24.886,0.222,-0.026
1366.40,51.517,24.396,0.3062,50.229,24.891,0.222,-0.088
1366.60,51.550,24.404,0.2914,50.261,24.898,0.228,-0.091
1366.80,51.589,24.417,0.2913,50.299,24.911,0.234,0.015
1367.00,51.634,24.430,0.2892,50.342,24.923,0.251,0.070
1367.20,51.675,24.442,0.2878,50.383,24.936,0.254,0.070
1367.40,51.717,24.456,0.2879,50.426,24.950,0.228,0.098
1367.60,51.758,24.466,0.2880,50.465,24.959,0.222,0.102
1367.80,51.796,24.477,0.2883,50.502,24.969,0.215,0.106
1368.00,51.833,24.488,0.2894,50.538,24.980,0.207,0.112
1368.20,51.872,24.501,0.2926,50.576,24.992,0.205,0.123
1368.40,51.905,24.513,0.2995,50.610,25.005,0.229,0.138
1368.60,51.928,24.524,0.3082,50.633,25.017,0.224,0.184
1368.80,51.945,24.533,0.3165,50.649,25.027,0.196,0.188
1369.00,51.960,24.537,0.3316,50.662,25.032,0.169,0.179
1369.20,51.986,24.534,0.3723,50.685,25.030,0.171,0.222
1369.40,52.015,24.542,0.4096,50.714,25.036,0.195,0.292
1369.60,52.033,24.557,0.4292,50.732,25.051,0.205,0.239
1369.80,52.050,24.570,0.4498,50.747,25.065,0.159,0.177
1370.00,52.068,24.589,0.4765,50.763,25.084,0.164,0.183
1370.20,52.086,24.610,0.5054,50.781,25.105,0.177,0.140
1370.40,52.105,24.630,0.5288,50.799,25.126,0.182,0.108
1370.60,52.124,24.649,0.5505,50.817,25.146,0.179,0.089
1370.80,52.137,24.662,0.5624,50.831,25.160,0.162,0.081
1371.00,52.150,24.675,0.5691,50.843,25.173,0.150,0.094
1371.20,52.164,24.683,0.5702,50.855,25.180,0.137,0.066
1371.40,52.177,24.691,0.5711,50.867,25.187,0.131,0.036
1371.60,52.194,24.695,0.5891,50.883,25.188,0.127,0.070
1371.80,52.210,24.704,0.5928,50.899,25.195,0.133,0.095
1372.00,52.229,24.717,0.5928,50.918,25.206,0.180,0.042
1372.20,52.242,24.725,0.5958,50.931,25.216,0.221,0.039
1372.40,52.259,24.729,0.6149,50.947,25.217,0.208,0.099
1372.60,52.283,24.746,0.6155,50.969,25.231,0.212,0.090
1372.80,52.317,24.769,0.6158,51.001,25.253,0.235,0.047
1373.00,52.339,24.783,0.6227,51.026,25.267,0.224,0.059
1373.20,52.360,24.797,0.6240,51.045,25.279,0.200,0.060
1373.40,52.393,24.821,0.6243,51.075,25.300,0.202,0.047
1373.60,52.427,24.845,0.6253,51.109,25.324,0.218,0.050
1373.80,52.457,24.866,0.6262,51.139,25.345,0.230,0.056
1374.00,52.487,24.888,0.6263,51.168,25.366,0.236,0.056
1374.20,52.520,24.912,0.6267,51.200,25.390,0.244,0.051
1374.40,52.555,24.937,0.6274,51.234,25.414,0.251,0.058
1374.60,52.593,24.964,0.6283,51.272,25.440,0.260,0.067
1374.80,52.636,24.994,0.6297,51.315,25.469,0.275,0.073
1375.00,52.682,25.026,0.6316,51.361,25.500,0.286,0.092
1375.20,52.730,25.060,0.6352,51.410,25.533,0.302,0.098
1375.40,52.779,25.095,0.6387,51.459,25.568,0.308,0.103
1375.60,52.830,25.131,0.6443,51.511,25.603,0.316,0.092
1375.80,52.880,25.172,0.6474,51.562,25.642,0.336,0.066
1376.00,52.924,25.208,0.6488,51.607,25.680,0.315,0.078
1376.20,52.958,25.235,0.6494,51.640,25.705,0.308,0.083
1376.40,53.002,25.268,0.6499,51.681,25.737,0.323,0.095
1376.60,53.039,25.297,0.6506,51.717,25.766,0.309,0.085
1376.80,53.070,25.321,0.6512,51.748,25.790,0.284,0.079
1377.00,53.101,25.345,0.6517,51.776,25.812,0.256,0.075
1377.20,53.130,25.368,0.6522,51.804,25.834,0.241,0.074
1377.40,53.160,25.390,0.6528,51.832,25.856,0.235,0.074
1377.60,53.187,25.411,0.6534,51.857,25.876,0.227,0.074
1377.80,53.211,25.430,0.6537,51.880,25.893,0.219,0.074
1378.00,53.236,25.449,0.6539,51.902,25.912,0.210,0.074
1378.20,53.259,25.467,0.6541,51.924,25.929,0.195,0.097
1378.40,53.281,25.484,0.6543,51.944,25.946,0.188,0.089
1378.60,53.302,25.500,0.6546,51.964,25.962,0.183,0.088
1378.80,53.321,25.514,0.6570,51.982,25.976,0.177,0.102
1379.00,53.338,25.526,0.6593,51.999,25.987,0.170,0.121
1379.20,53.359,25.538,0.6644,52.018,25.997,0.165,0.119
1379.40,53.380,25.551,0.6755,52.040,26.008,0.168,0.138
1379.60,53.398,25.559,0.6881,52.057,26.015,0.165,0.154
1379.80,53.413,25.566,0.6994,52.073,26.021,0.155,0.141
1380.00,53.430,25.574,0.7130,52.089,26.028,0.151,0.131
1380.20,53.448,25.584,0.7293,52.106,26.036,0.151,0.128
1380.40,53.464,25.593,0.7435,52.123,26.044,0.153,0.127
1380.60,53.476,25.600,0.7542,52.136,26.051,0.148,0.134
1380.80,53.488,25.607,0.7647,52.147,26.056,0.142,0.151
1381.00,53.500,25.622,0.7840,52.158,26.069,0.143,0.182
1381.20,53.514,25.630,0.7961,52.171,26.077,0.145,0.164
1381.40,53.533,25.640,0.8155,52.189,26.086,0.168,0.095
1381.60,53.556,25.653,0.8415,52.212,26.098,0.181,0.111
1381.80,53.583,25.667,0.8695,52.238,26.111,0.191,0.134
1382.00,53.611,25.686,0.8908,52.268,26.127,0.204,0.161
1382.20,53.642,25.712,0.9136,52.299,26.150,0.220,0.167
1382.40,53.679,25.740,0.9481,52.336,26.176,0.237,0.188
1382.60,53.719,25.772,0.9921,52.378,26.207,0.309,0.204
1382.80,53.759,25.804,1.0377,52.419,26.238,0.324,0.223
1383.00,53.800,25.837,1.0845,52.460,26.270,0.321,0.222
1383.20,53.844,25.883,1.1365,52.504,26.312,0.330,0.227
1383.40,53.890,25.935,1.1962,52.551,26.362,0.344,0.243
1383.60,53.920,25.980,1.2657,52.586,26.408,0.334,0.299
1383.80,53.936,26.009,1.3168,52.603,26.440,0.295,0.284
1384.00,53.947,26.038,1.3624,52.616,26.468,0.249,0.239
1384.20,53.952,26.058,1.3936,52.619,26.488,0.213,0.196
1384.40,53.961,26.087,1.4438,52.630,26.516,0.206,0.183
1384.60,53.958,26.112,1.4691,52.629,26.542,0.208,0.126
1384.80,53.953,26.137,1.4918,52.625,26.567,0.206,0.071
1385.00,53.948,26.162,1.5133,52.619,26.591,0.203,0.051
1385.20,53.944,26.186,1.5255,52.613,26.614,0.197,0.046
1385.40,53.946,26.214,1.5262,52.613,26.638,0.197,0.014
1385.60,53.947,26.249,1.5264,52.615,26.671,0.211,-0.010
1385.80,53.949,26.287,1.5264,52.617,26.709,0.227,-0.016
1386.00,53.951,26.327,1.5264,52.619,26.748,0.238,-0.079
1386.20,53.953,26.368,1.5264,52.620,26.789,0.239,-0.072
1386.40,53.956,26.414,1.5263,52.622,26.834,0.238,-0.058
1386.60,53.958,26.459,1.5253,52.625,26.880,0.238,-0.060
1386.80,53.960,26.500,1.5241,52.626,26.920,0.232,-0.067
1387.00,53.962,26.540,1.5238,52.628,26.959,0.216,-0.069
1387.20,53.964,26.580,1.5232,52.631,26.998,0.257,-0.084
1387.40,53.966,26.619,1.5224,52.633,27.036,0.258,-0.098
1387.60,53.967,26.655,1.5215,52.634,27.071,0.248,-0.093
1387.80,53.969,26.693,1.5207,52.636,27.107,0.240,-0.082
1388.00,53.972,26.736,1.5171,52.640,27.148,0.243,-0.087
1388.20,53.976,26.787,1.5133,52.644,27.198,0.259,-0.097
1388.40,53.978,26.833,1.5122,52.646,27.244,0.263,-0.095
1388.60,53.980,26.875,1.5115,52.648,27.286,0.253,-0.085
1388.80,53.982,26.917,1.5107,52.649,27.327,0.241,-0.082
1389.00,53.984,26.958,1.5099,52.651,27.368,0.234,-0.084
1389.20,53.986,27.001,1.5091,52.652,27.409,0.228,-0.085
1389.40,53.988,27.045,1.5083,52.654,27.452,0.220,-0.046
1389.60,53.990,27.085,1.5072,52.656,27.492,0.220,-0.059
1389.80,53.993,27.127,1.5065,52.659,27.533,0.234,-0.061
1390.00,53.995,27.172,1.5064,52.661,27.577,0.272,-0.086
1390.20,53.998,27.217,1.5060,52.664,27.622,0.278,-0.086
1390.40,54.000,27.261,1.5055,52.666,27.665,0.274,-0.079
1390.60,54.004,27.308,1.5043,52.669,27.711,0.269,-0.080
1390.80,54.007,27.364,1.5028,52.673,27.765,0.281,-0.084
1391.00,54.011,27.423,1.5016,52.677,27.823,0.294,-0.085
1391.20,54.016,27.482,1.5003,52.681,27.883,0.302,-0.086
1391.40,54.020,27.542,1.4985,52.686,27.943,0.301,-0.091
1391.60,54.025,27.601,1.4968,52.691,28.002,0.295,-0.100
1391.80,54.030,27.663,1.4950,52.696,28.063,0.291,-0.102
1392.00,54.035,27.726,1.4932,52.701,28.126,0.291,-0.103
1392.20,54.040,27.786,1.4912,52.706,28.186,0.310,-0.107
1392.40,54.046,27.836,1.4885,52.711,28.237,0.312,-0.140
1392.60,54.051,27.884,1.4843,52.718,28.285,0.290,-0.161
1392.80,54.054,27.927,1.4824,52.722,28.328,0.271,-0.144
1393.00,54.056,27.948,1.4818,52.723,28.352,0.222,-0.124
1393.20,54.046,27.965,1.4523,52.714,28.365,0.161,-0.165
1393.40,54.037,27.995,1.4102,52.701,28.392,0.182,-0.269
1393.60,54.028,28.022,1.3730,52.690,28.417,0.196,-0.293
1393.80,54.026,28.047,1.3385,52.686,28.442,0.204,-0.279
1394.00,54.038,28.069,1.3105,52.696,28.463,0.173,-0.209
1394.20,54.056,28.093,1.2771,52.715,28.486,0.198,-0.234
1394.40,54.073,28.115,1.2477,52.733,28.508,0.209,-0.237
1394.60,54.088,28.134,1.2232,52.750,28.526,0.205,-0.215
1394.80,54.106,28.156,1.1953,52.769,28.546,0.206,-0.211
1395.00,54.125,28.177,1.1681,52.788,28.567,0.209,-0.203
1395.20,54.144,28.198,1.1417,52.808,28.587,0.210,-0.195
1395.40,54.162,28.218,1.1174,52.828,28.606,0.207,-0.187
1395.60,54.180,28.237,1.0954,52.846,28.624,0.237,-0.193
1395.80,54.198,28.254,1.0738,52.865,28.640,0.248,-0.182
1396.00,54.214,28.270,1.0537,52.882,28.656,0.240,-0.171
1396.20,54.223,28.282,1.0342,52.894,28.666,0.219,-0.141
1396.40,54.223,28.308,0.9894,52.894,28.688,0.212,-0.166
1396.60,54.226,28.346,0.9343,52.894,28.725,0.233,-0.232
1396.80,54.236,28.378,0.8885,52.902,28.758,0.249,-0.246
1397.00,54.243,28.409,0.8400,52.909,28.788,0.248,-0.221
1397.20,54.259,28.445,0.7746,52.923,28.823,0.254,-0.272
1397.40,54.281,28.479,0.7100,52.944,28.856,0.266,-0.297
1397.60,54.304,28.505,0.6584,52.967,28.882,0.264,-0.260
1397.80,54.327,28.518,0.6248,52.990,28.896,0.247,-0.197
1398.00,54.343,28.530,0.5937,53.008,28.908,0.224,-0.131
1398.20,54.360,28.542,0.5608,53.024,28.920,0.205,-0.115
1398.40,54.376,28.559,0.5385,53.038,28.936,0.164,-0.184
1398.60,54.393,28.573,0.5257,53.053,28.951,0.165,-0.146
1398.80,54.408,28.585,0.5175,53.068,28.963,0.177,-0.088
1399.00,54.418,28.593,0.5049,53.077,28.972,0.192,-0.015
1399.20,54.422,28.597,0.4845,53.079,28.977,0.169,-0.032
1399.40,54.444,28.595,0.4546,53.099,28.974,0.169,-0.077
1399.60,54.476,28.611,0.4540,53.128,28.987,0.200,-0.016
1399.80,54.506,28.625,0.4540,53.159,29.002,0.220,0.035
1400.00,54.531,28.639,0.4506,53.184,29.016,0.226,0.047
1400.20,54.561,28.654,0.4504,53.213,29.030,0.221,0.041
1400.40,54.600,28.672,0.4505,53.250,29.049,0.233,0.056
1400.60,54.640,28.691,0.4506,53.290,29.068,0.249,0.068
1400.80,54.677,28.711,0.4510,53.328,29.088,0.253,0.069
1401.00,54.715,28.729,0.4521,53.365,29.107,0.248,0.078
1401.20,54.749,28.745,0.4528,53.399,29.123,0.236,0.080
1401.40,54.782,28.761,0.4535,53.431,29.138,0.224,0.081
1401.60,54.813,28.776,0.4545,53.461,29.152,0.214,0.082
1401.80,54.840,28.789,0.4553,53.487,29.164,0.251,0.081
1402.00,54.865,28.800,0.4560,53.510,29.175,0.251,0.089
1402.20,54.890,28.812,0.4567,53.532,29.185,0.235,0.079
1402.40,54.920,28.826,0.4577,53.560,29.198,0.234,0.075
1402.60,54.950,28.841,0.4595,53.588,29.213,0.239,0.087
1402.80,54.984,28.858,0.4616,53.620,29.230,0.249,0.097
1403.00,55.019,28.875,0.4636,53.653,29.247,0.223,0.087
1403.20,55.052,28.892,0.4670,53.686,29.266,0.226,0.069
1403.40,55.082,28.908,0.4699,53.715,29.282,0.231,0.072
1403.60,55.106,28.920,0.4708,53.739,29.293,0.221,0.067
1403.80,55.134,28.934,0.4713,53.766,29.306,0.217,0.061
1404.00,55.163,28.948,0.4719,53.793,29.319,0.217,0.053
1404.20,55.190,28.962,0.4725,53.820,29.332,0.214,0.048
1404.40,55.221,28.977,0.4730,53.848,29.346,0.213,0.047
1404.60,55.254,28.994,0.4733,53.880,29.361,0.242,0.104
1404.80,55.288,29.011,0.4734,53.914,29.378,0.256,0.103
1405.00,55.321,29.028,0.4739,53.948,29.395,0.253,0.089
1405.20,55.342,29.039,0.4751,53.971,29.405,0.230,0.091
1405.40,55.361,29.047,0.4768,53.988,29.412,0.203,0.098
1405.60,55.383,29.059,0.4780,54.008,29.421,0.189,0.095
1405.80,55.406,29.069,0.4786,54.030,29.430,0.190,0.103
1406.00,55.421,29.076,0.4825,54.046,29.435,0.180,0.105
1406.20,55.435,29.082,0.4853,54.060,29.438,0.167,0.112
1406.40,55.447,29.085,0.4919,54.070,29.440,0.154,0.102
1406.60,55.468,29.087,0.5153,54.090,29.438,0.160,0.158
1406.80,55.485,29.091,0.5317,54.108,29.441,0.170,0.192
1407.00,55.498,29.095,0.5417,54.120,29.444,0.165,0.161
1407.20,55.516,29.098,0.5722,54.137,29.446,0.167,0.183
1407.40,55.534,29.108,0.5977,54.156,29.454,0.180,0.221
1407.60,55.548,29.124,0.6156,54.170,29.470,0.185,0.158
1407.80,55.563,29.143,0.6399,54.185,29.489,0.188,0.125
1408.00,55.578,29.166,0.6682,54.200,29.512,0.194,0.129
1408.20,55.592,29.186,0.6892,54.213,29.533,0.196,0.130
1408.40,55.605,29.201,0.7024,54.224,29.549,0.186,0.118
1408.60,55.616,29.211,0.7131,54.233,29.561,0.173,0.105
1408.80,55.637,29.212,0.7518,54.252,29.561,0.166,0.178
1409.00,55.660,29.217,0.7842,54.276,29.563,0.176,0.229
1409.20,55.677,29.228,0.7998,54.294,29.571,0.183,0.207
1409.40,55.686,29.246,0.8203,54.304,29.588,0.180,0.142
1409.60,55.697,29.271,0.8486,54.315,29.613,0.187,0.124
1409.80,55.708,29.294,0.8730,54.326,29.637,0.197,0.115
1410.00,55.717,29.304,0.8885,54.335,29.650,0.182,0.100
1410.20,55.736,29.311,0.9216,54.352,29.654,0.170,0.175
1410.40,55.757,29.320,0.9526,54.374,29.660,0.171,0.201
1410.60,55.775,29.332,0.9750,54.394,29.670,0.177,0.196
1410.80,55.787,29.345,0.9938,54.409,29.682,0.179,0.160
1411.00,55.793,29.364,1.0171,54.414,29.699,0.176,0.140
1411.20,55.799,29.388,1.0412,54.418,29.724,0.183,0.181
1411.40,55.807,29.405,1.0543,54.424,29.741,0.183,0.179
1411.60,55.814,29.416,1.0667,54.431,29.752,0.169,0.129
1411.80,55.821,29.426,1.0917,54.435,29.763,0.157,0.123
1412.00,55.837,29.440,1.1466,54.450,29.773,0.154,0.223
1412.20,55.843,29.461,1.1645,54.457,29.793,0.165,0.205
1412.40,55.846,29.480,1.1794,54.459,29.813,0.174,0.142
1412.60,55.848,29.504,1.2037,54.460,29.836,0.174,0.145
1412.80,55.849,29.531,1.2304,54.459,29.863,0.177,0.174
1413.00,55.852,29.547,1.2450,54.462,29.879,0.167,0.159
1413.20,55.862,29.559,1.2659,54.470,29.890,0.182,0.151
1413.40,55.871,29.575,1.2937,54.480,29.906,0.199,0.136
1413.60,55.878,29.591,1.3110,54.488,29.921,0.196,0.118
1413.80,55.889,29.609,1.3280,54.500,29.937,0.195,0.121
1414.00,55.899,29.627,1.3430,54.511,29.954,0.197,0.119
1414.20,55.906,29.644,1.3532,54.520,29.969,0.194,0.100
1414.40,55.914,29.660,1.3641,54.528,29.985,0.191,0.086
1414.60,55.922,29.678,1.3748,54.537,30.001,0.190,0.084
1414.80,55.928,29.698,1.3817,54.544,30.019,0.192,0.077
1415.00,55.933,29.721,1.3839,54.550,30.040,0.197,0.059
1415.20,55.938,29.747,1.3855,54.556,30.064,0.205,0.034
1415.40,55.944,29.775,1.3864,54.561,30.090,0.212,0.020
1415.60,55.949,29.806,1.3866,54.566,30.120,0.219,0.013
1415.80,55.956,29.845,1.3866,54.573,30.157,0.233,0.008
1416.00,55.964,29.885,1.3866,54.580,30.198,0.244,0.007
1416.20,55.971,29.927,1.3866,54.588,30.239,0.249,0.008
1416.40,55.980,29.971,1.3866,54.596,30.283,0.252,0.008
1416.60,55.988,30.018,1.3866,54.605,30.330,0.266,-0.102
1416.80,55.997,30.066,1.3865,54.614,30.378,0.301,-0.045
1417.00,56.006,30.115,1.3864,54.622,30.427,0.321,-0.036
1417.20,56.014,30.154,1.3858,54.630,30.468,0.306,-0.043
1417.40,56.023,30.204,1.3856,54.638,30.514,0.288,-0.045
1417.60,56.034,30.267,1.3855,54.649,30.574,0.314,-0.045
1417.80,56.046,30.327,1.3854,54.660,30.635,0.331,-0.045
1418.00,56.057,30.383,1.3853,54.671,30.692,0.327,-0.044
1418.20,56.067,30.440,1.3851,54.682,30.749,0.319,-0.047
1418.40,56.079,30.501,1.3850,54.693,30.810,0.317,-0.049
1418.60,56.090,30.563,1.3848,54.704,30.872,0.315,-0.051
1418.80,56.101,30.622,1.3845,54.715,30.930,0.309,-0.052
1419.00,56.112,30.677,1.3842,54.725,30.985,0.339,-0.018
1419.20,56.122,30.731,1.3839,54.735,31.039,0.340,-0.032
1419.40,56.132,30.787,1.3837,54.745,31.094,0.329,-0.036
1419.60,56.145,30.853,1.3836,54.757,31.159,0.340,-0.036
1419.80,56.157,30.920,1.3836,54.770,31.225,0.352,-0.035
1420.00,56.170,30.985,1.3837,54.782,31.291,0.352,-0.034
1420.20,56.182,31.052,1.3837,54.794,31.357,0.348,-0.035
1420.40,56.195,31.121,1.3836,54.807,31.426,0.343,-0.036
1420.60,56.208,31.190,1.3835,54.820,31.495,0.339,-0.039
1420.80,56.221,31.258,1.3835,54.832,31.564,0.333,-0.040
1421.00,56.234,31.325,1.3835,54.845,31.631,0.323,-0.041
1421.20,56.246,31.390,1.3834,54.857,31.697,0.379,-0.011
1421.40,56.258,31.454,1.3834,54.870,31.762,0.368,-0.025
1421.60,56.271,31.522,1.3835,54.882,31.829,0.360,-0.028
1421.80,56.285,31.595,1.3835,54.896,31.901,0.362,-0.029
1422.00,56.298,31.666,1.3835,54.910,31.973,0.362,-0.028
1422.20,56.312,31.736,1.3836,54.923,32.043,0.354,-0.029
1422.40,56.325,31.806,1.3836,54.936,32.113,0.344,-0.030
1422.60,56.338,31.875,1.3837,54.949,32.183,0.335,-0.033
1422.80,56.351,31.944,1.3836,54.961,32.252,0.336,-0.125
1423.00,56.364,32.012,1.3835,54.974,32.320,0.332,-0.119
1423.20,56.377,32.079,1.3834,54.987,32.388,0.371,-0.054
1423.40,56.388,32.137,1.3791,54.997,32.447,0.357,-0.074
1423.60,56.395,32.181,1.3753,55.004,32.491,0.317,-0.091
1423.80,56.408,32.243,1.3748,55.016,32.549,0.300,-0.082
1424.00,56.420,32.302,1.3739,55.028,32.607,0.304,-0.075
1424.20,56.429,32.347,1.3725,55.037,32.654,0.300,-0.087
1424.40,56.437,32.387,1.3714,55.045,32.691,0.283,-0.099
1424.60,56.446,32.431,1.3710,55.054,32.733,0.276,-0.105
1424.80,56.454,32.471,1.3710,55.061,32.772,0.271,-0.106
1425.00,56.461,32.503,1.3714,55.067,32.803,0.252,-0.103
1425.20,56.467,32.530,1.3720,55.072,32.829,0.227,-0.100
1425.40,56.472,32.557,1.3720,55.076,32.852,0.206,-0.097
1425.60,56.478,32.580,1.3701,55.081,32.874,0.199,-0.104
1425.80,56.481,32.595,1.3694,55.085,32.888,0.179,-0.104
1426.00,56.484,32.608,1.3688,55.088,32.899,0.165,-0.104
1426.20,56.487,32.618,1.3664,55.091,32.907,0.153,-0.111
1426.40,56.499,32.632,1.3446,55.102,32.918,0.153,-0.155
1426.60,56.503,32.644,1.3401,55.108,32.929,0.166,-0.166
1426.80,56.499,32.662,1.3163,55.104,32.944,0.163,-0.170
1427.00,56.500,32.687,1.2819,55.104,32.968,0.186,-0.250
1427.20,56.507,32.704,1.2632,55.111,32.983,0.196,-0.254
1427.40,56.506,32.723,1.2323,55.112,33.001,0.190,-0.245
1427.60,56.506,32.756,1.1871,55.111,33.031,0.209,-0.262
1427.80,56.508,32.802,1.1356,55.111,33.074,0.240,-0.258
1428.00,56.516,32.840,1.0696,55.118,33.113,0.259,-0.330
1428.20,56.532,32.865,1.0300,55.134,33.139,0.259,-0.347
1428.40,56.554,32.883,1.0018,55.156,33.156,0.239,-0.282
1428.60,56.577,32.900,0.9701,55.179,33.172,0.229,-0.261
1428.80,56.605,32.918,0.9331,55.206,33.189,0.230,-0.260
1429.00,56.633,32.936,0.9001,55.234,33.206,0.235,-0.249
1429.20,56.661,32.952,0.8684,55.263,33.222,0.237,-0.228
1429.40,56.687,32.968,0.8401,55.290,33.236,0.232,-0.217
1429.60,56.712,32.981,0.8130,55.316,33.248,0.228,-0.200
1429.80,56.736,32.994,0.7883,55.340,33.260,0.221,-0.190
1430.00,56.757,33.006,0.7685,55.362,33.270,0.215,-0.181
1430.20,56.764,33.015,0.7479,55.371,33.277,0.191,-0.132
1430.40,56.758,33.042,0.6794,55.365,33.303,0.176,-0.209
1430.60,56.752,33.069,0.6156,55.356,33.333,0.172,-0.278
