[INFO] [launch]: All log files can be found below /home/qbotix-rover/.ros/log/2026-09-27-22-51-05-699186-qbotix-rover-262374
[INFO] [launch]: Default logging verbosity is set to INFO
[INFO] [robot_state_publisher-1]: process started with pid [262380]
[INFO] [static_transform_publisher-2]: process started with pid [262381]
[INFO] [ekf_node-3]: process started with pid [262382]
[INFO] [static_transform_publisher-4]: process started with pid [262383]
[INFO] [map_server-5]: process started with pid [262384]
[INFO] [planner_server-6]: process started with pid [262385]
[INFO] [controller_server-7]: process started with pid [262386]
[INFO] [behavior_server-8]: process started with pid [262387]
[INFO] [bt_navigator-9]: process started with pid [262388]
[INFO] [lifecycle_manager-10]: process started with pid [262389]
[INFO] [rviz2-11]: process started with pid [262390]
[static_transform_publisher-2] [INFO] [1790529665.779242089] [static_transform_publisher_ebnDBJ8j01l9LpOj]: Spinning until stopped - publishing transform
[static_transform_publisher-2] translation: ('0.000000', '0.000000', '0.450000')
[static_transform_publisher-2] rotation: ('0.000000', '0.000000', '0.000000', '1.000000')
[static_transform_publisher-2] from 'base_link' to 'lidar_link'
[ekf_node-3] [INFO] [1790529665.779306778] [ekf_filter_node]: Waiting for clock to start...
[lifecycle_manager-10] [INFO] [1790529665.780597879] [lifecycle_manager_navigation]: Creating
[lifecycle_manager-10] [INFO] [1790529665.784164870] [lifecycle_manager_navigation]: [34m[1mCreating and initializing lifecycle service clients[0m[0m
[robot_state_publisher-1] [WARN] [1790529665.788891990] [kdl_parser]: The root link base_link has an inertia specified in the URDF, but KDL does not support a root link with an inertia.  As a workaround, you can add an extra dummy link to your URDF.
[robot_state_publisher-1] [INFO] [1790529665.788985694] [robot_state_publisher]: Robot initialized
[static_transform_publisher-4] [INFO] [1790529665.789132206] [static_transform_publisher_DUISlOJfHNxEkGQF]: Spinning until stopped - publishing transform
[static_transform_publisher-4] translation: ('0.000000', '0.000000', '0.000000')
[static_transform_publisher-4] rotation: ('0.000000', '0.000000', '0.000000', '1.000000')
[static_transform_publisher-4] from 'map' to 'odom'
[map_server-5] [INFO] [1790529665.796206804] [map_server]: 
[map_server-5] 	map_server lifecycle node launched. 
[map_server-5] 	Waiting on external lifecycle transitions to activate
[map_server-5] 	See https://design.ros2.org/articles/node_lifecycle.html for more information.
[map_server-5] [INFO] [1790529665.796291730] [map_server]: Creating
[behavior_server-8] [INFO] [1790529665.796434495] [behavior_server]: 
[behavior_server-8] 	behavior_server lifecycle node launched. 
[behavior_server-8] 	Waiting on external lifecycle transitions to activate
[behavior_server-8] 	See https://design.ros2.org/articles/node_lifecycle.html for more information.
[planner_server-6] [INFO] [1790529665.796969177] [planner_server]: 
[planner_server-6] 	planner_server lifecycle node launched. 
[planner_server-6] 	Waiting on external lifecycle transitions to activate
[planner_server-6] 	See https://design.ros2.org/articles/node_lifecycle.html for more information.
[controller_server-7] [INFO] [1790529665.797139345] [controller_server]: 
[controller_server-7] 	controller_server lifecycle node launched. 
[controller_server-7] 	Waiting on external lifecycle transitions to activate
[controller_server-7] 	See https://design.ros2.org/articles/node_lifecycle.html for more information.
[planner_server-6] [INFO] [1790529665.797779785] [planner_server]: Creating
[controller_server-7] [INFO] [1790529665.798833800] [controller_server]: Creating controller server
[bt_navigator-9] [INFO] [1790529665.799676099] [bt_navigator]: 
[bt_navigator-9] 	bt_navigator lifecycle node launched. 
[bt_navigator-9] 	Waiting on external lifecycle transitions to activate
[bt_navigator-9] 	See https://design.ros2.org/articles/node_lifecycle.html for more information.
[bt_navigator-9] [INFO] [1790529665.800233770] [bt_navigator]: Creating
[controller_server-7] [INFO] [1790529665.802872101] [local_costmap.local_costmap]: 
[controller_server-7] 	local_costmap lifecycle node launched. 
[controller_server-7] 	Waiting on external lifecycle transitions to activate
[controller_server-7] 	See https://design.ros2.org/articles/node_lifecycle.html for more information.
[controller_server-7] [INFO] [1790529665.803102725] [local_costmap.local_costmap]: Creating Costmap
[planner_server-6] [INFO] [1790529665.804457084] [global_costmap.global_costmap]: 
[planner_server-6] 	global_costmap lifecycle node launched. 
[planner_server-6] 	Waiting on external lifecycle transitions to activate
[planner_server-6] 	See https://design.ros2.org/articles/node_lifecycle.html for more information.
[planner_server-6] [INFO] [1790529665.804880232] [global_costmap.global_costmap]: Creating Costmap
[rviz2-11] [INFO] [1790529666.201752214] [rviz2]: Stereo is NOT SUPPORTED
[rviz2-11] [INFO] [1790529666.201800448] [rviz2]: OpenGl version: 4.6 (GLSL 4.6)
[lifecycle_manager-10] [INFO] [1790529666.223080826] [lifecycle_manager_navigation]: [34m[1mStarting managed nodes bringup...[0m[0m
[lifecycle_manager-10] [INFO] [1790529666.223110971] [lifecycle_manager_navigation]: [34m[1mConfiguring map_server[0m[0m
[rviz2-11] [INFO] [1790529666.230446346] [rviz2]: Stereo is NOT SUPPORTED
[rviz2-11] [INFO] [1790529666.333350281] [rviz2]: Stereo is NOT SUPPORTED
[map_server-5] [INFO] [1790529666.411934076] [map_server]: Configuring
[map_server-5] [INFO] [1790529666.411995822] [map_io]: Loading yaml file: /home/qbotix-rover/sih_ws/src/sih_isaac/generated/map.yaml
[map_server-5] [INFO] [1790529666.412200137] [map_io]: resolution: 0.585938
[map_server-5] [INFO] [1790529666.412209158] [map_io]: origin[0]: -75.293
[map_server-5] [INFO] [1790529666.412211194] [map_io]: origin[1]: -75.293
[map_server-5] [INFO] [1790529666.412212530] [map_io]: origin[2]: 0
[map_server-5] [INFO] [1790529666.412213863] [map_io]: free_thresh: 0.25
[map_server-5] [INFO] [1790529666.412215096] [map_io]: occupied_thresh: 0.65
[map_server-5] [INFO] [1790529666.412216815] [map_io]: mode: trinary
[map_server-5] [INFO] [1790529666.412218237] [map_io]: negate: 0
[map_server-5] [INFO] [1790529666.412310777] [map_io]: Loading image_file: /home/qbotix-rover/sih_ws/src/sih_isaac/generated/map.pgm
[map_server-5] [INFO] [1790529666.413065234] [map_io]: Read map /home/qbotix-rover/sih_ws/src/sih_isaac/generated/map.pgm: 257 X 257 map @ 0.585938 m/cell
[lifecycle_manager-10] [INFO] [1790529666.416741177] [lifecycle_manager_navigation]: [34m[1mConfiguring planner_server[0m[0m
[planner_server-6] [INFO] [1790529666.416932677] [planner_server]: Configuring
[planner_server-6] [INFO] [1790529666.416964206] [global_costmap.global_costmap]: Configuring
[planner_server-6] [INFO] [1790529666.421062882] [global_costmap.global_costmap]: Using plugin "static_layer"
[planner_server-6] [INFO] [1790529666.422919381] [global_costmap.global_costmap]: Subscribing to the map topic (/prior_map) with transient local durability
[planner_server-6] [INFO] [1790529666.424012926] [global_costmap.global_costmap]: Initialized plugin "static_layer"
[planner_server-6] [INFO] [1790529666.424024982] [global_costmap.global_costmap]: Using plugin "obstacle_layer"
[planner_server-6] [INFO] [1790529666.424214336] [global_costmap.global_costmap]: Subscribed to Topics: scan
[planner_server-6] [INFO] [1790529666.425735243] [global_costmap.global_costmap]: Initialized plugin "obstacle_layer"
[planner_server-6] [INFO] [1790529666.425745507] [global_costmap.global_costmap]: Using plugin "inflation_layer"
[planner_server-6] [INFO] [1790529666.425907175] [global_costmap.global_costmap]: Initialized plugin "inflation_layer"
[planner_server-6] [INFO] [1790529666.437139239] [planner_server]: Created global planner plugin GridBased of type nav2_smac_planner::SmacPlanner2D
[planner_server-6] [INFO] [1790529666.437163441] [planner_server]: Configuring GridBased of type SmacPlanner2D
[planner_server-6] [ERROR] [1790529666.437499444] [planner_server]: Inflation layer either not found or inflation is not set sufficiently for optimized non-circular collision checking capabilities. It is HIGHLY recommended to set the inflation radius to be at MINIMUM half of the robot's largest cross-section. See github.com/ros-planning/navigation2/tree/main/nav2_smac_planner#potential-fields for full instructions. This will substantially impact run-time performance.
[planner_server-6] [INFO] [1790529666.438108680] [planner_server]: Configured plugin GridBased of type SmacPlanner2D with tolerance 0.50, maximum iterations 1000000, max on approach iterations 1000, and allowing unknown traversal.
[planner_server-6] [INFO] [1790529666.438124221] [planner_server]: Planner Server has GridBased  planners available.
[lifecycle_manager-10] [INFO] [1790529666.443276767] [lifecycle_manager_navigation]: [34m[1mConfiguring controller_server[0m[0m
[controller_server-7] [INFO] [1790529666.443470203] [controller_server]: Configuring controller interface
[controller_server-7] [INFO] [1790529666.443488642] [controller_server]: getting progress checker plugins..
[controller_server-7] [INFO] [1790529666.443630567] [controller_server]: getting goal checker plugins..
[controller_server-7] [INFO] [1790529666.443727089] [controller_server]: Controller frequency set to 15.0000Hz
[controller_server-7] [INFO] [1790529666.443753686] [local_costmap.local_costmap]: Configuring
[controller_server-7] [INFO] [1790529666.446609636] [local_costmap.local_costmap]: Using plugin "obstacle_layer"
[controller_server-7] [INFO] [1790529666.448258642] [local_costmap.local_costmap]: Subscribed to Topics: scan
[controller_server-7] [INFO] [1790529666.449613961] [local_costmap.local_costmap]: Initialized plugin "obstacle_layer"
[controller_server-7] [INFO] [1790529666.449623193] [local_costmap.local_costmap]: Using plugin "inflation_layer"
[controller_server-7] [INFO] [1790529666.449801507] [local_costmap.local_costmap]: Initialized plugin "inflation_layer"
[controller_server-7] [INFO] [1790529666.456928241] [controller_server]: Created progress_checker : progress_checker of type nav2_controller::SimpleProgressChecker
[controller_server-7] [INFO] [1790529666.457058110] [controller_server]: Controller Server has progress_checker  progress checkers available.
[controller_server-7] [INFO] [1790529666.457343916] [controller_server]: Created goal checker : goal_checker of type nav2_controller::SimpleGoalChecker
[controller_server-7] [INFO] [1790529666.457630183] [controller_server]: Controller Server has goal_checker  goal checkers available.
[controller_server-7] [INFO] [1790529666.458722799] [controller_server]: Created controller : FollowPath of type nav2_mppi_controller::MPPIController
[controller_server-7] [WARN] [1790529666.459526270] [controller_server]: Controller period is less then model dt, consider setting it equal
[controller_server-7] [INFO] [1790529666.460206007] [controller_server]: ConstraintCritic instantiated with 1 power and 4.000000 weight.
[controller_server-7] [INFO] [1790529666.460218558] [controller_server]: Critic loaded : mppi::critics::ConstraintCritic
[controller_server-7] [INFO] [1790529666.460434368] [controller_server]: InflationCostCritic instantiated with 1 power and 300.000000 / 0.015000 weights. Critic will collision check based on circular cost.
[controller_server-7] [INFO] [1790529666.460439874] [controller_server]: Critic loaded : mppi::critics::CostCritic
[controller_server-7] [INFO] [1790529666.460517365] [controller_server]: GoalCritic instantiated with 1 power and 5.000000 weight.
[controller_server-7] [INFO] [1790529666.460519730] [controller_server]: Critic loaded : mppi::critics::GoalCritic
[controller_server-7] [INFO] [1790529666.460612349] [controller_server]: GoalAngleCritic instantiated with 1 power, 3.000000 weight, 0.500000 angular threshold and symmetric_yaw_tolerance disabled
[controller_server-7] [INFO] [1790529666.460615324] [controller_server]: Critic loaded : mppi::critics::GoalAngleCritic
[controller_server-7] [INFO] [1790529666.460754891] [controller_server]: ReferenceTrajectoryCritic instantiated with 1 power and 14.000000 weight
[controller_server-7] [INFO] [1790529666.460757552] [controller_server]: Critic loaded : mppi::critics::PathAlignCritic
[controller_server-7] [INFO] [1790529666.460847095] [controller_server]: Critic loaded : mppi::critics::PathFollowCritic
[controller_server-7] [INFO] [1790529666.460980698] [controller_server]: PathAngleCritic instantiated with 1 power and 2.000000 weight. Mode set to: Forward Preference
[controller_server-7] [INFO] [1790529666.460983560] [controller_server]: Critic loaded : mppi::critics::PathAngleCritic
[controller_server-7] [INFO] [1790529666.461057999] [controller_server]: PreferForwardCritic instantiated with 1 power and 5.000000 weight.
[controller_server-7] [INFO] [1790529666.461060107] [controller_server]: Critic loaded : mppi::critics::PreferForwardCritic
[controller_server-7] [INFO] [1790529666.464109769] [controller_server]: Optimizer reset
[controller_server-7] [INFO] [1790529666.465710062] [MPPIController]: Configured MPPI Controller: FollowPath
[controller_server-7] [INFO] [1790529666.465737947] [controller_server]: Controller Server has FollowPath  controllers available.
[rviz2-11] [ERROR] [1790529666.467783024] [rviz2]: Lookup would require extrapolation into the future.  Requested time 1.499972 but the latest data is at time 1.433333, when looking up transform from frame [lidar_link] to frame [map]
[lifecycle_manager-10] [INFO] [1790529666.468434181] [lifecycle_manager_navigation]: [34m[1mConfiguring behavior_server[0m[0m
[behavior_server-8] [INFO] [1790529666.468567377] [behavior_server]: Configuring
[behavior_server-8] [INFO] [1790529666.470295930] [behavior_server]: Creating behavior plugin spin of type nav2_behaviors::Spin
[behavior_server-8] [INFO] [1790529666.470726610] [behavior_server]: Creating behavior plugin backup of type nav2_behaviors::BackUp
[behavior_server-8] [INFO] [1790529666.471067579] [behavior_server]: Creating behavior plugin drive_on_heading of type nav2_behaviors::DriveOnHeading
[behavior_server-8] [INFO] [1790529666.471390682] [behavior_server]: Creating behavior plugin wait of type nav2_behaviors::Wait
[behavior_server-8] [INFO] [1790529666.474975529] [behavior_server]: Configuring spin
[behavior_server-8] [INFO] [1790529666.476708789] [behavior_server]: Configuring backup
[behavior_server-8] [INFO] [1790529666.477767886] [behavior_server]: Configuring drive_on_heading
[behavior_server-8] [INFO] [1790529666.478792336] [behavior_server]: Configuring wait
[lifecycle_manager-10] [INFO] [1790529666.480026550] [lifecycle_manager_navigation]: [34m[1mConfiguring bt_navigator[0m[0m
[bt_navigator-9] [INFO] [1790529666.480183411] [bt_navigator]: Configuring
[bt_navigator-9] [INFO] [1790529666.483002856] [bt_navigator]: Creating navigator id navigate_to_pose of type nav2_bt_navigator::NavigateToPoseNavigator
[bt_navigator-9] [WARN] [1790529666.484955855] [bt_navigator]: Error_code parameters were not set. Using default values of: follow_path_error_code compute_path_error_code
[bt_navigator-9] Make sure these match your BT and there are not other sources of error codes youreported to your application
[bt_navigator-9] [INFO] [1790529666.511744348] [bt_navigator]: Creating navigator id navigate_through_poses of type nav2_bt_navigator::NavigateThroughPosesNavigator
[lifecycle_manager-10] [INFO] [1790529666.519769865] [lifecycle_manager_navigation]: [34m[1mActivating map_server[0m[0m
[map_server-5] [INFO] [1790529666.519902185] [map_server]: Activating
[map_server-5] [INFO] [1790529666.520179210] [map_server]: Creating bond (map_server) to lifecycle manager.
[planner_server-6] [INFO] [1790529666.520528428] [global_costmap.global_costmap]: StaticLayer: Resizing costmap to 257 X 257 at 0.585938 m/pix
[rviz2-11] [INFO] [1790529666.573791404] [rviz2]: Trying to create a map of size 257 x 257 using 1 swatches
[lifecycle_manager-10] [INFO] [1790529666.623610622] [lifecycle_manager_navigation]: Server map_server connected with bond.
[lifecycle_manager-10] [INFO] [1790529666.623640673] [lifecycle_manager_navigation]: [34m[1mActivating planner_server[0m[0m
[planner_server-6] [INFO] [1790529666.623856603] [planner_server]: Activating
[planner_server-6] [INFO] [1790529666.623891874] [global_costmap.global_costmap]: Activating
[planner_server-6] [INFO] [1790529666.623900509] [global_costmap.global_costmap]: Checking transform
[planner_server-6] [INFO] [1790529666.623999573] [global_costmap.global_costmap]: start
[rviz2-11] [INFO] [1790529667.630283989] [rviz2]: Trying to create a map of size 257 x 257 using 1 swatches
[planner_server-6] [INFO] [1790529667.674814051] [planner_server]: Activating plugin GridBased of type SmacPlanner2D
[planner_server-6] [INFO] [1790529667.675475546] [planner_server]: Creating bond (planner_server) to lifecycle manager.
[lifecycle_manager-10] [INFO] [1790529667.777488049] [lifecycle_manager_navigation]: Server planner_server connected with bond.
[lifecycle_manager-10] [INFO] [1790529667.777508209] [lifecycle_manager_navigation]: [34m[1mActivating controller_server[0m[0m
[controller_server-7] [INFO] [1790529667.777663735] [controller_server]: Activating
[controller_server-7] [INFO] [1790529667.777682551] [local_costmap.local_costmap]: Activating
[controller_server-7] [INFO] [1790529667.777685797] [local_costmap.local_costmap]: Checking transform
[controller_server-7] [INFO] [1790529667.777753553] [local_costmap.local_costmap]: start
[controller_server-7] [WARN] [1790529667.928226085] [controller_server]: Parameter controller_server.verbose not found
[controller_server-7] [INFO] [1790529667.930172760] [controller_server]: Optimizer reset
[controller_server-7] [INFO] [1790529667.930290724] [MPPIController]: Activated MPPI Controller: FollowPath
[controller_server-7] [INFO] [1790529667.930305953] [controller_server]: Creating bond (controller_server) to lifecycle manager.
[lifecycle_manager-10] [INFO] [1790529668.032545704] [lifecycle_manager_navigation]: Server controller_server connected with bond.
[lifecycle_manager-10] [INFO] [1790529668.032565133] [lifecycle_manager_navigation]: [34m[1mActivating behavior_server[0m[0m
[behavior_server-8] [INFO] [1790529668.032723191] [behavior_server]: Activating
[behavior_server-8] [INFO] [1790529668.032737179] [behavior_server]: Activating spin
[behavior_server-8] [INFO] [1790529668.032742793] [behavior_server]: Activating backup
[behavior_server-8] [INFO] [1790529668.032746508] [behavior_server]: Activating drive_on_heading
[behavior_server-8] [INFO] [1790529668.032750128] [behavior_server]: Activating wait
[behavior_server-8] [INFO] [1790529668.032755700] [behavior_server]: Creating bond (behavior_server) to lifecycle manager.
[lifecycle_manager-10] [INFO] [1790529668.134881604] [lifecycle_manager_navigation]: Server behavior_server connected with bond.
[lifecycle_manager-10] [INFO] [1790529668.134913631] [lifecycle_manager_navigation]: [34m[1mActivating bt_navigator[0m[0m
[bt_navigator-9] [INFO] [1790529668.135120449] [bt_navigator]: Activating
[bt_navigator-9] [INFO] [1790529668.159639674] [bt_navigator]: Creating bond (bt_navigator) to lifecycle manager.
[lifecycle_manager-10] [INFO] [1790529668.262264410] [lifecycle_manager_navigation]: Server bt_navigator connected with bond.
[lifecycle_manager-10] [INFO] [1790529668.262289963] [lifecycle_manager_navigation]: [34m[1mManaged nodes are active[0m[0m
[lifecycle_manager-10] [INFO] [1790529668.262294106] [lifecycle_manager_navigation]: [34m[1mCreating bond timer...[0m[0m
[rviz2-11] [INFO] [1790529668.283112314] [rviz2]: Trying to create a map of size 93 x 93 using 1 swatches
[bt_navigator-9] [INFO] [1790529680.658442299] [bt_navigator]: Begin navigating from current location (-61.99, 15.99) to (56.00, 34.00)
[controller_server-7] [INFO] [1790529680.679458110] [controller_server]: Received a goal, begin computing control effort.
[controller_server-7] [WARN] [1790529680.679510436] [controller_server]: No goal checker was specified in parameter 'current_goal_checker'. Server will use only plugin loaded goal_checker . This warning will appear once.
[controller_server-7] [WARN] [1790529680.679523557] [controller_server]: No progress checker was specified in parameter 'current_progress_checker'. Server will use only plugin loaded progress_checker . This warning will appear once.
[controller_server-7] [INFO] [1790529681.746326004] [controller_server]: Passing new path to controller.
[controller_server-7] [INFO] [1790529682.746324875] [controller_server]: Passing new path to controller.
[controller_server-7] [INFO] [1790529683.812987382] [controller_server]: Passing new path to controller.
[controller_server-7] [INFO] [1790529684.812984966] [controller_server]: Passing new path to controller.
[controller_server-7] [INFO] [1790529685.879649052] [controller_server]: Passing new path to controller.
[controller_server-7] [INFO] [1790529686.879653601] [controller_server]: Passing new path to controller.
[controller_server-7] [INFO] [1790529687.879656064] [controller_server]: Passing new path to controller.
[controller_server-7] [INFO] [1790529688.946316772] [controller_server]: Passing new path to controller.
[controller_server-7] [INFO] [1790529689.946322755] [controller_server]: Passing new path to controller.
[controller_server-7] [INFO] [1790529691.012979556] [controller_server]: Passing new path to controller.
[controller_server-7] [INFO] [1790529692.012986176] [controller_server]: Passing new path to controller.
[controller_server-7] [INFO] [1790529693.012983963] [controller_server]: Passing new path to controller.
[controller_server-7] [INFO] [1790529694.079649283] [controller_server]: Passing new path to controller.
[controller_server-7] [INFO] [1790529695.079647467] [controller_server]: Passing new path to controller.
[controller_server-7] [INFO] [1790529696.146317487] [controller_server]: Passing new path to controller.
[controller_server-7] [INFO] [1790529697.146318918] [controller_server]: Passing new path to controller.
[controller_server-7] [INFO] [1790529698.212986922] [controller_server]: Passing new path to controller.
[controller_server-7] [INFO] [1790529699.212944988] [controller_server]: Passing new path to controller.
[controller_server-7] [INFO] [1790529700.212978200] [controller_server]: Passing new path to controller.
[controller_server-7] [INFO] [1790529701.279645683] [controller_server]: Passing new path to controller.
[controller_server-7] [INFO] [1790529702.279650260] [controller_server]: Passing new path to controller.
[controller_server-7] [INFO] [1790529703.346315720] [controller_server]: Passing new path to controller.
[controller_server-7] [INFO] [1790529704.346313855] [controller_server]: Passing new path to controller.
[controller_server-7] [INFO] [1790529705.412984925] [controller_server]: Passing new path to controller.
[controller_server-7] [INFO] [1790529706.412984220] [controller_server]: Passing new path to controller.
[controller_server-7] [INFO] [1790529707.412978296] [controller_server]: Passing new path to controller.
[controller_server-7] [INFO] [1790529708.479649843] [controller_server]: Passing new path to controller.
[controller_server-7] [INFO] [1790529709.479644087] [controller_server]: Passing new path to controller.
[controller_server-7] [INFO] [1790529710.546343545] [controller_server]: Passing new path to controller.
[controller_server-7] [INFO] [1790529711.546316366] [controller_server]: Passing new path to controller.
[controller_server-7] [INFO] [1790529712.546320315] [controller_server]: Passing new path to controller.
[controller_server-7] [INFO] [1790529713.612980843] [controller_server]: Passing new path to controller.
[controller_server-7] [INFO] [1790529714.612979194] [controller_server]: Passing new path to controller.
[controller_server-7] [INFO] [1790529715.679647770] [controller_server]: Passing new path to controller.
[controller_server-7] [INFO] [1790529716.679649319] [controller_server]: Passing new path to controller.
[controller_server-7] [INFO] [1790529717.679656730] [controller_server]: Passing new path to controller.
[controller_server-7] [INFO] [1790529718.746324774] [controller_server]: Passing new path to controller.
[controller_server-7] [INFO] [1790529719.746326500] [controller_server]: Passing new path to controller.
[controller_server-7] [INFO] [1790529720.812979159] [controller_server]: Passing new path to controller.
[controller_server-7] [INFO] [1790529721.812984975] [controller_server]: Passing new path to controller.
[controller_server-7] [INFO] [1790529722.812995606] [controller_server]: Passing new path to controller.
[controller_server-7] [INFO] [1790529723.879646322] [controller_server]: Passing new path to controller.
[controller_server-7] [INFO] [1790529724.879643908] [controller_server]: Passing new path to controller.
[controller_server-7] [INFO] [1790529725.946312942] [controller_server]: Passing new path to controller.
[controller_server-7] [INFO] [1790529726.946312387] [controller_server]: Passing new path to controller.
[controller_server-7] [INFO] [1790529728.012994328] [controller_server]: Passing new path to controller.
[controller_server-7] [INFO] [1790529729.012983903] [controller_server]: Passing new path to controller.
[controller_server-7] [INFO] [1790529730.012985721] [controller_server]: Passing new path to controller.
[controller_server-7] [INFO] [1790529731.079653697] [controller_server]: Passing new path to controller.
[controller_server-7] [INFO] [1790529732.079655534] [controller_server]: Passing new path to controller.
[controller_server-7] [INFO] [1790529733.079650154] [controller_server]: Passing new path to controller.
[controller_server-7] [INFO] [1790529734.146315699] [controller_server]: Passing new path to controller.
[controller_server-7] [INFO] [1790529735.146311932] [controller_server]: Passing new path to controller.
[controller_server-7] [INFO] [1790529736.212989103] [controller_server]: Passing new path to controller.
[controller_server-7] [INFO] [1790529737.212983284] [controller_server]: Passing new path to controller.
[controller_server-7] [INFO] [1790529738.212993499] [controller_server]: Passing new path to controller.
[controller_server-7] [INFO] [1790529739.279645407] [controller_server]: Passing new path to controller.
[controller_server-7] [INFO] [1790529740.279646963] [controller_server]: Passing new path to controller.
[controller_server-7] [INFO] [1790529741.346316682] [controller_server]: Passing new path to controller.
[controller_server-7] [INFO] [1790529742.346321270] [controller_server]: Passing new path to controller.
[controller_server-7] [INFO] [1790529743.346314828] [controller_server]: Passing new path to controller.
[controller_server-7] [INFO] [1790529744.412982193] [controller_server]: Passing new path to controller.
[controller_server-7] [INFO] [1790529745.412982003] [controller_server]: Passing new path to controller.
[controller_server-7] [INFO] [1790529746.479645433] [controller_server]: Passing new path to controller.
[controller_server-7] [INFO] [1790529747.479648801] [controller_server]: Passing new path to controller.
[controller_server-7] [INFO] [1790529748.479660278] [controller_server]: Passing new path to controller.
[controller_server-7] [INFO] [1790529749.546326883] [controller_server]: Passing new path to controller.
[controller_server-7] [INFO] [1790529750.546316128] [controller_server]: Passing new path to controller.
[controller_server-7] [INFO] [1790529751.612982992] [controller_server]: Passing new path to controller.
[controller_server-7] [INFO] [1790529752.612982838] [controller_server]: Passing new path to controller.
[controller_server-7] [INFO] [1790529753.612979133] [controller_server]: Passing new path to controller.
[controller_server-7] [INFO] [1790529754.679646212] [controller_server]: Passing new path to controller.
[controller_server-7] [INFO] [1790529755.679647646] [controller_server]: Passing new path to controller.
[controller_server-7] [INFO] [1790529756.746427915] [controller_server]: Passing new path to controller.
[controller_server-7] [INFO] [1790529757.746326800] [controller_server]: Passing new path to controller.
[controller_server-7] [INFO] [1790529758.746326207] [controller_server]: Passing new path to controller.
[controller_server-7] [INFO] [1790529759.812987281] [controller_server]: Passing new path to controller.
[controller_server-7] [INFO] [1790529760.813030645] [controller_server]: Passing new path to controller.
[controller_server-7] [INFO] [1790529761.879647485] [controller_server]: Passing new path to controller.
[controller_server-7] [INFO] [1790529762.879651704] [controller_server]: Passing new path to controller.
[controller_server-7] [INFO] [1790529763.879644429] [controller_server]: Passing new path to controller.
[controller_server-7] [INFO] [1790529764.946315332] [controller_server]: Passing new path to controller.
[controller_server-7] [INFO] [1790529765.946323471] [controller_server]: Passing new path to controller.
[controller_server-7] [INFO] [1790529767.013032931] [controller_server]: Passing new path to controller.
[controller_server-7] [INFO] [1790529768.012992517] [controller_server]: Passing new path to controller.
[controller_server-7] [INFO] [1790529769.012974677] [controller_server]: Passing new path to controller.
[controller_server-7] [INFO] [1790529770.079648625] [controller_server]: Passing new path to controller.
[controller_server-7] [INFO] [1790529771.079653345] [controller_server]: Passing new path to controller.
[controller_server-7] [INFO] [1790529772.146324159] [controller_server]: Passing new path to controller.
[controller_server-7] [INFO] [1790529773.146315130] [controller_server]: Passing new path to controller.
[controller_server-7] [INFO] [1790529774.212983725] [controller_server]: Passing new path to controller.
[controller_server-7] [INFO] [1790529775.212995152] [controller_server]: Passing new path to controller.
[controller_server-7] [INFO] [1790529776.212980093] [controller_server]: Passing new path to controller.
[controller_server-7] [INFO] [1790529777.279646272] [controller_server]: Passing new path to controller.
[controller_server-7] [INFO] [1790529778.279644353] [controller_server]: Passing new path to controller.
[controller_server-7] [INFO] [1790529779.346314554] [controller_server]: Passing new path to controller.
[controller_server-7] [INFO] [1790529780.346317301] [controller_server]: Passing new path to controller.
[controller_server-7] [INFO] [1790529781.346322106] [controller_server]: Passing new path to controller.
[controller_server-7] [INFO] [1790529782.412988521] [controller_server]: Passing new path to controller.
[controller_server-7] [INFO] [1790529783.412993229] [controller_server]: Passing new path to controller.
[controller_server-7] [INFO] [1790529784.479691571] [controller_server]: Passing new path to controller.
[controller_server-7] [INFO] [1790529785.479644381] [controller_server]: Passing new path to controller.
[controller_server-7] [INFO] [1790529786.479646328] [controller_server]: Passing new path to controller.
[controller_server-7] [INFO] [1790529787.546315668] [controller_server]: Passing new path to controller.
[controller_server-7] [INFO] [1790529788.546317137] [controller_server]: Passing new path to controller.
[controller_server-7] [INFO] [1790529789.546311496] [controller_server]: Passing new path to controller.
[controller_server-7] [INFO] [1790529790.612967348] [controller_server]: Passing new path to controller.
[controller_server-7] [INFO] [1790529791.612981116] [controller_server]: Passing new path to controller.
[controller_server-7] [INFO] [1790529792.679648844] [controller_server]: Passing new path to controller.
[controller_server-7] [INFO] [1790529793.679645803] [controller_server]: Passing new path to controller.
[controller_server-7] [INFO] [1790529794.679645726] [controller_server]: Passing new path to controller.
[controller_server-7] [INFO] [1790529795.746311492] [controller_server]: Passing new path to controller.
[controller_server-7] [INFO] [1790529796.746311165] [controller_server]: Passing new path to controller.
[controller_server-7] [INFO] [1790529797.812985949] [controller_server]: Passing new path to controller.
[controller_server-7] [INFO] [1790529798.812986816] [controller_server]: Passing new path to controller.
[controller_server-7] [INFO] [1790529799.812998736] [controller_server]: Passing new path to controller.
[controller_server-7] [INFO] [1790529800.879647500] [controller_server]: Passing new path to controller.
[controller_server-7] [INFO] [1790529801.879645897] [controller_server]: Passing new path to controller.
[controller_server-7] [INFO] [1790529802.946310585] [controller_server]: Passing new path to controller.
[controller_server-7] [INFO] [1790529803.946328885] [controller_server]: Passing new path to controller.
[controller_server-7] [INFO] [1790529805.012991933] [controller_server]: Passing new path to controller.
[controller_server-7] [INFO] [1790529806.013016895] [controller_server]: Passing new path to controller.
[controller_server-7] [INFO] [1790529807.012984052] [controller_server]: Passing new path to controller.
[controller_server-7] [INFO] [1790529808.079646603] [controller_server]: Passing new path to controller.
[controller_server-7] [INFO] [1790529809.079645916] [controller_server]: Passing new path to controller.
[controller_server-7] [INFO] [1790529810.146326373] [controller_server]: Passing new path to controller.
[controller_server-7] [INFO] [1790529811.146313237] [controller_server]: Passing new path to controller.
[controller_server-7] [INFO] [1790529812.212984360] [controller_server]: Passing new path to controller.
[controller_server-7] [INFO] [1790529813.212971961] [controller_server]: Passing new path to controller.
[controller_server-7] [INFO] [1790529814.212987388] [controller_server]: Passing new path to controller.
[controller_server-7] [INFO] [1790529815.279647519] [controller_server]: Passing new path to controller.
[controller_server-7] [INFO] [1790529816.279648503] [controller_server]: Passing new path to controller.
[controller_server-7] [INFO] [1790529817.346318294] [controller_server]: Passing new path to controller.
[controller_server-7] [INFO] [1790529818.346322882] [controller_server]: Passing new path to controller.
[controller_server-7] [INFO] [1790529819.412974987] [controller_server]: Passing new path to controller.
[controller_server-7] [INFO] [1790529820.412991230] [controller_server]: Passing new path to controller.
[controller_server-7] [INFO] [1790529821.413024266] [controller_server]: Passing new path to controller.
[controller_server-7] [INFO] [1790529822.479645596] [controller_server]: Passing new path to controller.
[controller_server-7] [INFO] [1790529823.479656919] [controller_server]: Passing new path to controller.
[controller_server-7] [INFO] [1790529824.479651861] [controller_server]: Passing new path to controller.
[controller_server-7] [INFO] [1790529825.546315246] [controller_server]: Passing new path to controller.
[controller_server-7] [INFO] [1790529826.546316671] [controller_server]: Passing new path to controller.
[controller_server-7] [INFO] [1790529827.612986303] [controller_server]: Passing new path to controller.
[controller_server-7] [INFO] [1790529828.612980332] [controller_server]: Passing new path to controller.
[controller_server-7] [INFO] [1790529829.679654288] [controller_server]: Passing new path to controller.
[controller_server-7] [INFO] [1790529830.679655999] [controller_server]: Passing new path to controller.
[controller_server-7] [INFO] [1790529831.679648524] [controller_server]: Passing new path to controller.
[controller_server-7] [INFO] [1790529832.746321486] [controller_server]: Passing new path to controller.
[controller_server-7] [INFO] [1790529833.746327122] [controller_server]: Passing new path to controller.
[controller_server-7] [INFO] [1790529834.812972795] [controller_server]: Passing new path to controller.
[controller_server-7] [INFO] [1790529835.812995808] [controller_server]: Passing new path to controller.
[controller_server-7] [INFO] [1790529836.812978946] [controller_server]: Passing new path to controller.
[controller_server-7] [INFO] [1790529837.879647385] [controller_server]: Passing new path to controller.
[controller_server-7] [INFO] [1790529838.879643411] [controller_server]: Passing new path to controller.
[controller_server-7] [INFO] [1790529839.946326154] [controller_server]: Passing new path to controller.
[controller_server-7] [INFO] [1790529840.946323472] [controller_server]: Passing new path to controller.
[controller_server-7] [INFO] [1790529842.013000115] [controller_server]: Passing new path to controller.
[controller_server-7] [INFO] [1790529843.012991943] [controller_server]: Passing new path to controller.
[controller_server-7] [INFO] [1790529844.012982941] [controller_server]: Passing new path to controller.
[controller_server-7] [INFO] [1790529845.079646986] [controller_server]: Passing new path to controller.
[controller_server-7] [INFO] [1790529846.079652746] [controller_server]: Passing new path to controller.
[controller_server-7] [INFO] [1790529847.146317803] [controller_server]: Passing new path to controller.
[controller_server-7] [INFO] [1790529848.146325758] [controller_server]: Passing new path to controller.
[controller_server-7] [INFO] [1790529849.146333206] [controller_server]: Passing new path to controller.
[controller_server-7] [INFO] [1790529850.212968656] [controller_server]: Passing new path to controller.
[controller_server-7] [INFO] [1790529851.212963954] [controller_server]: Passing new path to controller.
[controller_server-7] [INFO] [1790529852.212985957] [controller_server]: Passing new path to controller.
[controller_server-7] [INFO] [1790529853.279643892] [controller_server]: Passing new path to controller.
[controller_server-7] [INFO] [1790529854.279649116] [controller_server]: Passing new path to controller.
[controller_server-7] [INFO] [1790529855.346324857] [controller_server]: Passing new path to controller.
[controller_server-7] [INFO] [1790529856.346316071] [controller_server]: Passing new path to controller.
[controller_server-7] [INFO] [1790529857.412979266] [controller_server]: Passing new path to controller.
[controller_server-7] [INFO] [1790529858.412984686] [controller_server]: Passing new path to controller.
[controller_server-7] [INFO] [1790529859.412975478] [controller_server]: Passing new path to controller.
[controller_server-7] [INFO] [1790529860.479650349] [controller_server]: Passing new path to controller.
[controller_server-7] [INFO] [1790529861.479646870] [controller_server]: Passing new path to controller.
[controller_server-7] [INFO] [1790529862.546326030] [controller_server]: Passing new path to controller.
[controller_server-7] [INFO] [1790529863.546310876] [controller_server]: Passing new path to controller.
[controller_server-7] [INFO] [1790529864.546313761] [controller_server]: Passing new path to controller.
[controller_server-7] [INFO] [1790529865.612979753] [controller_server]: Passing new path to controller.
[controller_server-7] [INFO] [1790529866.612981779] [controller_server]: Passing new path to controller.
[controller_server-7] [INFO] [1790529867.612980155] [controller_server]: Passing new path to controller.
[controller_server-7] [INFO] [1790529868.679649734] [controller_server]: Passing new path to controller.
[controller_server-7] [INFO] [1790529869.679660254] [controller_server]: Passing new path to controller.
[controller_server-7] [INFO] [1790529870.746321690] [controller_server]: Passing new path to controller.
[controller_server-7] [INFO] [1790529871.746322806] [controller_server]: Passing new path to controller.
[controller_server-7] [INFO] [1790529872.812988430] [controller_server]: Passing new path to controller.
[controller_server-7] [INFO] [1790529873.812985889] [controller_server]: Passing new path to controller.
[controller_server-7] [INFO] [1790529874.812980853] [controller_server]: Passing new path to controller.
[controller_server-7] [INFO] [1790529875.879646766] [controller_server]: Passing new path to controller.
[controller_server-7] [INFO] [1790529876.879645492] [controller_server]: Passing new path to controller.
[controller_server-7] [INFO] [1790529877.946311015] [controller_server]: Passing new path to controller.
[controller_server-7] [INFO] [1790529878.946292257] [controller_server]: Passing new path to controller.
[controller_server-7] [INFO] [1790529879.946315739] [controller_server]: Passing new path to controller.
[controller_server-7] [INFO] [1790529881.012984563] [controller_server]: Passing new path to controller.
[controller_server-7] [INFO] [1790529882.012983203] [controller_server]: Passing new path to controller.
[controller_server-7] [INFO] [1790529883.079652754] [controller_server]: Passing new path to controller.
[controller_server-7] [INFO] [1790529884.079661349] [controller_server]: Passing new path to controller.
[controller_server-7] [INFO] [1790529885.079655592] [controller_server]: Passing new path to controller.
[controller_server-7] [INFO] [1790529886.146316844] [controller_server]: Passing new path to controller.
[controller_server-7] [INFO] [1790529887.146316874] [controller_server]: Passing new path to controller.
[controller_server-7] [INFO] [1790529888.213000766] [controller_server]: Passing new path to controller.
[controller_server-7] [INFO] [1790529889.212979439] [controller_server]: Passing new path to controller.
[controller_server-7] [INFO] [1790529890.212978510] [controller_server]: Passing new path to controller.
[controller_server-7] [INFO] [1790529891.279645801] [controller_server]: Passing new path to controller.
[controller_server-7] [INFO] [1790529892.279642738] [controller_server]: Passing new path to controller.
[controller_server-7] [INFO] [1790529893.346315458] [controller_server]: Passing new path to controller.
[controller_server-7] [INFO] [1790529894.346318419] [controller_server]: Passing new path to controller.
[controller_server-7] [INFO] [1790529895.346312362] [controller_server]: Passing new path to controller.
[controller_server-7] [INFO] [1790529896.412983599] [controller_server]: Passing new path to controller.
[controller_server-7] [INFO] [1790529897.412985881] [controller_server]: Passing new path to controller.
[controller_server-7] [INFO] [1790529898.479643423] [controller_server]: Passing new path to controller.
[controller_server-7] [INFO] [1790529899.479644950] [controller_server]: Passing new path to controller.
[controller_server-7] [INFO] [1790529900.479649292] [controller_server]: Passing new path to controller.
[controller_server-7] [INFO] [1790529901.546360782] [controller_server]: Passing new path to controller.
[controller_server-7] [INFO] [1790529902.546312120] [controller_server]: Passing new path to controller.
[controller_server-7] [INFO] [1790529903.612984749] [controller_server]: Passing new path to controller.
[controller_server-7] [INFO] [1790529904.612997136] [controller_server]: Passing new path to controller.
[controller_server-7] [INFO] [1790529905.612989147] [controller_server]: Passing new path to controller.
[controller_server-7] [INFO] [1790529906.679656858] [controller_server]: Passing new path to controller.
[controller_server-7] [INFO] [1790529907.679651916] [controller_server]: Passing new path to controller.
[controller_server-7] [INFO] [1790529908.746325976] [controller_server]: Passing new path to controller.
[controller_server-7] [INFO] [1790529909.746328689] [controller_server]: Passing new path to controller.
[controller_server-7] [INFO] [1790529910.746311893] [controller_server]: Passing new path to controller.
[controller_server-7] [INFO] [1790529911.812981310] [controller_server]: Passing new path to controller.
[controller_server-7] [INFO] [1790529912.812986123] [controller_server]: Passing new path to controller.
[controller_server-7] [INFO] [1790529913.813003841] [controller_server]: Passing new path to controller.
[controller_server-7] [INFO] [1790529914.879647268] [controller_server]: Passing new path to controller.
[controller_server-7] [INFO] [1790529915.879645753] [controller_server]: Passing new path to controller.
[controller_server-7] [INFO] [1790529916.879642707] [controller_server]: Passing new path to controller.
[controller_server-7] [INFO] [1790529917.946324061] [controller_server]: Passing new path to controller.
[controller_server-7] [INFO] [1790529918.946326170] [controller_server]: Passing new path to controller.
[controller_server-7] [INFO] [1790529920.012986315] [controller_server]: Passing new path to controller.
[controller_server-7] [INFO] [1790529921.012977757] [controller_server]: Passing new path to controller.
[controller_server-7] [INFO] [1790529922.012978356] [controller_server]: Passing new path to controller.
[controller_server-7] [INFO] [1790529923.079655211] [controller_server]: Passing new path to controller.
[controller_server-7] [INFO] [1790529924.079652823] [controller_server]: Passing new path to controller.
[controller_server-7] [INFO] [1790529925.146317982] [controller_server]: Passing new path to controller.
[controller_server-7] [INFO] [1790529926.146315865] [controller_server]: Passing new path to controller.
[controller_server-7] [INFO] [1790529927.146320902] [controller_server]: Passing new path to controller.
[controller_server-7] [INFO] [1790529928.212986281] [controller_server]: Passing new path to controller.
[controller_server-7] [INFO] [1790529929.212980551] [controller_server]: Passing new path to controller.
[controller_server-7] [INFO] [1790529930.279644440] [controller_server]: Passing new path to controller.
[controller_server-7] [INFO] [1790529931.279643534] [controller_server]: Passing new path to controller.
[controller_server-7] [INFO] [1790529932.279642781] [controller_server]: Passing new path to controller.
[controller_server-7] [INFO] [1790529933.346311499] [controller_server]: Passing new path to controller.
[controller_server-7] [INFO] [1790529934.346310431] [controller_server]: Passing new path to controller.
[controller_server-7] [INFO] [1790529935.412982526] [controller_server]: Passing new path to controller.
[controller_server-7] [INFO] [1790529936.412982272] [controller_server]: Passing new path to controller.
[controller_server-7] [INFO] [1790529937.412975907] [controller_server]: Passing new path to controller.
[controller_server-7] [INFO] [1790529938.479650548] [controller_server]: Passing new path to controller.
[controller_server-7] [INFO] [1790529939.479645239] [controller_server]: Passing new path to controller.
[controller_server-7] [INFO] [1790529940.546315189] [controller_server]: Passing new path to controller.
[controller_server-7] [INFO] [1790529941.546322154] [controller_server]: Passing new path to controller.
[controller_server-7] [INFO] [1790529942.546318057] [controller_server]: Passing new path to controller.
[controller_server-7] [INFO] [1790529943.612993992] [controller_server]: Passing new path to controller.
[controller_server-7] [INFO] [1790529944.613001318] [controller_server]: Passing new path to controller.
[controller_server-7] [INFO] [1790529945.679649036] [controller_server]: Passing new path to controller.
[controller_server-7] [INFO] [1790529946.679648787] [controller_server]: Passing new path to controller.
[controller_server-7] [INFO] [1790529947.679653839] [controller_server]: Passing new path to controller.
[controller_server-7] [INFO] [1790529948.746315077] [controller_server]: Passing new path to controller.
[controller_server-7] [INFO] [1790529949.746324114] [controller_server]: Passing new path to controller.
[controller_server-7] [INFO] [1790529950.746322516] [controller_server]: Passing new path to controller.
[controller_server-7] [INFO] [1790529951.812978712] [controller_server]: Passing new path to controller.
[controller_server-7] [INFO] [1790529952.812980722] [controller_server]: Passing new path to controller.
[controller_server-7] [INFO] [1790529953.812985062] [controller_server]: Passing new path to controller.
[controller_server-7] [INFO] [1790529954.879642564] [controller_server]: Passing new path to controller.
[controller_server-7] [INFO] [1790529955.879649716] [controller_server]: Passing new path to controller.
[controller_server-7] [INFO] [1790529956.946315231] [controller_server]: Passing new path to controller.
[controller_server-7] [INFO] [1790529957.946322673] [controller_server]: Passing new path to controller.
[controller_server-7] [INFO] [1790529959.012989993] [controller_server]: Passing new path to controller.
[controller_server-7] [INFO] [1790529960.012981103] [controller_server]: Passing new path to controller.
[controller_server-7] [INFO] [1790529961.012980384] [controller_server]: Passing new path to controller.
[controller_server-7] [INFO] [1790529962.079643735] [controller_server]: Passing new path to controller.
[controller_server-7] [INFO] [1790529963.079644334] [controller_server]: Passing new path to controller.
[controller_server-7] [INFO] [1790529964.146309129] [controller_server]: Passing new path to controller.
[controller_server-7] [INFO] [1790529965.146281155] [controller_server]: Passing new path to controller.
[controller_server-7] [INFO] [1790529966.212979214] [controller_server]: Passing new path to controller.
[controller_server-7] [INFO] [1790529967.212982117] [controller_server]: Passing new path to controller.
[controller_server-7] [INFO] [1790529968.212976855] [controller_server]: Passing new path to controller.
[controller_server-7] [INFO] [1790529969.279646053] [controller_server]: Passing new path to controller.
[controller_server-7] [INFO] [1790529970.279641515] [controller_server]: Passing new path to controller.
[controller_server-7] [INFO] [1790529971.346311419] [controller_server]: Passing new path to controller.
[controller_server-7] [INFO] [1790529972.346310669] [controller_server]: Passing new path to controller.
[controller_server-7] [INFO] [1790529973.413024710] [controller_server]: Passing new path to controller.
[controller_server-7] [INFO] [1790529974.412979121] [controller_server]: Passing new path to controller.
[controller_server-7] [INFO] [1790529975.412972240] [controller_server]: Passing new path to controller.
[controller_server-7] [INFO] [1790529976.479644850] [controller_server]: Passing new path to controller.
[controller_server-7] [INFO] [1790529977.479641649] [controller_server]: Passing new path to controller.
[controller_server-7] [INFO] [1790529978.546343523] [controller_server]: Passing new path to controller.
[controller_server-7] [INFO] [1790529979.546316784] [controller_server]: Passing new path to controller.
[controller_server-7] [INFO] [1790529980.613000162] [controller_server]: Passing new path to controller.
[controller_server-7] [INFO] [1790529981.613009869] [controller_server]: Passing new path to controller.
[controller_server-7] [INFO] [1790529982.612989582] [controller_server]: Passing new path to controller.
[controller_server-7] [INFO] [1790529983.679646098] [controller_server]: Passing new path to controller.
[controller_server-7] [INFO] [1790529984.679647486] [controller_server]: Passing new path to controller.
[controller_server-7] [INFO] [1790529985.746334349] [controller_server]: Passing new path to controller.
[controller_server-7] [INFO] [1790529986.746314882] [controller_server]: Passing new path to controller.
[controller_server-7] [INFO] [1790529987.812985060] [controller_server]: Passing new path to controller.
[controller_server-7] [INFO] [1790529988.812982671] [controller_server]: Passing new path to controller.
[controller_server-7] [INFO] [1790529989.812980825] [controller_server]: Passing new path to controller.
[controller_server-7] [INFO] [1790529990.879645532] [controller_server]: Passing new path to controller.
[controller_server-7] [INFO] [1790529991.879643887] [controller_server]: Passing new path to controller.
[controller_server-7] [INFO] [1790529992.879649939] [controller_server]: Passing new path to controller.
[controller_server-7] [INFO] [1790529993.946314653] [controller_server]: Passing new path to controller.
[controller_server-7] [INFO] [1790529994.946312794] [controller_server]: Passing new path to controller.
[controller_server-7] [INFO] [1790529996.012981170] [controller_server]: Passing new path to controller.
[controller_server-7] [INFO] [1790529997.012982301] [controller_server]: Passing new path to controller.
[controller_server-7] [INFO] [1790529998.012975872] [controller_server]: Passing new path to controller.
[controller_server-7] [INFO] [1790529999.079642259] [controller_server]: Passing new path to controller.
[controller_server-7] [INFO] [1790530000.079648266] [controller_server]: Passing new path to controller.
[controller_server-7] [INFO] [1790530001.146314483] [controller_server]: Passing new path to controller.
[controller_server-7] [INFO] [1790530002.146341311] [controller_server]: Passing new path to controller.
[controller_server-7] [INFO] [1790530003.146310515] [controller_server]: Passing new path to controller.
[controller_server-7] [INFO] [1790530004.212984097] [controller_server]: Passing new path to controller.
[controller_server-7] [INFO] [1790530005.212989374] [controller_server]: Passing new path to controller.
[controller_server-7] [INFO] [1790530006.279641614] [controller_server]: Passing new path to controller.
[controller_server-7] [INFO] [1790530007.279648974] [controller_server]: Passing new path to controller.
[controller_server-7] [INFO] [1790530008.279642159] [controller_server]: Passing new path to controller.
[controller_server-7] [INFO] [1790530009.346344698] [controller_server]: Passing new path to controller.
[controller_server-7] [INFO] [1790530010.346310548] [controller_server]: Passing new path to controller.
[controller_server-7] [INFO] [1790530011.412976659] [controller_server]: Passing new path to controller.
[controller_server-7] [INFO] [1790530012.412980023] [controller_server]: Passing new path to controller.
[controller_server-7] [INFO] [1790530013.479653101] [controller_server]: Passing new path to controller.
[controller_server-7] [INFO] [1790530014.479653251] [controller_server]: Passing new path to controller.
[controller_server-7] [INFO] [1790530015.479648425] [controller_server]: Passing new path to controller.
[controller_server-7] [INFO] [1790530016.546320113] [controller_server]: Passing new path to controller.
[controller_server-7] [INFO] [1790530017.546323656] [controller_server]: Passing new path to controller.
[controller_server-7] [INFO] [1790530018.612976115] [controller_server]: Passing new path to controller.
[controller_server-7] [INFO] [1790530019.612986353] [controller_server]: Passing new path to controller.
[controller_server-7] [INFO] [1790530020.679644777] [controller_server]: Passing new path to controller.
[controller_server-7] [INFO] [1790530021.679642242] [controller_server]: Passing new path to controller.
[controller_server-7] [INFO] [1790530022.679649214] [controller_server]: Passing new path to controller.
[controller_server-7] [INFO] [1790530023.746318750] [controller_server]: Passing new path to controller.
[controller_server-7] [INFO] [1790530024.746329391] [controller_server]: Passing new path to controller.
[controller_server-7] [INFO] [1790530025.812977743] [controller_server]: Passing new path to controller.
[controller_server-7] [INFO] [1790530026.813023163] [controller_server]: Passing new path to controller.
[controller_server-7] [INFO] [1790530027.812985493] [controller_server]: Passing new path to controller.
[controller_server-7] [INFO] [1790530028.879652393] [controller_server]: Passing new path to controller.
[controller_server-7] [INFO] [1790530029.879641494] [controller_server]: Passing new path to controller.
[controller_server-7] [INFO] [1790530030.946325825] [controller_server]: Passing new path to controller.
[controller_server-7] [INFO] [1790530031.946316404] [controller_server]: Passing new path to controller.
[controller_server-7] [INFO] [1790530032.946329888] [controller_server]: Passing new path to controller.
[controller_server-7] [INFO] [1790530034.012983420] [controller_server]: Passing new path to controller.
[controller_server-7] [INFO] [1790530035.012983242] [controller_server]: Passing new path to controller.
[controller_server-7] [INFO] [1790530036.012978128] [controller_server]: Passing new path to controller.
[controller_server-7] [INFO] [1790530037.079644273] [controller_server]: Passing new path to controller.
[controller_server-7] [INFO] [1790530038.079646696] [controller_server]: Passing new path to controller.
[controller_server-7] [INFO] [1790530039.146323873] [controller_server]: Passing new path to controller.
[controller_server-7] [INFO] [1790530040.146310748] [controller_server]: Passing new path to controller.
[controller_server-7] [INFO] [1790530041.146312596] [controller_server]: Passing new path to controller.
[controller_server-7] [INFO] [1790530042.212975994] [controller_server]: Passing new path to controller.
[controller_server-7] [INFO] [1790530043.212981537] [controller_server]: Passing new path to controller.
[controller_server-7] [INFO] [1790530044.279645129] [controller_server]: Passing new path to controller.
[controller_server-7] [INFO] [1790530045.279640033] [controller_server]: Passing new path to controller.
[controller_server-7] [INFO] [1790530046.279641125] [controller_server]: Passing new path to controller.
[controller_server-7] [INFO] [1790530047.346318052] [controller_server]: Passing new path to controller.
[controller_server-7] [INFO] [1790530048.346319399] [controller_server]: Passing new path to controller.
[controller_server-7] [INFO] [1790530049.412977880] [controller_server]: Passing new path to controller.
[controller_server-7] [INFO] [1790530050.412983594] [controller_server]: Passing new path to controller.
[controller_server-7] [INFO] [1790530051.412983316] [controller_server]: Passing new path to controller.
[controller_server-7] [INFO] [1790530052.479644668] [controller_server]: Passing new path to controller.
[controller_server-7] [INFO] [1790530053.479643380] [controller_server]: Passing new path to controller.
[controller_server-7] [INFO] [1790530054.546307960] [controller_server]: Passing new path to controller.
[controller_server-7] [INFO] [1790530055.546322576] [controller_server]: Passing new path to controller.
[controller_server-7] [INFO] [1790530056.612990016] [controller_server]: Passing new path to controller.
[controller_server-7] [INFO] [1790530057.612983244] [controller_server]: Passing new path to controller.
[controller_server-7] [INFO] [1790530058.612974337] [controller_server]: Passing new path to controller.
[controller_server-7] [INFO] [1790530059.679647998] [controller_server]: Passing new path to controller.
[controller_server-7] [INFO] [1790530060.679641653] [controller_server]: Passing new path to controller.
[controller_server-7] [INFO] [1790530061.746331245] [controller_server]: Passing new path to controller.
[controller_server-7] [INFO] [1790530062.746319672] [controller_server]: Passing new path to controller.
[controller_server-7] [INFO] [1790530063.812983220] [controller_server]: Passing new path to controller.
[controller_server-7] [INFO] [1790530064.812980141] [controller_server]: Passing new path to controller.
[controller_server-7] [INFO] [1790530065.812986862] [controller_server]: Passing new path to controller.
[controller_server-7] [INFO] [1790530066.879643752] [controller_server]: Passing new path to controller.
[controller_server-7] [INFO] [1790530067.879646431] [controller_server]: Passing new path to controller.
[controller_server-7] [INFO] [1790530068.946312060] [controller_server]: Passing new path to controller.
[controller_server-7] [INFO] [1790530069.946317724] [controller_server]: Passing new path to controller.
[controller_server-7] [INFO] [1790530071.012989061] [controller_server]: Passing new path to controller.
[controller_server-7] [INFO] [1790530072.012981418] [controller_server]: Passing new path to controller.
[controller_server-7] [INFO] [1790530073.012978000] [controller_server]: Passing new path to controller.
[controller_server-7] [INFO] [1790530074.079647188] [controller_server]: Passing new path to controller.
[controller_server-7] [INFO] [1790530075.079654722] [controller_server]: Passing new path to controller.
[controller_server-7] [INFO] [1790530076.079651259] [controller_server]: Passing new path to controller.
[controller_server-7] [INFO] [1790530077.146321397] [controller_server]: Passing new path to controller.
[controller_server-7] [INFO] [1790530078.146324250] [controller_server]: Passing new path to controller.
[controller_server-7] [INFO] [1790530079.212982096] [controller_server]: Passing new path to controller.
[controller_server-7] [INFO] [1790530080.212986979] [controller_server]: Passing new path to controller.
[controller_server-7] [INFO] [1790530081.212977694] [controller_server]: Passing new path to controller.
[controller_server-7] [INFO] [1790530082.279645190] [controller_server]: Passing new path to controller.
[controller_server-7] [INFO] [1790530083.279641324] [controller_server]: Passing new path to controller.
[controller_server-7] [INFO] [1790530084.346321614] [controller_server]: Passing new path to controller.
[controller_server-7] [INFO] [1790530085.346309741] [controller_server]: Passing new path to controller.
[controller_server-7] [INFO] [1790530086.413001880] [controller_server]: Passing new path to controller.
[controller_server-7] [INFO] [1790530087.412982225] [controller_server]: Passing new path to controller.
[controller_server-7] [INFO] [1790530088.412976988] [controller_server]: Passing new path to controller.
[controller_server-7] [INFO] [1790530089.479600242] [controller_server]: Passing new path to controller.
[controller_server-7] [INFO] [1790530090.479646128] [controller_server]: Passing new path to controller.
[controller_server-7] [INFO] [1790530091.479660636] [controller_server]: Passing new path to controller.
[controller_server-7] [INFO] [1790530092.546311848] [controller_server]: Passing new path to controller.
[controller_server-7] [INFO] [1790530093.546309232] [controller_server]: Passing new path to controller.
[controller_server-7] [INFO] [1790530094.612989753] [controller_server]: Passing new path to controller.
[controller_server-7] [INFO] [1790530095.612978775] [controller_server]: Passing new path to controller.
[controller_server-7] [INFO] [1790530096.612977094] [controller_server]: Passing new path to controller.
[controller_server-7] [INFO] [1790530097.679652969] [controller_server]: Passing new path to controller.
[controller_server-7] [INFO] [1790530098.679642122] [controller_server]: Passing new path to controller.
[controller_server-7] [INFO] [1790530099.746315369] [controller_server]: Passing new path to controller.
[controller_server-7] [INFO] [1790530100.746314515] [controller_server]: Passing new path to controller.
[controller_server-7] [INFO] [1790530101.812975286] [controller_server]: Passing new path to controller.
[controller_server-7] [INFO] [1790530102.812990226] [controller_server]: Passing new path to controller.
[controller_server-7] [INFO] [1790530103.812977983] [controller_server]: Passing new path to controller.
[controller_server-7] [INFO] [1790530104.879653672] [controller_server]: Passing new path to controller.
[controller_server-7] [INFO] [1790530105.879647656] [controller_server]: Passing new path to controller.
[controller_server-7] [INFO] [1790530106.946331226] [controller_server]: Passing new path to controller.
[controller_server-7] [INFO] [1790530107.946356432] [controller_server]: Passing new path to controller.
[controller_server-7] [INFO] [1790530109.013389148] [controller_server]: Passing new path to controller.
[controller_server-7] [INFO] [1790530110.012978214] [controller_server]: Passing new path to controller.
[controller_server-7] [INFO] [1790530111.012984533] [controller_server]: Passing new path to controller.
[controller_server-7] [INFO] [1790530112.079651567] [controller_server]: Passing new path to controller.
[controller_server-7] [INFO] [1790530113.079646547] [controller_server]: Passing new path to controller.
[controller_server-7] [INFO] [1790530114.146313546] [controller_server]: Passing new path to controller.
[controller_server-7] [INFO] [1790530115.146324322] [controller_server]: Passing new path to controller.
[controller_server-7] [INFO] [1790530116.212981710] [controller_server]: Passing new path to controller.
[controller_server-7] [INFO] [1790530117.212993279] [controller_server]: Passing new path to controller.
[controller_server-7] [INFO] [1790530118.212978470] [controller_server]: Passing new path to controller.
[controller_server-7] [INFO] [1790530119.279645272] [controller_server]: Passing new path to controller.
[controller_server-7] [INFO] [1790530120.279639955] [controller_server]: Passing new path to controller.
[controller_server-7] [INFO] [1790530121.279650788] [controller_server]: Passing new path to controller.
[controller_server-7] [INFO] [1790530122.346309174] [controller_server]: Passing new path to controller.
[controller_server-7] [INFO] [1790530123.346322178] [controller_server]: Passing new path to controller.
[controller_server-7] [INFO] [1790530124.412977557] [controller_server]: Passing new path to controller.
[controller_server-7] [INFO] [1790530125.412987897] [controller_server]: Passing new path to controller.
[controller_server-7] [INFO] [1790530126.479649353] [controller_server]: Passing new path to controller.
[controller_server-7] [INFO] [1790530127.479643753] [controller_server]: Passing new path to controller.
[controller_server-7] [INFO] [1790530128.479652750] [controller_server]: Passing new path to controller.
[controller_server-7] [INFO] [1790530129.546317490] [controller_server]: Passing new path to controller.
[controller_server-7] [INFO] [1790530130.546324107] [controller_server]: Passing new path to controller.
[controller_server-7] [INFO] [1790530131.612983494] [controller_server]: Passing new path to controller.
[controller_server-7] [INFO] [1790530132.612988689] [controller_server]: Passing new path to controller.
[controller_server-7] [INFO] [1790530133.612982918] [controller_server]: Passing new path to controller.
[controller_server-7] [INFO] [1790530134.679649342] [controller_server]: Passing new path to controller.
[controller_server-7] [INFO] [1790530135.679642920] [controller_server]: Passing new path to controller.
[controller_server-7] [INFO] [1790530136.746319195] [controller_server]: Passing new path to controller.
[controller_server-7] [INFO] [1790530137.746361142] [controller_server]: Passing new path to controller.
[controller_server-7] [INFO] [1790530138.812986831] [controller_server]: Passing new path to controller.
[controller_server-7] [INFO] [1790530139.812986325] [controller_server]: Passing new path to controller.
[controller_server-7] [INFO] [1790530140.812984763] [controller_server]: Passing new path to controller.
[controller_server-7] [INFO] [1790530141.879644769] [controller_server]: Passing new path to controller.
[controller_server-7] [INFO] [1790530142.879646362] [controller_server]: Passing new path to controller.
[controller_server-7] [INFO] [1790530143.946320928] [controller_server]: Passing new path to controller.
[controller_server-7] [INFO] [1790530144.946314886] [controller_server]: Passing new path to controller.
[controller_server-7] [INFO] [1790530145.946307174] [controller_server]: Passing new path to controller.
[controller_server-7] [INFO] [1790530147.012982818] [controller_server]: Passing new path to controller.
[controller_server-7] [INFO] [1790530148.012990149] [controller_server]: Passing new path to controller.
[controller_server-7] [INFO] [1790530149.079642883] [controller_server]: Passing new path to controller.
[controller_server-7] [INFO] [1790530150.079655559] [controller_server]: Passing new path to controller.
[controller_server-7] [INFO] [1790530151.079651052] [controller_server]: Passing new path to controller.
[controller_server-7] [INFO] [1790530152.146314820] [controller_server]: Passing new path to controller.
[controller_server-7] [INFO] [1790530153.146310569] [controller_server]: Passing new path to controller.
[controller_server-7] [INFO] [1790530154.212988540] [controller_server]: Passing new path to controller.
[controller_server-7] [INFO] [1790530155.212977715] [controller_server]: Passing new path to controller.
[controller_server-7] [INFO] [1790530156.279639828] [controller_server]: Passing new path to controller.
[controller_server-7] [INFO] [1790530157.279639489] [controller_server]: Passing new path to controller.
[controller_server-7] [INFO] [1790530158.279638938] [controller_server]: Passing new path to controller.
[controller_server-7] [INFO] [1790530159.346308513] [controller_server]: Passing new path to controller.
[controller_server-7] [INFO] [1790530160.346306026] [controller_server]: Passing new path to controller.
[controller_server-7] [INFO] [1790530161.412981404] [controller_server]: Passing new path to controller.
[controller_server-7] [INFO] [1790530162.412978648] [controller_server]: Passing new path to controller.
[controller_server-7] [INFO] [1790530163.412981980] [controller_server]: Passing new path to controller.
[controller_server-7] [INFO] [1790530164.479646770] [controller_server]: Passing new path to controller.
[controller_server-7] [INFO] [1790530165.479654424] [controller_server]: Passing new path to controller.
[controller_server-7] [INFO] [1790530166.546328190] [controller_server]: Passing new path to controller.
[controller_server-7] [INFO] [1790530167.546309998] [controller_server]: Passing new path to controller.
[controller_server-7] [INFO] [1790530168.612997400] [controller_server]: Passing new path to controller.
[controller_server-7] [INFO] [1790530169.612973691] [controller_server]: Passing new path to controller.
[controller_server-7] [INFO] [1790530170.612985121] [controller_server]: Passing new path to controller.
[controller_server-7] [INFO] [1790530171.679640045] [controller_server]: Passing new path to controller.
[controller_server-7] [INFO] [1790530172.679650490] [controller_server]: Passing new path to controller.
[controller_server-7] [INFO] [1790530173.679648928] [controller_server]: Passing new path to controller.
[controller_server-7] [INFO] [1790530174.746310400] [controller_server]: Passing new path to controller.
[controller_server-7] [INFO] [1790530175.746331758] [controller_server]: Passing new path to controller.
[controller_server-7] [INFO] [1790530176.812983717] [controller_server]: Passing new path to controller.
[controller_server-7] [INFO] [1790530177.812985959] [controller_server]: Passing new path to controller.
[controller_server-7] [INFO] [1790530178.812978345] [controller_server]: Passing new path to controller.
[controller_server-7] [INFO] [1790530179.879643554] [controller_server]: Passing new path to controller.
[controller_server-7] [INFO] [1790530180.879642214] [controller_server]: Passing new path to controller.
[controller_server-7] [INFO] [1790530181.946312522] [controller_server]: Passing new path to controller.
[controller_server-7] [INFO] [1790530182.946316858] [controller_server]: Passing new path to controller.
[controller_server-7] [INFO] [1790530184.012978846] [controller_server]: Passing new path to controller.
[controller_server-7] [INFO] [1790530185.012988833] [controller_server]: Passing new path to controller.
[controller_server-7] [INFO] [1790530186.012975988] [controller_server]: Passing new path to controller.
[controller_server-7] [INFO] [1790530187.079642454] [controller_server]: Passing new path to controller.
[controller_server-7] [INFO] [1790530188.079644147] [controller_server]: Passing new path to controller.
[controller_server-7] [INFO] [1790530189.079645032] [controller_server]: Passing new path to controller.
[controller_server-7] [INFO] [1790530190.146314031] [controller_server]: Passing new path to controller.
[controller_server-7] [INFO] [1790530191.146324151] [controller_server]: Passing new path to controller.
[controller_server-7] [INFO] [1790530192.212973966] [controller_server]: Passing new path to controller.
[controller_server-7] [INFO] [1790530193.212992021] [controller_server]: Passing new path to controller.
[controller_server-7] [INFO] [1790530194.279651508] [controller_server]: Passing new path to controller.
[controller_server-7] [INFO] [1790530195.279643523] [controller_server]: Passing new path to controller.
[controller_server-7] [INFO] [1790530196.279650207] [controller_server]: Passing new path to controller.
[controller_server-7] [INFO] [1790530197.346311983] [controller_server]: Passing new path to controller.
[controller_server-7] [INFO] [1790530198.346305398] [controller_server]: Passing new path to controller.
[controller_server-7] [INFO] [1790530199.413027172] [controller_server]: Passing new path to controller.
[controller_server-7] [INFO] [1790530200.412968978] [controller_server]: Passing new path to controller.
[controller_server-7] [INFO] [1790530201.412973075] [controller_server]: Passing new path to controller.
[controller_server-7] [INFO] [1790530202.479648652] [controller_server]: Passing new path to controller.
[controller_server-7] [INFO] [1790530203.479651107] [controller_server]: Passing new path to controller.
[controller_server-7] [INFO] [1790530204.546316909] [controller_server]: Passing new path to controller.
[controller_server-7] [INFO] [1790530205.546315913] [controller_server]: Passing new path to controller.
[controller_server-7] [INFO] [1790530206.612985757] [controller_server]: Passing new path to controller.
[controller_server-7] [INFO] [1790530207.612978731] [controller_server]: Passing new path to controller.
[controller_server-7] [INFO] [1790530208.612974617] [controller_server]: Passing new path to controller.
[controller_server-7] [INFO] [1790530209.679639883] [controller_server]: Passing new path to controller.
[controller_server-7] [INFO] [1790530210.679640686] [controller_server]: Passing new path to controller.
[controller_server-7] [INFO] [1790530211.746344101] [controller_server]: Passing new path to controller.
[controller_server-7] [INFO] [1790530212.746320850] [controller_server]: Passing new path to controller.
[controller_server-7] [INFO] [1790530213.812983088] [controller_server]: Passing new path to controller.
[controller_server-7] [INFO] [1790530214.812984848] [controller_server]: Passing new path to controller.
[controller_server-7] [INFO] [1790530215.812977250] [controller_server]: Passing new path to controller.
[controller_server-7] [INFO] [1790530216.879641465] [controller_server]: Passing new path to controller.
[controller_server-7] [INFO] [1790530217.879643256] [controller_server]: Passing new path to controller.
[controller_server-7] [INFO] [1790530218.879642704] [controller_server]: Passing new path to controller.
[controller_server-7] [INFO] [1790530219.946320224] [controller_server]: Passing new path to controller.
[controller_server-7] [INFO] [1790530220.946307980] [controller_server]: Passing new path to controller.
[controller_server-7] [INFO] [1790530222.012937870] [controller_server]: Passing new path to controller.
[controller_server-7] [INFO] [1790530223.013001531] [controller_server]: Passing new path to controller.
[controller_server-7] [INFO] [1790530224.012973088] [controller_server]: Passing new path to controller.
[controller_server-7] [INFO] [1790530225.079648252] [controller_server]: Passing new path to controller.
[controller_server-7] [INFO] [1790530226.079651677] [controller_server]: Passing new path to controller.
[controller_server-7] [INFO] [1790530227.146312382] [controller_server]: Passing new path to controller.
[controller_server-7] [INFO] [1790530228.146315112] [controller_server]: Passing new path to controller.
[controller_server-7] [INFO] [1790530229.146285175] [controller_server]: Passing new path to controller.
[controller_server-7] [INFO] [1790530230.212982892] [controller_server]: Passing new path to controller.
[controller_server-7] [INFO] [1790530231.212989795] [controller_server]: Passing new path to controller.
[controller_server-7] [INFO] [1790530232.212973322] [controller_server]: Passing new path to controller.
[controller_server-7] [INFO] [1790530233.279643485] [controller_server]: Passing new path to controller.
[controller_server-7] [INFO] [1790530234.279648008] [controller_server]: Passing new path to controller.
[controller_server-7] [INFO] [1790530235.346310716] [controller_server]: Passing new path to controller.
[controller_server-7] [INFO] [1790530236.346313657] [controller_server]: Passing new path to controller.
[controller_server-7] [INFO] [1790530237.346320530] [controller_server]: Passing new path to controller.
[controller_server-7] [INFO] [1790530238.412976261] [controller_server]: Passing new path to controller.
[controller_server-7] [INFO] [1790530239.412971076] [controller_server]: Passing new path to controller.
[controller_server-7] [INFO] [1790530240.479645790] [controller_server]: Passing new path to controller.
[controller_server-7] [INFO] [1790530241.479646988] [controller_server]: Passing new path to controller.
[controller_server-7] [INFO] [1790530242.479640717] [controller_server]: Passing new path to controller.
[controller_server-7] [INFO] [1790530243.546347593] [controller_server]: Passing new path to controller.
[controller_server-7] [INFO] [1790530244.546312304] [controller_server]: Passing new path to controller.
[controller_server-7] [INFO] [1790530245.612985453] [controller_server]: Passing new path to controller.
[controller_server-7] [INFO] [1790530246.612975746] [controller_server]: Passing new path to controller.
[controller_server-7] [INFO] [1790530247.612981884] [controller_server]: Passing new path to controller.
[controller_server-7] [INFO] [1790530248.679641573] [controller_server]: Passing new path to controller.
[controller_server-7] [INFO] [1790530249.679638461] [controller_server]: Passing new path to controller.
[controller_server-7] [INFO] [1790530250.746314319] [controller_server]: Passing new path to controller.
[controller_server-7] [INFO] [1790530251.746326055] [controller_server]: Passing new path to controller.
[controller_server-7] [INFO] [1790530252.812971125] [controller_server]: Passing new path to controller.
[controller_server-7] [INFO] [1790530253.812974581] [controller_server]: Passing new path to controller.
[controller_server-7] [INFO] [1790530254.812973684] [controller_server]: Passing new path to controller.
[controller_server-7] [INFO] [1790530255.879641283] [controller_server]: Passing new path to controller.
[controller_server-7] [INFO] [1790530256.879640422] [controller_server]: Passing new path to controller.
[controller_server-7] [INFO] [1790530257.946326588] [controller_server]: Passing new path to controller.
[controller_server-7] [INFO] [1790530258.946310568] [controller_server]: Passing new path to controller.
[controller_server-7] [INFO] [1790530259.946314224] [controller_server]: Passing new path to controller.
[controller_server-7] [INFO] [1790530261.012992264] [controller_server]: Passing new path to controller.
[controller_server-7] [INFO] [1790530262.012985999] [controller_server]: Passing new path to controller.
[controller_server-7] [INFO] [1790530263.012982763] [controller_server]: Passing new path to controller.
[controller_server-7] [INFO] [1790530264.079651279] [controller_server]: Passing new path to controller.
[controller_server-7] [INFO] [1790530265.079658351] [controller_server]: Passing new path to controller.
[controller_server-7] [INFO] [1790530266.146316507] [controller_server]: Passing new path to controller.
[controller_server-7] [INFO] [1790530267.146315421] [controller_server]: Passing new path to controller.
[controller_server-7] [INFO] [1790530268.146313873] [controller_server]: Passing new path to controller.
[controller_server-7] [INFO] [1790530269.212976962] [controller_server]: Passing new path to controller.
[controller_server-7] [INFO] [1790530270.212981435] [controller_server]: Passing new path to controller.
[controller_server-7] [INFO] [1790530271.279641298] [controller_server]: Passing new path to controller.
[controller_server-7] [INFO] [1790530272.279643089] [controller_server]: Passing new path to controller.
[controller_server-7] [INFO] [1790530273.279636856] [controller_server]: Passing new path to controller.
[controller_server-7] [INFO] [1790530274.346311935] [controller_server]: Passing new path to controller.
[controller_server-7] [INFO] [1790530275.346309358] [controller_server]: Passing new path to controller.
[controller_server-7] [INFO] [1790530276.346309958] [controller_server]: Passing new path to controller.
[controller_server-7] [INFO] [1790530277.412977099] [controller_server]: Passing new path to controller.
[controller_server-7] [INFO] [1790530278.412974418] [controller_server]: Passing new path to controller.
[controller_server-7] [INFO] [1790530279.412971030] [controller_server]: Passing new path to controller.
[controller_server-7] [INFO] [1790530280.479644046] [controller_server]: Passing new path to controller.
[controller_server-7] [INFO] [1790530281.479639308] [controller_server]: Passing new path to controller.
[controller_server-7] [INFO] [1790530282.546309182] [controller_server]: Passing new path to controller.
[controller_server-7] [INFO] [1790530283.546312988] [controller_server]: Passing new path to controller.
[controller_server-7] [INFO] [1790530284.612980983] [controller_server]: Passing new path to controller.
[controller_server-7] [INFO] [1790530285.612996379] [controller_server]: Passing new path to controller.
[controller_server-7] [INFO] [1790530286.612972426] [controller_server]: Passing new path to controller.
[controller_server-7] [INFO] [1790530287.679653233] [controller_server]: Passing new path to controller.
[controller_server-7] [INFO] [1790530288.679650548] [controller_server]: Passing new path to controller.
[controller_server-7] [INFO] [1790530289.746317469] [controller_server]: Passing new path to controller.
[controller_server-7] [INFO] [1790530290.746318499] [controller_server]: Passing new path to controller.
[controller_server-7] [INFO] [1790530291.746307014] [controller_server]: Passing new path to controller.
[controller_server-7] [INFO] [1790530292.812979843] [controller_server]: Passing new path to controller.
[controller_server-7] [INFO] [1790530293.812980155] [controller_server]: Passing new path to controller.
[controller_server-7] [INFO] [1790530294.812975710] [controller_server]: Passing new path to controller.
[controller_server-7] [INFO] [1790530295.879647249] [controller_server]: Passing new path to controller.
[controller_server-7] [INFO] [1790530296.879638997] [controller_server]: Passing new path to controller.
[controller_server-7] [INFO] [1790530297.946332229] [controller_server]: Passing new path to controller.
[controller_server-7] [INFO] [1790530298.946315229] [controller_server]: Passing new path to controller.
[controller_server-7] [INFO] [1790530300.012985793] [controller_server]: Passing new path to controller.
[controller_server-7] [INFO] [1790530301.012999011] [controller_server]: Passing new path to controller.
[controller_server-7] [INFO] [1790530302.012976841] [controller_server]: Passing new path to controller.
[controller_server-7] [INFO] [1790530303.079640566] [controller_server]: Passing new path to controller.
[controller_server-7] [INFO] [1790530304.079640462] [controller_server]: Passing new path to controller.
[controller_server-7] [INFO] [1790530305.146309878] [controller_server]: Passing new path to controller.
[controller_server-7] [INFO] [1790530306.146324184] [controller_server]: Passing new path to controller.
[controller_server-7] [INFO] [1790530307.212979655] [controller_server]: Passing new path to controller.
[controller_server-7] [INFO] [1790530308.212977876] [controller_server]: Passing new path to controller.
[controller_server-7] [INFO] [1790530309.212978552] [controller_server]: Passing new path to controller.
[controller_server-7] [INFO] [1790530310.279639439] [controller_server]: Passing new path to controller.
[controller_server-7] [INFO] [1790530311.279646132] [controller_server]: Passing new path to controller.
[controller_server-7] [INFO] [1790530312.346309798] [controller_server]: Passing new path to controller.
[controller_server-7] [INFO] [1790530313.346320019] [controller_server]: Passing new path to controller.
[controller_server-7] [INFO] [1790530314.346309325] [controller_server]: Passing new path to controller.
[controller_server-7] [INFO] [1790530315.412991236] [controller_server]: Passing new path to controller.
[controller_server-7] [INFO] [1790530316.412974540] [controller_server]: Passing new path to controller.
[controller_server-7] [INFO] [1790530317.479649201] [controller_server]: Passing new path to controller.
[controller_server-7] [INFO] [1790530318.479648471] [controller_server]: Passing new path to controller.
[controller_server-7] [INFO] [1790530319.479638403] [controller_server]: Passing new path to controller.
[controller_server-7] [INFO] [1790530320.546321120] [controller_server]: Passing new path to controller.
[controller_server-7] [INFO] [1790530321.546305203] [controller_server]: Passing new path to controller.
[controller_server-7] [INFO] [1790530322.612982842] [controller_server]: Passing new path to controller.
[controller_server-7] [INFO] [1790530323.612988799] [controller_server]: Passing new path to controller.
[controller_server-7] [INFO] [1790530324.612976086] [controller_server]: Passing new path to controller.
[controller_server-7] [INFO] [1790530325.679644660] [controller_server]: Passing new path to controller.
[controller_server-7] [INFO] [1790530326.679643353] [controller_server]: Passing new path to controller.
[controller_server-7] [INFO] [1790530327.746317476] [controller_server]: Passing new path to controller.
[controller_server-7] [INFO] [1790530328.746317446] [controller_server]: Passing new path to controller.
[controller_server-7] [INFO] [1790530329.812979829] [controller_server]: Passing new path to controller.
[controller_server-7] [INFO] [1790530330.812979117] [controller_server]: Passing new path to controller.
[controller_server-7] [INFO] [1790530331.812978177] [controller_server]: Passing new path to controller.
[controller_server-7] [INFO] [1790530332.879643556] [controller_server]: Passing new path to controller.
[controller_server-7] [INFO] [1790530333.879641865] [controller_server]: Passing new path to controller.
[controller_server-7] [INFO] [1790530334.879646814] [controller_server]: Passing new path to controller.
[controller_server-7] [INFO] [1790530335.946320144] [controller_server]: Passing new path to controller.
[controller_server-7] [INFO] [1790530336.946312073] [controller_server]: Passing new path to controller.
[controller_server-7] [INFO] [1790530338.012984259] [controller_server]: Passing new path to controller.
[controller_server-7] [INFO] [1790530339.012979887] [controller_server]: Passing new path to controller.
[controller_server-7] [INFO] [1790530340.079648707] [controller_server]: Passing new path to controller.
[controller_server-7] [INFO] [1790530341.079646789] [controller_server]: Passing new path to controller.
[controller_server-7] [INFO] [1790530342.079605339] [controller_server]: Passing new path to controller.
[controller_server-7] [INFO] [1790530343.146326185] [controller_server]: Passing new path to controller.
[controller_server-7] [INFO] [1790530344.146308792] [controller_server]: Passing new path to controller.
[controller_server-7] [INFO] [1790530345.212975481] [controller_server]: Passing new path to controller.
[controller_server-7] [INFO] [1790530346.212972586] [controller_server]: Passing new path to controller.
[controller_server-7] [INFO] [1790530347.212979218] [controller_server]: Passing new path to controller.
[controller_server-7] [INFO] [1790530348.279646094] [controller_server]: Passing new path to controller.
[controller_server-7] [INFO] [1790530349.279640479] [controller_server]: Passing new path to controller.
[controller_server-7] [INFO] [1790530350.346318935] [controller_server]: Passing new path to controller.
[controller_server-7] [INFO] [1790530351.346306328] [controller_server]: Passing new path to controller.
[controller_server-7] [INFO] [1790530352.346306726] [controller_server]: Passing new path to controller.
[controller_server-7] [INFO] [1790530353.412980905] [controller_server]: Passing new path to controller.
[controller_server-7] [INFO] [1790530354.412972305] [controller_server]: Passing new path to controller.
[controller_server-7] [INFO] [1790530355.479641883] [controller_server]: Passing new path to controller.
[controller_server-7] [INFO] [1790530356.479642696] [controller_server]: Passing new path to controller.
[controller_server-7] [INFO] [1790530357.479662182] [controller_server]: Passing new path to controller.
[controller_server-7] [INFO] [1790530358.546318969] [controller_server]: Passing new path to controller.
[controller_server-7] [INFO] [1790530359.546319593] [controller_server]: Passing new path to controller.
[controller_server-7] [INFO] [1790530360.613003934] [controller_server]: Passing new path to controller.
[controller_server-7] [INFO] [1790530361.612971380] [controller_server]: Passing new path to controller.
[controller_server-7] [INFO] [1790530362.612987239] [controller_server]: Passing new path to controller.
[controller_server-7] [INFO] [1790530363.679638811] [controller_server]: Passing new path to controller.
[controller_server-7] [INFO] [1790530364.679646424] [controller_server]: Passing new path to controller.
[controller_server-7] [INFO] [1790530365.746311600] [controller_server]: Passing new path to controller.
[controller_server-7] [INFO] [1790530366.746309146] [controller_server]: Passing new path to controller.
[controller_server-7] [INFO] [1790530367.812991301] [controller_server]: Passing new path to controller.
[controller_server-7] [INFO] [1790530368.812980549] [controller_server]: Passing new path to controller.
[controller_server-7] [INFO] [1790530369.812974442] [controller_server]: Passing new path to controller.
[controller_server-7] [INFO] [1790530370.879638580] [controller_server]: Passing new path to controller.
[controller_server-7] [INFO] [1790530371.879647961] [controller_server]: Passing new path to controller.
[controller_server-7] [INFO] [1790530372.946318131] [controller_server]: Passing new path to controller.
[controller_server-7] [INFO] [1790530373.946343824] [controller_server]: Passing new path to controller.
[controller_server-7] [INFO] [1790530375.012984266] [controller_server]: Passing new path to controller.
[controller_server-7] [INFO] [1790530376.012978859] [controller_server]: Passing new path to controller.
[controller_server-7] [INFO] [1790530377.012972733] [controller_server]: Passing new path to controller.
[controller_server-7] [INFO] [1790530378.079646233] [controller_server]: Passing new path to controller.
[controller_server-7] [INFO] [1790530379.079640969] [controller_server]: Passing new path to controller.
[controller_server-7] [INFO] [1790530380.146309159] [controller_server]: Passing new path to controller.
[controller_server-7] [INFO] [1790530381.146317027] [controller_server]: Passing new path to controller.
[controller_server-7] [INFO] [1790530382.212978993] [controller_server]: Passing new path to controller.
[controller_server-7] [INFO] [1790530383.212992009] [controller_server]: Passing new path to controller.
[controller_server-7] [INFO] [1790530384.212975020] [controller_server]: Passing new path to controller.
[controller_server-7] [INFO] [1790530385.279637996] [controller_server]: Passing new path to controller.
[controller_server-7] [INFO] [1790530386.279638634] [controller_server]: Passing new path to controller.
[controller_server-7] [INFO] [1790530387.346311450] [controller_server]: Passing new path to controller.
[controller_server-7] [INFO] [1790530388.346329764] [controller_server]: Passing new path to controller.
[controller_server-7] [INFO] [1790530389.346321148] [controller_server]: Passing new path to controller.
[controller_server-7] [INFO] [1790530390.412977461] [controller_server]: Passing new path to controller.
[controller_server-7] [INFO] [1790530391.412976256] [controller_server]: Passing new path to controller.
[controller_server-7] [INFO] [1790530392.412972483] [controller_server]: Passing new path to controller.
[controller_server-7] [INFO] [1790530393.479639836] [controller_server]: Passing new path to controller.
[controller_server-7] [INFO] [1790530394.479648168] [controller_server]: Passing new path to controller.
[controller_server-7] [INFO] [1790530395.479641464] [controller_server]: Passing new path to controller.
[controller_server-7] [INFO] [1790530396.546328682] [controller_server]: Passing new path to controller.
[controller_server-7] [INFO] [1790530397.546308487] [controller_server]: Passing new path to controller.
[controller_server-7] [INFO] [1790530398.612974329] [controller_server]: Passing new path to controller.
[controller_server-7] [INFO] [1790530399.612977712] [controller_server]: Passing new path to controller.
[controller_server-7] [INFO] [1790530400.679700229] [controller_server]: Passing new path to controller.
[controller_server-7] [INFO] [1790530401.679647283] [controller_server]: Passing new path to controller.
[controller_server-7] [INFO] [1790530402.679648603] [controller_server]: Passing new path to controller.
[controller_server-7] [INFO] [1790530403.746322324] [controller_server]: Passing new path to controller.
[controller_server-7] [INFO] [1790530404.746280681] [controller_server]: Passing new path to controller.
[controller_server-7] [INFO] [1790530405.746319126] [controller_server]: Passing new path to controller.
[controller_server-7] [INFO] [1790530406.812976972] [controller_server]: Passing new path to controller.
[controller_server-7] [INFO] [1790530407.812984201] [controller_server]: Passing new path to controller.
[controller_server-7] [INFO] [1790530408.879614318] [controller_server]: Passing new path to controller.
[controller_server-7] [INFO] [1790530409.879643647] [controller_server]: Passing new path to controller.
[controller_server-7] [INFO] [1790530410.879675648] [controller_server]: Passing new path to controller.
[controller_server-7] [INFO] [1790530411.946310114] [controller_server]: Passing new path to controller.
[controller_server-7] [INFO] [1790530412.946325702] [controller_server]: Passing new path to controller.
[controller_server-7] [INFO] [1790530413.946306500] [controller_server]: Passing new path to controller.
[controller_server-7] [INFO] [1790530415.012981406] [controller_server]: Passing new path to controller.
[controller_server-7] [INFO] [1790530416.012986542] [controller_server]: Passing new path to controller.
[controller_server-7] [INFO] [1790530417.012982805] [controller_server]: Passing new path to controller.
[controller_server-7] [INFO] [1790530418.079643410] [controller_server]: Passing new path to controller.
[controller_server-7] [INFO] [1790530419.079638083] [controller_server]: Passing new path to controller.
[controller_server-7] [INFO] [1790530420.146307050] [controller_server]: Passing new path to controller.
[controller_server-7] [INFO] [1790530421.146307951] [controller_server]: Passing new path to controller.
[controller_server-7] [INFO] [1790530422.146305602] [controller_server]: Passing new path to controller.
[controller_server-7] [INFO] [1790530423.212986788] [controller_server]: Passing new path to controller.
[controller_server-7] [INFO] [1790530424.212989494] [controller_server]: Passing new path to controller.
[controller_server-7] [INFO] [1790530425.279638393] [controller_server]: Passing new path to controller.
[controller_server-7] [INFO] [1790530426.279646746] [controller_server]: Passing new path to controller.
[controller_server-7] [INFO] [1790530427.279652261] [controller_server]: Passing new path to controller.
[controller_server-7] [INFO] [1790530428.346326389] [controller_server]: Passing new path to controller.
[controller_server-7] [INFO] [1790530429.346316354] [controller_server]: Passing new path to controller.
[controller_server-7] [INFO] [1790530430.346312504] [controller_server]: Passing new path to controller.
[controller_server-7] [INFO] [1790530431.413024634] [controller_server]: Passing new path to controller.
[controller_server-7] [INFO] [1790530432.412978219] [controller_server]: Passing new path to controller.
[controller_server-7] [INFO] [1790530433.412971572] [controller_server]: Passing new path to controller.
[controller_server-7] [INFO] [1790530434.479642510] [controller_server]: Passing new path to controller.
[controller_server-7] [INFO] [1790530435.479644158] [controller_server]: Passing new path to controller.
[controller_server-7] [INFO] [1790530436.546312252] [controller_server]: Passing new path to controller.
[controller_server-7] [INFO] [1790530437.546313425] [controller_server]: Passing new path to controller.
[controller_server-7] [INFO] [1790530438.612972275] [controller_server]: Passing new path to controller.
[controller_server-7] [INFO] [1790530439.612977665] [controller_server]: Passing new path to controller.
[controller_server-7] [INFO] [1790530440.612984044] [controller_server]: Passing new path to controller.
[controller_server-7] [INFO] [1790530441.679645273] [controller_server]: Passing new path to controller.
[controller_server-7] [INFO] [1790530442.679645050] [controller_server]: Passing new path to controller.
[controller_server-7] [INFO] [1790530443.679639531] [controller_server]: Passing new path to controller.
[controller_server-7] [INFO] [1790530444.746307105] [controller_server]: Passing new path to controller.
[controller_server-7] [INFO] [1790530445.746304689] [controller_server]: Passing new path to controller.
[controller_server-7] [INFO] [1790530446.812976638] [controller_server]: Passing new path to controller.
[controller_server-7] [INFO] [1790530447.812974007] [controller_server]: Passing new path to controller.
[controller_server-7] [INFO] [1790530448.812971070] [controller_server]: Passing new path to controller.
[controller_server-7] [INFO] [1790530449.879642280] [controller_server]: Passing new path to controller.
[controller_server-7] [INFO] [1790530450.879637273] [controller_server]: Passing new path to controller.
[controller_server-7] [INFO] [1790530451.946320868] [controller_server]: Passing new path to controller.
[controller_server-7] [INFO] [1790530452.946320589] [controller_server]: Passing new path to controller.
[controller_server-7] [INFO] [1790530454.012979134] [controller_server]: Passing new path to controller.
[controller_server-7] [INFO] [1790530455.012971865] [controller_server]: Passing new path to controller.
[controller_server-7] [INFO] [1790530456.012995104] [controller_server]: Passing new path to controller.
[controller_server-7] [INFO] [1790530457.079637794] [controller_server]: Passing new path to controller.
[controller_server-7] [INFO] [1790530458.079641729] [controller_server]: Passing new path to controller.
[controller_server-7] [INFO] [1790530459.146326741] [controller_server]: Passing new path to controller.
[controller_server-7] [INFO] [1790530460.146313621] [controller_server]: Passing new path to controller.
[controller_server-7] [INFO] [1790530461.212982732] [controller_server]: Passing new path to controller.
[controller_server-7] [INFO] [1790530462.212977497] [controller_server]: Passing new path to controller.
[controller_server-7] [INFO] [1790530463.212989700] [controller_server]: Passing new path to controller.
[controller_server-7] [INFO] [1790530464.279641255] [controller_server]: Passing new path to controller.
[controller_server-7] [INFO] [1790530465.279636893] [controller_server]: Passing new path to controller.
[controller_server-7] [INFO] [1790530466.346318283] [controller_server]: Passing new path to controller.
[controller_server-7] [INFO] [1790530467.346311316] [controller_server]: Passing new path to controller.
[controller_server-7] [INFO] [1790530468.412973205] [controller_server]: Passing new path to controller.
[controller_server-7] [INFO] [1790530469.412985396] [controller_server]: Passing new path to controller.
[controller_server-7] [INFO] [1790530470.412975874] [controller_server]: Passing new path to controller.
[controller_server-7] [INFO] [1790530471.479636231] [controller_server]: Passing new path to controller.
[controller_server-7] [INFO] [1790530472.479645381] [controller_server]: Passing new path to controller.
[controller_server-7] [INFO] [1790530473.546305108] [controller_server]: Passing new path to controller.
[controller_server-7] [INFO] [1790530474.546315236] [controller_server]: Passing new path to controller.
[controller_server-7] [INFO] [1790530475.546314008] [controller_server]: Passing new path to controller.
[controller_server-7] [INFO] [1790530476.612973060] [controller_server]: Passing new path to controller.
[controller_server-7] [INFO] [1790530477.612989567] [controller_server]: Passing new path to controller.
[controller_server-7] [INFO] [1790530478.679641455] [controller_server]: Passing new path to controller.
[controller_server-7] [INFO] [1790530479.679641681] [controller_server]: Passing new path to controller.
[controller_server-7] [INFO] [1790530480.679639694] [controller_server]: Passing new path to controller.
[controller_server-7] [INFO] [1790530481.746308592] [controller_server]: Passing new path to controller.
[controller_server-7] [INFO] [1790530482.746316804] [controller_server]: Passing new path to controller.
[controller_server-7] [INFO] [1790530483.746326881] [controller_server]: Passing new path to controller.
[controller_server-7] [INFO] [1790530484.812975521] [controller_server]: Passing new path to controller.
[controller_server-7] [INFO] [1790530485.812986520] [controller_server]: Passing new path to controller.
[controller_server-7] [INFO] [1790530486.812974117] [controller_server]: Passing new path to controller.
[controller_server-7] [INFO] [1790530487.879640395] [controller_server]: Passing new path to controller.
[controller_server-7] [INFO] [1790530488.879646691] [controller_server]: Passing new path to controller.
[controller_server-7] [INFO] [1790530489.879641503] [controller_server]: Passing new path to controller.
[controller_server-7] [INFO] [1790530490.946305166] [controller_server]: Passing new path to controller.
[controller_server-7] [INFO] [1790530491.946315136] [controller_server]: Passing new path to controller.
[controller_server-7] [INFO] [1790530493.012981479] [controller_server]: Passing new path to controller.
[controller_server-7] [INFO] [1790530494.012996643] [controller_server]: Passing new path to controller.
[controller_server-7] [INFO] [1790530495.079642317] [controller_server]: Passing new path to controller.
[controller_server-7] [INFO] [1790530496.079647203] [controller_server]: Passing new path to controller.
[controller_server-7] [INFO] [1790530497.079636931] [controller_server]: Passing new path to controller.
[controller_server-7] [INFO] [1790530498.146310636] [controller_server]: Passing new path to controller.
[controller_server-7] [INFO] [1790530499.146313023] [controller_server]: Passing new path to controller.
[controller_server-7] [INFO] [1790530500.212974494] [controller_server]: Passing new path to controller.
[controller_server-7] [INFO] [1790530501.212976393] [controller_server]: Passing new path to controller.
[controller_server-7] [INFO] [1790530502.279634886] [controller_server]: Passing new path to controller.
[controller_server-7] [INFO] [1790530503.279636171] [controller_server]: Passing new path to controller.
[controller_server-7] [INFO] [1790530504.279646717] [controller_server]: Passing new path to controller.
[controller_server-7] [INFO] [1790530505.346308224] [controller_server]: Passing new path to controller.
[controller_server-7] [INFO] [1790530506.346313626] [controller_server]: Passing new path to controller.
[controller_server-7] [INFO] [1790530507.346307315] [controller_server]: Passing new path to controller.
[controller_server-7] [INFO] [1790530508.413376680] [controller_server]: Passing new path to controller.
[controller_server-7] [INFO] [1790530509.412973517] [controller_server]: Passing new path to controller.
[controller_server-7] [INFO] [1790530510.479640046] [controller_server]: Passing new path to controller.
[controller_server-7] [INFO] [1790530511.479641172] [controller_server]: Passing new path to controller.
[controller_server-7] [INFO] [1790530512.479641645] [controller_server]: Passing new path to controller.
[controller_server-7] [INFO] [1790530513.546323891] [controller_server]: Passing new path to controller.
[controller_server-7] [INFO] [1790530514.546313742] [controller_server]: Passing new path to controller.
[controller_server-7] [INFO] [1790530515.612979752] [controller_server]: Passing new path to controller.
[controller_server-7] [INFO] [1790530516.612978029] [controller_server]: Passing new path to controller.
[controller_server-7] [INFO] [1790530517.612971005] [controller_server]: Passing new path to controller.
[controller_server-7] [INFO] [1790530518.679646746] [controller_server]: Passing new path to controller.
[controller_server-7] [INFO] [1790530519.679642988] [controller_server]: Passing new path to controller.
[controller_server-7] [INFO] [1790530520.746320838] [controller_server]: Passing new path to controller.
[controller_server-7] [INFO] [1790530521.746324066] [controller_server]: Passing new path to controller.
[controller_server-7] [INFO] [1790530522.746316665] [controller_server]: Passing new path to controller.
[controller_server-7] [INFO] [1790530523.812931313] [controller_server]: Passing new path to controller.
[controller_server-7] [INFO] [1790530524.812975905] [controller_server]: Passing new path to controller.
[controller_server-7] [INFO] [1790530525.812971979] [controller_server]: Passing new path to controller.
[controller_server-7] [INFO] [1790530526.879641041] [controller_server]: Passing new path to controller.
[controller_server-7] [INFO] [1790530527.879645101] [controller_server]: Passing new path to controller.
[controller_server-7] [INFO] [1790530528.946307560] [controller_server]: Passing new path to controller.
[controller_server-7] [INFO] [1790530529.946311003] [controller_server]: Passing new path to controller.
[controller_server-7] [INFO] [1790530530.946288618] [controller_server]: Passing new path to controller.
[controller_server-7] [INFO] [1790530532.012993946] [controller_server]: Passing new path to controller.
[controller_server-7] [INFO] [1790530533.012973206] [controller_server]: Passing new path to controller.
[controller_server-7] [INFO] [1790530534.079641342] [controller_server]: Passing new path to controller.
[controller_server-7] [INFO] [1790530535.079643102] [controller_server]: Passing new path to controller.
[controller_server-7] [INFO] [1790530536.079639251] [controller_server]: Passing new path to controller.
[controller_server-7] [INFO] [1790530537.146324094] [controller_server]: Passing new path to controller.
[controller_server-7] [INFO] [1790530538.146309866] [controller_server]: Passing new path to controller.
[controller_server-7] [INFO] [1790530539.212980582] [controller_server]: Passing new path to controller.
[controller_server-7] [INFO] [1790530540.212980827] [controller_server]: Passing new path to controller.
[controller_server-7] [INFO] [1790530541.212974236] [controller_server]: Passing new path to controller.
[controller_server-7] [INFO] [1790530542.279639933] [controller_server]: Passing new path to controller.
[controller_server-7] [INFO] [1790530543.279646083] [controller_server]: Passing new path to controller.
[controller_server-7] [INFO] [1790530544.279639313] [controller_server]: Passing new path to controller.
[controller_server-7] [INFO] [1790530545.346324687] [controller_server]: Passing new path to controller.
[controller_server-7] [INFO] [1790530546.346305539] [controller_server]: Passing new path to controller.
[controller_server-7] [INFO] [1790530547.412971097] [controller_server]: Passing new path to controller.
[controller_server-7] [INFO] [1790530548.412974562] [controller_server]: Passing new path to controller.
[controller_server-7] [INFO] [1790530549.479640326] [controller_server]: Passing new path to controller.
[controller_server-7] [INFO] [1790530550.479639359] [controller_server]: Passing new path to controller.
[controller_server-7] [INFO] [1790530551.479640382] [controller_server]: Passing new path to controller.
[controller_server-7] [INFO] [1790530552.546303027] [controller_server]: Passing new path to controller.
[controller_server-7] [INFO] [1790530553.546311200] [controller_server]: Passing new path to controller.
[controller_server-7] [INFO] [1790530554.546306695] [controller_server]: Passing new path to controller.
[controller_server-7] [INFO] [1790530555.612984604] [controller_server]: Passing new path to controller.
[controller_server-7] [INFO] [1790530556.612981912] [controller_server]: Passing new path to controller.
[controller_server-7] [INFO] [1790530557.612979265] [controller_server]: Passing new path to controller.
[controller_server-7] [INFO] [1790530558.679638916] [controller_server]: Passing new path to controller.
[controller_server-7] [INFO] [1790530559.679636276] [controller_server]: Passing new path to controller.
[controller_server-7] [INFO] [1790530560.746326113] [controller_server]: Passing new path to controller.
[controller_server-7] [INFO] [1790530561.746313123] [controller_server]: Passing new path to controller.
[controller_server-7] [INFO] [1790530562.812974361] [controller_server]: Passing new path to controller.
[controller_server-7] [INFO] [1790530563.812976072] [controller_server]: Passing new path to controller.
[controller_server-7] [INFO] [1790530564.812970360] [controller_server]: Passing new path to controller.
[controller_server-7] [INFO] [1790530565.879636414] [controller_server]: Passing new path to controller.
[controller_server-7] [INFO] [1790530566.879643753] [controller_server]: Passing new path to controller.
[controller_server-7] [INFO] [1790530567.946304026] [controller_server]: Passing new path to controller.
[controller_server-7] [INFO] [1790530568.946305730] [controller_server]: Passing new path to controller.
[controller_server-7] [INFO] [1790530570.012988495] [controller_server]: Passing new path to controller.
[controller_server-7] [INFO] [1790530571.012981155] [controller_server]: Passing new path to controller.
[controller_server-7] [INFO] [1790530572.012980299] [controller_server]: Passing new path to controller.
[controller_server-7] [INFO] [1790530573.079641548] [controller_server]: Passing new path to controller.
[controller_server-7] [INFO] [1790530574.079655349] [controller_server]: Passing new path to controller.
[controller_server-7] [INFO] [1790530575.146309459] [controller_server]: Passing new path to controller.
[controller_server-7] [INFO] [1790530576.146308814] [controller_server]: Passing new path to controller.
[controller_server-7] [INFO] [1790530577.146318372] [controller_server]: Passing new path to controller.
[controller_server-7] [INFO] [1790530578.212969481] [controller_server]: Passing new path to controller.
[controller_server-7] [INFO] [1790530579.212978045] [controller_server]: Passing new path to controller.
[controller_server-7] [INFO] [1790530580.212970564] [controller_server]: Passing new path to controller.
[controller_server-7] [INFO] [1790530581.279637371] [controller_server]: Passing new path to controller.
[controller_server-7] [INFO] [1790530582.279761620] [controller_server]: Passing new path to controller.
[controller_server-7] [INFO] [1790530583.346306343] [controller_server]: Passing new path to controller.
[controller_server-7] [INFO] [1790530584.346312050] [controller_server]: Passing new path to controller.
[controller_server-7] [INFO] [1790530585.346304518] [controller_server]: Passing new path to controller.
[controller_server-7] [INFO] [1790530586.412969616] [controller_server]: Passing new path to controller.
[controller_server-7] [INFO] [1790530587.413028315] [controller_server]: Passing new path to controller.
[controller_server-7] [INFO] [1790530588.479638518] [controller_server]: Passing new path to controller.
[controller_server-7] [INFO] [1790530589.479643016] [controller_server]: Passing new path to controller.
[controller_server-7] [INFO] [1790530590.479685872] [controller_server]: Passing new path to controller.
[ekf_node-3] [ERROR] [1790530590.569490313] [ekf_filter_node]: Failed to meet update rate! Took 0.033333333999999999187seconds. Try decreasing the rate, limiting sensor output frequency, or limiting the number of sensors.
[controller_server-7] [INFO] [1790530591.546308499] [controller_server]: Passing new path to controller.
[controller_server-7] [INFO] [1790530592.546315332] [controller_server]: Passing new path to controller.
[controller_server-7] [INFO] [1790530593.546308511] [controller_server]: Passing new path to controller.
[controller_server-7] [INFO] [1790530594.612975008] [controller_server]: Passing new path to controller.
[controller_server-7] [INFO] [1790530595.612974290] [controller_server]: Passing new path to controller.
[controller_server-7] [INFO] [1790530596.679638512] [controller_server]: Passing new path to controller.
[controller_server-7] [INFO] [1790530597.679645915] [controller_server]: Passing new path to controller.
[controller_server-7] [INFO] [1790530598.679636122] [controller_server]: Passing new path to controller.
[controller_server-7] [INFO] [1790530599.746304015] [controller_server]: Passing new path to controller.
[controller_server-7] [INFO] [1790530600.746314979] [controller_server]: Passing new path to controller.
[controller_server-7] [INFO] [1790530601.812971074] [controller_server]: Passing new path to controller.
[controller_server-7] [INFO] [1790530602.812979210] [controller_server]: Passing new path to controller.
[controller_server-7] [INFO] [1790530603.812973521] [controller_server]: Passing new path to controller.
[controller_server-7] [ERROR] [1790530604.546385927] [controller_server]: Failed to make progress
[controller_server-7] [INFO] [1790530604.548871215] [controller_server]: Optimizer reset
[controller_server-7] [WARN] [1790530604.548893321] [controller_server]: [follow_path] [ActionServer] Aborting handle.
[controller_server-7] [INFO] [1790530604.568814140] [local_costmap.local_costmap]: Received request to clear entirely the local_costmap
[controller_server-7] [INFO] [1790530604.569234925] [controller_server]: Received a goal, begin computing control effort.
[controller_server-7] [WARN] [1790530604.667514559] [controller_server]: Control loop missed its desired rate of 15.0000 Hz. Current loop rate is 10.0000 Hz.
[controller_server-7] [INFO] [1790530604.867616253] [controller_server]: Passing new path to controller.
[controller_server-7] [INFO] [1790530605.867609942] [controller_server]: Passing new path to controller.
[controller_server-7] [INFO] [1790530606.934272745] [controller_server]: Passing new path to controller.
[controller_server-7] [INFO] [1790530607.934283893] [controller_server]: Passing new path to controller.
[controller_server-7] [INFO] [1790530608.934273788] [controller_server]: Passing new path to controller.
[controller_server-7] [INFO] [1790530610.000946293] [controller_server]: Passing new path to controller.
[controller_server-7] [INFO] [1790530611.000941952] [controller_server]: Passing new path to controller.
[controller_server-7] [INFO] [1790530612.067606453] [controller_server]: Passing new path to controller.
[controller_server-7] [INFO] [1790530613.067615003] [controller_server]: Passing new path to controller.
[controller_server-7] [INFO] [1790530614.067607860] [controller_server]: Passing new path to controller.
[controller_server-7] [INFO] [1790530615.134281390] [controller_server]: Passing new path to controller.
[controller_server-7] [INFO] [1790530616.134280637] [controller_server]: Passing new path to controller.
[controller_server-7] [INFO] [1790530617.200957828] [controller_server]: Passing new path to controller.
[controller_server-7] [INFO] [1790530618.200940862] [controller_server]: Passing new path to controller.
[controller_server-7] [INFO] [1790530619.200939745] [controller_server]: Passing new path to controller.
[controller_server-7] [INFO] [1790530620.267631867] [controller_server]: Passing new path to controller.
[controller_server-7] [INFO] [1790530621.267612386] [controller_server]: Passing new path to controller.
[controller_server-7] [INFO] [1790530622.334273325] [controller_server]: Passing new path to controller.
[controller_server-7] [INFO] [1790530623.334289053] [controller_server]: Passing new path to controller.
[controller_server-7] [INFO] [1790530624.400950321] [controller_server]: Passing new path to controller.
[controller_server-7] [INFO] [1790530625.400945889] [controller_server]: Passing new path to controller.
[controller_server-7] [INFO] [1790530626.400940849] [controller_server]: Passing new path to controller.
[controller_server-7] [INFO] [1790530627.467616808] [controller_server]: Passing new path to controller.
[controller_server-7] [INFO] [1790530628.467609648] [controller_server]: Passing new path to controller.
[controller_server-7] [INFO] [1790530629.534272465] [controller_server]: Passing new path to controller.
[controller_server-7] [INFO] [1790530630.534271567] [controller_server]: Passing new path to controller.
[controller_server-7] [INFO] [1790530631.534272694] [controller_server]: Passing new path to controller.
[controller_server-7] [INFO] [1790530632.600942164] [controller_server]: Passing new path to controller.
[controller_server-7] [INFO] [1790530633.600948858] [controller_server]: Passing new path to controller.
[controller_server-7] [INFO] [1790530634.667607246] [controller_server]: Passing new path to controller.
[controller_server-7] [INFO] [1790530635.667614813] [controller_server]: Passing new path to controller.
[controller_server-7] [INFO] [1790530636.667606069] [controller_server]: Passing new path to controller.
[controller_server-7] [INFO] [1790530637.734272041] [controller_server]: Passing new path to controller.
[controller_server-7] [INFO] [1790530638.734286087] [controller_server]: Passing new path to controller.
[controller_server-7] [INFO] [1790530639.800947979] [controller_server]: Passing new path to controller.
[controller_server-7] [INFO] [1790530640.800943648] [controller_server]: Passing new path to controller.
[controller_server-7] [INFO] [1790530641.800944278] [controller_server]: Passing new path to controller.
[controller_server-7] [INFO] [1790530642.867606884] [controller_server]: Passing new path to controller.
[controller_server-7] [INFO] [1790530643.867608043] [controller_server]: Passing new path to controller.
[controller_server-7] [INFO] [1790530644.867615097] [controller_server]: Passing new path to controller.
[controller_server-7] [INFO] [1790530645.934274318] [controller_server]: Passing new path to controller.
[controller_server-7] [INFO] [1790530646.934275372] [controller_server]: Passing new path to controller.
[controller_server-7] [INFO] [1790530648.000948449] [controller_server]: Passing new path to controller.
[controller_server-7] [INFO] [1790530649.000946119] [controller_server]: Passing new path to controller.
[controller_server-7] [INFO] [1790530650.000956839] [controller_server]: Passing new path to controller.
[controller_server-7] [INFO] [1790530651.067607864] [controller_server]: Passing new path to controller.
[controller_server-7] [INFO] [1790530652.067609696] [controller_server]: Passing new path to controller.
[controller_server-7] [INFO] [1790530653.067614869] [controller_server]: Passing new path to controller.
[controller_server-7] [INFO] [1790530654.134272959] [controller_server]: Passing new path to controller.
[controller_server-7] [INFO] [1790530655.134274577] [controller_server]: Passing new path to controller.
[controller_server-7] [INFO] [1790530656.200957330] [controller_server]: Passing new path to controller.
[controller_server-7] [INFO] [1790530657.200939582] [controller_server]: Passing new path to controller.
[controller_server-7] [INFO] [1790530658.200940737] [controller_server]: Passing new path to controller.
[controller_server-7] [INFO] [1790530659.267620071] [controller_server]: Passing new path to controller.
[controller_server-7] [INFO] [1790530660.267610811] [controller_server]: Passing new path to controller.
[controller_server-7] [INFO] [1790530661.334272498] [controller_server]: Passing new path to controller.
[controller_server-7] [INFO] [1790530662.334277153] [controller_server]: Passing new path to controller.
[controller_server-7] [INFO] [1790530663.334278613] [controller_server]: Passing new path to controller.
[controller_server-7] [INFO] [1790530664.400942464] [controller_server]: Passing new path to controller.
[controller_server-7] [INFO] [1790530665.400938977] [controller_server]: Passing new path to controller.
[controller_server-7] [INFO] [1790530666.467609038] [controller_server]: Passing new path to controller.
[controller_server-7] [INFO] [1790530667.467604469] [controller_server]: Passing new path to controller.
[controller_server-7] [INFO] [1790530668.467606354] [controller_server]: Passing new path to controller.
[controller_server-7] [INFO] [1790530669.534279336] [controller_server]: Passing new path to controller.
[controller_server-7] [INFO] [1790530670.534274130] [controller_server]: Passing new path to controller.
[controller_server-7] [INFO] [1790530671.600946208] [controller_server]: Passing new path to controller.
[controller_server-7] [INFO] [1790530672.600942942] [controller_server]: Passing new path to controller.
[controller_server-7] [INFO] [1790530673.600948384] [controller_server]: Passing new path to controller.
[controller_server-7] [INFO] [1790530674.667610374] [controller_server]: Passing new path to controller.
[controller_server-7] [INFO] [1790530675.667630910] [controller_server]: Passing new path to controller.
[controller_server-7] [INFO] [1790530676.734277947] [controller_server]: Passing new path to controller.
[controller_server-7] [INFO] [1790530677.734273856] [controller_server]: Passing new path to controller.
[controller_server-7] [INFO] [1790530678.734276983] [controller_server]: Passing new path to controller.
[controller_server-7] [INFO] [1790530679.800939951] [controller_server]: Passing new path to controller.
[controller_server-7] [INFO] [1790530680.800941553] [controller_server]: Passing new path to controller.
[controller_server-7] [INFO] [1790530681.800947778] [controller_server]: Passing new path to controller.
[controller_server-7] [INFO] [1790530682.867619083] [controller_server]: Passing new path to controller.
[controller_server-7] [INFO] [1790530683.867611788] [controller_server]: Passing new path to controller.
[controller_server-7] [INFO] [1790530684.934286216] [controller_server]: Passing new path to controller.
[controller_server-7] [INFO] [1790530685.934279466] [controller_server]: Passing new path to controller.
[controller_server-7] [INFO] [1790530686.934272706] [controller_server]: Passing new path to controller.
[controller_server-7] [INFO] [1790530688.000945138] [controller_server]: Passing new path to controller.
[controller_server-7] [INFO] [1790530689.000953092] [controller_server]: Passing new path to controller.
[controller_server-7] [INFO] [1790530690.067608792] [controller_server]: Passing new path to controller.
[controller_server-7] [INFO] [1790530691.067655529] [controller_server]: Passing new path to controller.
[controller_server-7] [INFO] [1790530692.067616386] [controller_server]: Passing new path to controller.
[controller_server-7] [INFO] [1790530693.134276244] [controller_server]: Passing new path to controller.
[controller_server-7] [INFO] [1790530694.134273266] [controller_server]: Passing new path to controller.
[controller_server-7] [INFO] [1790530695.134271613] [controller_server]: Passing new path to controller.
[controller_server-7] [INFO] [1790530696.200956232] [controller_server]: Passing new path to controller.
[controller_server-7] [INFO] [1790530697.200945810] [controller_server]: Passing new path to controller.
[controller_server-7] [INFO] [1790530698.200911864] [controller_server]: Passing new path to controller.
[controller_server-7] [INFO] [1790530699.267607513] [controller_server]: Passing new path to controller.
[controller_server-7] [INFO] [1790530700.267610361] [controller_server]: Passing new path to controller.
[controller_server-7] [INFO] [1790530701.334276940] [controller_server]: Passing new path to controller.
[controller_server-7] [INFO] [1790530702.334275061] [controller_server]: Passing new path to controller.
[controller_server-7] [INFO] [1790530703.334277078] [controller_server]: Passing new path to controller.
[controller_server-7] [INFO] [1790530704.400944080] [controller_server]: Passing new path to controller.
[controller_server-7] [INFO] [1790530705.400946039] [controller_server]: Passing new path to controller.
[controller_server-7] [INFO] [1790530706.400948420] [controller_server]: Passing new path to controller.
[controller_server-7] [INFO] [1790530707.467607514] [controller_server]: Passing new path to controller.
[controller_server-7] [INFO] [1790530708.467611357] [controller_server]: Passing new path to controller.
[controller_server-7] [INFO] [1790530709.534277632] [controller_server]: Passing new path to controller.
[controller_server-7] [INFO] [1790530710.534277158] [controller_server]: Passing new path to controller.
[controller_server-7] [INFO] [1790530711.600954175] [controller_server]: Passing new path to controller.
[controller_server-7] [INFO] [1790530712.600962043] [controller_server]: Passing new path to controller.
[controller_server-7] [INFO] [1790530713.600940979] [controller_server]: Passing new path to controller.
[controller_server-7] [INFO] [1790530714.667606390] [controller_server]: Passing new path to controller.
[controller_server-7] [INFO] [1790530715.667627878] [controller_server]: Passing new path to controller.
[controller_server-7] [INFO] [1790530716.734273515] [controller_server]: Passing new path to controller.
[controller_server-7] [INFO] [1790530717.734274401] [controller_server]: Passing new path to controller.
[controller_server-7] [INFO] [1790530718.734272009] [controller_server]: Passing new path to controller.
[controller_server-7] [INFO] [1790530719.800945746] [controller_server]: Passing new path to controller.
[controller_server-7] [INFO] [1790530720.800947319] [controller_server]: Passing new path to controller.
[controller_server-7] [INFO] [1790530721.867616688] [controller_server]: Passing new path to controller.
[controller_server-7] [INFO] [1790530722.867618922] [controller_server]: Passing new path to controller.
[controller_server-7] [INFO] [1790530723.934279328] [controller_server]: Passing new path to controller.
[controller_server-7] [INFO] [1790530724.934278018] [controller_server]: Passing new path to controller.
[controller_server-7] [INFO] [1790530725.934273959] [controller_server]: Passing new path to controller.
[controller_server-7] [INFO] [1790530726.934271051] [controller_server]: Passing new path to controller.
[controller_server-7] [INFO] [1790530728.000944882] [controller_server]: Passing new path to controller.
[controller_server-7] [INFO] [1790530729.000945127] [controller_server]: Passing new path to controller.
[controller_server-7] [INFO] [1790530730.067609545] [controller_server]: Passing new path to controller.
[controller_server-7] [INFO] [1790530731.067605655] [controller_server]: Passing new path to controller.
[controller_server-7] [INFO] [1790530732.067625447] [controller_server]: Passing new path to controller.
[controller_server-7] [INFO] [1790530733.134279252] [controller_server]: Passing new path to controller.
[controller_server-7] [INFO] [1790530734.134279566] [controller_server]: Passing new path to controller.
[controller_server-7] [INFO] [1790530735.134277973] [controller_server]: Passing new path to controller.
[controller_server-7] [INFO] [1790530736.200951141] [controller_server]: Passing new path to controller.
[controller_server-7] [INFO] [1790530737.200939136] [controller_server]: Passing new path to controller.
[controller_server-7] [INFO] [1790530738.267610771] [controller_server]: Passing new path to controller.
[controller_server-7] [INFO] [1790530739.267621178] [controller_server]: Passing new path to controller.
[controller_server-7] [INFO] [1790530740.334273792] [controller_server]: Passing new path to controller.
[controller_server-7] [INFO] [1790530741.334280879] [controller_server]: Passing new path to controller.
[controller_server-7] [INFO] [1790530742.334278361] [controller_server]: Passing new path to controller.
[controller_server-7] [INFO] [1790530743.400951204] [controller_server]: Passing new path to controller.
[controller_server-7] [INFO] [1790530744.400945135] [controller_server]: Passing new path to controller.
[controller_server-7] [INFO] [1790530745.467605234] [controller_server]: Passing new path to controller.
[controller_server-7] [INFO] [1790530746.467629379] [controller_server]: Passing new path to controller.
[controller_server-7] [INFO] [1790530747.467609145] [controller_server]: Passing new path to controller.
[controller_server-7] [INFO] [1790530748.534273311] [controller_server]: Passing new path to controller.
[controller_server-7] [INFO] [1790530749.534273400] [controller_server]: Passing new path to controller.
[controller_server-7] [INFO] [1790530750.600943027] [controller_server]: Passing new path to controller.
[controller_server-7] [INFO] [1790530751.600945436] [controller_server]: Passing new path to controller.
[controller_server-7] [INFO] [1790530752.600941504] [controller_server]: Passing new path to controller.
[controller_server-7] [INFO] [1790530753.667620301] [controller_server]: Passing new path to controller.
[controller_server-7] [INFO] [1790530754.667606061] [controller_server]: Passing new path to controller.
[controller_server-7] [INFO] [1790530755.734271806] [controller_server]: Passing new path to controller.
[controller_server-7] [INFO] [1790530756.734276061] [controller_server]: Passing new path to controller.
[controller_server-7] [INFO] [1790530757.734270286] [controller_server]: Passing new path to controller.
[controller_server-7] [INFO] [1790530758.800985798] [controller_server]: Passing new path to controller.
[controller_server-7] [INFO] [1790530759.800948220] [controller_server]: Passing new path to controller.
[controller_server-7] [INFO] [1790530760.867606716] [controller_server]: Passing new path to controller.
[controller_server-7] [INFO] [1790530761.867630970] [controller_server]: Passing new path to controller.
[controller_server-7] [INFO] [1790530762.867614537] [controller_server]: Passing new path to controller.
[controller_server-7] [INFO] [1790530763.934273796] [controller_server]: Passing new path to controller.
[controller_server-7] [INFO] [1790530764.934282510] [controller_server]: Passing new path to controller.
[controller_server-7] [INFO] [1790530765.934278933] [controller_server]: Passing new path to controller.
[controller_server-7] [INFO] [1790530767.000956768] [controller_server]: Passing new path to controller.
[controller_server-7] [INFO] [1790530768.000948877] [controller_server]: Passing new path to controller.
[controller_server-7] [INFO] [1790530769.067621485] [controller_server]: Passing new path to controller.
[controller_server-7] [INFO] [1790530770.067619980] [controller_server]: Passing new path to controller.
[controller_server-7] [INFO] [1790530771.067608637] [controller_server]: Passing new path to controller.
[controller_server-7] [INFO] [1790530772.134269087] [controller_server]: Passing new path to controller.
[controller_server-7] [INFO] [1790530773.134272350] [controller_server]: Passing new path to controller.
[controller_server-7] [INFO] [1790530774.134273048] [controller_server]: Passing new path to controller.
[controller_server-7] [INFO] [1790530775.200944028] [controller_server]: Passing new path to controller.
[controller_server-7] [INFO] [1790530776.200949173] [controller_server]: Passing new path to controller.
[controller_server-7] [INFO] [1790530777.267608247] [controller_server]: Passing new path to controller.
[controller_server-7] [INFO] [1790530778.267619571] [controller_server]: Passing new path to controller.
[controller_server-7] [INFO] [1790530779.334274217] [controller_server]: Passing new path to controller.
[controller_server-7] [INFO] [1790530780.334271150] [controller_server]: Passing new path to controller.
[controller_server-7] [INFO] [1790530781.334278302] [controller_server]: Passing new path to controller.
[controller_server-7] [INFO] [1790530782.400939386] [controller_server]: Passing new path to controller.
[controller_server-7] [INFO] [1790530783.400941951] [controller_server]: Passing new path to controller.
[controller_server-7] [INFO] [1790530784.467607396] [controller_server]: Passing new path to controller.
[controller_server-7] [INFO] [1790530785.467634158] [controller_server]: Passing new path to controller.
[controller_server-7] [INFO] [1790530786.467608694] [controller_server]: Passing new path to controller.
[controller_server-7] [INFO] [1790530787.534273001] [controller_server]: Passing new path to controller.
[controller_server-7] [INFO] [1790530788.534269881] [controller_server]: Passing new path to controller.
[controller_server-7] [INFO] [1790530789.600941566] [controller_server]: Passing new path to controller.
[controller_server-7] [INFO] [1790530790.600952026] [controller_server]: Passing new path to controller.
[controller_server-7] [INFO] [1790530791.600950075] [controller_server]: Passing new path to controller.
[controller_server-7] [INFO] [1790530792.667612762] [controller_server]: Passing new path to controller.
[controller_server-7] [INFO] [1790530793.667635200] [controller_server]: Passing new path to controller.
[controller_server-7] [INFO] [1790530794.734269590] [controller_server]: Passing new path to controller.
[controller_server-7] [INFO] [1790530795.734273497] [controller_server]: Passing new path to controller.
[controller_server-7] [INFO] [1790530796.734271505] [controller_server]: Passing new path to controller.
[controller_server-7] [INFO] [1790530797.800953105] [controller_server]: Passing new path to controller.
[controller_server-7] [INFO] [1790530798.800959526] [controller_server]: Passing new path to controller.
[controller_server-7] [INFO] [1790530799.800946238] [controller_server]: Passing new path to controller.
[controller_server-7] [INFO] [1790530800.867615038] [controller_server]: Passing new path to controller.
[controller_server-7] [INFO] [1790530801.867607082] [controller_server]: Passing new path to controller.
[controller_server-7] [INFO] [1790530802.867612092] [controller_server]: Passing new path to controller.
[controller_server-7] [INFO] [1790530803.934272498] [controller_server]: Passing new path to controller.
[controller_server-7] [INFO] [1790530804.934276852] [controller_server]: Passing new path to controller.
[controller_server-7] [INFO] [1790530806.000945821] [controller_server]: Passing new path to controller.
[controller_server-7] [INFO] [1790530807.000946433] [controller_server]: Passing new path to controller.
[controller_server-7] [INFO] [1790530808.067622740] [controller_server]: Passing new path to controller.
[controller_server-7] [INFO] [1790530809.067606797] [controller_server]: Passing new path to controller.
[controller_server-7] [INFO] [1790530810.067610256] [controller_server]: Passing new path to controller.
[controller_server-7] [INFO] [1790530811.134271584] [controller_server]: Passing new path to controller.
[controller_server-7] [INFO] [1790530812.134291092] [controller_server]: Passing new path to controller.
[controller_server-7] [INFO] [1790530813.134278643] [controller_server]: Passing new path to controller.
[controller_server-7] [INFO] [1790530814.200947466] [controller_server]: Passing new path to controller.
[controller_server-7] [INFO] [1790530815.200942737] [controller_server]: Passing new path to controller.
[controller_server-7] [INFO] [1790530816.267603867] [controller_server]: Passing new path to controller.
[controller_server-7] [INFO] [1790530817.267605161] [controller_server]: Passing new path to controller.
[controller_server-7] [INFO] [1790530818.267611429] [controller_server]: Passing new path to controller.
[controller_server-7] [INFO] [1790530819.334283492] [controller_server]: Passing new path to controller.
[controller_server-7] [INFO] [1790530820.334274613] [controller_server]: Passing new path to controller.
[controller_server-7] [INFO] [1790530821.334279069] [controller_server]: Passing new path to controller.
[controller_server-7] [INFO] [1790530822.400998552] [controller_server]: Passing new path to controller.
[controller_server-7] [INFO] [1790530823.400938701] [controller_server]: Passing new path to controller.
[controller_server-7] [INFO] [1790530824.467607977] [controller_server]: Passing new path to controller.
[controller_server-7] [INFO] [1790530825.467607062] [controller_server]: Passing new path to controller.
[controller_server-7] [INFO] [1790530826.534282848] [controller_server]: Passing new path to controller.
[controller_server-7] [INFO] [1790530827.534273289] [controller_server]: Passing new path to controller.
[controller_server-7] [INFO] [1790530828.534270870] [controller_server]: Passing new path to controller.
[controller_server-7] [INFO] [1790530829.600944453] [controller_server]: Passing new path to controller.
[controller_server-7] [INFO] [1790530830.600944327] [controller_server]: Passing new path to controller.
[controller_server-7] [INFO] [1790530831.600949011] [controller_server]: Passing new path to controller.
[controller_server-7] [INFO] [1790530832.667610311] [controller_server]: Passing new path to controller.
[controller_server-7] [INFO] [1790530833.667619531] [controller_server]: Passing new path to controller.
[controller_server-7] [INFO] [1790530834.734272174] [controller_server]: Passing new path to controller.
[controller_server-7] [INFO] [1790530835.734271543] [controller_server]: Passing new path to controller.
[controller_server-7] [INFO] [1790530836.734269546] [controller_server]: Passing new path to controller.
[controller_server-7] [INFO] [1790530837.800966977] [controller_server]: Passing new path to controller.
[controller_server-7] [INFO] [1790530838.800941023] [controller_server]: Passing new path to controller.
[controller_server-7] [INFO] [1790530839.867607680] [controller_server]: Passing new path to controller.
[controller_server-7] [INFO] [1790530840.867604575] [controller_server]: Passing new path to controller.
[controller_server-7] [INFO] [1790530841.867613694] [controller_server]: Passing new path to controller.
[controller_server-7] [INFO] [1790530842.934272342] [controller_server]: Passing new path to controller.
[controller_server-7] [INFO] [1790530843.934272933] [controller_server]: Passing new path to controller.
[controller_server-7] [INFO] [1790530845.000938228] [controller_server]: Passing new path to controller.
[controller_server-7] [INFO] [1790530846.000950695] [controller_server]: Passing new path to controller.
[controller_server-7] [INFO] [1790530847.067607151] [controller_server]: Passing new path to controller.
[controller_server-7] [INFO] [1790530848.067628761] [controller_server]: Passing new path to controller.
[controller_server-7] [INFO] [1790530849.067607261] [controller_server]: Passing new path to controller.
[controller_server-7] [INFO] [1790530850.134280601] [controller_server]: Passing new path to controller.
[controller_server-7] [INFO] [1790530851.134270952] [controller_server]: Passing new path to controller.
[controller_server-7] [INFO] [1790530852.134272238] [controller_server]: Passing new path to controller.
[controller_server-7] [INFO] [1790530853.200955247] [controller_server]: Passing new path to controller.
[controller_server-7] [INFO] [1790530854.200944754] [controller_server]: Passing new path to controller.
[controller_server-7] [INFO] [1790530855.200943201] [controller_server]: Passing new path to controller.
[controller_server-7] [INFO] [1790530856.267605339] [controller_server]: Passing new path to controller.
[controller_server-7] [INFO] [1790530857.267619788] [controller_server]: Passing new path to controller.
[controller_server-7] [INFO] [1790530858.334271573] [controller_server]: Passing new path to controller.
[controller_server-7] [INFO] [1790530859.334272440] [controller_server]: Passing new path to controller.
[controller_server-7] [INFO] [1790530860.334270361] [controller_server]: Passing new path to controller.
[controller_server-7] [INFO] [1790530861.400949009] [controller_server]: Passing new path to controller.
[controller_server-7] [INFO] [1790530862.400953051] [controller_server]: Passing new path to controller.
[controller_server-7] [INFO] [1790530863.467610911] [controller_server]: Passing new path to controller.
[controller_server-7] [INFO] [1790530864.467609878] [controller_server]: Passing new path to controller.
[controller_server-7] [INFO] [1790530865.467605342] [controller_server]: Passing new path to controller.
[controller_server-7] [INFO] [1790530866.534270517] [controller_server]: Passing new path to controller.
[controller_server-7] [INFO] [1790530867.534283346] [controller_server]: Passing new path to controller.
[controller_server-7] [INFO] [1790530868.600936881] [controller_server]: Passing new path to controller.
[controller_server-7] [INFO] [1790530869.600937959] [controller_server]: Passing new path to controller.
[controller_server-7] [INFO] [1790530870.667605206] [controller_server]: Passing new path to controller.
[controller_server-7] [INFO] [1790530871.667613087] [controller_server]: Passing new path to controller.
[controller_server-7] [INFO] [1790530872.667604534] [controller_server]: Passing new path to controller.
[controller_server-7] [INFO] [1790530873.734272331] [controller_server]: Passing new path to controller.
[controller_server-7] [INFO] [1790530874.734274366] [controller_server]: Passing new path to controller.
[controller_server-7] [INFO] [1790530875.734269172] [controller_server]: Passing new path to controller.
[controller_server-7] [INFO] [1790530876.800956089] [controller_server]: Passing new path to controller.
[controller_server-7] [INFO] [1790530877.800943246] [controller_server]: Passing new path to controller.
[controller_server-7] [INFO] [1790530878.867612514] [controller_server]: Passing new path to controller.
[controller_server-7] [INFO] [1790530879.867607802] [controller_server]: Passing new path to controller.
[controller_server-7] [INFO] [1790530880.867604809] [controller_server]: Passing new path to controller.
[controller_server-7] [INFO] [1790530881.934276026] [controller_server]: Passing new path to controller.
[controller_server-7] [INFO] [1790530882.934258111] [controller_server]: Passing new path to controller.
[controller_server-7] [INFO] [1790530883.934283707] [controller_server]: Passing new path to controller.
[controller_server-7] [INFO] [1790530885.000955293] [controller_server]: Passing new path to controller.
[controller_server-7] [INFO] [1790530886.000941129] [controller_server]: Passing new path to controller.
[controller_server-7] [INFO] [1790530887.067618577] [controller_server]: Passing new path to controller.
[controller_server-7] [INFO] [1790530888.067614778] [controller_server]: Passing new path to controller.
[controller_server-7] [INFO] [1790530889.067605174] [controller_server]: Passing new path to controller.
[controller_server-7] [INFO] [1790530890.134271693] [controller_server]: Passing new path to controller.
[controller_server-7] [INFO] [1790530891.134270386] [controller_server]: Passing new path to controller.
[controller_server-7] [INFO] [1790530892.200937892] [controller_server]: Passing new path to controller.
[controller_server-7] [INFO] [1790530893.200959746] [controller_server]: Passing new path to controller.
[controller_server-7] [INFO] [1790530894.267608179] [controller_server]: Passing new path to controller.
[controller_server-7] [INFO] [1790530895.267606754] [controller_server]: Passing new path to controller.
[controller_server-7] [INFO] [1790530896.267608694] [controller_server]: Passing new path to controller.
[controller_server-7] [INFO] [1790530897.334271251] [controller_server]: Passing new path to controller.
[controller_server-7] [INFO] [1790530898.334270021] [controller_server]: Passing new path to controller.
[controller_server-7] [INFO] [1790530899.400947002] [controller_server]: Passing new path to controller.
[controller_server-7] [INFO] [1790530900.400946184] [controller_server]: Passing new path to controller.
[controller_server-7] [INFO] [1790530901.400943167] [controller_server]: Passing new path to controller.
[controller_server-7] [INFO] [1790530902.467614065] [controller_server]: Passing new path to controller.
[controller_server-7] [INFO] [1790530903.467605769] [controller_server]: Passing new path to controller.
[controller_server-7] [INFO] [1790530904.467644952] [controller_server]: Passing new path to controller.
[controller_server-7] [INFO] [1790530905.534271067] [controller_server]: Passing new path to controller.
[controller_server-7] [INFO] [1790530906.534276193] [controller_server]: Passing new path to controller.
[controller_server-7] [INFO] [1790530907.534267674] [controller_server]: Passing new path to controller.
[controller_server-7] [INFO] [1790530908.600942643] [controller_server]: Passing new path to controller.
[controller_server-7] [INFO] [1790530909.600940673] [controller_server]: Passing new path to controller.
[controller_server-7] [INFO] [1790530910.600939203] [controller_server]: Passing new path to controller.
[controller_server-7] [INFO] [1790530911.667613201] [controller_server]: Passing new path to controller.
[controller_server-7] [INFO] [1790530912.667604172] [controller_server]: Passing new path to controller.
[controller_server-7] [INFO] [1790530913.667626926] [controller_server]: Passing new path to controller.
[controller_server-7] [INFO] [1790530914.734280666] [controller_server]: Passing new path to controller.
[controller_server-7] [INFO] [1790530915.734277383] [controller_server]: Passing new path to controller.
[controller_server-7] [INFO] [1790530916.800948775] [controller_server]: Passing new path to controller.
[controller_server-7] [INFO] [1790530917.800943690] [controller_server]: Passing new path to controller.
[controller_server-7] [INFO] [1790530918.800943553] [controller_server]: Passing new path to controller.
[controller_server-7] [INFO] [1790530919.867652253] [controller_server]: Passing new path to controller.
[controller_server-7] [INFO] [1790530920.867607185] [controller_server]: Passing new path to controller.
[controller_server-7] [INFO] [1790530921.867605470] [controller_server]: Passing new path to controller.
[controller_server-7] [INFO] [1790530922.934278674] [controller_server]: Passing new path to controller.
[controller_server-7] [INFO] [1790530923.934274686] [controller_server]: Passing new path to controller.
[controller_server-7] [INFO] [1790530925.000961557] [controller_server]: Passing new path to controller.
[controller_server-7] [INFO] [1790530926.000943695] [controller_server]: Passing new path to controller.
[controller_server-7] [INFO] [1790530927.067623458] [controller_server]: Passing new path to controller.
[controller_server-7] [INFO] [1790530928.067605392] [controller_server]: Passing new path to controller.
[controller_server-7] [INFO] [1790530929.067604429] [controller_server]: Passing new path to controller.
[controller_server-7] [INFO] [1790530930.134240577] [controller_server]: Passing new path to controller.
[controller_server-7] [INFO] [1790530931.134277767] [controller_server]: Passing new path to controller.
[controller_server-7] [INFO] [1790530932.200947157] [controller_server]: Passing new path to controller.
[controller_server-7] [INFO] [1790530933.200940870] [controller_server]: Passing new path to controller.
[controller_server-7] [INFO] [1790530934.200953998] [controller_server]: Passing new path to controller.
[controller_server-7] [INFO] [1790530935.267604878] [controller_server]: Passing new path to controller.
[controller_server-7] [INFO] [1790530936.267606441] [controller_server]: Passing new path to controller.
[controller_server-7] [INFO] [1790530937.334280275] [controller_server]: Passing new path to controller.
[controller_server-7] [INFO] [1790530938.334280614] [controller_server]: Passing new path to controller.
[controller_server-7] [INFO] [1790530939.334272491] [controller_server]: Passing new path to controller.
[controller_server-7] [INFO] [1790530940.400963922] [controller_server]: Passing new path to controller.
[controller_server-7] [INFO] [1790530941.400948241] [controller_server]: Passing new path to controller.
[controller_server-7] [INFO] [1790530942.467611879] [controller_server]: Passing new path to controller.
[controller_server-7] [INFO] [1790530943.467607899] [controller_server]: Passing new path to controller.
[controller_server-7] [INFO] [1790530944.467626882] [controller_server]: Passing new path to controller.
[controller_server-7] [INFO] [1790530945.534268965] [controller_server]: Passing new path to controller.
[controller_server-7] [INFO] [1790530946.534226420] [controller_server]: Passing new path to controller.
[controller_server-7] [INFO] [1790530947.600947479] [controller_server]: Passing new path to controller.
[controller_server-7] [INFO] [1790530948.600953632] [controller_server]: Passing new path to controller.
[controller_server-7] [INFO] [1790530949.600942660] [controller_server]: Passing new path to controller.
[controller_server-7] [INFO] [1790530950.667612819] [controller_server]: Passing new path to controller.
[controller_server-7] [INFO] [1790530951.667615260] [controller_server]: Passing new path to controller.
[controller_server-7] [INFO] [1790530952.667603081] [controller_server]: Passing new path to controller.
[controller_server-7] [INFO] [1790530953.734270890] [controller_server]: Passing new path to controller.
[controller_server-7] [INFO] [1790530954.734269174] [controller_server]: Passing new path to controller.
[controller_server-7] [INFO] [1790530955.800951246] [controller_server]: Passing new path to controller.
[controller_server-7] [INFO] [1790530956.800941145] [controller_server]: Passing new path to controller.
[controller_server-7] [INFO] [1790530957.800959760] [controller_server]: Passing new path to controller.
[controller_server-7] [INFO] [1790530958.867604549] [controller_server]: Passing new path to controller.
[controller_server-7] [INFO] [1790530959.867605643] [controller_server]: Passing new path to controller.
[controller_server-7] [INFO] [1790530960.867600909] [controller_server]: Passing new path to controller.
[controller_server-7] [INFO] [1790530961.934276848] [controller_server]: Passing new path to controller.
[controller_server-7] [INFO] [1790530962.934268813] [controller_server]: Passing new path to controller.
[controller_server-7] [INFO] [1790530964.000939520] [controller_server]: Passing new path to controller.
[controller_server-7] [INFO] [1790530965.000935105] [controller_server]: Passing new path to controller.
[controller_server-7] [INFO] [1790530966.067609634] [controller_server]: Passing new path to controller.
[controller_server-7] [INFO] [1790530967.067621127] [controller_server]: Passing new path to controller.
[controller_server-7] [INFO] [1790530968.067625569] [controller_server]: Passing new path to controller.
[controller_server-7] [INFO] [1790530969.134279805] [controller_server]: Passing new path to controller.
[controller_server-7] [INFO] [1790530970.134274452] [controller_server]: Passing new path to controller.
[controller_server-7] [INFO] [1790530971.134280688] [controller_server]: Passing new path to controller.
[controller_server-7] [INFO] [1790530972.200947723] [controller_server]: Passing new path to controller.
[controller_server-7] [INFO] [1790530973.200944874] [controller_server]: Passing new path to controller.
[controller_server-7] [INFO] [1790530974.267603163] [controller_server]: Passing new path to controller.
[controller_server-7] [INFO] [1790530975.267611931] [controller_server]: Passing new path to controller.
[controller_server-7] [INFO] [1790530976.267609939] [controller_server]: Passing new path to controller.
[controller_server-7] [INFO] [1790530977.334270580] [controller_server]: Passing new path to controller.
[controller_server-7] [INFO] [1790530978.334270926] [controller_server]: Passing new path to controller.
[controller_server-7] [INFO] [1790530979.400936590] [controller_server]: Passing new path to controller.
[controller_server-7] [INFO] [1790530980.400971178] [controller_server]: Passing new path to controller.
[controller_server-7] [INFO] [1790530981.467605641] [controller_server]: Passing new path to controller.
[controller_server-7] [INFO] [1790530982.467610832] [controller_server]: Passing new path to controller.
[controller_server-7] [INFO] [1790530983.467602676] [controller_server]: Passing new path to controller.
[controller_server-7] [INFO] [1790530984.534276361] [controller_server]: Passing new path to controller.
[controller_server-7] [INFO] [1790530985.534268553] [controller_server]: Passing new path to controller.
[controller_server-7] [INFO] [1790530986.600938785] [controller_server]: Passing new path to controller.
[controller_server-7] [INFO] [1790530987.600938874] [controller_server]: Passing new path to controller.
[controller_server-7] [INFO] [1790530988.600946348] [controller_server]: Passing new path to controller.
[controller_server-7] [INFO] [1790530989.667613094] [controller_server]: Passing new path to controller.
[controller_server-7] [INFO] [1790530990.667601439] [controller_server]: Passing new path to controller.
[controller_server-7] [INFO] [1790530991.734279274] [controller_server]: Passing new path to controller.
[controller_server-7] [INFO] [1790530992.734280183] [controller_server]: Passing new path to controller.
[controller_server-7] [INFO] [1790530993.734271274] [controller_server]: Passing new path to controller.
[controller_server-7] [INFO] [1790530994.800963731] [controller_server]: Passing new path to controller.
[controller_server-7] [INFO] [1790530995.800935568] [controller_server]: Passing new path to controller.
[controller_server-7] [INFO] [1790530996.800946891] [controller_server]: Passing new path to controller.
[controller_server-7] [INFO] [1790530997.867614529] [controller_server]: Passing new path to controller.
[controller_server-7] [INFO] [1790530998.867606028] [controller_server]: Passing new path to controller.
[controller_server-7] [INFO] [1790530999.934277692] [controller_server]: Passing new path to controller.
[controller_server-7] [INFO] [1790531000.934279079] [controller_server]: Passing new path to controller.
[controller_server-7] [INFO] [1790531001.934282707] [controller_server]: Passing new path to controller.
[controller_server-7] [INFO] [1790531003.000948899] [controller_server]: Passing new path to controller.
[controller_server-7] [INFO] [1790531004.000947082] [controller_server]: Passing new path to controller.
[controller_server-7] [INFO] [1790531005.067608796] [controller_server]: Passing new path to controller.
[controller_server-7] [INFO] [1790531006.067603445] [controller_server]: Passing new path to controller.
[controller_server-7] [INFO] [1790531007.067602761] [controller_server]: Passing new path to controller.
[controller_server-7] [INFO] [1790531008.134270817] [controller_server]: Passing new path to controller.
[controller_server-7] [INFO] [1790531009.134269617] [controller_server]: Passing new path to controller.
[controller_server-7] [INFO] [1790531010.200953832] [controller_server]: Passing new path to controller.
[controller_server-7] [INFO] [1790531011.200920948] [controller_server]: Passing new path to controller.
[controller_server-7] [INFO] [1790531012.267613151] [controller_server]: Passing new path to controller.
[controller_server-7] [INFO] [1790531013.267609991] [controller_server]: Passing new path to controller.
[controller_server-7] [INFO] [1790531014.267611673] [controller_server]: Passing new path to controller.
[controller_server-7] [INFO] [1790531015.334274435] [controller_server]: Passing new path to controller.
[controller_server-7] [INFO] [1790531016.334271973] [controller_server]: Passing new path to controller.
[controller_server-7] [INFO] [1790531017.400941049] [controller_server]: Passing new path to controller.
[controller_server-7] [INFO] [1790531018.400938432] [controller_server]: Passing new path to controller.
[controller_server-7] [INFO] [1790531019.467609962] [controller_server]: Passing new path to controller.
[controller_server-7] [INFO] [1790531020.467616696] [controller_server]: Passing new path to controller.
[controller_server-7] [INFO] [1790531021.467603920] [controller_server]: Passing new path to controller.
[controller_server-7] [INFO] [1790531022.534267979] [controller_server]: Passing new path to controller.
[controller_server-7] [INFO] [1790531023.534269759] [controller_server]: Passing new path to controller.
[controller_server-7] [INFO] [1790531024.600949176] [controller_server]: Passing new path to controller.
[controller_server-7] [INFO] [1790531025.600947303] [controller_server]: Passing new path to controller.
[controller_server-7] [INFO] [1790531026.600944914] [controller_server]: Passing new path to controller.
[controller_server-7] [INFO] [1790531027.667604032] [controller_server]: Passing new path to controller.
[controller_server-7] [INFO] [1790531028.667604069] [controller_server]: Passing new path to controller.
[controller_server-7] [INFO] [1790531029.667604143] [controller_server]: Passing new path to controller.
[controller_server-7] [INFO] [1790531030.734267741] [controller_server]: Passing new path to controller.
[controller_server-7] [INFO] [1790531031.734283740] [controller_server]: Passing new path to controller.
[controller_server-7] [INFO] [1790531032.800960066] [controller_server]: Passing new path to controller.
[controller_server-7] [INFO] [1790531033.800945146] [controller_server]: Passing new path to controller.
[controller_server-7] [INFO] [1790531034.800955058] [controller_server]: Passing new path to controller.
[controller_server-7] [INFO] [1790531035.867604077] [controller_server]: Passing new path to controller.
[controller_server-7] [INFO] [1790531036.867609661] [controller_server]: Passing new path to controller.
[controller_server-7] [INFO] [1790531037.934271967] [controller_server]: Passing new path to controller.
[controller_server-7] [INFO] [1790531038.934279814] [controller_server]: Passing new path to controller.
[controller_server-7] [INFO] [1790531039.934272359] [controller_server]: Passing new path to controller.
[controller_server-7] [INFO] [1790531041.000942972] [controller_server]: Passing new path to controller.
[controller_server-7] [INFO] [1790531042.000953208] [controller_server]: Passing new path to controller.
[controller_server-7] [INFO] [1790531043.067616683] [controller_server]: Passing new path to controller.
[controller_server-7] [INFO] [1790531044.067570762] [controller_server]: Passing new path to controller.
[controller_server-7] [INFO] [1790531045.067607777] [controller_server]: Passing new path to controller.
[controller_server-7] [INFO] [1790531046.134282659] [controller_server]: Passing new path to controller.
[controller_server-7] [INFO] [1790531047.134268023] [controller_server]: Passing new path to controller.
[controller_server-7] [INFO] [1790531048.200942660] [controller_server]: Passing new path to controller.
[controller_server-7] [INFO] [1790531049.200938399] [controller_server]: Passing new path to controller.
[controller_server-7] [INFO] [1790531050.200938761] [controller_server]: Passing new path to controller.
[controller_server-7] [INFO] [1790531051.267605074] [controller_server]: Passing new path to controller.
[controller_server-7] [INFO] [1790531052.267606772] [controller_server]: Passing new path to controller.
[controller_server-7] [INFO] [1790531053.334271142] [controller_server]: Passing new path to controller.
[controller_server-7] [INFO] [1790531054.334274774] [controller_server]: Passing new path to controller.
[controller_server-7] [INFO] [1790531055.334309133] [controller_server]: Passing new path to controller.
[controller_server-7] [INFO] [1790531056.400935117] [controller_server]: Passing new path to controller.
[controller_server-7] [INFO] [1790531057.400947892] [controller_server]: Passing new path to controller.
[controller_server-7] [INFO] [1790531058.400939265] [controller_server]: Passing new path to controller.
[controller_server-7] [INFO] [1790531059.467606594] [controller_server]: Passing new path to controller.
[controller_server-7] [INFO] [1790531060.467611134] [controller_server]: Passing new path to controller.
[controller_server-7] [INFO] [1790531061.534270383] [controller_server]: Passing new path to controller.
[controller_server-7] [INFO] [1790531062.534280013] [controller_server]: Passing new path to controller.
[controller_server-7] [INFO] [1790531063.534274665] [controller_server]: Passing new path to controller.
[controller_server-7] [INFO] [1790531064.600965347] [controller_server]: Passing new path to controller.
[controller_server-7] [INFO] [1790531065.600942258] [controller_server]: Passing new path to controller.
[controller_server-7] [INFO] [1790531066.600935344] [controller_server]: Passing new path to controller.
[controller_server-7] [INFO] [1790531067.667601270] [controller_server]: Passing new path to controller.
[controller_server-7] [INFO] [1790531068.667606036] [controller_server]: Passing new path to controller.
[controller_server-7] [INFO] [1790531069.667601799] [controller_server]: Passing new path to controller.
[controller_server-7] [INFO] [1790531070.734273088] [controller_server]: Passing new path to controller.
[controller_server-7] [INFO] [1790531071.734269736] [controller_server]: Passing new path to controller.
[controller_server-7] [INFO] [1790531072.800941113] [controller_server]: Passing new path to controller.
[controller_server-7] [INFO] [1790531073.800947109] [controller_server]: Passing new path to controller.
[controller_server-7] [INFO] [1790531074.800921297] [controller_server]: Passing new path to controller.
[controller_server-7] [INFO] [1790531075.867606078] [controller_server]: Passing new path to controller.
[controller_server-7] [INFO] [1790531076.867602476] [controller_server]: Passing new path to controller.
[controller_server-7] [INFO] [1790531077.934272030] [controller_server]: Passing new path to controller.
[controller_server-7] [INFO] [1790531078.934270941] [controller_server]: Passing new path to controller.
[controller_server-7] [INFO] [1790531079.934268758] [controller_server]: Passing new path to controller.
[controller_server-7] [INFO] [1790531081.000939313] [controller_server]: Passing new path to controller.
[controller_server-7] [INFO] [1790531082.000941276] [controller_server]: Passing new path to controller.
[controller_server-7] [INFO] [1790531083.000950474] [controller_server]: Passing new path to controller.
[controller_server-7] [INFO] [1790531084.067603899] [controller_server]: Passing new path to controller.
[controller_server-7] [INFO] [1790531085.067604135] [controller_server]: Passing new path to controller.
[controller_server-7] [INFO] [1790531086.134279427] [controller_server]: Passing new path to controller.
[controller_server-7] [INFO] [1790531087.134268575] [controller_server]: Passing new path to controller.
[controller_server-7] [INFO] [1790531088.134273056] [controller_server]: Passing new path to controller.
[controller_server-7] [INFO] [1790531089.200960252] [controller_server]: Passing new path to controller.
[controller_server-7] [INFO] [1790531090.200942929] [controller_server]: Passing new path to controller.
[controller_server-7] [INFO] [1790531091.200937761] [controller_server]: Passing new path to controller.
[controller_server-7] [INFO] [1790531092.267612730] [controller_server]: Passing new path to controller.
[controller_server-7] [INFO] [1790531093.267603812] [controller_server]: Passing new path to controller.
[controller_server-7] [INFO] [1790531094.334269940] [controller_server]: Passing new path to controller.
[controller_server-7] [INFO] [1790531095.334271607] [controller_server]: Passing new path to controller.
[controller_server-7] [INFO] [1790531096.334278284] [controller_server]: Passing new path to controller.
[controller_server-7] [INFO] [1790531097.400990618] [controller_server]: Passing new path to controller.
[controller_server-7] [INFO] [1790531098.400949610] [controller_server]: Passing new path to controller.
[controller_server-7] [INFO] [1790531099.467606039] [controller_server]: Passing new path to controller.
[controller_server-7] [INFO] [1790531100.467613044] [controller_server]: Passing new path to controller.
[controller_server-7] [INFO] [1790531101.467611351] [controller_server]: Passing new path to controller.
[controller_server-7] [INFO] [1790531102.534279267] [controller_server]: Passing new path to controller.
[controller_server-7] [INFO] [1790531103.534275140] [controller_server]: Passing new path to controller.
[controller_server-7] [INFO] [1790531104.600950977] [controller_server]: Passing new path to controller.
[controller_server-7] [INFO] [1790531105.600965420] [controller_server]: Passing new path to controller.
[controller_server-7] [INFO] [1790531106.667611949] [controller_server]: Passing new path to controller.
[controller_server-7] [INFO] [1790531107.667611495] [controller_server]: Passing new path to controller.
[controller_server-7] [INFO] [1790531108.667601747] [controller_server]: Passing new path to controller.
[controller_server-7] [INFO] [1790531109.734269813] [controller_server]: Passing new path to controller.
[controller_server-7] [INFO] [1790531110.734275451] [controller_server]: Passing new path to controller.
[controller_server-7] [INFO] [1790531111.800949839] [controller_server]: Passing new path to controller.
[controller_server-7] [INFO] [1790531112.800938739] [controller_server]: Passing new path to controller.
[controller_server-7] [INFO] [1790531113.800937998] [controller_server]: Passing new path to controller.
[controller_server-7] [INFO] [1790531114.867614593] [controller_server]: Passing new path to controller.
[controller_server-7] [INFO] [1790531115.867603665] [controller_server]: Passing new path to controller.
[controller_server-7] [INFO] [1790531116.867609595] [controller_server]: Passing new path to controller.
[controller_server-7] [INFO] [1790531117.934279879] [controller_server]: Passing new path to controller.
[controller_server-7] [INFO] [1790531118.934268624] [controller_server]: Passing new path to controller.
[controller_server-7] [INFO] [1790531120.000918945] [controller_server]: Passing new path to controller.
[controller_server-7] [INFO] [1790531121.000942107] [controller_server]: Passing new path to controller.
[controller_server-7] [INFO] [1790531122.000946815] [controller_server]: Passing new path to controller.
[controller_server-7] [INFO] [1790531123.067600920] [controller_server]: Passing new path to controller.
[controller_server-7] [INFO] [1790531124.067600805] [controller_server]: Passing new path to controller.
[controller_server-7] [INFO] [1790531125.134268426] [controller_server]: Passing new path to controller.
[controller_server-7] [INFO] [1790531126.134280491] [controller_server]: Passing new path to controller.
[controller_server-7] [INFO] [1790531127.134282404] [controller_server]: Passing new path to controller.
[controller_server-7] [INFO] [1790531128.200942576] [controller_server]: Passing new path to controller.
[controller_server-7] [INFO] [1790531129.200952040] [controller_server]: Passing new path to controller.
[controller_server-7] [INFO] [1790531130.267611472] [controller_server]: Passing new path to controller.
[controller_server-7] [INFO] [1790531131.267607742] [controller_server]: Passing new path to controller.
[controller_server-7] [INFO] [1790531132.267603224] [controller_server]: Passing new path to controller.
[controller_server-7] [INFO] [1790531133.334268476] [controller_server]: Passing new path to controller.
[controller_server-7] [INFO] [1790531134.334270235] [controller_server]: Passing new path to controller.
[controller_server-7] [INFO] [1790531135.334267866] [controller_server]: Passing new path to controller.
[controller_server-7] [INFO] [1790531136.400943151] [controller_server]: Passing new path to controller.
[controller_server-7] [INFO] [1790531137.400954086] [controller_server]: Passing new path to controller.
[controller_server-7] [INFO] [1790531138.467604246] [controller_server]: Passing new path to controller.
[controller_server-7] [INFO] [1790531139.467604429] [controller_server]: Passing new path to controller.
[controller_server-7] [INFO] [1790531140.534267144] [controller_server]: Passing new path to controller.
[controller_server-7] [INFO] [1790531141.534271254] [controller_server]: Passing new path to controller.
[controller_server-7] [INFO] [1790531142.534282882] [controller_server]: Passing new path to controller.
[controller_server-7] [INFO] [1790531143.600936458] [controller_server]: Passing new path to controller.
[controller_server-7] [INFO] [1790531144.600944286] [controller_server]: Passing new path to controller.
[controller_server-7] [INFO] [1790531145.600935323] [controller_server]: Passing new path to controller.
[controller_server-7] [INFO] [1790531146.667596244] [controller_server]: Passing new path to controller.
[controller_server-7] [INFO] [1790531147.667608529] [controller_server]: Passing new path to controller.
[controller_server-7] [INFO] [1790531148.667605550] [controller_server]: Passing new path to controller.
[controller_server-7] [INFO] [1790531149.734276995] [controller_server]: Passing new path to controller.
[controller_server-7] [INFO] [1790531150.734266755] [controller_server]: Passing new path to controller.
[controller_server-7] [INFO] [1790531151.800941057] [controller_server]: Passing new path to controller.
[controller_server-7] [INFO] [1790531152.800940536] [controller_server]: Passing new path to controller.
[controller_server-7] [INFO] [1790531153.867606705] [controller_server]: Passing new path to controller.
[controller_server-7] [INFO] [1790531154.867606806] [controller_server]: Passing new path to controller.
[controller_server-7] [INFO] [1790531155.867614875] [controller_server]: Passing new path to controller.
[controller_server-7] [INFO] [1790531156.934276973] [controller_server]: Passing new path to controller.
[controller_server-7] [INFO] [1790531157.934274469] [controller_server]: Passing new path to controller.
[controller_server-7] [INFO] [1790531159.000957100] [controller_server]: Passing new path to controller.
[controller_server-7] [INFO] [1790531160.000956603] [controller_server]: Passing new path to controller.
[controller_server-7] [INFO] [1790531161.000936897] [controller_server]: Passing new path to controller.
[controller_server-7] [INFO] [1790531162.067606914] [controller_server]: Passing new path to controller.
[controller_server-7] [INFO] [1790531163.067604093] [controller_server]: Passing new path to controller.
[controller_server-7] [INFO] [1790531164.134269866] [controller_server]: Passing new path to controller.
[controller_server-7] [INFO] [1790531165.134272963] [controller_server]: Passing new path to controller.
[controller_server-7] [INFO] [1790531166.134268917] [controller_server]: Passing new path to controller.
[controller_server-7] [INFO] [1790531167.200942312] [controller_server]: Passing new path to controller.
[controller_server-7] [INFO] [1790531168.200955166] [controller_server]: Passing new path to controller.
[controller_server-7] [INFO] [1790531169.200942496] [controller_server]: Passing new path to controller.
[controller_server-7] [INFO] [1790531170.267633236] [controller_server]: Passing new path to controller.
[controller_server-7] [INFO] [1790531171.267602947] [controller_server]: Passing new path to controller.
[controller_server-7] [INFO] [1790531172.267600704] [controller_server]: Passing new path to controller.
[controller_server-7] [INFO] [1790531173.334268652] [controller_server]: Passing new path to controller.
[controller_server-7] [INFO] [1790531174.334269487] [controller_server]: Passing new path to controller.
[controller_server-7] [INFO] [1790531175.400941611] [controller_server]: Passing new path to controller.
[controller_server-7] [INFO] [1790531176.400944510] [controller_server]: Passing new path to controller.
[controller_server-7] [INFO] [1790531177.467611523] [controller_server]: Passing new path to controller.
[controller_server-7] [INFO] [1790531178.467611731] [controller_server]: Passing new path to controller.
[controller_server-7] [INFO] [1790531179.467599994] [controller_server]: Passing new path to controller.
[controller_server-7] [INFO] [1790531180.534267963] [controller_server]: Passing new path to controller.
[controller_server-7] [INFO] [1790531181.534265892] [controller_server]: Passing new path to controller.
[controller_server-7] [INFO] [1790531182.600940668] [controller_server]: Passing new path to controller.
[controller_server-7] [INFO] [1790531183.600950178] [controller_server]: Passing new path to controller.
[controller_server-7] [INFO] [1790531184.667598630] [controller_server]: Passing new path to controller.
[controller_server-7] [INFO] [1790531185.667600904] [controller_server]: Passing new path to controller.
[controller_server-7] [INFO] [1790531186.667600428] [controller_server]: Passing new path to controller.
[controller_server-7] [INFO] [1790531187.734270431] [controller_server]: Passing new path to controller.
[controller_server-7] [INFO] [1790531188.734263859] [controller_server]: Passing new path to controller.
[controller_server-7] [INFO] [1790531189.800915847] [controller_server]: Passing new path to controller.
[controller_server-7] [INFO] [1790531190.800935019] [controller_server]: Passing new path to controller.
[controller_server-7] [INFO] [1790531191.867609282] [controller_server]: Passing new path to controller.
[controller_server-7] [INFO] [1790531192.867602528] [controller_server]: Passing new path to controller.
[controller_server-7] [INFO] [1790531193.867601205] [controller_server]: Passing new path to controller.
[controller_server-7] [INFO] [1790531194.934271381] [controller_server]: Passing new path to controller.
[controller_server-7] [INFO] [1790531195.934269015] [controller_server]: Passing new path to controller.
[controller_server-7] [INFO] [1790531197.000955007] [controller_server]: Passing new path to controller.
[controller_server-7] [INFO] [1790531198.000952065] [controller_server]: Passing new path to controller.
[controller_server-7] [INFO] [1790531199.000937343] [controller_server]: Passing new path to controller.
[controller_server-7] [INFO] [1790531200.067622905] [controller_server]: Passing new path to controller.
[controller_server-7] [INFO] [1790531201.067601906] [controller_server]: Passing new path to controller.
[controller_server-7] [INFO] [1790531202.067604801] [controller_server]: Passing new path to controller.
[controller_server-7] [INFO] [1790531203.134271083] [controller_server]: Passing new path to controller.
[controller_server-7] [INFO] [1790531204.134272052] [controller_server]: Passing new path to controller.
[controller_server-7] [INFO] [1790531205.200943275] [controller_server]: Passing new path to controller.
[controller_server-7] [INFO] [1790531206.200951401] [controller_server]: Passing new path to controller.
[controller_server-7] [INFO] [1790531207.267610342] [controller_server]: Passing new path to controller.
[controller_server-7] [INFO] [1790531208.267602034] [controller_server]: Passing new path to controller.
[controller_server-7] [INFO] [1790531209.267598906] [controller_server]: Passing new path to controller.
[controller_server-7] [INFO] [1790531210.334277466] [controller_server]: Passing new path to controller.
[controller_server-7] [INFO] [1790531211.334268795] [controller_server]: Passing new path to controller.
[controller_server-7] [INFO] [1790531212.400964158] [controller_server]: Passing new path to controller.
[controller_server-7] [INFO] [1790531213.400949449] [controller_server]: Passing new path to controller.
[controller_server-7] [INFO] [1790531214.400936735] [controller_server]: Passing new path to controller.
[controller_server-7] [INFO] [1790531215.467601402] [controller_server]: Passing new path to controller.
[controller_server-7] [INFO] [1790531216.467601977] [controller_server]: Passing new path to controller.
[controller_server-7] [INFO] [1790531217.534275875] [controller_server]: Passing new path to controller.
[controller_server-7] [INFO] [1790531218.534271905] [controller_server]: Passing new path to controller.
[controller_server-7] [INFO] [1790531219.534265063] [controller_server]: Passing new path to controller.
[controller_server-7] [INFO] [1790531220.600948660] [controller_server]: Passing new path to controller.
[controller_server-7] [INFO] [1790531221.600944682] [controller_server]: Passing new path to controller.
[controller_server-7] [INFO] [1790531222.667599457] [controller_server]: Passing new path to controller.
[controller_server-7] [INFO] [1790531223.667602262] [controller_server]: Passing new path to controller.
[controller_server-7] [INFO] [1790531224.667599666] [controller_server]: Passing new path to controller.
[controller_server-7] [INFO] [1790531225.734276656] [controller_server]: Passing new path to controller.
[controller_server-7] [INFO] [1790531226.734266510] [controller_server]: Passing new path to controller.
[controller_server-7] [INFO] [1790531227.800960287] [controller_server]: Passing new path to controller.
[controller_server-7] [INFO] [1790531228.800945436] [controller_server]: Passing new path to controller.
[controller_server-7] [INFO] [1790531229.800938115] [controller_server]: Passing new path to controller.
[controller_server-7] [INFO] [1790531230.867603135] [controller_server]: Passing new path to controller.
[controller_server-7] [INFO] [1790531231.867611691] [controller_server]: Passing new path to controller.
[controller_server-7] [INFO] [1790531232.934255678] [controller_server]: Passing new path to controller.
[controller_server-7] [INFO] [1790531233.934276764] [controller_server]: Passing new path to controller.
[controller_server-7] [INFO] [1790531234.934274822] [controller_server]: Passing new path to controller.
[controller_server-7] [INFO] [1790531236.000944919] [controller_server]: Passing new path to controller.
[controller_server-7] [INFO] [1790531237.000944934] [controller_server]: Passing new path to controller.
[controller_server-7] [INFO] [1790531238.067607738] [controller_server]: Passing new path to controller.
[controller_server-7] [INFO] [1790531239.067602493] [controller_server]: Passing new path to controller.
[controller_server-7] [INFO] [1790531240.067621082] [controller_server]: Passing new path to controller.
[controller_server-7] [INFO] [1790531241.134275337] [controller_server]: Passing new path to controller.
[controller_server-7] [INFO] [1790531242.134265633] [controller_server]: Passing new path to controller.
[controller_server-7] [INFO] [1790531243.200946946] [controller_server]: Passing new path to controller.
[controller_server-7] [INFO] [1790531244.200941590] [controller_server]: Passing new path to controller.
[controller_server-7] [INFO] [1790531245.267608936] [controller_server]: Passing new path to controller.
[controller_server-7] [INFO] [1790531246.267601812] [controller_server]: Passing new path to controller.
[controller_server-7] [INFO] [1790531247.267614313] [controller_server]: Passing new path to controller.
[controller_server-7] [INFO] [1790531248.334269800] [controller_server]: Passing new path to controller.
[controller_server-7] [INFO] [1790531249.334267945] [controller_server]: Passing new path to controller.
[controller_server-7] [INFO] [1790531250.400954114] [controller_server]: Passing new path to controller.
[controller_server-7] [INFO] [1790531251.400942880] [controller_server]: Passing new path to controller.
[controller_server-7] [INFO] [1790531252.467617289] [controller_server]: Passing new path to controller.
[controller_server-7] [INFO] [1790531253.467617580] [controller_server]: Passing new path to controller.
[controller_server-7] [INFO] [1790531254.467600782] [controller_server]: Passing new path to controller.
[controller_server-7] [INFO] [1790531255.534271018] [controller_server]: Passing new path to controller.
[controller_server-7] [INFO] [1790531256.534265596] [controller_server]: Passing new path to controller.
[controller_server-7] [INFO] [1790531257.600946053] [controller_server]: Passing new path to controller.
[controller_server-7] [INFO] [1790531258.600944376] [controller_server]: Passing new path to controller.
[controller_server-7] [INFO] [1790531259.667627802] [controller_server]: Passing new path to controller.
[controller_server-7] [INFO] [1790531260.667608024] [controller_server]: Passing new path to controller.
[controller_server-7] [INFO] [1790531261.667609148] [controller_server]: Passing new path to controller.
[controller_server-7] [INFO] [1790531262.734268504] [controller_server]: Passing new path to controller.
[controller_server-7] [INFO] [1790531263.734279044] [controller_server]: Passing new path to controller.
[controller_server-7] [INFO] [1790531264.734266050] [controller_server]: Passing new path to controller.
[controller_server-7] [INFO] [1790531265.800940094] [controller_server]: Passing new path to controller.
[controller_server-7] [INFO] [1790531266.800940117] [controller_server]: Passing new path to controller.
[controller_server-7] [INFO] [1790531267.867602927] [controller_server]: Passing new path to controller.
[controller_server-7] [INFO] [1790531268.867603845] [controller_server]: Passing new path to controller.
[controller_server-7] [INFO] [1790531269.867623791] [controller_server]: Passing new path to controller.
[controller_server-7] [INFO] [1790531270.934265669] [controller_server]: Passing new path to controller.
[controller_server-7] [INFO] [1790531271.934223992] [controller_server]: Passing new path to controller.
[controller_server-7] [INFO] [1790531273.000932434] [controller_server]: Passing new path to controller.
[controller_server-7] [INFO] [1790531274.000941933] [controller_server]: Passing new path to controller.
[controller_server-7] [INFO] [1790531275.000951101] [controller_server]: Passing new path to controller.
[controller_server-7] [INFO] [1790531276.067604605] [controller_server]: Passing new path to controller.
[controller_server-7] [INFO] [1790531277.067598700] [controller_server]: Passing new path to controller.
[controller_server-7] [INFO] [1790531278.134265695] [controller_server]: Passing new path to controller.
[controller_server-7] [INFO] [1790531279.134266677] [controller_server]: Passing new path to controller.
[controller_server-7] [INFO] [1790531280.134265163] [controller_server]: Passing new path to controller.
[controller_server-7] [INFO] [1790531281.200934038] [controller_server]: Passing new path to controller.
[controller_server-7] [INFO] [1790531282.200940938] [controller_server]: Passing new path to controller.
[controller_server-7] [INFO] [1790531283.267608374] [controller_server]: Passing new path to controller.
[controller_server-7] [INFO] [1790531284.267612147] [controller_server]: Passing new path to controller.
[controller_server-7] [INFO] [1790531285.267605570] [controller_server]: Passing new path to controller.
[controller_server-7] [INFO] [1790531286.334266895] [controller_server]: Passing new path to controller.
[controller_server-7] [INFO] [1790531287.334266844] [controller_server]: Passing new path to controller.
[controller_server-7] [INFO] [1790531288.334281179] [controller_server]: Passing new path to controller.
[controller_server-7] [INFO] [1790531289.400955563] [controller_server]: Passing new path to controller.
[controller_server-7] [INFO] [1790531290.400945487] [controller_server]: Passing new path to controller.
[controller_server-7] [INFO] [1790531291.400942513] [controller_server]: Passing new path to controller.
[controller_server-7] [INFO] [1790531292.467601506] [controller_server]: Passing new path to controller.
[controller_server-7] [INFO] [1790531293.467605357] [controller_server]: Passing new path to controller.
[controller_server-7] [INFO] [1790531294.467599927] [controller_server]: Passing new path to controller.
[controller_server-7] [INFO] [1790531295.534271701] [controller_server]: Passing new path to controller.
[controller_server-7] [INFO] [1790531296.534269897] [controller_server]: Passing new path to controller.
[controller_server-7] [INFO] [1790531297.534271111] [controller_server]: Passing new path to controller.
[controller_server-7] [INFO] [1790531298.600945209] [controller_server]: Passing new path to controller.
[controller_server-7] [INFO] [1790531299.600942346] [controller_server]: Passing new path to controller.
[controller_server-7] [INFO] [1790531300.600933336] [controller_server]: Passing new path to controller.
[controller_server-7] [INFO] [1790531301.667552743] [controller_server]: Passing new path to controller.
[controller_server-7] [INFO] [1790531302.667599491] [controller_server]: Passing new path to controller.
[controller_server-7] [INFO] [1790531303.667601241] [controller_server]: Passing new path to controller.
[controller_server-7] [INFO] [1790531304.734270476] [controller_server]: Passing new path to controller.
[controller_server-7] [INFO] [1790531305.734266397] [controller_server]: Passing new path to controller.
[controller_server-7] [INFO] [1790531306.734267345] [controller_server]: Passing new path to controller.
[controller_server-7] [INFO] [1790531307.800952103] [controller_server]: Passing new path to controller.
[controller_server-7] [INFO] [1790531308.800935012] [controller_server]: Passing new path to controller.
[controller_server-7] [INFO] [1790531309.867599668] [controller_server]: Passing new path to controller.
[controller_server-7] [INFO] [1790531310.867599772] [controller_server]: Passing new path to controller.
[controller_server-7] [INFO] [1790531311.934268391] [controller_server]: Passing new path to controller.
[controller_server-7] [INFO] [1790531312.934266912] [controller_server]: Passing new path to controller.
[controller_server-7] [INFO] [1790531313.934271355] [controller_server]: Passing new path to controller.
[controller_server-7] [INFO] [1790531315.000939149] [controller_server]: Passing new path to controller.
[controller_server-7] [INFO] [1790531316.000954396] [controller_server]: Passing new path to controller.
[controller_server-7] [INFO] [1790531317.000945214] [controller_server]: Passing new path to controller.
[controller_server-7] [INFO] [1790531318.067606226] [controller_server]: Passing new path to controller.
[controller_server-7] [INFO] [1790531319.067605710] [controller_server]: Passing new path to controller.
[controller_server-7] [INFO] [1790531320.067599459] [controller_server]: Passing new path to controller.
[controller_server-7] [INFO] [1790531321.134265660] [controller_server]: Passing new path to controller.
[controller_server-7] [INFO] [1790531322.134274084] [controller_server]: Passing new path to controller.
[controller_server-7] [INFO] [1790531323.200950152] [controller_server]: Passing new path to controller.
[controller_server-7] [INFO] [1790531324.200946990] [controller_server]: Passing new path to controller.
[controller_server-7] [INFO] [1790531325.200932727] [controller_server]: Passing new path to controller.
[controller_server-7] [INFO] [1790531326.267614089] [controller_server]: Passing new path to controller.
[controller_server-7] [INFO] [1790531327.267604076] [controller_server]: Passing new path to controller.
[controller_server-7] [INFO] [1790531328.267610352] [controller_server]: Passing new path to controller.
[controller_server-7] [INFO] [1790531329.334271177] [controller_server]: Passing new path to controller.
[controller_server-7] [INFO] [1790531330.334263559] [controller_server]: Passing new path to controller.
[controller_server-7] [INFO] [1790531331.400942492] [controller_server]: Passing new path to controller.
[controller_server-7] [INFO] [1790531332.400943403] [controller_server]: Passing new path to controller.
[controller_server-7] [INFO] [1790531333.467631133] [controller_server]: Passing new path to controller.
[controller_server-7] [INFO] [1790531334.467598800] [controller_server]: Passing new path to controller.
[controller_server-7] [INFO] [1790531335.467618272] [controller_server]: Passing new path to controller.
[controller_server-7] [INFO] [1790531336.534268145] [controller_server]: Passing new path to controller.
[controller_server-7] [INFO] [1790531337.534276249] [controller_server]: Passing new path to controller.
[controller_server-7] [INFO] [1790531338.600967551] [controller_server]: Passing new path to controller.
[controller_server-7] [INFO] [1790531339.600941613] [controller_server]: Passing new path to controller.
[controller_server-7] [INFO] [1790531340.600946180] [controller_server]: Passing new path to controller.
[controller_server-7] [INFO] [1790531341.667601748] [controller_server]: Passing new path to controller.
[controller_server-7] [INFO] [1790531342.667599982] [controller_server]: Passing new path to controller.
[controller_server-7] [INFO] [1790531343.667604659] [controller_server]: Passing new path to controller.
[controller_server-7] [INFO] [1790531344.734274292] [controller_server]: Passing new path to controller.
[controller_server-7] [INFO] [1790531345.734269301] [controller_server]: Passing new path to controller.
[controller_server-7] [INFO] [1790531346.800933795] [controller_server]: Passing new path to controller.
[controller_server-7] [INFO] [1790531347.800940937] [controller_server]: Passing new path to controller.
[controller_server-7] [INFO] [1790531348.867610485] [controller_server]: Passing new path to controller.
[controller_server-7] [INFO] [1790531349.867602773] [controller_server]: Passing new path to controller.
[controller_server-7] [INFO] [1790531350.867601830] [controller_server]: Passing new path to controller.
[controller_server-7] [INFO] [1790531351.934266840] [controller_server]: Passing new path to controller.
[controller_server-7] [INFO] [1790531352.934266709] [controller_server]: Passing new path to controller.
[controller_server-7] [INFO] [1790531353.934264731] [controller_server]: Passing new path to controller.
[controller_server-7] [INFO] [1790531355.000950334] [controller_server]: Passing new path to controller.
[controller_server-7] [INFO] [1790531356.000940110] [controller_server]: Passing new path to controller.
[controller_server-7] [INFO] [1790531357.067597487] [controller_server]: Passing new path to controller.
[controller_server-7] [INFO] [1790531358.067610522] [controller_server]: Passing new path to controller.
[controller_server-7] [INFO] [1790531359.067599763] [controller_server]: Passing new path to controller.
[controller_server-7] [INFO] [1790531360.134228595] [controller_server]: Passing new path to controller.
[controller_server-7] [INFO] [1790531361.134272748] [controller_server]: Passing new path to controller.
[controller_server-7] [INFO] [1790531362.134264700] [controller_server]: Passing new path to controller.
[controller_server-7] [INFO] [1790531363.200983654] [controller_server]: Passing new path to controller.
[controller_server-7] [INFO] [1790531364.200940838] [controller_server]: Passing new path to controller.
[controller_server-7] [INFO] [1790531365.200934521] [controller_server]: Passing new path to controller.
[controller_server-7] [INFO] [1790531366.267602331] [controller_server]: Passing new path to controller.
[controller_server-7] [INFO] [1790531367.267604828] [controller_server]: Passing new path to controller.
[controller_server-7] [INFO] [1790531368.267607268] [controller_server]: Passing new path to controller.
[controller_server-7] [INFO] [1790531369.334336715] [controller_server]: Passing new path to controller.
[controller_server-7] [INFO] [1790531370.334273305] [controller_server]: Passing new path to controller.
[controller_server-7] [INFO] [1790531371.400956093] [controller_server]: Passing new path to controller.
[controller_server-7] [INFO] [1790531372.400948727] [controller_server]: Passing new path to controller.
[controller_server-7] [INFO] [1790531373.400938730] [controller_server]: Passing new path to controller.
[controller_server-7] [INFO] [1790531374.467598597] [controller_server]: Passing new path to controller.
[controller_server-7] [INFO] [1790531375.467607639] [controller_server]: Passing new path to controller.
[controller_server-7] [INFO] [1790531376.467604869] [controller_server]: Passing new path to controller.
[controller_server-7] [INFO] [1790531377.534296482] [controller_server]: Passing new path to controller.
[controller_server-7] [INFO] [1790531378.534264943] [controller_server]: Passing new path to controller.
[controller_server-7] [INFO] [1790531379.600939616] [controller_server]: Passing new path to controller.
[controller_server-7] [INFO] [1790531380.600933744] [controller_server]: Passing new path to controller.
[controller_server-7] [INFO] [1790531381.600931792] [controller_server]: Passing new path to controller.
[controller_server-7] [INFO] [1790531382.667602978] [controller_server]: Passing new path to controller.
[controller_server-7] [INFO] [1790531383.667604378] [controller_server]: Passing new path to controller.
[controller_server-7] [INFO] [1790531384.734268682] [controller_server]: Passing new path to controller.
[controller_server-7] [INFO] [1790531385.734269773] [controller_server]: Passing new path to controller.
[controller_server-7] [INFO] [1790531386.734274032] [controller_server]: Passing new path to controller.
[controller_server-7] [INFO] [1790531387.800940079] [controller_server]: Passing new path to controller.
[controller_server-7] [INFO] [1790531388.800952727] [controller_server]: Passing new path to controller.
[controller_server-7] [INFO] [1790531389.800934647] [controller_server]: Passing new path to controller.
[controller_server-7] [INFO] [1790531390.867598026] [controller_server]: Passing new path to controller.
[controller_server-7] [INFO] [1790531391.867607662] [controller_server]: Passing new path to controller.
[controller_server-7] [INFO] [1790531392.934272875] [controller_server]: Passing new path to controller.
[controller_server-7] [INFO] [1790531393.934267889] [controller_server]: Passing new path to controller.
[controller_server-7] [INFO] [1790531394.934316732] [controller_server]: Passing new path to controller.
[controller_server-7] [INFO] [1790531396.000951111] [controller_server]: Passing new path to controller.
[controller_server-7] [INFO] [1790531397.000967074] [controller_server]: Passing new path to controller.
[controller_server-7] [INFO] [1790531398.000937898] [controller_server]: Passing new path to controller.
[controller_server-7] [INFO] [1790531399.067602921] [controller_server]: Passing new path to controller.
[controller_server-7] [INFO] [1790531400.067604925] [controller_server]: Passing new path to controller.
[controller_server-7] [INFO] [1790531401.134266094] [controller_server]: Passing new path to controller.
[controller_server-7] [INFO] [1790531402.134265456] [controller_server]: Passing new path to controller.
[controller_server-7] [INFO] [1790531403.134267396] [controller_server]: Passing new path to controller.
[controller_server-7] [INFO] [1790531404.200938032] [controller_server]: Passing new path to controller.
[controller_server-7] [INFO] [1790531405.200940869] [controller_server]: Passing new path to controller.
[controller_server-7] [INFO] [1790531406.267599888] [controller_server]: Passing new path to controller.
[controller_server-7] [INFO] [1790531407.267602673] [controller_server]: Passing new path to controller.
[controller_server-7] [INFO] [1790531408.267597093] [controller_server]: Passing new path to controller.
[controller_server-7] [INFO] [1790531409.334272094] [controller_server]: Passing new path to controller.
[controller_server-7] [INFO] [1790531410.334267138] [controller_server]: Passing new path to controller.
[controller_server-7] [INFO] [1790531411.400932192] [controller_server]: Passing new path to controller.
[controller_server-7] [INFO] [1790531412.400955291] [controller_server]: Passing new path to controller.
[controller_server-7] [INFO] [1790531413.467601262] [controller_server]: Passing new path to controller.
[controller_server-7] [INFO] [1790531414.467606252] [controller_server]: Passing new path to controller.
[controller_server-7] [INFO] [1790531415.467601918] [controller_server]: Passing new path to controller.
[controller_server-7] [INFO] [1790531416.534266989] [controller_server]: Passing new path to controller.
[controller_server-7] [INFO] [1790531417.534271724] [controller_server]: Passing new path to controller.
[controller_server-7] [INFO] [1790531418.600938667] [controller_server]: Passing new path to controller.
[controller_server-7] [INFO] [1790531419.600933897] [controller_server]: Passing new path to controller.
[controller_server-7] [INFO] [1790531420.600940256] [controller_server]: Passing new path to controller.
[controller_server-7] [INFO] [1790531421.667615824] [controller_server]: Passing new path to controller.
[controller_server-7] [INFO] [1790531422.667597460] [controller_server]: Passing new path to controller.
[controller_server-7] [INFO] [1790531423.667597645] [controller_server]: Passing new path to controller.
[controller_server-7] [INFO] [1790531424.734273136] [controller_server]: Passing new path to controller.
[controller_server-7] [INFO] [1790531425.734264709] [controller_server]: Passing new path to controller.
[controller_server-7] [INFO] [1790531426.734272218] [controller_server]: Passing new path to controller.
[controller_server-7] [INFO] [1790531427.800944858] [controller_server]: Passing new path to controller.
[controller_server-7] [INFO] [1790531428.800951960] [controller_server]: Passing new path to controller.
[controller_server-7] [INFO] [1790531429.867599213] [controller_server]: Passing new path to controller.
[controller_server-7] [INFO] [1790531430.867599548] [controller_server]: Passing new path to controller.
[controller_server-7] [INFO] [1790531431.867598212] [controller_server]: Passing new path to controller.
[controller_server-7] [INFO] [1790531432.867602802] [controller_server]: Passing new path to controller.
[controller_server-7] [INFO] [1790531433.934275644] [controller_server]: Passing new path to controller.
[controller_server-7] [INFO] [1790531434.934234511] [controller_server]: Passing new path to controller.
[controller_server-7] [INFO] [1790531436.000939946] [controller_server]: Passing new path to controller.
[controller_server-7] [INFO] [1790531437.000955803] [controller_server]: Passing new path to controller.
[controller_server-7] [INFO] [1790531438.000937452] [controller_server]: Passing new path to controller.
[controller_server-7] [INFO] [1790531439.067611340] [controller_server]: Passing new path to controller.
[controller_server-7] [INFO] [1790531440.067601583] [controller_server]: Passing new path to controller.
[controller_server-7] [INFO] [1790531441.067609302] [controller_server]: Passing new path to controller.
[controller_server-7] [INFO] [1790531442.134276376] [controller_server]: Passing new path to controller.
[controller_server-7] [INFO] [1790531443.134265067] [controller_server]: Passing new path to controller.
[controller_server-7] [INFO] [1790531444.200936029] [controller_server]: Passing new path to controller.
[controller_server-7] [INFO] [1790531445.200932084] [controller_server]: Passing new path to controller.
[controller_server-7] [INFO] [1790531446.200932457] [controller_server]: Passing new path to controller.
[controller_server-7] [INFO] [1790531447.267598375] [controller_server]: Passing new path to controller.
[controller_server-7] [INFO] [1790531448.267611069] [controller_server]: Passing new path to controller.
[controller_server-7] [INFO] [1790531449.334270191] [controller_server]: Passing new path to controller.
[controller_server-7] [INFO] [1790531450.334267537] [controller_server]: Passing new path to controller.
[controller_server-7] [INFO] [1790531451.334262915] [controller_server]: Passing new path to controller.
[controller_server-7] [INFO] [1790531452.400936495] [controller_server]: Passing new path to controller.
[controller_server-7] [INFO] [1790531453.400932249] [controller_server]: Passing new path to controller.
[controller_server-7] [INFO] [1790531454.467613414] [controller_server]: Passing new path to controller.
[controller_server-7] [INFO] [1790531455.467610047] [controller_server]: Passing new path to controller.
[controller_server-7] [INFO] [1790531456.467598978] [controller_server]: Passing new path to controller.
[controller_server-7] [INFO] [1790531457.534272585] [controller_server]: Passing new path to controller.
[controller_server-7] [INFO] [1790531458.534261129] [controller_server]: Passing new path to controller.
[controller_server-7] [INFO] [1790531459.534270307] [controller_server]: Passing new path to controller.
[controller_server-7] [INFO] [1790531460.600931747] [controller_server]: Passing new path to controller.
[controller_server-7] [INFO] [1790531461.600930970] [controller_server]: Passing new path to controller.
[controller_server-7] [INFO] [1790531462.667633304] [controller_server]: Passing new path to controller.
[controller_server-7] [INFO] [1790531463.667597308] [controller_server]: Passing new path to controller.
[controller_server-7] [INFO] [1790531464.667602246] [controller_server]: Passing new path to controller.
[controller_server-7] [INFO] [1790531465.734269638] [controller_server]: Passing new path to controller.
[controller_server-7] [INFO] [1790531466.734265234] [controller_server]: Passing new path to controller.
[controller_server-7] [INFO] [1790531467.734265839] [controller_server]: Passing new path to controller.
[controller_server-7] [INFO] [1790531468.800937963] [controller_server]: Passing new path to controller.
[controller_server-7] [INFO] [1790531469.800936942] [controller_server]: Passing new path to controller.
[controller_server-7] [INFO] [1790531470.800931480] [controller_server]: Passing new path to controller.
[controller_server-7] [INFO] [1790531471.867598695] [controller_server]: Passing new path to controller.
[controller_server-7] [INFO] [1790531472.867604439] [controller_server]: Passing new path to controller.
[controller_server-7] [INFO] [1790531473.934266863] [controller_server]: Passing new path to controller.
[controller_server-7] [INFO] [1790531474.934269858] [controller_server]: Passing new path to controller.
[controller_server-7] [INFO] [1790531475.934266501] [controller_server]: Passing new path to controller.
[controller_server-7] [INFO] [1790531477.000936674] [controller_server]: Passing new path to controller.
[controller_server-7] [INFO] [1790531478.000931964] [controller_server]: Passing new path to controller.
[controller_server-7] [INFO] [1790531479.067602571] [controller_server]: Passing new path to controller.
[controller_server-7] [INFO] [1790531480.067614102] [controller_server]: Passing new path to controller.
[controller_server-7] [INFO] [1790531481.134265531] [controller_server]: Passing new path to controller.
[controller_server-7] [INFO] [1790531482.134264528] [controller_server]: Passing new path to controller.
[controller_server-7] [INFO] [1790531483.134248037] [controller_server]: Passing new path to controller.
[controller_server-7] [INFO] [1790531484.200945376] [controller_server]: Passing new path to controller.
[controller_server-7] [INFO] [1790531485.200933731] [controller_server]: Passing new path to controller.
[controller_server-7] [INFO] [1790531486.200943966] [controller_server]: Passing new path to controller.
[controller_server-7] [INFO] [1790531487.267605328] [controller_server]: Passing new path to controller.
[controller_server-7] [INFO] [1790531488.267603963] [controller_server]: Passing new path to controller.
[controller_server-7] [INFO] [1790531489.334266614] [controller_server]: Passing new path to controller.
[controller_server-7] [INFO] [1790531490.334267152] [controller_server]: Passing new path to controller.
[controller_server-7] [INFO] [1790531491.334266189] [controller_server]: Passing new path to controller.
[controller_server-7] [INFO] [1790531492.400942620] [controller_server]: Passing new path to controller.
[controller_server-7] [INFO] [1790531493.400943917] [controller_server]: Passing new path to controller.
[controller_server-7] [INFO] [1790531494.400941299] [controller_server]: Passing new path to controller.
[controller_server-7] [INFO] [1790531495.467598334] [controller_server]: Passing new path to controller.
[controller_server-7] [INFO] [1790531496.467599353] [controller_server]: Passing new path to controller.
[controller_server-7] [INFO] [1790531497.467598966] [controller_server]: Passing new path to controller.
[controller_server-7] [INFO] [1790531498.534274528] [controller_server]: Passing new path to controller.
[controller_server-7] [INFO] [1790531499.534298727] [controller_server]: Passing new path to controller.
[controller_server-7] [INFO] [1790531500.600935655] [controller_server]: Passing new path to controller.
[controller_server-7] [INFO] [1790531501.600949956] [controller_server]: Passing new path to controller.
[controller_server-7] [INFO] [1790531502.600934911] [controller_server]: Passing new path to controller.
[controller_server-7] [INFO] [1790531503.667597643] [controller_server]: Passing new path to controller.
[controller_server-7] [INFO] [1790531504.667603766] [controller_server]: Passing new path to controller.
[controller_server-7] [INFO] [1790531505.734265766] [controller_server]: Passing new path to controller.
[controller_server-7] [INFO] [1790531506.734268827] [controller_server]: Passing new path to controller.
[controller_server-7] [INFO] [1790531507.734270434] [controller_server]: Passing new path to controller.
[controller_server-7] [INFO] [1790531508.800938863] [controller_server]: Passing new path to controller.
[controller_server-7] [INFO] [1790531509.800930205] [controller_server]: Passing new path to controller.
[controller_server-7] [INFO] [1790531510.867607950] [controller_server]: Passing new path to controller.
[controller_server-7] [INFO] [1790531511.867596994] [controller_server]: Passing new path to controller.
[controller_server-7] [INFO] [1790531512.867597031] [controller_server]: Passing new path to controller.
[controller_server-7] [INFO] [1790531513.934265471] [controller_server]: Passing new path to controller.
[controller_server-7] [INFO] [1790531514.000960495] [controller_server]: Reached the goal!
[controller_server-7] [INFO] [1790531514.002407655] [controller_server]: Optimizer reset
[bt_navigator-9] [INFO] [1790531514.024076810] [bt_navigator]: Goal succeeded
[lifecycle_manager-10] [INFO] [1790531516.173721331] [rclcpp]: signal_handler(SIGINT/SIGTERM)
[planner_server-6] [INFO] [1790531516.173725708] [rclcpp]: signal_handler(SIGINT/SIGTERM)
[planner_server-6] [INFO] [1790531516.173762781] [planner_server]: Running Nav2 LifecycleNode rcl preshutdown (planner_server)
[planner_server-6] [INFO] [1790531516.173789642] [planner_server]: Deactivating
[bt_navigator-9] [INFO] [1790531516.173727140] [rclcpp]: signal_handler(SIGINT/SIGTERM)
[bt_navigator-9] [INFO] [1790531516.173762175] [bt_navigator]: Running Nav2 LifecycleNode rcl preshutdown (bt_navigator)
[bt_navigator-9] [INFO] [1790531516.173789011] [bt_navigator]: Deactivating
[rviz2-11] [INFO] [1790531516.173723529] [rclcpp]: signal_handler(SIGINT/SIGTERM)
[controller_server-7] [INFO] [1790531516.173729187] [rclcpp]: signal_handler(SIGINT/SIGTERM)
[controller_server-7] [INFO] [1790531516.173762138] [controller_server]: Running Nav2 LifecycleNode rcl preshutdown (controller_server)
[controller_server-7] [INFO] [1790531516.173789068] [controller_server]: Deactivating
[controller_server-7] [INFO] [1790531516.173802409] [MPPIController]: Deactivated MPPI Controller: FollowPath
[controller_server-7] [INFO] [1790531516.173808275] [local_costmap.local_costmap]: Deactivating
[behavior_server-8] [INFO] [1790531516.173726507] [rclcpp]: signal_handler(SIGINT/SIGTERM)
[behavior_server-8] [INFO] [1790531516.173788720] [behavior_server]: Running Nav2 LifecycleNode rcl preshutdown (behavior_server)
[behavior_server-8] [INFO] [1790531516.173828465] [behavior_server]: Deactivating
[behavior_server-8] [INFO] [1790531516.173854174] [behavior_server]: Destroying bond (behavior_server) to lifecycle manager.
[lifecycle_manager-10] [INFO] [1790531516.173782853] [lifecycle_manager_navigation]: Running Nav2 LifecycleManager rcl preshutdown (lifecycle_manager_navigation)
[lifecycle_manager-10] [INFO] [1790531516.173799575] [lifecycle_manager_navigation]: [34m[1mTerminating bond timer...[0m[0m
[planner_server-6] [INFO] [1790531516.173803050] [global_costmap.global_costmap]: Deactivating
[bt_navigator-9] [INFO] [1790531516.173802105] [bt_navigator]: Destroying bond (bt_navigator) to lifecycle manager.
[map_server-5] [INFO] [1790531516.173733466] [rclcpp]: signal_handler(SIGINT/SIGTERM)
[map_server-5] [INFO] [1790531516.173781133] [map_server]: Running Nav2 LifecycleNode rcl preshutdown (map_server)
[map_server-5] [INFO] [1790531516.173806609] [map_server]: Deactivating
[map_server-5] [INFO] [1790531516.173812769] [map_server]: Destroying bond (map_server) to lifecycle manager.
[static_transform_publisher-4] [INFO] [1790531516.173739140] [rclcpp]: signal_handler(SIGINT/SIGTERM)
[ekf_node-3] [INFO] [1790531516.173744431] [rclcpp]: signal_handler(SIGINT/SIGTERM)
[robot_state_publisher-1] [INFO] [1790531516.173751469] [rclcpp]: signal_handler(SIGINT/SIGTERM)
[static_transform_publisher-2] [INFO] [1790531516.173751842] [rclcpp]: signal_handler(SIGINT/SIGTERM)
[bt_navigator-9] [INFO] [1790531516.183958012] [bt_navigator]: Cleaning up
[map_server-5] [INFO] [1790531516.183964509] [map_server]: Cleaning up
[map_server-5] [INFO] [1790531516.183986583] [map_server]: Destroying bond (map_server) to lifecycle manager.
[behavior_server-8] [INFO] [1790531516.184059115] [behavior_server]: Cleaning up
[behavior_server-8] [INFO] [1790531516.185018008] [behavior_server]: Destroying bond (behavior_server) to lifecycle manager.
[map_server-5] [INFO] [1790531516.185208926] [map_server]: Destroying
[behavior_server-8] [INFO] [1790531516.192112535] [behavior_server]: Destroying
[bt_navigator-9] [INFO] [1790531516.208860072] [bt_navigator]: Completed Cleaning up
[bt_navigator-9] [INFO] [1790531516.208885531] [bt_navigator]: Destroying bond (bt_navigator) to lifecycle manager.
[bt_navigator-9] [INFO] [1790531516.210776350] [bt_navigator]: Destroying
[lifecycle_manager-10] [INFO] [1790531516.228545633] [lifecycle_manager_navigation]: Destroying lifecycle_manager_navigation
[controller_server-7] [INFO] [1790531516.278068767] [controller_server]: Destroying bond (controller_server) to lifecycle manager.
[INFO] [static_transform_publisher-2]: process has finished cleanly [pid 262381]
[INFO] [robot_state_publisher-1]: process has finished cleanly [pid 262380]
[INFO] [static_transform_publisher-4]: process has finished cleanly [pid 262383]
[INFO] [ekf_node-3]: process has finished cleanly [pid 262382]
[controller_server-7] [INFO] [1790531516.288190479] [controller_server]: Cleaning up
[controller_server-7] [INFO] [1790531516.288233406] [MPPIController]: Cleaned up MPPI Controller: FollowPath
[controller_server-7] [INFO] [1790531516.288353298] [local_costmap.local_costmap]: Cleaning up
[INFO] [map_server-5]: process has finished cleanly [pid 262384]
[controller_server-7] [INFO] [1790531516.293893970] [controller_server]: Destroying bond (controller_server) to lifecycle manager.
[controller_server-7] [INFO] [1790531516.295562676] [local_costmap.local_costmap]: Destroying
[controller_server-7] [INFO] [1790531516.297583697] [controller_server]: Destroying
[INFO] [behavior_server-8]: process has finished cleanly [pid 262387]
[INFO] [bt_navigator-9]: process has finished cleanly [pid 262388]
[INFO] [lifecycle_manager-10]: process has finished cleanly [pid 262389]
[INFO] [controller_server-7]: process has finished cleanly [pid 262386]
[planner_server-6] [INFO] [1790531516.624259505] [planner_server]: Deactivating plugin GridBased of type SmacPlanner2D
[planner_server-6] [INFO] [1790531516.624289615] [planner_server]: Destroying bond (planner_server) to lifecycle manager.
[planner_server-6] [INFO] [1790531516.634475809] [planner_server]: Cleaning up
[planner_server-6] [INFO] [1790531516.637163321] [global_costmap.global_costmap]: Cleaning up
[planner_server-6] [INFO] [1790531516.638490175] [planner_server]: Cleaning up plugin GridBased of type SmacPlanner2D
[planner_server-6] [INFO] [1790531516.638634549] [planner_server]: Destroying plugin GridBased of type SmacPlanner2D
[planner_server-6] [INFO] [1790531516.641668662] [planner_server]: Destroying bond (planner_server) to lifecycle manager.
[planner_server-6] [INFO] [1790531516.643179283] [global_costmap.global_costmap]: Destroying
[planner_server-6] [INFO] [1790531516.646657200] [planner_server]: Destroying
[INFO] [planner_server-6]: process has finished cleanly [pid 262385]
[INFO] [rviz2-11]: process has finished cleanly [pid 262390]
